Blender 4.5.13 LTS (hash daeeeca98fb0 built 2026-08-25 01:50:50)
Fra:1 Mem:14.52M (Peak 29.28M) | Time:00:01.21 | Mem:0.00M, Peak:0.00M | Scene, ViewLayer | Synchronizing object | Broad neutral key
Fra:1 Mem:14.52M (Peak 29.28M) | Time:00:01.22 | Mem:0.00M, Peak:0.00M | Scene, ViewLayer | Synchronizing object | Neutral fill
Fra:1 Mem:14.84M (Peak 29.28M) | Time:00:01.35 | Mem:0.00M, Peak:0.00M | Scene, ViewLayer | Synchronizing object | Continuous pressure fuselage
Fra:1 Mem:15.05M (Peak 29.28M) | Time:00:01.38 | Mem:0.00M, Peak:0.00M | Scene, ViewLayer | Synchronizing object | Cockpit integrated coaming
Fra:1 Mem:16.07M (Peak 29.28M) | Time:00:01.42 | Mem:0.00M, Peak:0.00M | Scene, ViewLayer | Synchronizing object | Pressure canopy glazing
Fra:1 Mem:16.07M (Peak 29.28M) | Time:00:01.42 | Mem:0.00M, Peak:0.00M | Scene, ViewLayer | Synchronizing object | Canopy lower frame
Fra:1 Mem:16.31M (Peak 29.28M) | Time:00:01.42 | Mem:0.00M, Peak:0.00M | Scene, ViewLayer | Synchronizing object | Canopy lower frame.001
Fra:1 Mem:16.35M (Peak 29.28M) | Time:00:01.42 | Mem:0.00M, Peak:0.00M | Scene, ViewLayer | Synchronizing object | Canopy pressure bow
Fra:1 Mem:16.39M (Peak 29.28M) | Time:00:01.42 | Mem:0.00M, Peak:0.00M | Scene, ViewLayer | Synchronizing object | Integrated lifting hull
Fra:1 Mem:16.39M (Peak 29.28M) | Time:00:01.42 | Mem:0.00M, Peak:0.00M | Scene, ViewLayer | Synchronizing object | Nozzle petal seam
Fra:1 Mem:16.43M (Peak 29.28M) | Time:00:01.42 | Mem:0.00M, Peak:0.00M | Scene, ViewLayer | Synchronizing object | Nozzle petal seam.001
Fra:1 Mem:16.44M (Peak 29.28M) | Time:00:01.42 | Mem:0.00M, Peak:0.00M | Scene, ViewLayer | Synchronizing object | Nozzle petal seam.002
Fra:1 Mem:16.45M (Peak 29.28M) | Time:00:01.42 | Mem:0.00M, Peak:0.00M | Scene, ViewLayer | Synchronizing object | Nozzle petal seam.003
Fra:1 Mem:16.45M (Peak 29.28M) | Time:00:01.42 | Mem:0.00M, Peak:0.00M | Scene, ViewLayer | Synchronizing object | Nozzle petal seam.004
Fra:1 Mem:16.45M (Peak 29.28M) | Time:00:01.42 | Mem:0.00M, Peak:0.00M | Scene, ViewLayer | Synchronizing object | Nozzle petal seam.005
Fra:1 Mem:16.45M (Peak 29.28M) | Time:00:01.42 | Mem:0.00M, Peak:0.00M | Scene, ViewLayer | Synchronizing object | Nozzle petal seam.006
Fra:1 Mem:16.45M (Peak 29.28M) | Time:00:01.42 | Mem:0.00M, Peak:0.00M | Scene, ViewLayer | Synchronizing object | Nozzle petal seam.007
Fra:1 Mem:16.46M (Peak 29.28M) | Time:00:01.42 | Mem:0.00M, Peak:0.00M | Scene, ViewLayer | Synchronizing object | Nozzle petal seam.008
Fra:1 Mem:16.46M (Peak 29.28M) | Time:00:01.42 | Mem:0.00M, Peak:0.00M | Scene, ViewLayer | Synchronizing object | Nozzle petal seam.009
Fra:1 Mem:16.46M (Peak 29.28M) | Time:00:01.42 | Mem:0.00M, Peak:0.00M | Scene, ViewLayer | Synchronizing object | Nozzle petal seam.010
Fra:1 Mem:16.46M (Peak 29.28M) | Time:00:01.42 | Mem:0.00M, Peak:0.00M | Scene, ViewLayer | Synchronizing object | Nozzle petal seam.011
Fra:1 Mem:16.46M (Peak 29.28M) | Time:00:01.42 | Mem:0.00M, Peak:0.00M | Scene, ViewLayer | Synchronizing object | Deep ion throat
Fra:1 Mem:16.47M (Peak 29.28M) | Time:00:01.42 | Mem:0.00M, Peak:0.00M | Scene, ViewLayer | Synchronizing object | Flush cooling slot
Fra:1 Mem:16.49M (Peak 29.28M) | Time:00:01.42 | Mem:0.00M, Peak:0.00M | Scene, ViewLayer | Synchronizing object | Flush cooling slot.001
Fra:1 Mem:16.49M (Peak 29.28M) | Time:00:01.42 | Mem:0.00M, Peak:0.00M | Scene, ViewLayer | Synchronizing object | Flush cooling slot.002
Fra:1 Mem:18.58M (Peak 29.28M) | Time:00:01.43 | Mem:0.00M, Peak:0.00M | Scene, ViewLayer | Synchronizing object | Blended structural fairing
Fra:1 Mem:18.58M (Peak 29.28M) | Time:00:01.43 | Mem:0.00M, Peak:0.00M | Scene, ViewLayer | Synchronizing object | Fitted gold shield armor.001
Fra:1 Mem:18.58M (Peak 29.28M) | Time:00:01.43 | Mem:0.00M, Peak:0.00M | Scene, ViewLayer | Synchronizing object | Fitted gold shield armor.003
Fra:1 Mem:18.65M (Peak 29.28M) | Time:00:01.43 | Mem:0.00M, Peak:0.00M | Scene, ViewLayer | Synchronizing object | Integrated propulsion nacelle.001
Fra:1 Mem:18.69M (Peak 29.28M) | Time:00:01.43 | Mem:0.00M, Peak:0.00M | Scene, ViewLayer | Synchronizing object | Nozzle petal seam.012
Fra:1 Mem:18.73M (Peak 29.28M) | Time:00:01.43 | Mem:0.00M, Peak:0.00M | Scene, ViewLayer | Synchronizing object | Nozzle petal seam.013
Fra:1 Mem:18.74M (Peak 29.28M) | Time:00:01.43 | Mem:0.00M, Peak:0.00M | Scene, ViewLayer | Synchronizing object | Contoured expansion nozzle.001
Fra:1 Mem:18.74M (Peak 29.28M) | Time:00:01.43 | Mem:0.00M, Peak:0.00M | Scene, ViewLayer | Synchronizing object | Nozzle petal seam.014
Fra:1 Mem:18.77M (Peak 29.28M) | Time:00:01.43 | Mem:0.00M, Peak:0.00M | Scene, ViewLayer | Synchronizing object | Nozzle petal seam.015
Fra:1 Mem:18.77M (Peak 29.28M) | Time:00:01.43 | Mem:0.00M, Peak:0.00M | Scene, ViewLayer | Synchronizing object | Nozzle petal seam.016
Fra:1 Mem:18.77M (Peak 29.28M) | Time:00:01.43 | Mem:0.00M, Peak:0.00M | Scene, ViewLayer | Synchronizing object | Nozzle petal seam.017
Fra:1 Mem:18.78M (Peak 29.28M) | Time:00:01.43 | Mem:0.00M, Peak:0.00M | Scene, ViewLayer | Synchronizing object | Nozzle petal seam.018
Fra:1 Mem:18.78M (Peak 29.28M) | Time:00:01.43 | Mem:0.00M, Peak:0.00M | Scene, ViewLayer | Synchronizing object | Nozzle petal seam.019
Fra:1 Mem:18.78M (Peak 29.28M) | Time:00:01.43 | Mem:0.00M, Peak:0.00M | Scene, ViewLayer | Synchronizing object | Nozzle petal seam.020
Fra:1 Mem:18.78M (Peak 29.28M) | Time:00:01.43 | Mem:0.00M, Peak:0.00M | Scene, ViewLayer | Synchronizing object | Nozzle petal seam.021
Fra:1 Mem:18.78M (Peak 29.28M) | Time:00:01.43 | Mem:0.00M, Peak:0.00M | Scene, ViewLayer | Synchronizing object | Nozzle petal seam.022
Fra:1 Mem:18.79M (Peak 29.28M) | Time:00:01.43 | Mem:0.00M, Peak:0.00M | Scene, ViewLayer | Synchronizing object | Nozzle petal seam.023
Fra:1 Mem:18.79M (Peak 29.28M) | Time:00:01.43 | Mem:0.00M, Peak:0.00M | Scene, ViewLayer | Synchronizing object | Deep ion throat.001
Fra:1 Mem:18.79M (Peak 29.28M) | Time:00:01.43 | Mem:0.00M, Peak:0.00M | Scene, ViewLayer | Synchronizing object | Flush cooling slot.003
Fra:1 Mem:18.79M (Peak 29.28M) | Time:00:01.43 | Mem:0.00M, Peak:0.00M | Scene, ViewLayer | Synchronizing object | Flush cooling slot.004
Fra:1 Mem:18.80M (Peak 29.28M) | Time:00:01.43 | Mem:0.00M, Peak:0.00M | Scene, ViewLayer | Synchronizing object | Flush cooling slot.005
Fra:1 Mem:18.89M (Peak 29.28M) | Time:00:01.44 | Mem:0.00M, Peak:0.00M | Scene, ViewLayer | Synchronizing object | Fitted gold shield armor.007
Fra:1 Mem:19.31M (Peak 29.28M) | Time:00:01.51 | Mem:0.00M, Peak:0.00M | Scene, ViewLayer | Synchronizing object | Deep intake duct.001
Fra:1 Mem:19.29M (Peak 29.28M) | Time:00:01.51 | Mem:0.00M, Peak:0.00M | Scene, ViewLayer | Synchronizing object | Fitted gold shield armor.006
Fra:1 Mem:19.47M (Peak 29.28M) | Time:00:01.51 | Mem:0.00M, Peak:0.00M | Scene, ViewLayer | Initializing
Fra:1 Mem:15.05M (Peak 29.28M) | Time:00:01.51 | Mem:0.00M, Peak:0.00M | Scene, ViewLayer | Waiting for render to start
Fra:1 Mem:15.05M (Peak 29.28M) | Time:00:01.51 | Mem:0.00M, Peak:0.00M | Scene, ViewLayer | Updating Scene
Fra:1 Mem:15.05M (Peak 29.28M) | Time:00:01.51 | Mem:0.00M, Peak:0.00M | Scene, ViewLayer | Updating Shaders
Fra:1 Mem:15.05M (Peak 29.28M) | Time:00:01.52 | Mem:0.00M, Peak:0.00M | Scene, ViewLayer | Loading render kernels (may take a few minutes the first time)
Fra:1 Mem:15.14M (Peak 42.43M) | Time:00:02.04 | Mem:0.01M, Peak:0.01M | Scene, ViewLayer | Updating Procedurals
Fra:1 Mem:15.14M (Peak 42.43M) | Time:00:02.04 | Mem:0.01M, Peak:0.01M | Scene, ViewLayer | Updating Background
Fra:1 Mem:15.14M (Peak 42.43M) | Time:00:02.04 | Mem:0.01M, Peak:0.01M | Scene, ViewLayer | Updating Camera
Fra:1 Mem:15.14M (Peak 42.43M) | Time:00:02.04 | Mem:0.01M, Peak:0.01M | Scene, ViewLayer | Updating Meshes Flags
Fra:1 Mem:15.14M (Peak 42.43M) | Time:00:02.04 | Mem:0.01M, Peak:0.01M | Scene, ViewLayer | Updating Objects
Fra:1 Mem:15.14M (Peak 42.43M) | Time:00:02.04 | Mem:0.01M, Peak:0.01M | Scene, ViewLayer | Updating Objects | Copying Transformations to device
Fra:1 Mem:15.15M (Peak 42.43M) | Time:00:02.04 | Mem:0.02M, Peak:0.02M | Scene, ViewLayer | Updating Particle Systems
Fra:1 Mem:15.15M (Peak 42.43M) | Time:00:02.04 | Mem:0.02M, Peak:0.02M | Scene, ViewLayer | Updating Particle Systems | Copying Particles to device
Fra:1 Mem:15.15M (Peak 42.43M) | Time:00:02.04 | Mem:0.02M, Peak:0.02M | Scene, ViewLayer | Updating Meshes
Fra:1 Mem:15.15M (Peak 42.43M) | Time:00:02.08 | Mem:0.02M, Peak:0.02M | Scene, ViewLayer | Updating Objects | Applying Static Transformations
Fra:1 Mem:15.15M (Peak 42.43M) | Time:00:02.08 | Mem:0.02M, Peak:0.02M | Scene, ViewLayer | Updating Mesh | Computing attributes
Fra:1 Mem:15.38M (Peak 42.43M) | Time:00:02.08 | Mem:0.03M, Peak:0.03M | Scene, ViewLayer | Updating Mesh | Copying Attributes to device
Fra:1 Mem:15.37M (Peak 42.43M) | Time:00:02.08 | Mem:0.24M, Peak:0.24M | Scene, ViewLayer | Updating Geometry BVH light 62/61 | Building BVH
Fra:1 Mem:15.37M (Peak 42.43M) | Time:00:02.08 | Mem:0.24M, Peak:0.24M | Scene, ViewLayer | Updating Geometry BVH Canopy lower frame 7/61 | Building BVH
Fra:1 Mem:15.37M (Peak 42.43M) | Time:00:02.08 | Mem:0.24M, Peak:0.24M | Scene, ViewLayer | Updating Geometry BVH Integrated lifting hull 10/61 | Building BVH
Fra:1 Mem:15.37M (Peak 42.43M) | Time:00:02.08 | Mem:0.24M, Peak:0.24M | Scene, ViewLayer | Updating Geometry BVH Contoured expansion nozzle.002 12/61 | Building BVH
Fra:1 Mem:15.37M (Peak 42.43M) | Time:00:02.10 | Mem:0.24M, Peak:0.24M | Scene, ViewLayer | Updating Geometry BVH Contoured expansion nozzle.002 12/61 | Building OptiX acceleration structure
Fra:1 Mem:15.37M (Peak 42.43M) | Time:00:02.10 | Mem:0.24M, Peak:0.24M | Scene, ViewLayer | Updating Geometry BVH Fitted gold shield armor.007 61/61 | Building BVH
Fra:1 Mem:15.45M (Peak 42.43M) | Time:00:02.10 | Mem:0.24M, Peak:0.24M | Scene, ViewLayer | Updating Geometry BVH Fitted gold shield armor.007 61/61 | Building OptiX acceleration structure
Fra:1 Mem:15.69M (Peak 42.43M) | Time:00:02.10 | Mem:0.29M, Peak:0.29M | Scene, ViewLayer | Updating Geometry BVH Nozzle petal seam.024 13/61 | Building BVH
Fra:1 Mem:15.69M (Peak 42.43M) | Time:00:02.10 | Mem:0.29M, Peak:0.29M | Scene, ViewLayer | Updating Geometry BVH Nozzle petal seam.025 14/61 | Building BVH
Fra:1 Mem:15.69M (Peak 42.43M) | Time:00:02.10 | Mem:0.29M, Peak:0.29M | Scene, ViewLayer | Updating Geometry BVH Nozzle petal seam.025 14/61 | Building OptiX acceleration structure
Fra:1 Mem:15.61M (Peak 42.43M) | Time:00:02.10 | Mem:0.58M, Peak:0.98M | Scene, ViewLayer | Updating Geometry BVH Nozzle petal seam.026 15/61 | Building BVH
Fra:1 Mem:15.61M (Peak 42.43M) | Time:00:02.10 | Mem:0.58M, Peak:0.98M | Scene, ViewLayer | Updating Geometry BVH Nozzle petal seam.026 15/61 | Building OptiX acceleration structure
Fra:1 Mem:15.49M (Peak 42.43M) | Time:00:02.11 | Mem:0.62M, Peak:1.10M | Scene, ViewLayer | Updating Geometry BVH Nozzle petal seam.027 16/61 | Building BVH
Fra:1 Mem:15.49M (Peak 42.43M) | Time:00:02.11 | Mem:0.62M, Peak:1.10M | Scene, ViewLayer | Updating Geometry BVH Nozzle petal seam.027 16/61 | Building OptiX acceleration structure
Fra:1 Mem:15.48M (Peak 42.43M) | Time:00:02.11 | Mem:0.62M, Peak:1.10M | Scene, ViewLayer | Updating Geometry BVH Fitted gold shield armor.006 60/61 | Building BVH
Fra:1 Mem:15.48M (Peak 42.43M) | Time:00:02.11 | Mem:0.63M, Peak:1.10M | Scene, ViewLayer | Updating Geometry BVH Fitted gold shield armor.006 60/61 | Building OptiX acceleration structure
Fra:1 Mem:15.48M (Peak 42.43M) | Time:00:02.11 | Mem:0.62M, Peak:1.10M | Scene, ViewLayer | Updating Geometry BVH Nozzle petal seam.028 17/61 | Building BVH
Fra:1 Mem:15.48M (Peak 42.43M) | Time:00:02.11 | Mem:0.66M, Peak:1.10M | Scene, ViewLayer | Updating Geometry BVH Nozzle petal seam.028 17/61 | Building OptiX acceleration structure
Fra:1 Mem:15.47M (Peak 42.43M) | Time:00:02.11 | Mem:0.63M, Peak:1.10M | Scene, ViewLayer | Updating Geometry BVH Nozzle petal seam.029 18/61 | Building BVH
Fra:1 Mem:15.47M (Peak 42.43M) | Time:00:02.11 | Mem:0.81M, Peak:1.10M | Scene, ViewLayer | Updating Geometry BVH Nozzle petal seam.029 18/61 | Building OptiX acceleration structure
Fra:1 Mem:15.39M (Peak 42.43M) | Time:00:02.11 | Mem:0.65M, Peak:1.10M | Scene, ViewLayer | Updating Geometry BVH Nozzle petal seam.030 19/61 | Building BVH
Fra:1 Mem:15.39M (Peak 42.43M) | Time:00:02.11 | Mem:0.68M, Peak:1.10M | Scene, ViewLayer | Updating Geometry BVH Nozzle petal seam.030 19/61 | Building OptiX acceleration structure
Fra:1 Mem:15.39M (Peak 42.43M) | Time:00:02.11 | Mem:0.65M, Peak:1.10M | Scene, ViewLayer | Updating Geometry BVH Nozzle petal seam.031 20/61 | Building BVH
Fra:1 Mem:15.39M (Peak 42.43M) | Time:00:02.11 | Mem:0.65M, Peak:1.10M | Scene, ViewLayer | Updating Geometry BVH Nozzle petal seam.031 20/61 | Building OptiX acceleration structure
Fra:1 Mem:15.39M (Peak 42.43M) | Time:00:02.11 | Mem:0.65M, Peak:1.10M | Scene, ViewLayer | Updating Geometry BVH Nozzle petal seam.032 21/61 | Building BVH
Fra:1 Mem:15.39M (Peak 42.43M) | Time:00:02.11 | Mem:0.66M, Peak:1.10M | Scene, ViewLayer | Updating Geometry BVH Nozzle petal seam.032 21/61 | Building OptiX acceleration structure
Fra:1 Mem:15.38M (Peak 42.43M) | Time:00:02.11 | Mem:0.65M, Peak:1.10M | Scene, ViewLayer | Updating Geometry BVH Nozzle petal seam.033 22/61 | Building BVH
Fra:1 Mem:15.38M (Peak 42.43M) | Time:00:02.11 | Mem:0.66M, Peak:1.10M | Scene, ViewLayer | Updating Geometry BVH Nozzle petal seam.033 22/61 | Building OptiX acceleration structure
Fra:1 Mem:15.38M (Peak 42.43M) | Time:00:02.11 | Mem:0.65M, Peak:1.10M | Scene, ViewLayer | Updating Geometry BVH Nozzle petal seam.034 23/61 | Building BVH
Fra:1 Mem:15.38M (Peak 42.43M) | Time:00:02.11 | Mem:0.66M, Peak:1.10M | Scene, ViewLayer | Updating Geometry BVH Nozzle petal seam.034 23/61 | Building OptiX acceleration structure
Fra:1 Mem:15.38M (Peak 42.43M) | Time:00:02.11 | Mem:0.65M, Peak:1.10M | Scene, ViewLayer | Updating Geometry BVH Nozzle petal seam.035 24/61 | Building BVH
Fra:1 Mem:15.38M (Peak 42.43M) | Time:00:02.11 | Mem:0.66M, Peak:1.10M | Scene, ViewLayer | Updating Geometry BVH Nozzle petal seam.035 24/61 | Building OptiX acceleration structure
Fra:1 Mem:15.38M (Peak 42.43M) | Time:00:02.11 | Mem:0.66M, Peak:1.10M | Scene, ViewLayer | Updating Geometry BVH Deep ion throat.002 25/61 | Building BVH
Fra:1 Mem:15.38M (Peak 42.43M) | Time:00:02.11 | Mem:0.66M, Peak:1.10M | Scene, ViewLayer | Updating Geometry BVH Deep ion throat.002 25/61 | Building OptiX acceleration structure
Fra:1 Mem:15.40M (Peak 42.43M) | Time:00:02.11 | Mem:0.68M, Peak:1.10M | Scene, ViewLayer | Updating Geometry BVH Deep intake duct 26/61 | Building BVH
Fra:1 Mem:15.40M (Peak 42.43M) | Time:00:02.11 | Mem:0.68M, Peak:1.10M | Scene, ViewLayer | Updating Geometry BVH Deep intake duct 26/61 | Building OptiX acceleration structure
Fra:1 Mem:15.41M (Peak 42.43M) | Time:00:02.11 | Mem:0.68M, Peak:1.10M | Scene, ViewLayer | Updating Geometry BVH Ventral access door.002 27/61 | Building BVH
Fra:1 Mem:15.41M (Peak 42.43M) | Time:00:02.11 | Mem:0.69M, Peak:1.10M | Scene, ViewLayer | Updating Geometry BVH Ventral access door.002 27/61 | Building OptiX acceleration structure
Fra:1 Mem:15.40M (Peak 42.43M) | Time:00:02.11 | Mem:0.68M, Peak:1.10M | Scene, ViewLayer | Updating Geometry BVH Fitted gold shield armor.005 59/61 | Building BVH
Fra:1 Mem:15.40M (Peak 42.43M) | Time:00:02.11 | Mem:0.68M, Peak:1.10M | Scene, ViewLayer | Updating Geometry BVH Fitted gold shield armor.005 59/61 | Building OptiX acceleration structure
Fra:1 Mem:15.41M (Peak 42.43M) | Time:00:02.11 | Mem:0.70M, Peak:1.10M | Scene, ViewLayer | Updating Geometry BVH Flush cooling slot 28/61 | Building BVH
Fra:1 Mem:15.41M (Peak 42.43M) | Time:00:02.11 | Mem:0.70M, Peak:1.10M | Scene, ViewLayer | Updating Geometry BVH Flush cooling slot 28/61 | Building OptiX acceleration structure
Fra:1 Mem:15.41M (Peak 42.43M) | Time:00:02.11 | Mem:0.70M, Peak:1.10M | Scene, ViewLayer | Updating Geometry BVH Flush cooling slot.001 29/61 | Building BVH
Fra:1 Mem:15.41M (Peak 42.43M) | Time:00:02.11 | Mem:0.70M, Peak:1.10M | Scene, ViewLayer | Updating Geometry BVH Flush cooling slot.001 29/61 | Building OptiX acceleration structure
Fra:1 Mem:15.41M (Peak 42.43M) | Time:00:02.12 | Mem:0.70M, Peak:1.10M | Scene, ViewLayer | Updating Geometry BVH Flush cooling slot.002 30/61 | Building BVH
Fra:1 Mem:15.41M (Peak 42.43M) | Time:00:02.12 | Mem:0.70M, Peak:1.10M | Scene, ViewLayer | Updating Geometry BVH Flush cooling slot.002 30/61 | Building OptiX acceleration structure
Fra:1 Mem:15.41M (Peak 42.43M) | Time:00:02.12 | Mem:0.70M, Peak:1.10M | Scene, ViewLayer | Updating Geometry BVH Mesh 31/61 | Building BVH
Fra:1 Mem:15.41M (Peak 42.43M) | Time:00:02.12 | Mem:0.71M, Peak:1.10M | Scene, ViewLayer | Updating Geometry BVH Mesh 31/61 | Building OptiX acceleration structure
Fra:1 Mem:15.45M (Peak 42.43M) | Time:00:02.12 | Mem:0.73M, Peak:1.10M | Scene, ViewLayer | Updating Geometry BVH Fitted gold shield armor 32/61 | Building BVH
Fra:1 Mem:15.45M (Peak 42.43M) | Time:00:02.12 | Mem:0.74M, Peak:1.10M | Scene, ViewLayer | Updating Geometry BVH Fitted gold shield armor 32/61 | Building OptiX acceleration structure
Fra:1 Mem:15.46M (Peak 42.43M) | Time:00:02.12 | Mem:0.74M, Peak:1.10M | Scene, ViewLayer | Updating Geometry BVH Fitted gold shield armor.001 33/61 | Building BVH
Fra:1 Mem:15.46M (Peak 42.43M) | Time:00:02.12 | Mem:0.75M, Peak:1.10M | Scene, ViewLayer | Updating Geometry BVH Fitted gold shield armor.001 33/61 | Building OptiX acceleration structure
Fra:1 Mem:15.46M (Peak 42.43M) | Time:00:02.12 | Mem:0.75M, Peak:1.10M | Scene, ViewLayer | Updating Geometry BVH Fitted gold shield armor.002 34/61 | Building BVH
Fra:1 Mem:15.46M (Peak 42.43M) | Time:00:02.12 | Mem:0.76M, Peak:1.10M | Scene, ViewLayer | Updating Geometry BVH Fitted gold shield armor.002 34/61 | Building OptiX acceleration structure
Fra:1 Mem:15.47M (Peak 42.43M) | Time:00:02.12 | Mem:0.77M, Peak:1.10M | Scene, ViewLayer | Updating Geometry BVH Fitted gold shield armor.003 35/61 | Building BVH
Fra:1 Mem:15.47M (Peak 42.43M) | Time:00:02.12 | Mem:0.79M, Peak:1.10M | Scene, ViewLayer | Updating Geometry BVH Fitted gold shield armor.003 35/61 | Building OptiX acceleration structure
Fra:1 Mem:15.46M (Peak 42.43M) | Time:00:02.12 | Mem:0.77M, Peak:1.10M | Scene, ViewLayer | Updating Geometry BVH Integrated lifting hull.001 36/61 | Building BVH
Fra:1 Mem:15.46M (Peak 42.43M) | Time:00:02.12 | Mem:0.77M, Peak:1.10M | Scene, ViewLayer | Updating Geometry BVH Integrated lifting hull.001 36/61 | Building OptiX acceleration structure
Fra:1 Mem:15.47M (Peak 42.43M) | Time:00:02.12 | Mem:0.78M, Peak:1.10M | Scene, ViewLayer | Updating Geometry BVH Integrated propulsion nacelle.001 37/61 | Building BVH
Fra:1 Mem:15.47M (Peak 42.43M) | Time:00:02.12 | Mem:0.78M, Peak:1.10M | Scene, ViewLayer | Updating Geometry BVH Integrated propulsion nacelle.001 37/61 | Building OptiX acceleration structure
Fra:1 Mem:15.47M (Peak 42.43M) | Time:00:02.12 | Mem:0.79M, Peak:1.10M | Scene, ViewLayer | Updating Geometry BVH Contoured expansion nozzle.003 38/61 | Building BVH
Fra:1 Mem:15.47M (Peak 42.43M) | Time:00:02.12 | Mem:0.82M, Peak:1.10M | Scene, ViewLayer | Updating Geometry BVH Contoured expansion nozzle.003 38/61 | Building OptiX acceleration structure
Fra:1 Mem:15.47M (Peak 42.43M) | Time:00:02.12 | Mem:0.79M, Peak:1.10M | Scene, ViewLayer | Updating Geometry BVH Fitted gold shield armor.004 58/61 | Building BVH
Fra:1 Mem:15.47M (Peak 42.43M) | Time:00:02.12 | Mem:0.79M, Peak:1.10M | Scene, ViewLayer | Updating Geometry BVH Fitted gold shield armor.004 58/61 | Building OptiX acceleration structure
Fra:1 Mem:15.48M (Peak 42.43M) | Time:00:02.12 | Mem:0.80M, Peak:1.10M | Scene, ViewLayer | Updating Geometry BVH Nozzle petal seam.036 39/61 | Building BVH
Fra:1 Mem:15.48M (Peak 42.43M) | Time:00:02.12 | Mem:0.80M, Peak:1.10M | Scene, ViewLayer | Updating Geometry BVH Nozzle petal seam.036 39/61 | Building OptiX acceleration structure
Fra:1 Mem:15.48M (Peak 42.43M) | Time:00:02.12 | Mem:0.80M, Peak:1.10M | Scene, ViewLayer | Updating Geometry BVH Nozzle petal seam.037 40/61 | Building BVH
Fra:1 Mem:15.48M (Peak 42.43M) | Time:00:02.12 | Mem:0.81M, Peak:1.10M | Scene, ViewLayer | Updating Geometry BVH Nozzle petal seam.037 40/61 | Building OptiX acceleration structure
Fra:1 Mem:15.48M (Peak 42.43M) | Time:00:02.12 | Mem:0.80M, Peak:1.10M | Scene, ViewLayer | Updating Geometry BVH Nozzle petal seam.038 41/61 | Building BVH
Fra:1 Mem:15.48M (Peak 42.43M) | Time:00:02.12 | Mem:0.98M, Peak:1.10M | Scene, ViewLayer | Updating Geometry BVH Nozzle petal seam.038 41/61 | Building OptiX acceleration structure
Fra:1 Mem:15.45M (Peak 42.43M) | Time:00:02.12 | Mem:0.81M, Peak:1.10M | Scene, ViewLayer | Updating Geometry BVH Nozzle petal seam.039 42/61 | Building BVH
Fra:1 Mem:15.45M (Peak 42.43M) | Time:00:02.12 | Mem:0.84M, Peak:1.10M | Scene, ViewLayer | Updating Geometry BVH Nozzle petal seam.039 42/61 | Building OptiX acceleration structure
Fra:1 Mem:15.44M (Peak 42.43M) | Time:00:02.13 | Mem:0.81M, Peak:1.10M | Scene, ViewLayer | Updating Geometry BVH Nozzle petal seam.040 43/61 | Building BVH
Fra:1 Mem:15.44M (Peak 42.43M) | Time:00:02.13 | Mem:0.82M, Peak:1.10M | Scene, ViewLayer | Updating Geometry BVH Nozzle petal seam.040 43/61 | Building OptiX acceleration structure
Fra:1 Mem:15.43M (Peak 42.43M) | Time:00:02.13 | Mem:0.81M, Peak:1.10M | Scene, ViewLayer | Updating Geometry BVH Nozzle petal seam.041 44/61 | Building BVH
Fra:1 Mem:15.43M (Peak 42.43M) | Time:00:02.13 | Mem:0.81M, Peak:1.10M | Scene, ViewLayer | Updating Geometry BVH Nozzle petal seam.041 44/61 | Building OptiX acceleration structure
Fra:1 Mem:15.42M (Peak 42.43M) | Time:00:02.13 | Mem:0.80M, Peak:1.10M | Scene, ViewLayer | Updating Geometry BVH Nozzle petal seam.042 45/61 | Building BVH
Fra:1 Mem:15.42M (Peak 42.43M) | Time:00:02.13 | Mem:0.83M, Peak:1.10M | Scene, ViewLayer | Updating Geometry BVH Nozzle petal seam.042 45/61 | Building OptiX acceleration structure
Fra:1 Mem:15.41M (Peak 42.43M) | Time:00:02.13 | Mem:0.80M, Peak:1.10M | Scene, ViewLayer | Updating Geometry BVH Nozzle petal seam.043 46/61 | Building BVH
Fra:1 Mem:15.41M (Peak 42.43M) | Time:00:02.13 | Mem:0.81M, Peak:1.10M | Scene, ViewLayer | Updating Geometry BVH Nozzle petal seam.043 46/61 | Building OptiX acceleration structure
Fra:1 Mem:15.40M (Peak 42.43M) | Time:00:02.13 | Mem:0.80M, Peak:1.10M | Scene, ViewLayer | Updating Geometry BVH Nozzle petal seam.044 47/61 | Building BVH
Fra:1 Mem:15.40M (Peak 42.43M) | Time:00:02.13 | Mem:0.83M, Peak:1.10M | Scene, ViewLayer | Updating Geometry BVH Nozzle petal seam.044 47/61 | Building OptiX acceleration structure
Fra:1 Mem:15.39M (Peak 42.43M) | Time:00:02.13 | Mem:0.80M, Peak:1.10M | Scene, ViewLayer | Updating Geometry BVH Nozzle petal seam.045 48/61 | Building BVH
Fra:1 Mem:15.39M (Peak 42.43M) | Time:00:02.13 | Mem:0.82M, Peak:1.10M | Scene, ViewLayer | Updating Geometry BVH Nozzle petal seam.045 48/61 | Building OptiX acceleration structure
Fra:1 Mem:15.38M (Peak 42.43M) | Time:00:02.13 | Mem:0.80M, Peak:1.10M | Scene, ViewLayer | Updating Geometry BVH Nozzle petal seam.046 49/61 | Building BVH
Fra:1 Mem:15.38M (Peak 42.43M) | Time:00:02.13 | Mem:0.80M, Peak:1.10M | Scene, ViewLayer | Updating Geometry BVH Nozzle petal seam.046 49/61 | Building OptiX acceleration structure
Fra:1 Mem:15.37M (Peak 42.43M) | Time:00:02.13 | Mem:0.80M, Peak:1.10M | Scene, ViewLayer | Updating Geometry BVH Mesh 57/61 | Building BVH
Fra:1 Mem:15.37M (Peak 42.43M) | Time:00:02.13 | Mem:0.80M, Peak:1.10M | Scene, ViewLayer | Updating Geometry BVH Mesh 57/61 | Building OptiX acceleration structure
Fra:1 Mem:15.41M (Peak 42.43M) | Time:00:02.13 | Mem:0.83M, Peak:1.10M | Scene, ViewLayer | Updating Geometry BVH Nozzle petal seam.047 50/61 | Building BVH
Fra:1 Mem:15.41M (Peak 42.43M) | Time:00:02.13 | Mem:0.83M, Peak:1.10M | Scene, ViewLayer | Updating Geometry BVH Nozzle petal seam.047 50/61 | Building OptiX acceleration structure
Fra:1 Mem:15.41M (Peak 42.43M) | Time:00:02.13 | Mem:0.84M, Peak:1.10M | Scene, ViewLayer | Updating Geometry BVH Deep ion throat.003 51/61 | Building BVH
Fra:1 Mem:15.41M (Peak 42.43M) | Time:00:02.13 | Mem:0.84M, Peak:1.10M | Scene, ViewLayer | Updating Geometry BVH Deep ion throat.003 51/61 | Building OptiX acceleration structure
Fra:1 Mem:15.43M (Peak 42.43M) | Time:00:02.13 | Mem:0.86M, Peak:1.10M | Scene, ViewLayer | Updating Geometry BVH Deep intake duct.001 52/61 | Building BVH
Fra:1 Mem:15.43M (Peak 42.43M) | Time:00:02.13 | Mem:0.86M, Peak:1.10M | Scene, ViewLayer | Updating Geometry BVH Deep intake duct.001 52/61 | Building OptiX acceleration structure
Fra:1 Mem:15.43M (Peak 42.43M) | Time:00:02.13 | Mem:0.86M, Peak:1.10M | Scene, ViewLayer | Updating Geometry BVH Ventral access door.003 53/61 | Building BVH
Fra:1 Mem:15.43M (Peak 42.43M) | Time:00:02.13 | Mem:0.87M, Peak:1.10M | Scene, ViewLayer | Updating Geometry BVH Ventral access door.003 53/61 | Building OptiX acceleration structure
Fra:1 Mem:15.44M (Peak 42.43M) | Time:00:02.13 | Mem:0.87M, Peak:1.10M | Scene, ViewLayer | Updating Geometry BVH Flush cooling slot.003 54/61 | Building BVH
Fra:1 Mem:15.44M (Peak 42.43M) | Time:00:02.13 | Mem:0.87M, Peak:1.10M | Scene, ViewLayer | Updating Geometry BVH Flush cooling slot.003 54/61 | Building OptiX acceleration structure
Fra:1 Mem:15.44M (Peak 42.43M) | Time:00:02.13 | Mem:0.87M, Peak:1.10M | Scene, ViewLayer | Updating Geometry BVH Flush cooling slot.004 55/61 | Building BVH
Fra:1 Mem:15.44M (Peak 42.43M) | Time:00:02.13 | Mem:0.87M, Peak:1.10M | Scene, ViewLayer | Updating Geometry BVH Flush cooling slot.004 55/61 | Building OptiX acceleration structure
Fra:1 Mem:15.44M (Peak 42.43M) | Time:00:02.13 | Mem:0.87M, Peak:1.10M | Scene, ViewLayer | Updating Geometry BVH Flush cooling slot.005 56/61 | Building BVH
Fra:1 Mem:15.44M (Peak 42.43M) | Time:00:02.13 | Mem:0.88M, Peak:1.10M | Scene, ViewLayer | Updating Geometry BVH Flush cooling slot.005 56/61 | Building OptiX acceleration structure
Fra:1 Mem:15.37M (Peak 42.43M) | Time:00:02.14 | Mem:0.88M, Peak:1.10M | Scene, ViewLayer | Updating Scene BVH | Building
Fra:1 Mem:15.37M (Peak 42.43M) | Time:00:02.14 | Mem:0.88M, Peak:1.10M | Scene, ViewLayer | Updating Scene BVH | Building OptiX acceleration structure
Fra:1 Mem:15.37M (Peak 42.43M) | Time:00:02.14 | Mem:0.89M, Peak:1.10M | Scene, ViewLayer | Updating Scene BVH | Copying BVH to device
Fra:1 Mem:15.37M (Peak 42.43M) | Time:00:02.14 | Mem:0.89M, Peak:1.10M | Scene, ViewLayer | Updating Mesh | Computing normals
Fra:1 Mem:16.17M (Peak 42.43M) | Time:00:02.14 | Mem:0.89M, Peak:1.10M | Scene, ViewLayer | Updating Mesh | Copying Mesh to device
Fra:1 Mem:16.17M (Peak 42.43M) | Time:00:02.14 | Mem:1.68M, Peak:1.68M | Scene, ViewLayer | Updating Objects Flags
Fra:1 Mem:16.17M (Peak 42.43M) | Time:00:02.14 | Mem:1.69M, Peak:1.69M | Scene, ViewLayer | Updating Primitive Offsets
Fra:1 Mem:16.17M (Peak 42.43M) | Time:00:02.14 | Mem:1.69M, Peak:1.69M | Scene, ViewLayer | Updating Images
Fra:1 Mem:16.17M (Peak 42.43M) | Time:00:02.14 | Mem:1.69M, Peak:1.69M | Scene, ViewLayer | Updating Camera Volume
Fra:1 Mem:16.17M (Peak 42.43M) | Time:00:02.14 | Mem:1.69M, Peak:1.69M | Scene, ViewLayer | Updating Lookup Tables
Fra:1 Mem:16.17M (Peak 42.43M) | Time:00:02.14 | Mem:1.77M, Peak:1.77M | Scene, ViewLayer | Updating Lights
Fra:1 Mem:16.17M (Peak 42.43M) | Time:00:02.14 | Mem:1.77M, Peak:1.77M | Scene, ViewLayer | Updating Lights | Computing tree
Fra:1 Mem:16.17M (Peak 42.43M) | Time:00:02.16 | Mem:1.77M, Peak:1.77M | Scene, ViewLayer | Updating Integrator
Fra:1 Mem:16.17M (Peak 42.43M) | Time:00:02.16 | Mem:1.77M, Peak:1.77M | Scene, ViewLayer | Updating Film
Fra:1 Mem:16.17M (Peak 42.43M) | Time:00:02.16 | Mem:1.69M, Peak:1.77M | Scene, ViewLayer | Updating Lookup Tables
Fra:1 Mem:16.17M (Peak 42.43M) | Time:00:02.16 | Mem:1.77M, Peak:1.77M | Scene, ViewLayer | Updating Baking
Fra:1 Mem:16.17M (Peak 42.43M) | Time:00:02.16 | Mem:1.77M, Peak:1.77M | Scene, ViewLayer | Updating Device | Writing constant memory
Fra:1 Mem:16.17M (Peak 42.43M) | Time:00:02.17 | Mem:1.77M, Peak:1.77M | Scene, ViewLayer | Loading denoising kernels (may take a few minutes the first time)
Fra:1 Mem:20.18M (Peak 42.43M) | Time:00:02.31 | Mem:353.77M, Peak:353.77M | Scene, ViewLayer | Sample 0/24
Fra:1 Mem:67.15M (Peak 67.15M) | Time:00:02.33 | Remaining:00:00.41 | Mem:400.74M, Peak:400.74M | Scene, ViewLayer | Sample 1/24
Fra:1 Mem:86.93M (Peak 116.59M) | Time:00:06.29 | Mem:400.75M, Peak:400.75M | Scene, ViewLayer | Sample 24/24
Fra:1 Mem:86.93M (Peak 116.59M) | Time:00:06.29 | Mem:400.75M, Peak:400.75M | Scene, ViewLayer | Finished
Saved: 'D:\vibe-coding-e\nova-swarm-forum-129-improvements-20260822\docs\fleet-art-v2\ships\27\clay.png'
Time: 00:06.96 (Saving: 00:00.52)

Fra:1 Mem:16.55M (Peak 16.55M) | Time:00:00.15 | Mem:0.00M, Peak:0.00M | Scene, ViewLayer | Synchronizing object | Broad neutral key
Fra:1 Mem:16.55M (Peak 16.55M) | Time:00:00.15 | Mem:0.00M, Peak:0.00M | Scene, ViewLayer | Synchronizing object | Neutral fill
Fra:1 Mem:16.87M (Peak 16.87M) | Time:00:00.19 | Mem:0.00M, Peak:0.00M | Scene, ViewLayer | Synchronizing object | Continuous pressure fuselage
Fra:1 Mem:17.57M (Peak 17.57M) | Time:00:00.23 | Mem:0.00M, Peak:0.00M | Scene, ViewLayer | Synchronizing object | Cockpit integrated coaming
Fra:1 Mem:18.10M (Peak 18.10M) | Time:00:00.27 | Mem:0.00M, Peak:0.00M | Scene, ViewLayer | Synchronizing object | Pressure canopy glazing
Fra:1 Mem:18.10M (Peak 18.10M) | Time:00:00.27 | Mem:0.00M, Peak:0.00M | Scene, ViewLayer | Synchronizing object | Canopy lower frame
Fra:1 Mem:18.39M (Peak 18.39M) | Time:00:00.27 | Mem:0.00M, Peak:0.00M | Scene, ViewLayer | Synchronizing object | Canopy lower frame.001
Fra:1 Mem:18.38M (Peak 18.39M) | Time:00:00.27 | Mem:0.00M, Peak:0.00M | Scene, ViewLayer | Synchronizing object | Canopy pressure bow
Fra:1 Mem:18.39M (Peak 18.39M) | Time:00:00.27 | Mem:0.00M, Peak:0.00M | Scene, ViewLayer | Synchronizing object | Integrated lifting hull
Fra:1 Mem:18.42M (Peak 18.42M) | Time:00:00.27 | Mem:0.00M, Peak:0.00M | Scene, ViewLayer | Synchronizing object | Contoured expansion nozzle
Fra:1 Mem:18.43M (Peak 18.43M) | Time:00:00.27 | Mem:0.00M, Peak:0.00M | Scene, ViewLayer | Synchronizing object | Nozzle petal seam
Fra:1 Mem:18.54M (Peak 18.54M) | Time:00:00.27 | Mem:0.00M, Peak:0.00M | Scene, ViewLayer | Synchronizing object | Nozzle petal seam.001
Fra:1 Mem:18.52M (Peak 18.54M) | Time:00:00.27 | Mem:0.00M, Peak:0.00M | Scene, ViewLayer | Synchronizing object | Nozzle petal seam.002
Fra:1 Mem:18.53M (Peak 18.54M) | Time:00:00.27 | Mem:0.00M, Peak:0.00M | Scene, ViewLayer | Synchronizing object | Nozzle petal seam.003
Fra:1 Mem:18.53M (Peak 18.54M) | Time:00:00.27 | Mem:0.00M, Peak:0.00M | Scene, ViewLayer | Synchronizing object | Nozzle petal seam.004
Fra:1 Mem:18.58M (Peak 18.58M) | Time:00:00.27 | Mem:0.00M, Peak:0.00M | Scene, ViewLayer | Synchronizing object | Nozzle petal seam.005
Fra:1 Mem:18.52M (Peak 18.58M) | Time:00:00.27 | Mem:0.00M, Peak:0.00M | Scene, ViewLayer | Synchronizing object | Nozzle petal seam.006
Fra:1 Mem:18.52M (Peak 18.58M) | Time:00:00.27 | Mem:0.00M, Peak:0.00M | Scene, ViewLayer | Synchronizing object | Nozzle petal seam.007
Fra:1 Mem:18.52M (Peak 18.58M) | Time:00:00.27 | Mem:0.00M, Peak:0.00M | Scene, ViewLayer | Synchronizing object | Nozzle petal seam.008
Fra:1 Mem:18.52M (Peak 18.58M) | Time:00:00.27 | Mem:0.00M, Peak:0.00M | Scene, ViewLayer | Synchronizing object | Nozzle petal seam.009
Fra:1 Mem:18.53M (Peak 18.58M) | Time:00:00.27 | Mem:0.00M, Peak:0.00M | Scene, ViewLayer | Synchronizing object | Nozzle petal seam.010
Fra:1 Mem:18.53M (Peak 18.58M) | Time:00:00.27 | Mem:0.00M, Peak:0.00M | Scene, ViewLayer | Synchronizing object | Nozzle petal seam.011
Fra:1 Mem:18.53M (Peak 18.58M) | Time:00:00.27 | Mem:0.00M, Peak:0.00M | Scene, ViewLayer | Synchronizing object | Deep ion throat
Fra:1 Mem:18.53M (Peak 18.58M) | Time:00:00.27 | Mem:0.00M, Peak:0.00M | Scene, ViewLayer | Synchronizing object | Flush cooling slot
Fra:1 Mem:18.63M (Peak 18.63M) | Time:00:00.27 | Mem:0.00M, Peak:0.00M | Scene, ViewLayer | Synchronizing object | Flush cooling slot.001
Fra:1 Mem:18.66M (Peak 18.66M) | Time:00:00.27 | Mem:0.00M, Peak:0.00M | Scene, ViewLayer | Synchronizing object | Flush cooling slot.002
Fra:1 Mem:18.71M (Peak 18.71M) | Time:00:00.28 | Mem:0.00M, Peak:0.00M | Scene, ViewLayer | Synchronizing object | Blended structural fairing
Fra:1 Mem:18.71M (Peak 18.71M) | Time:00:00.28 | Mem:0.00M, Peak:0.00M | Scene, ViewLayer | Synchronizing object | Fitted gold shield armor.002
Fra:1 Mem:18.73M (Peak 18.73M) | Time:00:00.28 | Mem:0.00M, Peak:0.00M | Scene, ViewLayer | Synchronizing object | Integrated propulsion nacelle.001
Fra:1 Mem:18.83M (Peak 18.83M) | Time:00:00.28 | Mem:0.00M, Peak:0.00M | Scene, ViewLayer | Synchronizing object | Nozzle petal seam.012
Fra:1 Mem:19.05M (Peak 19.05M) | Time:00:00.28 | Mem:0.00M, Peak:0.00M | Scene, ViewLayer | Synchronizing object | Nozzle petal seam.013
Fra:1 Mem:19.06M (Peak 19.06M) | Time:00:00.28 | Mem:0.00M, Peak:0.00M | Scene, ViewLayer | Synchronizing object | Nozzle petal seam.014
Fra:1 Mem:19.06M (Peak 19.06M) | Time:00:00.28 | Mem:0.00M, Peak:0.00M | Scene, ViewLayer | Synchronizing object | Nozzle petal seam.015
Fra:1 Mem:19.12M (Peak 19.11M) | Time:00:00.28 | Mem:0.00M, Peak:0.00M | Scene, ViewLayer | Synchronizing object | Nozzle petal seam.016
Fra:1 Mem:19.04M (Peak 19.11M) | Time:00:00.28 | Mem:0.00M, Peak:0.00M | Scene, ViewLayer | Synchronizing object | Nozzle petal seam.017
Fra:1 Mem:19.04M (Peak 19.11M) | Time:00:00.28 | Mem:0.00M, Peak:0.00M | Scene, ViewLayer | Synchronizing object | Nozzle petal seam.018
Fra:1 Mem:19.04M (Peak 19.11M) | Time:00:00.28 | Mem:0.00M, Peak:0.00M | Scene, ViewLayer | Synchronizing object | Nozzle petal seam.019
Fra:1 Mem:19.04M (Peak 19.11M) | Time:00:00.28 | Mem:0.00M, Peak:0.00M | Scene, ViewLayer | Synchronizing object | Nozzle petal seam.020
Fra:1 Mem:19.04M (Peak 19.11M) | Time:00:00.28 | Mem:0.00M, Peak:0.00M | Scene, ViewLayer | Synchronizing object | Nozzle petal seam.021
Fra:1 Mem:19.04M (Peak 19.11M) | Time:00:00.28 | Mem:0.00M, Peak:0.00M | Scene, ViewLayer | Synchronizing object | Nozzle petal seam.022
Fra:1 Mem:19.05M (Peak 19.11M) | Time:00:00.28 | Mem:0.00M, Peak:0.00M | Scene, ViewLayer | Synchronizing object | Nozzle petal seam.023
Fra:1 Mem:19.05M (Peak 19.11M) | Time:00:00.28 | Mem:0.00M, Peak:0.00M | Scene, ViewLayer | Synchronizing object | Deep ion throat.001
Fra:1 Mem:19.05M (Peak 19.11M) | Time:00:00.28 | Mem:0.00M, Peak:0.00M | Scene, ViewLayer | Synchronizing object | Ventral access door.001
Fra:1 Mem:19.07M (Peak 19.11M) | Time:00:00.28 | Mem:0.00M, Peak:0.00M | Scene, ViewLayer | Synchronizing object | Flush cooling slot.003
Fra:1 Mem:19.18M (Peak 19.18M) | Time:00:00.28 | Mem:0.00M, Peak:0.00M | Scene, ViewLayer | Synchronizing object | Flush cooling slot.004
Fra:1 Mem:19.15M (Peak 19.18M) | Time:00:00.28 | Mem:0.00M, Peak:0.00M | Scene, ViewLayer | Synchronizing object | Flush cooling slot.005
Fra:1 Mem:19.23M (Peak 19.23M) | Time:00:00.29 | Mem:0.00M, Peak:0.00M | Scene, ViewLayer | Synchronizing object | Blended structural fairing.001
Fra:1 Mem:19.25M (Peak 19.25M) | Time:00:00.29 | Mem:0.00M, Peak:0.00M | Scene, ViewLayer | Synchronizing object | Fitted gold shield armor.005
Fra:1 Mem:19.35M (Peak 19.35M) | Time:00:00.29 | Mem:0.00M, Peak:0.00M | Scene, ViewLayer | Synchronizing object | Fitted gold shield armor.006
Fra:1 Mem:19.39M (Peak 19.39M) | Time:00:00.29 | Mem:0.00M, Peak:0.00M | Scene, ViewLayer | Synchronizing object | Fitted gold shield armor.007
Fra:1 Mem:19.47M (Peak 19.47M) | Time:00:00.29 | Mem:0.00M, Peak:0.00M | Scene, ViewLayer | Initializing
Fra:1 Mem:15.05M (Peak 19.47M) | Time:00:00.30 | Mem:0.00M, Peak:0.00M | Scene, ViewLayer | Waiting for render to start
Fra:1 Mem:15.05M (Peak 19.47M) | Time:00:00.30 | Mem:0.00M, Peak:0.00M | Scene, ViewLayer | Updating Scene
Fra:1 Mem:15.05M (Peak 19.47M) | Time:00:00.30 | Mem:0.00M, Peak:0.00M | Scene, ViewLayer | Updating Shaders
Fra:1 Mem:15.05M (Peak 19.47M) | Time:00:00.30 | Mem:0.00M, Peak:0.00M | Scene, ViewLayer | Loading render kernels (may take a few minutes the first time)
Fra:1 Mem:15.14M (Peak 42.43M) | Time:00:00.41 | Mem:0.01M, Peak:0.01M | Scene, ViewLayer | Updating Procedurals
Fra:1 Mem:15.14M (Peak 42.43M) | Time:00:00.41 | Mem:0.01M, Peak:0.01M | Scene, ViewLayer | Updating Background
Fra:1 Mem:15.14M (Peak 42.43M) | Time:00:00.41 | Mem:0.01M, Peak:0.01M | Scene, ViewLayer | Updating Camera
Fra:1 Mem:15.14M (Peak 42.43M) | Time:00:00.41 | Mem:0.01M, Peak:0.01M | Scene, ViewLayer | Updating Meshes Flags
Fra:1 Mem:15.14M (Peak 42.43M) | Time:00:00.41 | Mem:0.01M, Peak:0.01M | Scene, ViewLayer | Updating Objects
Fra:1 Mem:15.14M (Peak 42.43M) | Time:00:00.41 | Mem:0.01M, Peak:0.01M | Scene, ViewLayer | Updating Objects | Copying Transformations to device
Fra:1 Mem:15.15M (Peak 42.43M) | Time:00:00.41 | Mem:0.02M, Peak:0.02M | Scene, ViewLayer | Updating Particle Systems
Fra:1 Mem:15.15M (Peak 42.43M) | Time:00:00.41 | Mem:0.02M, Peak:0.02M | Scene, ViewLayer | Updating Particle Systems | Copying Particles to device
Fra:1 Mem:15.15M (Peak 42.43M) | Time:00:00.41 | Mem:0.02M, Peak:0.02M | Scene, ViewLayer | Updating Meshes
Fra:1 Mem:15.15M (Peak 42.43M) | Time:00:00.41 | Mem:0.02M, Peak:0.02M | Scene, ViewLayer | Updating Objects | Applying Static Transformations
Fra:1 Mem:15.15M (Peak 42.43M) | Time:00:00.41 | Mem:0.02M, Peak:0.02M | Scene, ViewLayer | Updating Mesh | Computing attributes
Fra:1 Mem:15.38M (Peak 42.43M) | Time:00:00.41 | Mem:0.03M, Peak:0.03M | Scene, ViewLayer | Updating Mesh | Copying Attributes to device
Fra:1 Mem:15.37M (Peak 42.43M) | Time:00:00.41 | Mem:0.24M, Peak:0.24M | Scene, ViewLayer | Updating Geometry BVH Broad neutral key 2/1 | Building BVH
Fra:1 Mem:15.37M (Peak 42.43M) | Time:00:00.41 | Mem:0.24M, Peak:0.24M | Scene, ViewLayer | Updating Geometry BVH Integrated lifting hull 10/61 | Building OptiX acceleration structure
Fra:1 Mem:15.37M (Peak 42.43M) | Time:00:00.41 | Mem:0.24M, Peak:0.24M | Scene, ViewLayer | Updating Geometry BVH Contoured expansion nozzle.002 12/61 | Building BVH
Fra:1 Mem:15.37M (Peak 42.43M) | Time:00:00.41 | Mem:0.24M, Peak:0.24M | Scene, ViewLayer | Updating Geometry BVH Nozzle petal seam.024 13/61 | Building BVH
Fra:1 Mem:15.37M (Peak 42.43M) | Time:00:00.41 | Mem:0.24M, Peak:0.24M | Scene, ViewLayer | Updating Geometry BVH Nozzle petal seam.024 13/61 | Building OptiX acceleration structure
Fra:1 Mem:15.37M (Peak 42.43M) | Time:00:00.41 | Mem:0.24M, Peak:0.24M | Scene, ViewLayer | Updating Geometry BVH Fitted gold shield armor.007 61/61 | Building BVH
Fra:1 Mem:15.37M (Peak 42.43M) | Time:00:00.41 | Mem:0.24M, Peak:0.24M | Scene, ViewLayer | Updating Geometry BVH Fitted gold shield armor.007 61/61 | Building OptiX acceleration structure
Fra:1 Mem:15.61M (Peak 42.43M) | Time:00:00.41 | Mem:0.32M, Peak:0.32M | Scene, ViewLayer | Updating Geometry BVH Nozzle petal seam.025 14/61 | Building BVH
Fra:1 Mem:15.61M (Peak 42.43M) | Time:00:00.41 | Mem:0.32M, Peak:0.32M | Scene, ViewLayer | Updating Geometry BVH Nozzle petal seam.025 14/61 | Building OptiX acceleration structure
Fra:1 Mem:15.68M (Peak 42.43M) | Time:00:00.41 | Mem:0.56M, Peak:0.59M | Scene, ViewLayer | Updating Geometry BVH Fitted gold shield armor.006 60/61 | Building BVH
Fra:1 Mem:15.68M (Peak 42.43M) | Time:00:00.41 | Mem:0.61M, Peak:0.61M | Scene, ViewLayer | Updating Geometry BVH Fitted gold shield armor.006 60/61 | Building OptiX acceleration structure
Fra:1 Mem:15.57M (Peak 42.43M) | Time:00:00.41 | Mem:0.61M, Peak:1.09M | Scene, ViewLayer | Updating Geometry BVH Nozzle petal seam.026 15/61 | Building BVH
Fra:1 Mem:15.57M (Peak 42.43M) | Time:00:00.41 | Mem:0.64M, Peak:1.09M | Scene, ViewLayer | Updating Geometry BVH Nozzle petal seam.026 15/61 | Building OptiX acceleration structure
Fra:1 Mem:15.56M (Peak 42.43M) | Time:00:00.41 | Mem:0.60M, Peak:1.09M | Scene, ViewLayer | Updating Geometry BVH Nozzle petal seam.027 16/61 | Building BVH
Fra:1 Mem:15.56M (Peak 42.43M) | Time:00:00.41 | Mem:0.61M, Peak:1.09M | Scene, ViewLayer | Updating Geometry BVH Nozzle petal seam.027 16/61 | Building OptiX acceleration structure
Fra:1 Mem:15.56M (Peak 42.43M) | Time:00:00.41 | Mem:0.60M, Peak:1.09M | Scene, ViewLayer | Updating Geometry BVH Nozzle petal seam.028 17/61 | Building BVH
Fra:1 Mem:15.56M (Peak 42.43M) | Time:00:00.41 | Mem:0.60M, Peak:1.09M | Scene, ViewLayer | Updating Geometry BVH Nozzle petal seam.028 17/61 | Building OptiX acceleration structure
Fra:1 Mem:15.56M (Peak 42.43M) | Time:00:00.41 | Mem:0.61M, Peak:1.09M | Scene, ViewLayer | Updating Geometry BVH Nozzle petal seam.029 18/61 | Building BVH
Fra:1 Mem:15.56M (Peak 42.43M) | Time:00:00.41 | Mem:0.62M, Peak:1.09M | Scene, ViewLayer | Updating Geometry BVH Nozzle petal seam.029 18/61 | Building OptiX acceleration structure
Fra:1 Mem:15.55M (Peak 42.43M) | Time:00:00.41 | Mem:0.61M, Peak:1.09M | Scene, ViewLayer | Updating Geometry BVH Nozzle petal seam.030 19/61 | Building BVH
Fra:1 Mem:15.55M (Peak 42.43M) | Time:00:00.41 | Mem:0.61M, Peak:1.09M | Scene, ViewLayer | Updating Geometry BVH Nozzle petal seam.030 19/61 | Building OptiX acceleration structure
Fra:1 Mem:15.55M (Peak 42.43M) | Time:00:00.41 | Mem:0.61M, Peak:1.09M | Scene, ViewLayer | Updating Geometry BVH Nozzle petal seam.031 20/61 | Building BVH
Fra:1 Mem:15.55M (Peak 42.43M) | Time:00:00.41 | Mem:0.61M, Peak:1.09M | Scene, ViewLayer | Updating Geometry BVH Nozzle petal seam.031 20/61 | Building OptiX acceleration structure
Fra:1 Mem:15.55M (Peak 42.43M) | Time:00:00.42 | Mem:1.03M, Peak:1.09M | Scene, ViewLayer | Updating Geometry BVH Nozzle petal seam.032 21/61 | Building BVH
Fra:1 Mem:15.55M (Peak 42.43M) | Time:00:00.42 | Mem:1.03M, Peak:1.09M | Scene, ViewLayer | Updating Geometry BVH Nozzle petal seam.032 21/61 | Building OptiX acceleration structure
Fra:1 Mem:15.47M (Peak 42.43M) | Time:00:00.42 | Mem:0.63M, Peak:1.09M | Scene, ViewLayer | Updating Geometry BVH Nozzle petal seam.033 22/61 | Building BVH
Fra:1 Mem:15.47M (Peak 42.43M) | Time:00:00.42 | Mem:0.63M, Peak:1.09M | Scene, ViewLayer | Updating Geometry BVH Nozzle petal seam.033 22/61 | Building OptiX acceleration structure
Fra:1 Mem:15.47M (Peak 42.43M) | Time:00:00.42 | Mem:0.63M, Peak:1.09M | Scene, ViewLayer | Updating Geometry BVH Nozzle petal seam.034 23/61 | Building BVH
Fra:1 Mem:15.47M (Peak 42.43M) | Time:00:00.42 | Mem:0.65M, Peak:1.09M | Scene, ViewLayer | Updating Geometry BVH Nozzle petal seam.034 23/61 | Building OptiX acceleration structure
Fra:1 Mem:15.46M (Peak 42.43M) | Time:00:00.42 | Mem:0.63M, Peak:1.09M | Scene, ViewLayer | Updating Geometry BVH Nozzle petal seam.035 24/61 | Building BVH
Fra:1 Mem:15.46M (Peak 42.43M) | Time:00:00.42 | Mem:0.82M, Peak:1.09M | Scene, ViewLayer | Updating Geometry BVH Nozzle petal seam.035 24/61 | Building OptiX acceleration structure
Fra:1 Mem:15.38M (Peak 42.43M) | Time:00:00.42 | Mem:0.66M, Peak:1.09M | Scene, ViewLayer | Updating Geometry BVH Deep ion throat.002 25/61 | Building BVH
Fra:1 Mem:15.38M (Peak 42.43M) | Time:00:00.42 | Mem:0.68M, Peak:1.09M | Scene, ViewLayer | Updating Geometry BVH Deep ion throat.002 25/61 | Building OptiX acceleration structure
Fra:1 Mem:15.39M (Peak 42.43M) | Time:00:00.42 | Mem:0.67M, Peak:1.09M | Scene, ViewLayer | Updating Geometry BVH Fitted gold shield armor.005 59/61 | Building BVH
Fra:1 Mem:15.39M (Peak 42.43M) | Time:00:00.42 | Mem:0.68M, Peak:1.09M | Scene, ViewLayer | Updating Geometry BVH Fitted gold shield armor.005 59/61 | Building OptiX acceleration structure
Fra:1 Mem:15.40M (Peak 42.43M) | Time:00:00.42 | Mem:0.68M, Peak:1.09M | Scene, ViewLayer | Updating Geometry BVH Deep intake duct 26/61 | Building BVH
Fra:1 Mem:15.40M (Peak 42.43M) | Time:00:00.42 | Mem:0.69M, Peak:1.09M | Scene, ViewLayer | Updating Geometry BVH Deep intake duct 26/61 | Building OptiX acceleration structure
Fra:1 Mem:15.41M (Peak 42.43M) | Time:00:00.42 | Mem:0.69M, Peak:1.09M | Scene, ViewLayer | Updating Geometry BVH Ventral access door.002 27/61 | Building BVH
Fra:1 Mem:15.41M (Peak 42.43M) | Time:00:00.42 | Mem:0.69M, Peak:1.09M | Scene, ViewLayer | Updating Geometry BVH Ventral access door.002 27/61 | Building OptiX acceleration structure
Fra:1 Mem:15.41M (Peak 42.43M) | Time:00:00.42 | Mem:0.70M, Peak:1.09M | Scene, ViewLayer | Updating Geometry BVH Flush cooling slot 28/61 | Building BVH
Fra:1 Mem:15.41M (Peak 42.43M) | Time:00:00.42 | Mem:0.70M, Peak:1.09M | Scene, ViewLayer | Updating Geometry BVH Flush cooling slot 28/61 | Building OptiX acceleration structure
Fra:1 Mem:15.41M (Peak 42.43M) | Time:00:00.42 | Mem:0.70M, Peak:1.09M | Scene, ViewLayer | Updating Geometry BVH Flush cooling slot.001 29/61 | Building BVH
Fra:1 Mem:15.41M (Peak 42.43M) | Time:00:00.42 | Mem:0.70M, Peak:1.09M | Scene, ViewLayer | Updating Geometry BVH Flush cooling slot.001 29/61 | Building OptiX acceleration structure
Fra:1 Mem:15.41M (Peak 42.43M) | Time:00:00.42 | Mem:0.70M, Peak:1.09M | Scene, ViewLayer | Updating Geometry BVH Flush cooling slot.002 30/61 | Building BVH
Fra:1 Mem:15.41M (Peak 42.43M) | Time:00:00.42 | Mem:0.71M, Peak:1.09M | Scene, ViewLayer | Updating Geometry BVH Flush cooling slot.002 30/61 | Building OptiX acceleration structure
Fra:1 Mem:15.41M (Peak 42.43M) | Time:00:00.42 | Mem:0.70M, Peak:1.09M | Scene, ViewLayer | Updating Geometry BVH Mesh 31/61 | Building BVH
Fra:1 Mem:15.41M (Peak 42.43M) | Time:00:00.42 | Mem:0.71M, Peak:1.09M | Scene, ViewLayer | Updating Geometry BVH Mesh 31/61 | Building OptiX acceleration structure
Fra:1 Mem:15.45M (Peak 42.43M) | Time:00:00.42 | Mem:0.73M, Peak:1.09M | Scene, ViewLayer | Updating Geometry BVH Fitted gold shield armor 32/61 | Building BVH
Fra:1 Mem:15.45M (Peak 42.43M) | Time:00:00.42 | Mem:0.74M, Peak:1.09M | Scene, ViewLayer | Updating Geometry BVH Fitted gold shield armor 32/61 | Building OptiX acceleration structure
Fra:1 Mem:15.46M (Peak 42.43M) | Time:00:00.42 | Mem:0.74M, Peak:1.09M | Scene, ViewLayer | Updating Geometry BVH Fitted gold shield armor.001 33/61 | Building BVH
Fra:1 Mem:15.46M (Peak 42.43M) | Time:00:00.42 | Mem:0.75M, Peak:1.09M | Scene, ViewLayer | Updating Geometry BVH Fitted gold shield armor.001 33/61 | Building OptiX acceleration structure
Fra:1 Mem:15.46M (Peak 42.43M) | Time:00:00.42 | Mem:0.75M, Peak:1.09M | Scene, ViewLayer | Updating Geometry BVH Fitted gold shield armor.002 34/61 | Building BVH
Fra:1 Mem:15.46M (Peak 42.43M) | Time:00:00.42 | Mem:0.76M, Peak:1.09M | Scene, ViewLayer | Updating Geometry BVH Fitted gold shield armor.002 34/61 | Building OptiX acceleration structure
Fra:1 Mem:15.47M (Peak 42.43M) | Time:00:00.42 | Mem:0.77M, Peak:1.09M | Scene, ViewLayer | Updating Geometry BVH Fitted gold shield armor.003 35/61 | Building BVH
Fra:1 Mem:15.47M (Peak 42.43M) | Time:00:00.42 | Mem:0.82M, Peak:1.09M | Scene, ViewLayer | Updating Geometry BVH Fitted gold shield armor.003 35/61 | Building OptiX acceleration structure
Fra:1 Mem:15.46M (Peak 42.43M) | Time:00:00.43 | Mem:0.77M, Peak:1.09M | Scene, ViewLayer | Updating Geometry BVH Integrated lifting hull.001 36/61 | Building BVH
Fra:1 Mem:15.46M (Peak 42.43M) | Time:00:00.43 | Mem:0.78M, Peak:1.09M | Scene, ViewLayer | Updating Geometry BVH Integrated lifting hull.001 36/61 | Building OptiX acceleration structure
Fra:1 Mem:15.47M (Peak 42.43M) | Time:00:00.43 | Mem:0.78M, Peak:1.09M | Scene, ViewLayer | Updating Geometry BVH Fitted gold shield armor.004 58/61 | Building BVH
Fra:1 Mem:15.47M (Peak 42.43M) | Time:00:00.43 | Mem:0.79M, Peak:1.09M | Scene, ViewLayer | Updating Geometry BVH Fitted gold shield armor.004 58/61 | Building OptiX acceleration structure
Fra:1 Mem:15.47M (Peak 42.43M) | Time:00:00.43 | Mem:0.79M, Peak:1.09M | Scene, ViewLayer | Updating Geometry BVH Integrated propulsion nacelle.001 37/61 | Building BVH
Fra:1 Mem:15.47M (Peak 42.43M) | Time:00:00.43 | Mem:0.80M, Peak:1.09M | Scene, ViewLayer | Updating Geometry BVH Integrated propulsion nacelle.001 37/61 | Building OptiX acceleration structure
Fra:1 Mem:15.47M (Peak 42.43M) | Time:00:00.43 | Mem:0.79M, Peak:1.09M | Scene, ViewLayer | Updating Geometry BVH Contoured expansion nozzle.003 38/61 | Building BVH
Fra:1 Mem:15.47M (Peak 42.43M) | Time:00:00.43 | Mem:0.79M, Peak:1.09M | Scene, ViewLayer | Updating Geometry BVH Contoured expansion nozzle.003 38/61 | Building OptiX acceleration structure
Fra:1 Mem:15.48M (Peak 42.43M) | Time:00:00.43 | Mem:0.80M, Peak:1.09M | Scene, ViewLayer | Updating Geometry BVH Nozzle petal seam.036 39/61 | Building BVH
Fra:1 Mem:15.48M (Peak 42.43M) | Time:00:00.43 | Mem:0.81M, Peak:1.09M | Scene, ViewLayer | Updating Geometry BVH Nozzle petal seam.036 39/61 | Building OptiX acceleration structure
Fra:1 Mem:15.48M (Peak 42.43M) | Time:00:00.43 | Mem:0.80M, Peak:1.09M | Scene, ViewLayer | Updating Geometry BVH Nozzle petal seam.037 40/61 | Building BVH
Fra:1 Mem:15.48M (Peak 42.43M) | Time:00:00.43 | Mem:0.81M, Peak:1.09M | Scene, ViewLayer | Updating Geometry BVH Nozzle petal seam.037 40/61 | Building OptiX acceleration structure
Fra:1 Mem:15.48M (Peak 42.43M) | Time:00:00.43 | Mem:0.80M, Peak:1.09M | Scene, ViewLayer | Updating Geometry BVH Nozzle petal seam.038 41/61 | Building BVH
Fra:1 Mem:15.48M (Peak 42.43M) | Time:00:00.43 | Mem:0.88M, Peak:1.09M | Scene, ViewLayer | Updating Geometry BVH Nozzle petal seam.038 41/61 | Building OptiX acceleration structure
Fra:1 Mem:15.45M (Peak 42.43M) | Time:00:00.43 | Mem:0.81M, Peak:1.09M | Scene, ViewLayer | Updating Geometry BVH Nozzle petal seam.039 42/61 | Building BVH
Fra:1 Mem:15.45M (Peak 42.43M) | Time:00:00.43 | Mem:0.84M, Peak:1.09M | Scene, ViewLayer | Updating Geometry BVH Nozzle petal seam.039 42/61 | Building OptiX acceleration structure
Fra:1 Mem:15.44M (Peak 42.43M) | Time:00:00.43 | Mem:0.81M, Peak:1.09M | Scene, ViewLayer | Updating Geometry BVH Nozzle petal seam.040 43/61 | Building BVH
Fra:1 Mem:15.44M (Peak 42.43M) | Time:00:00.43 | Mem:0.82M, Peak:1.09M | Scene, ViewLayer | Updating Geometry BVH Nozzle petal seam.040 43/61 | Building OptiX acceleration structure
Fra:1 Mem:15.43M (Peak 42.43M) | Time:00:00.43 | Mem:0.81M, Peak:1.09M | Scene, ViewLayer | Updating Geometry BVH Nozzle petal seam.041 44/61 | Building BVH
Fra:1 Mem:15.43M (Peak 42.43M) | Time:00:00.43 | Mem:0.84M, Peak:1.09M | Scene, ViewLayer | Updating Geometry BVH Nozzle petal seam.041 44/61 | Building OptiX acceleration structure
Fra:1 Mem:15.42M (Peak 42.43M) | Time:00:00.43 | Mem:0.80M, Peak:1.09M | Scene, ViewLayer | Updating Geometry BVH Nozzle petal seam.042 45/61 | Building BVH
Fra:1 Mem:15.42M (Peak 42.43M) | Time:00:00.43 | Mem:0.83M, Peak:1.09M | Scene, ViewLayer | Updating Geometry BVH Nozzle petal seam.042 45/61 | Building OptiX acceleration structure
Fra:1 Mem:15.41M (Peak 42.43M) | Time:00:00.43 | Mem:0.80M, Peak:1.09M | Scene, ViewLayer | Updating Geometry BVH Nozzle petal seam.043 46/61 | Building BVH
Fra:1 Mem:15.41M (Peak 42.43M) | Time:00:00.43 | Mem:0.81M, Peak:1.09M | Scene, ViewLayer | Updating Geometry BVH Nozzle petal seam.043 46/61 | Building OptiX acceleration structure
Fra:1 Mem:15.40M (Peak 42.43M) | Time:00:00.43 | Mem:0.80M, Peak:1.09M | Scene, ViewLayer | Updating Geometry BVH Nozzle petal seam.044 47/61 | Building BVH
Fra:1 Mem:15.40M (Peak 42.43M) | Time:00:00.43 | Mem:0.83M, Peak:1.09M | Scene, ViewLayer | Updating Geometry BVH Nozzle petal seam.044 47/61 | Building OptiX acceleration structure
Fra:1 Mem:15.39M (Peak 42.43M) | Time:00:00.43 | Mem:0.80M, Peak:1.09M | Scene, ViewLayer | Updating Geometry BVH Mesh 57/61 | Building BVH
Fra:1 Mem:15.39M (Peak 42.43M) | Time:00:00.43 | Mem:0.81M, Peak:1.09M | Scene, ViewLayer | Updating Geometry BVH Mesh 57/61 | Building OptiX acceleration structure
Fra:1 Mem:15.41M (Peak 42.43M) | Time:00:00.43 | Mem:0.83M, Peak:1.09M | Scene, ViewLayer | Updating Geometry BVH Nozzle petal seam.045 48/61 | Building BVH
Fra:1 Mem:15.41M (Peak 42.43M) | Time:00:00.43 | Mem:0.87M, Peak:1.09M | Scene, ViewLayer | Updating Geometry BVH Nozzle petal seam.045 48/61 | Building OptiX acceleration structure
Fra:1 Mem:15.41M (Peak 42.43M) | Time:00:00.43 | Mem:0.83M, Peak:1.09M | Scene, ViewLayer | Updating Geometry BVH Nozzle petal seam.046 49/61 | Building BVH
Fra:1 Mem:15.41M (Peak 42.43M) | Time:00:00.43 | Mem:0.83M, Peak:1.09M | Scene, ViewLayer | Updating Geometry BVH Nozzle petal seam.046 49/61 | Building OptiX acceleration structure
Fra:1 Mem:15.41M (Peak 42.43M) | Time:00:00.44 | Mem:0.83M, Peak:1.09M | Scene, ViewLayer | Updating Geometry BVH Nozzle petal seam.047 50/61 | Building BVH
Fra:1 Mem:15.41M (Peak 42.43M) | Time:00:00.44 | Mem:0.84M, Peak:1.09M | Scene, ViewLayer | Updating Geometry BVH Nozzle petal seam.047 50/61 | Building OptiX acceleration structure
Fra:1 Mem:15.41M (Peak 42.43M) | Time:00:00.44 | Mem:0.84M, Peak:1.09M | Scene, ViewLayer | Updating Geometry BVH Deep ion throat.003 51/61 | Building BVH
Fra:1 Mem:15.41M (Peak 42.43M) | Time:00:00.44 | Mem:0.84M, Peak:1.09M | Scene, ViewLayer | Updating Geometry BVH Deep ion throat.003 51/61 | Building OptiX acceleration structure
Fra:1 Mem:15.43M (Peak 42.43M) | Time:00:00.44 | Mem:0.86M, Peak:1.09M | Scene, ViewLayer | Updating Geometry BVH Deep intake duct.001 52/61 | Building BVH
Fra:1 Mem:15.43M (Peak 42.43M) | Time:00:00.44 | Mem:0.86M, Peak:1.09M | Scene, ViewLayer | Updating Geometry BVH Deep intake duct.001 52/61 | Building OptiX acceleration structure
Fra:1 Mem:15.43M (Peak 42.43M) | Time:00:00.44 | Mem:0.86M, Peak:1.09M | Scene, ViewLayer | Updating Geometry BVH Ventral access door.003 53/61 | Building BVH
Fra:1 Mem:15.43M (Peak 42.43M) | Time:00:00.44 | Mem:0.87M, Peak:1.09M | Scene, ViewLayer | Updating Geometry BVH Ventral access door.003 53/61 | Building OptiX acceleration structure
Fra:1 Mem:15.44M (Peak 42.43M) | Time:00:00.44 | Mem:0.87M, Peak:1.09M | Scene, ViewLayer | Updating Geometry BVH Flush cooling slot.003 54/61 | Building BVH
Fra:1 Mem:15.44M (Peak 42.43M) | Time:00:00.44 | Mem:0.87M, Peak:1.09M | Scene, ViewLayer | Updating Geometry BVH Flush cooling slot.003 54/61 | Building OptiX acceleration structure
Fra:1 Mem:15.44M (Peak 42.43M) | Time:00:00.44 | Mem:0.87M, Peak:1.09M | Scene, ViewLayer | Updating Geometry BVH Flush cooling slot.004 55/61 | Building BVH
Fra:1 Mem:15.44M (Peak 42.43M) | Time:00:00.44 | Mem:0.88M, Peak:1.09M | Scene, ViewLayer | Updating Geometry BVH Flush cooling slot.004 55/61 | Building OptiX acceleration structure
Fra:1 Mem:15.44M (Peak 42.43M) | Time:00:00.44 | Mem:0.87M, Peak:1.09M | Scene, ViewLayer | Updating Geometry BVH Flush cooling slot.005 56/61 | Building BVH
Fra:1 Mem:15.44M (Peak 42.43M) | Time:00:00.44 | Mem:0.87M, Peak:1.09M | Scene, ViewLayer | Updating Geometry BVH Flush cooling slot.005 56/61 | Building OptiX acceleration structure
Fra:1 Mem:15.37M (Peak 42.43M) | Time:00:00.44 | Mem:0.88M, Peak:1.09M | Scene, ViewLayer | Updating Scene BVH | Building
Fra:1 Mem:15.37M (Peak 42.43M) | Time:00:00.44 | Mem:0.88M, Peak:1.09M | Scene, ViewLayer | Updating Scene BVH | Building OptiX acceleration structure
Fra:1 Mem:15.37M (Peak 42.43M) | Time:00:00.44 | Mem:0.89M, Peak:1.09M | Scene, ViewLayer | Updating Scene BVH | Copying BVH to device
Fra:1 Mem:15.37M (Peak 42.43M) | Time:00:00.44 | Mem:0.89M, Peak:1.09M | Scene, ViewLayer | Updating Mesh | Computing normals
Fra:1 Mem:16.17M (Peak 42.43M) | Time:00:00.45 | Mem:0.89M, Peak:1.09M | Scene, ViewLayer | Updating Mesh | Copying Mesh to device
Fra:1 Mem:16.17M (Peak 42.43M) | Time:00:00.45 | Mem:1.68M, Peak:1.68M | Scene, ViewLayer | Updating Objects Flags
Fra:1 Mem:16.17M (Peak 42.43M) | Time:00:00.45 | Mem:1.69M, Peak:1.69M | Scene, ViewLayer | Updating Primitive Offsets
Fra:1 Mem:16.17M (Peak 42.43M) | Time:00:00.45 | Mem:1.69M, Peak:1.69M | Scene, ViewLayer | Updating Images
Fra:1 Mem:16.17M (Peak 42.43M) | Time:00:00.45 | Mem:1.69M, Peak:1.69M | Scene, ViewLayer | Updating Camera Volume
Fra:1 Mem:16.17M (Peak 42.43M) | Time:00:00.45 | Mem:1.69M, Peak:1.69M | Scene, ViewLayer | Updating Lookup Tables
Fra:1 Mem:16.17M (Peak 42.43M) | Time:00:00.45 | Mem:1.77M, Peak:1.77M | Scene, ViewLayer | Updating Lights
Fra:1 Mem:16.17M (Peak 42.43M) | Time:00:00.45 | Mem:1.77M, Peak:1.77M | Scene, ViewLayer | Updating Lights | Computing tree
Fra:1 Mem:16.17M (Peak 42.43M) | Time:00:00.45 | Mem:1.77M, Peak:1.77M | Scene, ViewLayer | Updating Integrator
Fra:1 Mem:16.17M (Peak 42.43M) | Time:00:00.45 | Mem:1.77M, Peak:1.77M | Scene, ViewLayer | Updating Film
Fra:1 Mem:16.17M (Peak 42.43M) | Time:00:00.45 | Mem:1.69M, Peak:1.77M | Scene, ViewLayer | Updating Lookup Tables
Fra:1 Mem:16.17M (Peak 42.43M) | Time:00:00.45 | Mem:1.77M, Peak:1.77M | Scene, ViewLayer | Updating Baking
Fra:1 Mem:16.17M (Peak 42.43M) | Time:00:00.45 | Mem:1.77M, Peak:1.77M | Scene, ViewLayer | Updating Device | Writing constant memory
Fra:1 Mem:16.17M (Peak 42.43M) | Time:00:00.45 | Mem:1.77M, Peak:1.77M | Scene, ViewLayer | Loading denoising kernels (may take a few minutes the first time)
Fra:1 Mem:20.18M (Peak 42.43M) | Time:00:00.46 | Mem:353.77M, Peak:353.77M | Scene, ViewLayer | Sample 0/24
Fra:1 Mem:67.15M (Peak 67.15M) | Time:00:00.48 | Remaining:00:00.34 | Mem:400.74M, Peak:400.74M | Scene, ViewLayer | Sample 1/24
Fra:1 Mem:86.93M (Peak 116.59M) | Time:00:03.02 | Mem:400.74M, Peak:400.74M | Scene, ViewLayer | Sample 24/24
Fra:1 Mem:86.93M (Peak 116.59M) | Time:00:03.02 | Mem:400.74M, Peak:400.74M | Scene, ViewLayer | Finished
Saved: 'D:\vibe-coding-e\nova-swarm-forum-129-improvements-20260822\docs\fleet-art-v2\ships\27\underside-clay.png'
Time: 00:03.19 (Saving: 00:00.08)

Fra:1 Mem:16.47M (Peak 16.47M) | Time:00:00.14 | Mem:0.00M, Peak:0.00M | Scene, ViewLayer | Synchronizing object | Broad neutral key
Fra:1 Mem:16.47M (Peak 16.47M) | Time:00:00.14 | Mem:0.00M, Peak:0.00M | Scene, ViewLayer | Synchronizing object | Neutral fill
Fra:1 Mem:16.79M (Peak 16.79M) | Time:00:00.31 | Mem:0.00M, Peak:0.00M | Scene, ViewLayer | Synchronizing object | Continuous pressure fuselage
Fra:1 Mem:17.64M (Peak 17.64M) | Time:00:00.35 | Mem:0.00M, Peak:0.00M | Scene, ViewLayer | Synchronizing object | Cockpit integrated coaming
Fra:1 Mem:18.17M (Peak 18.17M) | Time:00:00.38 | Mem:0.00M, Peak:0.00M | Scene, ViewLayer | Synchronizing object | Pressure canopy glazing
Fra:1 Mem:18.17M (Peak 18.17M) | Time:00:00.38 | Mem:0.00M, Peak:0.00M | Scene, ViewLayer | Synchronizing object | Canopy lower frame
Fra:1 Mem:18.40M (Peak 18.40M) | Time:00:00.38 | Mem:0.00M, Peak:0.00M | Scene, ViewLayer | Synchronizing object | Canopy lower frame.001
Fra:1 Mem:18.46M (Peak 18.46M) | Time:00:00.38 | Mem:0.00M, Peak:0.00M | Scene, ViewLayer | Synchronizing object | Canopy pressure bow
Fra:1 Mem:18.46M (Peak 18.46M) | Time:00:00.38 | Mem:0.00M, Peak:0.00M | Scene, ViewLayer | Synchronizing object | Integrated propulsion nacelle
Fra:1 Mem:18.51M (Peak 18.51M) | Time:00:00.38 | Mem:0.00M, Peak:0.00M | Scene, ViewLayer | Synchronizing object | Nozzle petal seam
Fra:1 Mem:18.60M (Peak 18.60M) | Time:00:00.38 | Mem:0.00M, Peak:0.00M | Scene, ViewLayer | Synchronizing object | Nozzle petal seam.001
Fra:1 Mem:18.62M (Peak 18.62M) | Time:00:00.38 | Mem:0.00M, Peak:0.00M | Scene, ViewLayer | Synchronizing object | Nozzle petal seam.002
Fra:1 Mem:18.59M (Peak 18.62M) | Time:00:00.38 | Mem:0.00M, Peak:0.00M | Scene, ViewLayer | Synchronizing object | Nozzle petal seam.003
Fra:1 Mem:18.60M (Peak 18.62M) | Time:00:00.38 | Mem:0.00M, Peak:0.00M | Scene, ViewLayer | Synchronizing object | Nozzle petal seam.004
Fra:1 Mem:18.60M (Peak 18.62M) | Time:00:00.38 | Mem:0.00M, Peak:0.00M | Scene, ViewLayer | Synchronizing object | Nozzle petal seam.005
Fra:1 Mem:18.66M (Peak 18.66M) | Time:00:00.38 | Mem:0.00M, Peak:0.00M | Scene, ViewLayer | Synchronizing object | Nozzle petal seam.006
Fra:1 Mem:18.60M (Peak 18.66M) | Time:00:00.38 | Mem:0.00M, Peak:0.00M | Scene, ViewLayer | Synchronizing object | Nozzle petal seam.007
Fra:1 Mem:18.60M (Peak 18.66M) | Time:00:00.38 | Mem:0.00M, Peak:0.00M | Scene, ViewLayer | Synchronizing object | Nozzle petal seam.008
Fra:1 Mem:18.60M (Peak 18.66M) | Time:00:00.38 | Mem:0.00M, Peak:0.00M | Scene, ViewLayer | Synchronizing object | Nozzle petal seam.009
Fra:1 Mem:18.60M (Peak 18.66M) | Time:00:00.38 | Mem:0.00M, Peak:0.00M | Scene, ViewLayer | Synchronizing object | Nozzle petal seam.010
Fra:1 Mem:18.61M (Peak 18.66M) | Time:00:00.38 | Mem:0.00M, Peak:0.00M | Scene, ViewLayer | Synchronizing object | Nozzle petal seam.011
Fra:1 Mem:18.61M (Peak 18.66M) | Time:00:00.38 | Mem:0.00M, Peak:0.00M | Scene, ViewLayer | Synchronizing object | Deep ion throat
Fra:1 Mem:18.61M (Peak 18.66M) | Time:00:00.38 | Mem:0.00M, Peak:0.00M | Scene, ViewLayer | Synchronizing object | Flush cooling slot
Fra:1 Mem:18.63M (Peak 18.66M) | Time:00:00.38 | Mem:0.00M, Peak:0.00M | Scene, ViewLayer | Synchronizing object | Flush cooling slot.001
Fra:1 Mem:18.73M (Peak 18.73M) | Time:00:00.38 | Mem:0.00M, Peak:0.00M | Scene, ViewLayer | Synchronizing object | Flush cooling slot.002
Fra:1 Mem:18.79M (Peak 18.79M) | Time:00:00.39 | Mem:0.00M, Peak:0.00M | Scene, ViewLayer | Synchronizing object | Blended structural fairing
Fra:1 Mem:18.79M (Peak 18.79M) | Time:00:00.39 | Mem:0.00M, Peak:0.00M | Scene, ViewLayer | Synchronizing object | Fitted gold shield armor.002
Fra:1 Mem:18.81M (Peak 18.81M) | Time:00:00.39 | Mem:0.00M, Peak:0.00M | Scene, ViewLayer | Synchronizing object | Integrated lifting hull.001
Fra:1 Mem:18.86M (Peak 18.86M) | Time:00:00.39 | Mem:0.00M, Peak:0.00M | Scene, ViewLayer | Synchronizing object | Integrated propulsion nacelle.001
Fra:1 Mem:18.97M (Peak 18.97M) | Time:00:00.39 | Mem:0.00M, Peak:0.00M | Scene, ViewLayer | Synchronizing object | Nozzle petal seam.012
Fra:1 Mem:19.19M (Peak 19.19M) | Time:00:00.39 | Mem:0.00M, Peak:0.00M | Scene, ViewLayer | Synchronizing object | Nozzle petal seam.013
Fra:1 Mem:19.21M (Peak 19.21M) | Time:00:00.39 | Mem:0.00M, Peak:0.00M | Scene, ViewLayer | Synchronizing object | Nozzle petal seam.014
Fra:1 Mem:19.24M (Peak 19.24M) | Time:00:00.39 | Mem:0.00M, Peak:0.00M | Scene, ViewLayer | Synchronizing object | Nozzle petal seam.015
Fra:1 Mem:19.19M (Peak 19.24M) | Time:00:00.39 | Mem:0.00M, Peak:0.00M | Scene, ViewLayer | Synchronizing object | Nozzle petal seam.016
Fra:1 Mem:19.19M (Peak 19.24M) | Time:00:00.39 | Mem:0.00M, Peak:0.00M | Scene, ViewLayer | Synchronizing object | Nozzle petal seam.017
Fra:1 Mem:19.21M (Peak 19.24M) | Time:00:00.39 | Mem:0.00M, Peak:0.00M | Scene, ViewLayer | Synchronizing object | Nozzle petal seam.018
Fra:1 Mem:19.19M (Peak 19.24M) | Time:00:00.39 | Mem:0.00M, Peak:0.00M | Scene, ViewLayer | Synchronizing object | Nozzle petal seam.019
Fra:1 Mem:19.19M (Peak 19.24M) | Time:00:00.39 | Mem:0.00M, Peak:0.00M | Scene, ViewLayer | Synchronizing object | Nozzle petal seam.020
Fra:1 Mem:19.20M (Peak 19.24M) | Time:00:00.39 | Mem:0.00M, Peak:0.00M | Scene, ViewLayer | Synchronizing object | Nozzle petal seam.021
Fra:1 Mem:19.20M (Peak 19.24M) | Time:00:00.39 | Mem:0.00M, Peak:0.00M | Scene, ViewLayer | Synchronizing object | Nozzle petal seam.022
Fra:1 Mem:19.20M (Peak 19.24M) | Time:00:00.39 | Mem:0.00M, Peak:0.00M | Scene, ViewLayer | Synchronizing object | Nozzle petal seam.023
Fra:1 Mem:19.20M (Peak 19.24M) | Time:00:00.39 | Mem:0.00M, Peak:0.00M | Scene, ViewLayer | Synchronizing object | Deep ion throat.001
Fra:1 Mem:19.20M (Peak 19.24M) | Time:00:00.39 | Mem:0.00M, Peak:0.00M | Scene, ViewLayer | Synchronizing object | Ventral access door.001
Fra:1 Mem:19.21M (Peak 19.24M) | Time:00:00.39 | Mem:0.00M, Peak:0.00M | Scene, ViewLayer | Synchronizing object | Flush cooling slot.003
Fra:1 Mem:19.31M (Peak 19.31M) | Time:00:00.39 | Mem:0.00M, Peak:0.00M | Scene, ViewLayer | Synchronizing object | Flush cooling slot.004
Fra:1 Mem:19.30M (Peak 19.31M) | Time:00:00.39 | Mem:0.00M, Peak:0.00M | Scene, ViewLayer | Synchronizing object | Flush cooling slot.005
Fra:1 Mem:19.38M (Peak 19.38M) | Time:00:00.40 | Mem:0.00M, Peak:0.00M | Scene, ViewLayer | Synchronizing object | Blended structural fairing.001
Fra:1 Mem:19.38M (Peak 19.38M) | Time:00:00.40 | Mem:0.00M, Peak:0.00M | Scene, ViewLayer | Synchronizing object | Fitted gold shield armor.005
Fra:1 Mem:19.40M (Peak 19.40M) | Time:00:00.40 | Mem:0.00M, Peak:0.00M | Scene, ViewLayer | Synchronizing object | Fitted gold shield armor.006
Fra:1 Mem:19.69M (Peak 19.69M) | Time:00:00.40 | Mem:0.00M, Peak:0.00M | Scene, ViewLayer | Initializing
Fra:1 Mem:15.31M (Peak 19.69M) | Time:00:00.40 | Mem:0.00M, Peak:0.00M | Scene, ViewLayer | Waiting for render to start
Fra:1 Mem:15.31M (Peak 19.69M) | Time:00:00.40 | Mem:0.00M, Peak:0.00M | Scene, ViewLayer | Updating Scene
Fra:1 Mem:15.31M (Peak 19.69M) | Time:00:00.40 | Mem:0.00M, Peak:0.00M | Scene, ViewLayer | Updating Shaders
Fra:1 Mem:15.31M (Peak 19.69M) | Time:00:00.41 | Mem:0.00M, Peak:0.00M | Scene, ViewLayer | Loading render kernels (may take a few minutes the first time)
Fra:1 Mem:15.40M (Peak 42.69M) | Time:00:00.56 | Mem:0.01M, Peak:0.01M | Scene, ViewLayer | Updating Procedurals
Fra:1 Mem:15.40M (Peak 42.69M) | Time:00:00.56 | Mem:0.01M, Peak:0.01M | Scene, ViewLayer | Updating Background
Fra:1 Mem:15.40M (Peak 42.69M) | Time:00:00.56 | Mem:0.01M, Peak:0.01M | Scene, ViewLayer | Updating Camera
Fra:1 Mem:15.40M (Peak 42.69M) | Time:00:00.56 | Mem:0.01M, Peak:0.01M | Scene, ViewLayer | Updating Meshes Flags
Fra:1 Mem:15.40M (Peak 42.69M) | Time:00:00.56 | Mem:0.01M, Peak:0.01M | Scene, ViewLayer | Updating Objects
Fra:1 Mem:15.40M (Peak 42.69M) | Time:00:00.56 | Mem:0.01M, Peak:0.01M | Scene, ViewLayer | Updating Objects | Copying Transformations to device
Fra:1 Mem:15.41M (Peak 42.69M) | Time:00:00.56 | Mem:0.02M, Peak:0.02M | Scene, ViewLayer | Updating Particle Systems
Fra:1 Mem:15.41M (Peak 42.69M) | Time:00:00.56 | Mem:0.02M, Peak:0.02M | Scene, ViewLayer | Updating Particle Systems | Copying Particles to device
Fra:1 Mem:15.41M (Peak 42.69M) | Time:00:00.56 | Mem:0.02M, Peak:0.02M | Scene, ViewLayer | Updating Meshes
Fra:1 Mem:16.16M (Peak 42.69M) | Time:00:00.64 | Mem:0.02M, Peak:0.02M | Scene, ViewLayer | Updating Objects | Applying Static Transformations
Fra:1 Mem:16.16M (Peak 42.69M) | Time:00:00.64 | Mem:0.02M, Peak:0.02M | Scene, ViewLayer | Updating Mesh | Computing attributes
Fra:1 Mem:17.28M (Peak 42.69M) | Time:00:00.64 | Mem:0.03M, Peak:0.03M | Scene, ViewLayer | Updating Mesh | Copying Attributes to device
Fra:1 Mem:17.27M (Peak 42.69M) | Time:00:00.64 | Mem:1.14M, Peak:1.14M | Scene, ViewLayer | Updating Geometry BVH light 62/61 | Building BVH
Fra:1 Mem:17.27M (Peak 42.69M) | Time:00:00.64 | Mem:1.14M, Peak:1.14M | Scene, ViewLayer | Updating Geometry BVH Canopy lower frame 7/61 | Building BVH
Fra:1 Mem:17.27M (Peak 42.69M) | Time:00:00.64 | Mem:1.14M, Peak:1.14M | Scene, ViewLayer | Updating Geometry BVH Contoured expansion nozzle.002 12/61 | Building BVH
Fra:1 Mem:17.27M (Peak 42.69M) | Time:00:00.64 | Mem:1.14M, Peak:1.14M | Scene, ViewLayer | Updating Geometry BVH Contoured expansion nozzle.002 12/61 | Building OptiX acceleration structure
Fra:1 Mem:17.36M (Peak 42.69M) | Time:00:00.65 | Mem:1.14M, Peak:1.14M | Scene, ViewLayer | Updating Geometry BVH Nozzle petal seam.024 13/61 | Building BVH
Fra:1 Mem:17.36M (Peak 42.69M) | Time:00:00.65 | Mem:1.14M, Peak:1.14M | Scene, ViewLayer | Updating Geometry BVH Nozzle petal seam.024 13/61 | Building OptiX acceleration structure
Fra:1 Mem:17.59M (Peak 42.69M) | Time:00:00.65 | Mem:1.19M, Peak:1.19M | Scene, ViewLayer | Updating Geometry BVH Nozzle petal seam.025 14/61 | Building BVH
Fra:1 Mem:17.59M (Peak 42.69M) | Time:00:00.65 | Mem:1.19M, Peak:1.19M | Scene, ViewLayer | Updating Geometry BVH Fitted gold shield armor.007 61/61 | Building BVH
Fra:1 Mem:17.59M (Peak 42.69M) | Time:00:00.65 | Mem:1.19M, Peak:1.19M | Scene, ViewLayer | Updating Geometry BVH Fitted gold shield armor.007 61/61 | Building OptiX acceleration structure
Fra:1 Mem:17.59M (Peak 42.69M) | Time:00:00.65 | Mem:1.47M, Peak:1.50M | Scene, ViewLayer | Updating Geometry BVH Nozzle petal seam.026 15/61 | Building BVH
Fra:1 Mem:17.59M (Peak 42.69M) | Time:00:00.65 | Mem:1.88M, Peak:1.88M | Scene, ViewLayer | Updating Geometry BVH Nozzle petal seam.026 15/61 | Building OptiX acceleration structure
Fra:1 Mem:17.51M (Peak 42.69M) | Time:00:00.65 | Mem:1.49M, Peak:1.88M | Scene, ViewLayer | Updating Geometry BVH Nozzle petal seam.027 16/61 | Building BVH
Fra:1 Mem:17.51M (Peak 42.69M) | Time:00:00.65 | Mem:1.50M, Peak:1.88M | Scene, ViewLayer | Updating Geometry BVH Nozzle petal seam.027 16/61 | Building OptiX acceleration structure
Fra:1 Mem:17.51M (Peak 42.69M) | Time:00:00.65 | Mem:1.49M, Peak:1.88M | Scene, ViewLayer | Updating Geometry BVH Nozzle petal seam.028 17/61 | Building BVH
Fra:1 Mem:17.51M (Peak 42.69M) | Time:00:00.65 | Mem:1.49M, Peak:1.88M | Scene, ViewLayer | Updating Geometry BVH Nozzle petal seam.028 17/61 | Building OptiX acceleration structure
Fra:1 Mem:17.51M (Peak 42.69M) | Time:00:00.65 | Mem:1.49M, Peak:1.88M | Scene, ViewLayer | Updating Geometry BVH Nozzle petal seam.029 18/61 | Building BVH
Fra:1 Mem:17.51M (Peak 42.69M) | Time:00:00.65 | Mem:1.49M, Peak:1.88M | Scene, ViewLayer | Updating Geometry BVH Nozzle petal seam.029 18/61 | Building OptiX acceleration structure
Fra:1 Mem:17.43M (Peak 42.69M) | Time:00:00.65 | Mem:1.51M, Peak:1.91M | Scene, ViewLayer | Updating Geometry BVH Nozzle petal seam.030 19/61 | Building BVH
Fra:1 Mem:17.43M (Peak 42.69M) | Time:00:00.65 | Mem:1.54M, Peak:1.91M | Scene, ViewLayer | Updating Geometry BVH Nozzle petal seam.030 19/61 | Building OptiX acceleration structure
Fra:1 Mem:17.42M (Peak 42.69M) | Time:00:00.65 | Mem:1.51M, Peak:1.91M | Scene, ViewLayer | Updating Geometry BVH Nozzle petal seam.031 20/61 | Building BVH
Fra:1 Mem:17.42M (Peak 42.69M) | Time:00:00.65 | Mem:1.52M, Peak:1.91M | Scene, ViewLayer | Updating Geometry BVH Nozzle petal seam.031 20/61 | Building OptiX acceleration structure
Fra:1 Mem:17.42M (Peak 42.69M) | Time:00:00.65 | Mem:1.51M, Peak:1.91M | Scene, ViewLayer | Updating Geometry BVH Nozzle petal seam.032 21/61 | Building BVH
Fra:1 Mem:17.42M (Peak 42.69M) | Time:00:00.65 | Mem:1.51M, Peak:1.91M | Scene, ViewLayer | Updating Geometry BVH Nozzle petal seam.032 21/61 | Building OptiX acceleration structure
Fra:1 Mem:17.29M (Peak 42.69M) | Time:00:00.65 | Mem:1.55M, Peak:2.03M | Scene, ViewLayer | Updating Geometry BVH Nozzle petal seam.033 22/61 | Building BVH
Fra:1 Mem:17.29M (Peak 42.69M) | Time:00:00.65 | Mem:1.56M, Peak:2.03M | Scene, ViewLayer | Updating Geometry BVH Nozzle petal seam.033 22/61 | Building OptiX acceleration structure
Fra:1 Mem:17.29M (Peak 42.69M) | Time:00:00.65 | Mem:1.55M, Peak:2.03M | Scene, ViewLayer | Updating Geometry BVH Nozzle petal seam.034 23/61 | Building BVH
Fra:1 Mem:17.29M (Peak 42.69M) | Time:00:00.66 | Mem:1.55M, Peak:2.03M | Scene, ViewLayer | Updating Geometry BVH Nozzle petal seam.034 23/61 | Building OptiX acceleration structure
Fra:1 Mem:17.29M (Peak 42.69M) | Time:00:00.66 | Mem:1.55M, Peak:2.03M | Scene, ViewLayer | Updating Geometry BVH Nozzle petal seam.035 24/61 | Building BVH
Fra:1 Mem:17.29M (Peak 42.69M) | Time:00:00.66 | Mem:1.58M, Peak:2.03M | Scene, ViewLayer | Updating Geometry BVH Nozzle petal seam.035 24/61 | Building OptiX acceleration structure
Fra:1 Mem:17.28M (Peak 42.69M) | Time:00:00.66 | Mem:1.55M, Peak:2.03M | Scene, ViewLayer | Updating Geometry BVH Fitted gold shield armor.006 60/61 | Building BVH
Fra:1 Mem:17.28M (Peak 42.69M) | Time:00:00.66 | Mem:1.55M, Peak:2.03M | Scene, ViewLayer | Updating Geometry BVH Fitted gold shield armor.006 60/61 | Building OptiX acceleration structure
Fra:1 Mem:17.29M (Peak 42.69M) | Time:00:00.66 | Mem:1.56M, Peak:2.03M | Scene, ViewLayer | Updating Geometry BVH Deep ion throat.002 25/61 | Building BVH
Fra:1 Mem:17.29M (Peak 42.69M) | Time:00:00.66 | Mem:1.56M, Peak:2.03M | Scene, ViewLayer | Updating Geometry BVH Deep ion throat.002 25/61 | Building OptiX acceleration structure
Fra:1 Mem:17.31M (Peak 42.69M) | Time:00:00.66 | Mem:1.58M, Peak:2.03M | Scene, ViewLayer | Updating Geometry BVH Deep intake duct 26/61 | Building BVH
Fra:1 Mem:17.31M (Peak 42.69M) | Time:00:00.66 | Mem:1.58M, Peak:2.03M | Scene, ViewLayer | Updating Geometry BVH Deep intake duct 26/61 | Building OptiX acceleration structure
Fra:1 Mem:17.31M (Peak 42.69M) | Time:00:00.66 | Mem:1.58M, Peak:2.03M | Scene, ViewLayer | Updating Geometry BVH Ventral access door.002 27/61 | Building BVH
Fra:1 Mem:17.31M (Peak 42.69M) | Time:00:00.66 | Mem:1.58M, Peak:2.03M | Scene, ViewLayer | Updating Geometry BVH Ventral access door.002 27/61 | Building OptiX acceleration structure
Fra:1 Mem:17.32M (Peak 42.69M) | Time:00:00.66 | Mem:1.59M, Peak:2.03M | Scene, ViewLayer | Updating Geometry BVH Flush cooling slot 28/61 | Building BVH
Fra:1 Mem:17.32M (Peak 42.69M) | Time:00:00.66 | Mem:1.60M, Peak:2.03M | Scene, ViewLayer | Updating Geometry BVH Flush cooling slot 28/61 | Building OptiX acceleration structure
Fra:1 Mem:17.32M (Peak 42.69M) | Time:00:00.66 | Mem:1.59M, Peak:2.03M | Scene, ViewLayer | Updating Geometry BVH Flush cooling slot.001 29/61 | Building BVH
Fra:1 Mem:17.32M (Peak 42.69M) | Time:00:00.66 | Mem:1.59M, Peak:2.03M | Scene, ViewLayer | Updating Geometry BVH Flush cooling slot.001 29/61 | Building OptiX acceleration structure
Fra:1 Mem:17.32M (Peak 42.69M) | Time:00:00.66 | Mem:1.59M, Peak:2.03M | Scene, ViewLayer | Updating Geometry BVH Flush cooling slot.002 30/61 | Building BVH
Fra:1 Mem:17.32M (Peak 42.69M) | Time:00:00.66 | Mem:1.59M, Peak:2.03M | Scene, ViewLayer | Updating Geometry BVH Flush cooling slot.002 30/61 | Building OptiX acceleration structure
Fra:1 Mem:17.32M (Peak 42.69M) | Time:00:00.66 | Mem:1.59M, Peak:2.03M | Scene, ViewLayer | Updating Geometry BVH Mesh 31/61 | Building BVH
Fra:1 Mem:17.32M (Peak 42.69M) | Time:00:00.66 | Mem:1.59M, Peak:2.03M | Scene, ViewLayer | Updating Geometry BVH Mesh 31/61 | Building OptiX acceleration structure
Fra:1 Mem:17.35M (Peak 42.69M) | Time:00:00.66 | Mem:1.63M, Peak:2.03M | Scene, ViewLayer | Updating Geometry BVH Fitted gold shield armor 32/61 | Building BVH
Fra:1 Mem:17.35M (Peak 42.69M) | Time:00:00.66 | Mem:1.63M, Peak:2.03M | Scene, ViewLayer | Updating Geometry BVH Fitted gold shield armor 32/61 | Building OptiX acceleration structure
Fra:1 Mem:17.36M (Peak 42.69M) | Time:00:00.66 | Mem:1.64M, Peak:2.03M | Scene, ViewLayer | Updating Geometry BVH Fitted gold shield armor.001 33/61 | Building BVH
Fra:1 Mem:17.36M (Peak 42.69M) | Time:00:00.66 | Mem:1.64M, Peak:2.03M | Scene, ViewLayer | Updating Geometry BVH Fitted gold shield armor.001 33/61 | Building OptiX acceleration structure
Fra:1 Mem:17.37M (Peak 42.69M) | Time:00:00.66 | Mem:1.65M, Peak:2.03M | Scene, ViewLayer | Updating Geometry BVH Fitted gold shield armor.002 34/61 | Building BVH
Fra:1 Mem:17.37M (Peak 42.69M) | Time:00:00.66 | Mem:1.65M, Peak:2.03M | Scene, ViewLayer | Updating Geometry BVH Fitted gold shield armor.002 34/61 | Building OptiX acceleration structure
Fra:1 Mem:17.38M (Peak 42.69M) | Time:00:00.66 | Mem:1.66M, Peak:2.03M | Scene, ViewLayer | Updating Geometry BVH Fitted gold shield armor.003 35/61 | Building BVH
Fra:1 Mem:17.38M (Peak 42.69M) | Time:00:00.66 | Mem:1.67M, Peak:2.03M | Scene, ViewLayer | Updating Geometry BVH Fitted gold shield armor.003 35/61 | Building OptiX acceleration structure
Fra:1 Mem:17.38M (Peak 42.69M) | Time:00:00.66 | Mem:1.67M, Peak:2.03M | Scene, ViewLayer | Updating Geometry BVH Fitted gold shield armor.005 59/61 | Building BVH
Fra:1 Mem:17.38M (Peak 42.69M) | Time:00:00.66 | Mem:1.69M, Peak:2.03M | Scene, ViewLayer | Updating Geometry BVH Fitted gold shield armor.005 59/61 | Building OptiX acceleration structure
Fra:1 Mem:17.37M (Peak 42.69M) | Time:00:00.67 | Mem:1.67M, Peak:2.03M | Scene, ViewLayer | Updating Geometry BVH Integrated lifting hull.001 36/61 | Building BVH
Fra:1 Mem:17.37M (Peak 42.69M) | Time:00:00.67 | Mem:1.67M, Peak:2.03M | Scene, ViewLayer | Updating Geometry BVH Integrated lifting hull.001 36/61 | Building OptiX acceleration structure
Fra:1 Mem:17.38M (Peak 42.69M) | Time:00:00.67 | Mem:1.69M, Peak:2.03M | Scene, ViewLayer | Updating Geometry BVH Integrated propulsion nacelle.001 37/61 | Building BVH
Fra:1 Mem:17.38M (Peak 42.69M) | Time:00:00.67 | Mem:1.71M, Peak:2.03M | Scene, ViewLayer | Updating Geometry BVH Integrated propulsion nacelle.001 37/61 | Building OptiX acceleration structure
Fra:1 Mem:17.38M (Peak 42.69M) | Time:00:00.67 | Mem:1.69M, Peak:2.03M | Scene, ViewLayer | Updating Geometry BVH Contoured expansion nozzle.003 38/61 | Building BVH
Fra:1 Mem:17.38M (Peak 42.69M) | Time:00:00.67 | Mem:1.69M, Peak:2.03M | Scene, ViewLayer | Updating Geometry BVH Contoured expansion nozzle.003 38/61 | Building OptiX acceleration structure
Fra:1 Mem:17.38M (Peak 42.69M) | Time:00:00.67 | Mem:1.69M, Peak:2.03M | Scene, ViewLayer | Updating Geometry BVH Nozzle petal seam.036 39/61 | Building BVH
Fra:1 Mem:17.38M (Peak 42.69M) | Time:00:00.67 | Mem:1.70M, Peak:2.03M | Scene, ViewLayer | Updating Geometry BVH Nozzle petal seam.036 39/61 | Building OptiX acceleration structure
Fra:1 Mem:17.38M (Peak 42.69M) | Time:00:00.67 | Mem:1.70M, Peak:2.03M | Scene, ViewLayer | Updating Geometry BVH Nozzle petal seam.037 40/61 | Building BVH
Fra:1 Mem:17.38M (Peak 42.69M) | Time:00:00.67 | Mem:1.70M, Peak:2.03M | Scene, ViewLayer | Updating Geometry BVH Nozzle petal seam.037 40/61 | Building OptiX acceleration structure
Fra:1 Mem:17.38M (Peak 42.69M) | Time:00:00.67 | Mem:1.70M, Peak:2.03M | Scene, ViewLayer | Updating Geometry BVH Nozzle petal seam.038 41/61 | Building BVH
Fra:1 Mem:17.38M (Peak 42.69M) | Time:00:00.67 | Mem:1.77M, Peak:2.03M | Scene, ViewLayer | Updating Geometry BVH Nozzle petal seam.038 41/61 | Building OptiX acceleration structure
Fra:1 Mem:17.35M (Peak 42.69M) | Time:00:00.67 | Mem:1.71M, Peak:2.03M | Scene, ViewLayer | Updating Geometry BVH Nozzle petal seam.039 42/61 | Building BVH
Fra:1 Mem:17.35M (Peak 42.69M) | Time:00:00.67 | Mem:1.71M, Peak:2.03M | Scene, ViewLayer | Updating Geometry BVH Nozzle petal seam.039 42/61 | Building OptiX acceleration structure
Fra:1 Mem:17.34M (Peak 42.69M) | Time:00:00.67 | Mem:1.70M, Peak:2.03M | Scene, ViewLayer | Updating Geometry BVH Nozzle petal seam.040 43/61 | Building BVH
Fra:1 Mem:17.34M (Peak 42.69M) | Time:00:00.67 | Mem:1.73M, Peak:2.03M | Scene, ViewLayer | Updating Geometry BVH Nozzle petal seam.040 43/61 | Building OptiX acceleration structure
Fra:1 Mem:17.33M (Peak 42.69M) | Time:00:00.67 | Mem:1.70M, Peak:2.03M | Scene, ViewLayer | Updating Geometry BVH Nozzle petal seam.041 44/61 | Building BVH
Fra:1 Mem:17.33M (Peak 42.69M) | Time:00:00.67 | Mem:1.70M, Peak:2.03M | Scene, ViewLayer | Updating Geometry BVH Nozzle petal seam.041 44/61 | Building OptiX acceleration structure
Fra:1 Mem:17.32M (Peak 42.69M) | Time:00:00.67 | Mem:1.70M, Peak:2.03M | Scene, ViewLayer | Updating Geometry BVH Nozzle petal seam.042 45/61 | Building BVH
Fra:1 Mem:17.32M (Peak 42.69M) | Time:00:00.67 | Mem:1.73M, Peak:2.03M | Scene, ViewLayer | Updating Geometry BVH Nozzle petal seam.042 45/61 | Building OptiX acceleration structure
Fra:1 Mem:17.31M (Peak 42.69M) | Time:00:00.67 | Mem:1.69M, Peak:2.03M | Scene, ViewLayer | Updating Geometry BVH Nozzle petal seam.043 46/61 | Building BVH
Fra:1 Mem:17.31M (Peak 42.69M) | Time:00:00.67 | Mem:1.71M, Peak:2.03M | Scene, ViewLayer | Updating Geometry BVH Nozzle petal seam.043 46/61 | Building OptiX acceleration structure
Fra:1 Mem:17.30M (Peak 42.69M) | Time:00:00.67 | Mem:1.69M, Peak:2.03M | Scene, ViewLayer | Updating Geometry BVH Fitted gold shield armor.004 58/61 | Building BVH
Fra:1 Mem:17.30M (Peak 42.69M) | Time:00:00.67 | Mem:1.71M, Peak:2.03M | Scene, ViewLayer | Updating Geometry BVH Fitted gold shield armor.004 58/61 | Building OptiX acceleration structure
Fra:1 Mem:17.30M (Peak 42.69M) | Time:00:00.68 | Mem:1.70M, Peak:2.03M | Scene, ViewLayer | Updating Geometry BVH Nozzle petal seam.044 47/61 | Building BVH
Fra:1 Mem:17.30M (Peak 42.69M) | Time:00:00.68 | Mem:1.70M, Peak:2.03M | Scene, ViewLayer | Updating Geometry BVH Nozzle petal seam.044 47/61 | Building OptiX acceleration structure
Fra:1 Mem:17.30M (Peak 42.69M) | Time:00:00.68 | Mem:1.70M, Peak:2.03M | Scene, ViewLayer | Updating Geometry BVH Nozzle petal seam.045 48/61 | Building BVH
Fra:1 Mem:17.30M (Peak 42.69M) | Time:00:00.68 | Mem:1.74M, Peak:2.03M | Scene, ViewLayer | Updating Geometry BVH Nozzle petal seam.045 48/61 | Building OptiX acceleration structure
Fra:1 Mem:17.29M (Peak 42.69M) | Time:00:00.68 | Mem:1.71M, Peak:2.03M | Scene, ViewLayer | Updating Geometry BVH Nozzle petal seam.046 49/61 | Building BVH
Fra:1 Mem:17.29M (Peak 42.69M) | Time:00:00.68 | Mem:1.71M, Peak:2.03M | Scene, ViewLayer | Updating Geometry BVH Nozzle petal seam.046 49/61 | Building OptiX acceleration structure
Fra:1 Mem:17.29M (Peak 42.69M) | Time:00:00.68 | Mem:1.71M, Peak:2.03M | Scene, ViewLayer | Updating Geometry BVH Nozzle petal seam.047 50/61 | Building BVH
Fra:1 Mem:17.29M (Peak 42.69M) | Time:00:00.68 | Mem:1.71M, Peak:2.03M | Scene, ViewLayer | Updating Geometry BVH Nozzle petal seam.047 50/61 | Building OptiX acceleration structure
Fra:1 Mem:17.29M (Peak 42.69M) | Time:00:00.68 | Mem:1.71M, Peak:2.03M | Scene, ViewLayer | Updating Geometry BVH Deep ion throat.003 51/61 | Building BVH
Fra:1 Mem:17.29M (Peak 42.69M) | Time:00:00.68 | Mem:1.71M, Peak:2.03M | Scene, ViewLayer | Updating Geometry BVH Deep ion throat.003 51/61 | Building OptiX acceleration structure
Fra:1 Mem:17.31M (Peak 42.69M) | Time:00:00.68 | Mem:1.73M, Peak:2.03M | Scene, ViewLayer | Updating Geometry BVH Deep intake duct.001 52/61 | Building BVH
Fra:1 Mem:17.31M (Peak 42.69M) | Time:00:00.68 | Mem:1.73M, Peak:2.03M | Scene, ViewLayer | Updating Geometry BVH Deep intake duct.001 52/61 | Building OptiX acceleration structure
Fra:1 Mem:17.31M (Peak 42.69M) | Time:00:00.68 | Mem:1.73M, Peak:2.03M | Scene, ViewLayer | Updating Geometry BVH Ventral access door.003 53/61 | Building BVH
Fra:1 Mem:17.31M (Peak 42.69M) | Time:00:00.68 | Mem:1.74M, Peak:2.03M | Scene, ViewLayer | Updating Geometry BVH Ventral access door.003 53/61 | Building OptiX acceleration structure
Fra:1 Mem:17.32M (Peak 42.69M) | Time:00:00.68 | Mem:1.74M, Peak:2.03M | Scene, ViewLayer | Updating Geometry BVH Flush cooling slot.003 54/61 | Building BVH
Fra:1 Mem:17.32M (Peak 42.69M) | Time:00:00.68 | Mem:1.74M, Peak:2.03M | Scene, ViewLayer | Updating Geometry BVH Flush cooling slot.003 54/61 | Building OptiX acceleration structure
Fra:1 Mem:17.32M (Peak 42.69M) | Time:00:00.68 | Mem:1.74M, Peak:2.03M | Scene, ViewLayer | Updating Geometry BVH Flush cooling slot.004 55/61 | Building BVH
Fra:1 Mem:17.32M (Peak 42.69M) | Time:00:00.68 | Mem:1.75M, Peak:2.03M | Scene, ViewLayer | Updating Geometry BVH Flush cooling slot.004 55/61 | Building OptiX acceleration structure
Fra:1 Mem:17.32M (Peak 42.69M) | Time:00:00.68 | Mem:1.74M, Peak:2.03M | Scene, ViewLayer | Updating Geometry BVH Flush cooling slot.005 56/61 | Building BVH
Fra:1 Mem:17.32M (Peak 42.69M) | Time:00:00.68 | Mem:1.75M, Peak:2.03M | Scene, ViewLayer | Updating Geometry BVH Flush cooling slot.005 56/61 | Building OptiX acceleration structure
Fra:1 Mem:17.32M (Peak 42.69M) | Time:00:00.68 | Mem:1.74M, Peak:2.03M | Scene, ViewLayer | Updating Geometry BVH Mesh 57/61 | Building BVH
Fra:1 Mem:17.32M (Peak 42.69M) | Time:00:00.68 | Mem:1.74M, Peak:2.03M | Scene, ViewLayer | Updating Geometry BVH Mesh 57/61 | Building OptiX acceleration structure
Fra:1 Mem:17.28M (Peak 42.69M) | Time:00:00.69 | Mem:1.78M, Peak:2.03M | Scene, ViewLayer | Updating Scene BVH | Building
Fra:1 Mem:17.28M (Peak 42.69M) | Time:00:00.69 | Mem:1.78M, Peak:2.03M | Scene, ViewLayer | Updating Scene BVH | Building OptiX acceleration structure
Fra:1 Mem:17.28M (Peak 42.69M) | Time:00:00.69 | Mem:1.79M, Peak:2.03M | Scene, ViewLayer | Updating Scene BVH | Copying BVH to device
Fra:1 Mem:17.28M (Peak 42.69M) | Time:00:00.69 | Mem:1.79M, Peak:2.03M | Scene, ViewLayer | Updating Mesh | Computing normals
Fra:1 Mem:18.07M (Peak 42.69M) | Time:00:00.69 | Mem:1.79M, Peak:2.03M | Scene, ViewLayer | Updating Mesh | Copying Mesh to device
Fra:1 Mem:18.07M (Peak 42.69M) | Time:00:00.69 | Mem:2.59M, Peak:2.59M | Scene, ViewLayer | Updating Objects Flags
Fra:1 Mem:18.07M (Peak 42.69M) | Time:00:00.69 | Mem:2.59M, Peak:2.59M | Scene, ViewLayer | Updating Primitive Offsets
Fra:1 Mem:18.07M (Peak 42.69M) | Time:00:00.69 | Mem:2.59M, Peak:2.59M | Scene, ViewLayer | Updating Images
Fra:1 Mem:18.07M (Peak 42.69M) | Time:00:00.69 | Mem:2.59M, Peak:2.59M | Scene, ViewLayer | Updating Images | Loading panel-normal.png
Fra:1 Mem:22.07M (Peak 42.69M) | Time:00:00.69 | Mem:2.59M, Peak:2.59M | Scene, ViewLayer | Updating Images | Loading white-basecolor.png
Fra:1 Mem:22.07M (Peak 42.69M) | Time:00:00.69 | Mem:2.59M, Peak:2.59M | Scene, ViewLayer | Updating Images | Loading cobalt-basecolor.png
Fra:1 Mem:34.08M (Peak 42.69M) | Time:00:00.74 | Mem:18.59M, Peak:18.59M | Scene, ViewLayer | Updating Camera Volume
Fra:1 Mem:34.08M (Peak 42.69M) | Time:00:00.74 | Mem:18.59M, Peak:18.59M | Scene, ViewLayer | Updating Lookup Tables
Fra:1 Mem:34.08M (Peak 42.69M) | Time:00:00.74 | Mem:18.67M, Peak:18.67M | Scene, ViewLayer | Updating Lights
Fra:1 Mem:34.08M (Peak 42.69M) | Time:00:00.74 | Mem:18.67M, Peak:18.67M | Scene, ViewLayer | Updating Lights | Computing tree
Fra:1 Mem:34.27M (Peak 42.69M) | Time:00:00.78 | Mem:18.86M, Peak:18.86M | Scene, ViewLayer | Updating Integrator
Fra:1 Mem:34.27M (Peak 42.69M) | Time:00:00.78 | Mem:18.86M, Peak:18.86M | Scene, ViewLayer | Updating Film
Fra:1 Mem:34.28M (Peak 42.69M) | Time:00:00.78 | Mem:18.78M, Peak:18.86M | Scene, ViewLayer | Updating Lookup Tables
Fra:1 Mem:34.28M (Peak 42.69M) | Time:00:00.78 | Mem:18.86M, Peak:18.86M | Scene, ViewLayer | Updating Baking
Fra:1 Mem:34.28M (Peak 42.69M) | Time:00:00.78 | Mem:18.86M, Peak:18.86M | Scene, ViewLayer | Updating Device | Writing constant memory
Fra:1 Mem:34.28M (Peak 42.69M) | Time:00:00.78 | Mem:18.86M, Peak:18.86M | Scene, ViewLayer | Loading denoising kernels (may take a few minutes the first time)
Fra:1 Mem:38.28M (Peak 42.69M) | Time:00:00.79 | Mem:370.86M, Peak:370.86M | Scene, ViewLayer | Sample 0/24
Fra:1 Mem:85.25M (Peak 85.25M) | Time:00:00.81 | Remaining:00:00.43 | Mem:417.84M, Peak:417.84M | Scene, ViewLayer | Sample 1/24
Fra:1 Mem:105.04M (Peak 134.70M) | Time:00:03.35 | Mem:417.85M, Peak:417.85M | Scene, ViewLayer | Sample 24/24
Fra:1 Mem:105.04M (Peak 134.70M) | Time:00:03.35 | Mem:417.85M, Peak:417.85M | Scene, ViewLayer | Finished
Saved: 'D:\vibe-coding-e\nova-swarm-forum-129-improvements-20260822\docs\fleet-art-v2\ships\27\surfaced.png'
Time: 00:03.62 (Saving: 00:00.19)

Info: Saved as "source.blend"
INFO Draco mesh compression is available, use library at D:\vibe-coding-e\codex-blender-test\tools\blender-4.5.13-windows-x64\4.5\scripts\addons_core\io_scene_gltf2\extern_draco.dll
16:29:55 | INFO: Starting glTF 2.0 export
16:29:55 | INFO: Extracting primitive: Continuous pressure fuselage
16:29:55 | WARNING: More than one shader node tex image used for a texture. The resulting glTF sampler will behave like the first shader node tex image.
16:29:55 | WARNING: More than one shader node tex image used for a texture. The resulting glTF sampler will behave like the first shader node tex image.
16:29:55 | INFO: Primitives created: 6
16:29:55 | INFO: Finished glTF 2.0 export in 0.4563717842102051 s
Fra:1 Mem:16.12M (Peak 31.63M) | Time:00:00.18 | Mem:0.00M, Peak:0.00M | Scene, ViewLayer | Synchronizing object | Broad neutral key
Fra:1 Mem:16.12M (Peak 31.63M) | Time:00:00.18 | Mem:0.00M, Peak:0.00M | Scene, ViewLayer | Synchronizing object | EiriktheVikingV2
Fra:1 Mem:18.10M (Peak 31.63M) | Time:00:00.18 | Mem:0.00M, Peak:0.00M | Scene, ViewLayer | Initializing
Fra:1 Mem:17.62M (Peak 31.63M) | Time:00:00.18 | Mem:0.00M, Peak:0.00M | Scene, ViewLayer | Waiting for render to start
Fra:1 Mem:17.62M (Peak 31.63M) | Time:00:00.18 | Mem:0.00M, Peak:0.00M | Scene, ViewLayer | Updating Scene
Fra:1 Mem:17.62M (Peak 31.63M) | Time:00:00.18 | Mem:0.00M, Peak:0.00M | Scene, ViewLayer | Updating Shaders
Fra:1 Mem:17.62M (Peak 31.63M) | Time:00:00.18 | Mem:0.00M, Peak:0.00M | Scene, ViewLayer | Loading render kernels (may take a few minutes the first time)
Fra:1 Mem:17.71M (Peak 45.00M) | Time:00:00.30 | Mem:0.01M, Peak:0.01M | Scene, ViewLayer | Updating Procedurals
Fra:1 Mem:17.71M (Peak 45.00M) | Time:00:00.30 | Mem:0.01M, Peak:0.01M | Scene, ViewLayer | Updating Background
Fra:1 Mem:17.71M (Peak 45.00M) | Time:00:00.30 | Mem:0.01M, Peak:0.01M | Scene, ViewLayer | Updating Camera
Fra:1 Mem:17.71M (Peak 45.00M) | Time:00:00.30 | Mem:0.01M, Peak:0.01M | Scene, ViewLayer | Updating Meshes Flags
Fra:1 Mem:17.71M (Peak 45.00M) | Time:00:00.30 | Mem:0.01M, Peak:0.01M | Scene, ViewLayer | Updating Objects
Fra:1 Mem:17.71M (Peak 45.00M) | Time:00:00.30 | Mem:0.01M, Peak:0.01M | Scene, ViewLayer | Updating Objects | Copying Transformations to device
Fra:1 Mem:17.71M (Peak 45.00M) | Time:00:00.30 | Mem:0.01M, Peak:0.01M | Scene, ViewLayer | Updating Particle Systems
Fra:1 Mem:17.71M (Peak 45.00M) | Time:00:00.30 | Mem:0.01M, Peak:0.01M | Scene, ViewLayer | Updating Particle Systems | Copying Particles to device
Fra:1 Mem:17.71M (Peak 45.00M) | Time:00:00.30 | Mem:0.01M, Peak:0.01M | Scene, ViewLayer | Updating Meshes
Fra:1 Mem:18.96M (Peak 45.00M) | Time:00:00.32 | Mem:0.01M, Peak:0.01M | Scene, ViewLayer | Updating Objects | Applying Static Transformations
Fra:1 Mem:18.96M (Peak 45.00M) | Time:00:00.32 | Mem:0.01M, Peak:0.01M | Scene, ViewLayer | Updating Mesh | Computing attributes
Fra:1 Mem:20.65M (Peak 45.00M) | Time:00:00.33 | Mem:0.01M, Peak:0.01M | Scene, ViewLayer | Updating Mesh | Copying Attributes to device
Fra:1 Mem:20.65M (Peak 45.00M) | Time:00:00.33 | Mem:1.71M, Peak:1.71M | Scene, ViewLayer | Updating Geometry BVH light 5/4 | Building BVH
Fra:1 Mem:20.65M (Peak 45.00M) | Time:00:00.33 | Mem:1.71M, Peak:1.71M | Scene, ViewLayer | Updating Geometry BVH Continuous pressure fuselage 4/4 | Building BVH
Fra:1 Mem:20.65M (Peak 45.00M) | Time:00:00.33 | Mem:1.71M, Peak:1.71M | Scene, ViewLayer | Updating Geometry BVH Continuous pressure fuselage 4/4 | Building OptiX acceleration structure
Fra:1 Mem:20.65M (Peak 45.00M) | Time:00:00.33 | Mem:2.24M, Peak:3.93M | Scene, ViewLayer | Updating Scene BVH | Building
Fra:1 Mem:20.65M (Peak 45.00M) | Time:00:00.33 | Mem:2.24M, Peak:3.93M | Scene, ViewLayer | Updating Scene BVH | Building OptiX acceleration structure
Fra:1 Mem:20.65M (Peak 45.00M) | Time:00:00.33 | Mem:2.24M, Peak:3.93M | Scene, ViewLayer | Updating Scene BVH | Copying BVH to device
Fra:1 Mem:20.65M (Peak 45.00M) | Time:00:00.33 | Mem:2.24M, Peak:3.93M | Scene, ViewLayer | Updating Mesh | Computing normals
Fra:1 Mem:21.38M (Peak 45.00M) | Time:00:00.33 | Mem:2.24M, Peak:3.93M | Scene, ViewLayer | Updating Mesh | Copying Mesh to device
Fra:1 Mem:21.38M (Peak 45.00M) | Time:00:00.33 | Mem:2.97M, Peak:3.93M | Scene, ViewLayer | Updating Objects Flags
Fra:1 Mem:21.38M (Peak 45.00M) | Time:00:00.33 | Mem:2.97M, Peak:3.93M | Scene, ViewLayer | Updating Primitive Offsets
Fra:1 Mem:21.38M (Peak 45.00M) | Time:00:00.33 | Mem:2.97M, Peak:3.93M | Scene, ViewLayer | Updating Images
Fra:1 Mem:21.38M (Peak 45.00M) | Time:00:00.33 | Mem:2.97M, Peak:3.93M | Scene, ViewLayer | Updating Images | Loading panel-normal.png
Fra:1 Mem:25.38M (Peak 45.00M) | Time:00:00.33 | Mem:2.97M, Peak:3.93M | Scene, ViewLayer | Updating Images | Loading cobalt-basecolor.png
Fra:1 Mem:25.38M (Peak 45.00M) | Time:00:00.33 | Mem:2.97M, Peak:3.93M | Scene, ViewLayer | Updating Images | Loading paint-orm.png
Fra:1 Mem:37.39M (Peak 45.00M) | Time:00:00.35 | Mem:18.97M, Peak:18.97M | Scene, ViewLayer | Updating Camera Volume
Fra:1 Mem:37.39M (Peak 45.00M) | Time:00:00.35 | Mem:18.97M, Peak:18.97M | Scene, ViewLayer | Updating Lookup Tables
Fra:1 Mem:37.39M (Peak 45.00M) | Time:00:00.35 | Mem:19.05M, Peak:19.05M | Scene, ViewLayer | Updating Lights
Fra:1 Mem:37.39M (Peak 45.00M) | Time:00:00.36 | Mem:19.05M, Peak:19.05M | Scene, ViewLayer | Updating Lights | Computing tree
Fra:1 Mem:37.66M (Peak 45.00M) | Time:00:00.36 | Mem:19.32M, Peak:19.32M | Scene, ViewLayer | Updating Integrator
Fra:1 Mem:37.66M (Peak 45.00M) | Time:00:00.36 | Mem:19.32M, Peak:19.32M | Scene, ViewLayer | Updating Film
Fra:1 Mem:37.66M (Peak 45.00M) | Time:00:00.36 | Mem:19.24M, Peak:19.32M | Scene, ViewLayer | Updating Lookup Tables
Fra:1 Mem:37.66M (Peak 45.00M) | Time:00:00.36 | Mem:19.32M, Peak:19.32M | Scene, ViewLayer | Updating Baking
Fra:1 Mem:37.66M (Peak 45.00M) | Time:00:00.36 | Mem:19.32M, Peak:19.32M | Scene, ViewLayer | Updating Device | Writing constant memory
Fra:1 Mem:37.67M (Peak 45.00M) | Time:00:00.36 | Mem:19.32M, Peak:19.32M | Scene, ViewLayer | Loading denoising kernels (may take a few minutes the first time)
Fra:1 Mem:41.67M (Peak 45.00M) | Time:00:00.38 | Mem:371.33M, Peak:371.33M | Scene, ViewLayer | Sample 0/24
Fra:1 Mem:117.67M (Peak 117.67M) | Time:00:00.41 | Remaining:00:00.72 | Mem:447.34M, Peak:447.34M | Scene, ViewLayer | Sample 1/24
Fra:1 Mem:149.68M (Peak 197.68M) | Time:00:04.66 | Mem:447.34M, Peak:447.34M | Scene, ViewLayer | Sample 24/24
Fra:1 Mem:149.68M (Peak 197.68M) | Time:00:04.66 | Mem:447.34M, Peak:447.34M | Scene, ViewLayer | Finished
Saved: 'D:\vibe-coding-e\nova-swarm-forum-129-improvements-20260822\docs\fleet-art-v2\ships\27\export\showroom.png'
Time: 00:04.87 (Saving: 00:00.12)

Fra:1 Mem:16.46M (Peak 16.46M) | Time:00:00.16 | Mem:0.00M, Peak:0.00M | Scene, ViewLayer | Synchronizing object | Broad neutral key
Fra:1 Mem:16.46M (Peak 16.46M) | Time:00:00.16 | Mem:0.00M, Peak:0.00M | Scene, ViewLayer | Synchronizing object | EiriktheVikingV2
Fra:1 Mem:18.10M (Peak 20.00M) | Time:00:00.17 | Mem:0.00M, Peak:0.00M | Scene, ViewLayer | Initializing
Fra:1 Mem:17.62M (Peak 20.00M) | Time:00:00.17 | Mem:0.00M, Peak:0.00M | Scene, ViewLayer | Waiting for render to start
Fra:1 Mem:17.62M (Peak 20.00M) | Time:00:00.17 | Mem:0.00M, Peak:0.00M | Scene, ViewLayer | Updating Scene
Fra:1 Mem:17.62M (Peak 20.00M) | Time:00:00.17 | Mem:0.00M, Peak:0.00M | Scene, ViewLayer | Updating Shaders
Fra:1 Mem:17.62M (Peak 20.00M) | Time:00:00.17 | Mem:0.00M, Peak:0.00M | Scene, ViewLayer | Loading render kernels (may take a few minutes the first time)
Fra:1 Mem:17.71M (Peak 45.00M) | Time:00:00.27 | Mem:0.01M, Peak:0.01M | Scene, ViewLayer | Updating Procedurals
Fra:1 Mem:17.71M (Peak 45.00M) | Time:00:00.27 | Mem:0.01M, Peak:0.01M | Scene, ViewLayer | Updating Background
Fra:1 Mem:17.71M (Peak 45.00M) | Time:00:00.27 | Mem:0.01M, Peak:0.01M | Scene, ViewLayer | Updating Camera
Fra:1 Mem:17.71M (Peak 45.00M) | Time:00:00.27 | Mem:0.01M, Peak:0.01M | Scene, ViewLayer | Updating Meshes Flags
Fra:1 Mem:17.71M (Peak 45.00M) | Time:00:00.27 | Mem:0.01M, Peak:0.01M | Scene, ViewLayer | Updating Objects
Fra:1 Mem:17.71M (Peak 45.00M) | Time:00:00.27 | Mem:0.01M, Peak:0.01M | Scene, ViewLayer | Updating Objects | Copying Transformations to device
Fra:1 Mem:17.71M (Peak 45.00M) | Time:00:00.27 | Mem:0.01M, Peak:0.01M | Scene, ViewLayer | Updating Particle Systems
Fra:1 Mem:17.71M (Peak 45.00M) | Time:00:00.27 | Mem:0.01M, Peak:0.01M | Scene, ViewLayer | Updating Particle Systems | Copying Particles to device
Fra:1 Mem:17.71M (Peak 45.00M) | Time:00:00.27 | Mem:0.01M, Peak:0.01M | Scene, ViewLayer | Updating Meshes
Fra:1 Mem:18.96M (Peak 45.00M) | Time:00:00.28 | Mem:0.01M, Peak:0.01M | Scene, ViewLayer | Updating Objects | Applying Static Transformations
Fra:1 Mem:18.96M (Peak 45.00M) | Time:00:00.28 | Mem:0.01M, Peak:0.01M | Scene, ViewLayer | Updating Mesh | Computing attributes
Fra:1 Mem:20.65M (Peak 45.00M) | Time:00:00.28 | Mem:0.01M, Peak:0.01M | Scene, ViewLayer | Updating Mesh | Copying Attributes to device
Fra:1 Mem:20.65M (Peak 45.00M) | Time:00:00.29 | Mem:1.71M, Peak:1.71M | Scene, ViewLayer | Updating Geometry BVH light 5/4 | Building BVH
Fra:1 Mem:20.65M (Peak 45.00M) | Time:00:00.29 | Mem:1.71M, Peak:1.71M | Scene, ViewLayer | Updating Geometry BVH Broad neutral key 2/4 | Building BVH
Fra:1 Mem:20.65M (Peak 45.00M) | Time:00:00.29 | Mem:1.71M, Peak:1.71M | Scene, ViewLayer | Updating Geometry BVH Neutral fill 3/4 | Building OptiX acceleration structure
Fra:1 Mem:20.65M (Peak 45.00M) | Time:00:00.29 | Mem:1.71M, Peak:1.71M | Scene, ViewLayer | Updating Geometry BVH Continuous pressure fuselage 4/4 | Building BVH
Fra:1 Mem:20.65M (Peak 45.00M) | Time:00:00.29 | Mem:1.71M, Peak:1.71M | Scene, ViewLayer | Updating Geometry BVH Continuous pressure fuselage 4/4 | Building OptiX acceleration structure
Fra:1 Mem:20.65M (Peak 45.00M) | Time:00:00.29 | Mem:2.24M, Peak:3.93M | Scene, ViewLayer | Updating Scene BVH | Building
Fra:1 Mem:20.65M (Peak 45.00M) | Time:00:00.29 | Mem:2.24M, Peak:3.93M | Scene, ViewLayer | Updating Scene BVH | Building OptiX acceleration structure
Fra:1 Mem:20.65M (Peak 45.00M) | Time:00:00.29 | Mem:2.24M, Peak:3.93M | Scene, ViewLayer | Updating Scene BVH | Copying BVH to device
Fra:1 Mem:20.65M (Peak 45.00M) | Time:00:00.29 | Mem:2.24M, Peak:3.93M | Scene, ViewLayer | Updating Mesh | Computing normals
Fra:1 Mem:21.38M (Peak 45.00M) | Time:00:00.29 | Mem:2.24M, Peak:3.93M | Scene, ViewLayer | Updating Mesh | Copying Mesh to device
Fra:1 Mem:21.38M (Peak 45.00M) | Time:00:00.29 | Mem:2.97M, Peak:3.93M | Scene, ViewLayer | Updating Objects Flags
Fra:1 Mem:21.38M (Peak 45.00M) | Time:00:00.29 | Mem:2.97M, Peak:3.93M | Scene, ViewLayer | Updating Primitive Offsets
Fra:1 Mem:21.38M (Peak 45.00M) | Time:00:00.29 | Mem:2.97M, Peak:3.93M | Scene, ViewLayer | Updating Images
Fra:1 Mem:21.38M (Peak 45.00M) | Time:00:00.29 | Mem:2.97M, Peak:3.93M | Scene, ViewLayer | Updating Images | Loading panel-normal.png
Fra:1 Mem:25.38M (Peak 45.00M) | Time:00:00.29 | Mem:2.97M, Peak:3.93M | Scene, ViewLayer | Updating Images | Loading cobalt-basecolor.png
Fra:1 Mem:29.38M (Peak 45.00M) | Time:00:00.29 | Mem:2.97M, Peak:3.93M | Scene, ViewLayer | Updating Images | Loading paint-orm.png
Fra:1 Mem:37.39M (Peak 45.00M) | Time:00:00.31 | Mem:18.97M, Peak:18.97M | Scene, ViewLayer | Updating Camera Volume
Fra:1 Mem:37.39M (Peak 45.00M) | Time:00:00.31 | Mem:18.97M, Peak:18.97M | Scene, ViewLayer | Updating Lookup Tables
Fra:1 Mem:37.39M (Peak 45.00M) | Time:00:00.31 | Mem:19.05M, Peak:19.05M | Scene, ViewLayer | Updating Lights
Fra:1 Mem:37.39M (Peak 45.00M) | Time:00:00.31 | Mem:19.05M, Peak:19.05M | Scene, ViewLayer | Updating Lights | Computing tree
Fra:1 Mem:37.66M (Peak 45.00M) | Time:00:00.32 | Mem:19.32M, Peak:19.32M | Scene, ViewLayer | Updating Integrator
Fra:1 Mem:37.66M (Peak 45.00M) | Time:00:00.32 | Mem:19.32M, Peak:19.32M | Scene, ViewLayer | Updating Film
Fra:1 Mem:37.66M (Peak 45.00M) | Time:00:00.32 | Mem:19.24M, Peak:19.32M | Scene, ViewLayer | Updating Lookup Tables
Fra:1 Mem:37.66M (Peak 45.00M) | Time:00:00.32 | Mem:19.32M, Peak:19.32M | Scene, ViewLayer | Updating Baking
Fra:1 Mem:37.66M (Peak 45.00M) | Time:00:00.32 | Mem:19.32M, Peak:19.32M | Scene, ViewLayer | Updating Device | Writing constant memory
Fra:1 Mem:37.67M (Peak 45.00M) | Time:00:00.32 | Mem:19.32M, Peak:19.32M | Scene, ViewLayer | Loading denoising kernels (may take a few minutes the first time)
Fra:1 Mem:41.67M (Peak 45.00M) | Time:00:00.33 | Mem:371.33M, Peak:371.33M | Scene, ViewLayer | Sample 0/24
Fra:1 Mem:60.67M (Peak 60.67M) | Time:00:00.35 | Remaining:00:00.28 | Mem:390.34M, Peak:390.34M | Scene, ViewLayer | Sample 1/24
Fra:1 Mem:68.68M (Peak 80.68M) | Time:00:01.47 | Mem:390.34M, Peak:390.34M | Scene, ViewLayer | Sample 24/24
Fra:1 Mem:68.68M (Peak 80.68M) | Time:00:01.47 | Mem:390.34M, Peak:390.34M | Scene, ViewLayer | Finished
Saved: 'D:\vibe-coding-e\nova-swarm-forum-129-improvements-20260822\docs\fleet-art-v2\ships\27\export\player.png'
Time: 00:01.63 (Saving: 00:00.05)


FLEET_V2_COMPLETE 27 Eirik the Viking
Fra:1 Mem:19.87M (Peak 33.61M) | Time:00:00.15 | Mem:0.00M, Peak:0.00M | Scene, ViewLayer | Synchronizing object | Broad neutral key
Fra:1 Mem:19.87M (Peak 33.61M) | Time:00:00.15 | Mem:0.00M, Peak:0.00M | Scene, ViewLayer | Synchronizing object | Neutral fill
Fra:1 Mem:20.19M (Peak 33.61M) | Time:00:00.19 | Mem:0.00M, Peak:0.00M | Scene, ViewLayer | Synchronizing object | Continuous pressure fuselage
Fra:1 Mem:20.89M (Peak 33.61M) | Time:00:00.23 | Mem:0.00M, Peak:0.00M | Scene, ViewLayer | Synchronizing object | Cockpit integrated coaming
Fra:1 Mem:21.42M (Peak 33.61M) | Time:00:00.27 | Mem:0.00M, Peak:0.00M | Scene, ViewLayer | Synchronizing object | Pressure canopy glazing
Fra:1 Mem:21.42M (Peak 33.61M) | Time:00:00.27 | Mem:0.00M, Peak:0.00M | Scene, ViewLayer | Synchronizing object | Canopy lower frame
Fra:1 Mem:21.65M (Peak 33.61M) | Time:00:00.27 | Mem:0.00M, Peak:0.00M | Scene, ViewLayer | Synchronizing object | Canopy lower frame.001
Fra:1 Mem:21.70M (Peak 33.61M) | Time:00:00.27 | Mem:0.00M, Peak:0.00M | Scene, ViewLayer | Synchronizing object | Canopy pressure bow
Fra:1 Mem:21.71M (Peak 33.61M) | Time:00:00.27 | Mem:0.00M, Peak:0.00M | Scene, ViewLayer | Synchronizing object | Integrated lifting hull
Fra:1 Mem:21.71M (Peak 33.61M) | Time:00:00.27 | Mem:0.00M, Peak:0.00M | Scene, ViewLayer | Synchronizing object | Contoured expansion nozzle
Fra:1 Mem:21.74M (Peak 33.61M) | Time:00:00.27 | Mem:0.00M, Peak:0.00M | Scene, ViewLayer | Synchronizing object | Nozzle petal seam
Fra:1 Mem:21.82M (Peak 33.61M) | Time:00:00.27 | Mem:0.00M, Peak:0.00M | Scene, ViewLayer | Synchronizing object | Nozzle petal seam.001
Fra:1 Mem:21.87M (Peak 33.61M) | Time:00:00.27 | Mem:0.00M, Peak:0.00M | Scene, ViewLayer | Synchronizing object | Nozzle petal seam.002
Fra:1 Mem:21.86M (Peak 33.61M) | Time:00:00.27 | Mem:0.00M, Peak:0.00M | Scene, ViewLayer | Synchronizing object | Nozzle petal seam.003
Fra:1 Mem:21.86M (Peak 33.61M) | Time:00:00.27 | Mem:0.00M, Peak:0.00M | Scene, ViewLayer | Synchronizing object | Nozzle petal seam.004
Fra:1 Mem:21.86M (Peak 33.61M) | Time:00:00.27 | Mem:0.00M, Peak:0.00M | Scene, ViewLayer | Synchronizing object | Nozzle petal seam.005
Fra:1 Mem:21.88M (Peak 33.61M) | Time:00:00.27 | Mem:0.00M, Peak:0.00M | Scene, ViewLayer | Synchronizing object | Nozzle petal seam.006
Fra:1 Mem:21.84M (Peak 33.61M) | Time:00:00.27 | Mem:0.00M, Peak:0.00M | Scene, ViewLayer | Synchronizing object | Nozzle petal seam.007
Fra:1 Mem:21.84M (Peak 33.61M) | Time:00:00.27 | Mem:0.00M, Peak:0.00M | Scene, ViewLayer | Synchronizing object | Nozzle petal seam.008
Fra:1 Mem:21.85M (Peak 33.61M) | Time:00:00.27 | Mem:0.00M, Peak:0.00M | Scene, ViewLayer | Synchronizing object | Nozzle petal seam.009
Fra:1 Mem:21.85M (Peak 33.61M) | Time:00:00.27 | Mem:0.00M, Peak:0.00M | Scene, ViewLayer | Synchronizing object | Nozzle petal seam.010
Fra:1 Mem:21.85M (Peak 33.61M) | Time:00:00.27 | Mem:0.00M, Peak:0.00M | Scene, ViewLayer | Synchronizing object | Nozzle petal seam.011
Fra:1 Mem:21.85M (Peak 33.61M) | Time:00:00.27 | Mem:0.00M, Peak:0.00M | Scene, ViewLayer | Synchronizing object | Deep ion throat
Fra:1 Mem:21.85M (Peak 33.61M) | Time:00:00.27 | Mem:0.00M, Peak:0.00M | Scene, ViewLayer | Synchronizing object | Flush cooling slot
Fra:1 Mem:21.98M (Peak 33.61M) | Time:00:00.27 | Mem:0.00M, Peak:0.00M | Scene, ViewLayer | Synchronizing object | Flush cooling slot.001
Fra:1 Mem:21.98M (Peak 33.61M) | Time:00:00.27 | Mem:0.00M, Peak:0.00M | Scene, ViewLayer | Synchronizing object | Flush cooling slot.002
Fra:1 Mem:22.03M (Peak 33.61M) | Time:00:00.28 | Mem:0.00M, Peak:0.00M | Scene, ViewLayer | Synchronizing object | Blended structural fairing
Fra:1 Mem:22.03M (Peak 33.61M) | Time:00:00.28 | Mem:0.00M, Peak:0.00M | Scene, ViewLayer | Synchronizing object | Integrated propulsion nacelle.001
Fra:1 Mem:22.05M (Peak 33.61M) | Time:00:00.28 | Mem:0.00M, Peak:0.00M | Scene, ViewLayer | Synchronizing object | Nozzle petal seam.012
Fra:1 Mem:22.26M (Peak 33.61M) | Time:00:00.28 | Mem:0.00M, Peak:0.00M | Scene, ViewLayer | Synchronizing object | Nozzle petal seam.013
Fra:1 Mem:22.23M (Peak 33.61M) | Time:00:00.28 | Mem:0.00M, Peak:0.00M | Scene, ViewLayer | Synchronizing object | Nozzle petal seam.014
Fra:1 Mem:22.24M (Peak 33.61M) | Time:00:00.28 | Mem:0.00M, Peak:0.00M | Scene, ViewLayer | Synchronizing object | Nozzle petal seam.015
Fra:1 Mem:22.25M (Peak 33.61M) | Time:00:00.28 | Mem:0.00M, Peak:0.00M | Scene, ViewLayer | Synchronizing object | Nozzle petal seam.016
Fra:1 Mem:22.28M (Peak 33.61M) | Time:00:00.28 | Mem:0.00M, Peak:0.00M | Scene, ViewLayer | Synchronizing object | Nozzle petal seam.017
Fra:1 Mem:22.28M (Peak 33.61M) | Time:00:00.28 | Mem:0.00M, Peak:0.00M | Scene, ViewLayer | Synchronizing object | Nozzle petal seam.018
Fra:1 Mem:22.25M (Peak 33.61M) | Time:00:00.28 | Mem:0.00M, Peak:0.00M | Scene, ViewLayer | Synchronizing object | Nozzle petal seam.019
Fra:1 Mem:22.25M (Peak 33.61M) | Time:00:00.28 | Mem:0.00M, Peak:0.00M | Scene, ViewLayer | Synchronizing object | Nozzle petal seam.020
Fra:1 Mem:22.26M (Peak 33.61M) | Time:00:00.28 | Mem:0.00M, Peak:0.00M | Scene, ViewLayer | Synchronizing object | Nozzle petal seam.021
Fra:1 Mem:22.26M (Peak 33.61M) | Time:00:00.28 | Mem:0.00M, Peak:0.00M | Scene, ViewLayer | Synchronizing object | Nozzle petal seam.022
Fra:1 Mem:22.26M (Peak 33.61M) | Time:00:00.28 | Mem:0.00M, Peak:0.00M | Scene, ViewLayer | Synchronizing object | Nozzle petal seam.023
Fra:1 Mem:22.26M (Peak 33.61M) | Time:00:00.28 | Mem:0.00M, Peak:0.00M | Scene, ViewLayer | Synchronizing object | Deep ion throat.001
Fra:1 Mem:22.26M (Peak 33.61M) | Time:00:00.28 | Mem:0.00M, Peak:0.00M | Scene, ViewLayer | Synchronizing object | Flush cooling slot.003
Fra:1 Mem:22.31M (Peak 33.61M) | Time:00:00.28 | Mem:0.00M, Peak:0.00M | Scene, ViewLayer | Synchronizing object | Flush cooling slot.004
Fra:1 Mem:22.38M (Peak 33.61M) | Time:00:00.28 | Mem:0.00M, Peak:0.00M | Scene, ViewLayer | Synchronizing object | Flush cooling slot.005
Fra:1 Mem:22.44M (Peak 33.61M) | Time:00:00.28 | Mem:0.00M, Peak:0.00M | Scene, ViewLayer | Synchronizing object | Blended structural fairing.001
Fra:1 Mem:22.57M (Peak 33.61M) | Time:00:00.29 | Mem:0.00M, Peak:0.00M | Scene, ViewLayer | Initializing
Fra:1 Mem:18.70M (Peak 33.61M) | Time:00:00.29 | Mem:0.00M, Peak:0.00M | Scene, ViewLayer | Waiting for render to start
Fra:1 Mem:18.70M (Peak 33.61M) | Time:00:00.29 | Mem:0.00M, Peak:0.00M | Scene, ViewLayer | Updating Scene
Fra:1 Mem:18.70M (Peak 33.61M) | Time:00:00.29 | Mem:0.00M, Peak:0.00M | Scene, ViewLayer | Updating Shaders
Fra:1 Mem:18.70M (Peak 33.61M) | Time:00:00.29 | Mem:0.00M, Peak:0.00M | Scene, ViewLayer | Loading render kernels (may take a few minutes the first time)
Fra:1 Mem:18.78M (Peak 46.07M) | Time:00:00.39 | Mem:0.01M, Peak:0.01M | Scene, ViewLayer | Updating Procedurals
Fra:1 Mem:18.78M (Peak 46.07M) | Time:00:00.39 | Mem:0.01M, Peak:0.01M | Scene, ViewLayer | Updating Background
Fra:1 Mem:18.78M (Peak 46.07M) | Time:00:00.39 | Mem:0.01M, Peak:0.01M | Scene, ViewLayer | Updating Camera
Fra:1 Mem:18.78M (Peak 46.07M) | Time:00:00.39 | Mem:0.01M, Peak:0.01M | Scene, ViewLayer | Updating Meshes Flags
Fra:1 Mem:18.78M (Peak 46.07M) | Time:00:00.39 | Mem:0.01M, Peak:0.01M | Scene, ViewLayer | Updating Objects
Fra:1 Mem:18.78M (Peak 46.07M) | Time:00:00.39 | Mem:0.01M, Peak:0.01M | Scene, ViewLayer | Updating Objects | Copying Transformations to device
Fra:1 Mem:18.80M (Peak 46.07M) | Time:00:00.39 | Mem:0.02M, Peak:0.02M | Scene, ViewLayer | Updating Particle Systems
Fra:1 Mem:18.80M (Peak 46.07M) | Time:00:00.39 | Mem:0.02M, Peak:0.02M | Scene, ViewLayer | Updating Particle Systems | Copying Particles to device
Fra:1 Mem:18.80M (Peak 46.07M) | Time:00:00.39 | Mem:0.02M, Peak:0.02M | Scene, ViewLayer | Updating Meshes
Fra:1 Mem:18.80M (Peak 46.07M) | Time:00:00.39 | Mem:0.02M, Peak:0.02M | Scene, ViewLayer | Updating Objects | Applying Static Transformations
Fra:1 Mem:18.80M (Peak 46.07M) | Time:00:00.39 | Mem:0.02M, Peak:0.02M | Scene, ViewLayer | Updating Mesh | Computing attributes
Fra:1 Mem:18.97M (Peak 46.07M) | Time:00:00.39 | Mem:0.02M, Peak:0.02M | Scene, ViewLayer | Updating Mesh | Copying Attributes to device
Fra:1 Mem:18.96M (Peak 46.07M) | Time:00:00.39 | Mem:0.19M, Peak:0.19M | Scene, ViewLayer | Updating Geometry BVH light 54/53 | Building BVH
Fra:1 Mem:18.96M (Peak 46.07M) | Time:00:00.39 | Mem:0.19M, Peak:0.19M | Scene, ViewLayer | Updating Geometry BVH Mesh 4/53 | Building BVH
Fra:1 Mem:18.96M (Peak 46.07M) | Time:00:00.39 | Mem:0.19M, Peak:0.19M | Scene, ViewLayer | Updating Geometry BVH Integrated propulsion nacelle.002 11/53 | Building OptiX acceleration structure
Fra:1 Mem:19.13M (Peak 46.07M) | Time:00:00.39 | Mem:0.24M, Peak:0.24M | Scene, ViewLayer | Updating Geometry BVH Mesh 53/53 | Building BVH
Fra:1 Mem:19.13M (Peak 46.07M) | Time:00:00.39 | Mem:0.24M, Peak:0.24M | Scene, ViewLayer | Updating Geometry BVH Nozzle petal seam.072 13/53 | Building BVH
Fra:1 Mem:19.15M (Peak 46.07M) | Time:00:00.39 | Mem:0.29M, Peak:0.29M | Scene, ViewLayer | Updating Geometry BVH Nozzle petal seam.072 13/53 | Building OptiX acceleration structure
Fra:1 Mem:19.31M (Peak 46.07M) | Time:00:00.39 | Mem:0.29M, Peak:0.29M | Scene, ViewLayer | Updating Geometry BVH Nozzle petal seam.073 14/53 | Building BVH
Fra:1 Mem:19.31M (Peak 46.07M) | Time:00:00.39 | Mem:0.29M, Peak:0.29M | Scene, ViewLayer | Updating Geometry BVH Nozzle petal seam.073 14/53 | Building OptiX acceleration structure
Fra:1 Mem:19.23M (Peak 46.07M) | Time:00:00.39 | Mem:0.55M, Peak:0.95M | Scene, ViewLayer | Updating Geometry BVH Nozzle petal seam.074 15/53 | Building BVH
Fra:1 Mem:19.23M (Peak 46.07M) | Time:00:00.39 | Mem:0.56M, Peak:0.95M | Scene, ViewLayer | Updating Geometry BVH Nozzle petal seam.074 15/53 | Building OptiX acceleration structure
Fra:1 Mem:19.23M (Peak 46.07M) | Time:00:00.39 | Mem:0.55M, Peak:0.95M | Scene, ViewLayer | Updating Geometry BVH Nozzle petal seam.075 16/53 | Building BVH
Fra:1 Mem:19.23M (Peak 46.07M) | Time:00:00.39 | Mem:0.74M, Peak:0.95M | Scene, ViewLayer | Updating Geometry BVH Nozzle petal seam.075 16/53 | Building OptiX acceleration structure
Fra:1 Mem:19.15M (Peak 46.07M) | Time:00:00.39 | Mem:0.58M, Peak:0.97M | Scene, ViewLayer | Updating Geometry BVH Nozzle petal seam.076 17/53 | Building BVH
Fra:1 Mem:19.15M (Peak 46.07M) | Time:00:00.39 | Mem:0.58M, Peak:0.97M | Scene, ViewLayer | Updating Geometry BVH Nozzle petal seam.076 17/53 | Building OptiX acceleration structure
Fra:1 Mem:19.15M (Peak 46.07M) | Time:00:00.39 | Mem:0.58M, Peak:0.97M | Scene, ViewLayer | Updating Geometry BVH Nozzle petal seam.077 18/53 | Building BVH
Fra:1 Mem:19.15M (Peak 46.07M) | Time:00:00.39 | Mem:0.58M, Peak:0.97M | Scene, ViewLayer | Updating Geometry BVH Nozzle petal seam.077 18/53 | Building OptiX acceleration structure
Fra:1 Mem:19.14M (Peak 46.07M) | Time:00:00.39 | Mem:0.58M, Peak:0.97M | Scene, ViewLayer | Updating Geometry BVH Nozzle petal seam.078 19/53 | Building BVH
Fra:1 Mem:19.14M (Peak 46.07M) | Time:00:00.39 | Mem:0.59M, Peak:0.97M | Scene, ViewLayer | Updating Geometry BVH Nozzle petal seam.078 19/53 | Building OptiX acceleration structure
Fra:1 Mem:19.14M (Peak 46.07M) | Time:00:00.39 | Mem:0.58M, Peak:0.97M | Scene, ViewLayer | Updating Geometry BVH Nozzle petal seam.079 20/53 | Building BVH
Fra:1 Mem:19.14M (Peak 46.07M) | Time:00:00.39 | Mem:0.64M, Peak:0.97M | Scene, ViewLayer | Updating Geometry BVH Nozzle petal seam.079 20/53 | Building OptiX acceleration structure
Fra:1 Mem:19.02M (Peak 46.07M) | Time:00:00.39 | Mem:0.61M, Peak:1.10M | Scene, ViewLayer | Updating Geometry BVH Nozzle petal seam.080 21/53 | Building BVH
Fra:1 Mem:19.02M (Peak 46.07M) | Time:00:00.39 | Mem:0.62M, Peak:1.10M | Scene, ViewLayer | Updating Geometry BVH Nozzle petal seam.080 21/53 | Building OptiX acceleration structure
Fra:1 Mem:19.02M (Peak 46.07M) | Time:00:00.40 | Mem:0.62M, Peak:1.10M | Scene, ViewLayer | Updating Geometry BVH Nozzle petal seam.081 22/53 | Building BVH
Fra:1 Mem:19.02M (Peak 46.07M) | Time:00:00.40 | Mem:0.69M, Peak:1.10M | Scene, ViewLayer | Updating Geometry BVH Nozzle petal seam.081 22/53 | Building OptiX acceleration structure
Fra:1 Mem:18.98M (Peak 46.07M) | Time:00:00.40 | Mem:0.62M, Peak:1.10M | Scene, ViewLayer | Updating Geometry BVH Flush cooling slot.011 52/53 | Building BVH
Fra:1 Mem:18.98M (Peak 46.07M) | Time:00:00.40 | Mem:0.64M, Peak:1.10M | Scene, ViewLayer | Updating Geometry BVH Flush cooling slot.011 52/53 | Building OptiX acceleration structure
Fra:1 Mem:18.97M (Peak 46.07M) | Time:00:00.40 | Mem:0.63M, Peak:1.10M | Scene, ViewLayer | Updating Geometry BVH Nozzle petal seam.082 23/53 | Building BVH
Fra:1 Mem:18.97M (Peak 46.07M) | Time:00:00.40 | Mem:0.63M, Peak:1.10M | Scene, ViewLayer | Updating Geometry BVH Nozzle petal seam.082 23/53 | Building OptiX acceleration structure
Fra:1 Mem:18.97M (Peak 46.07M) | Time:00:00.40 | Mem:0.62M, Peak:1.10M | Scene, ViewLayer | Updating Geometry BVH Nozzle petal seam.083 24/53 | Building BVH
Fra:1 Mem:18.97M (Peak 46.07M) | Time:00:00.40 | Mem:0.64M, Peak:1.10M | Scene, ViewLayer | Updating Geometry BVH Nozzle petal seam.083 24/53 | Building OptiX acceleration structure
Fra:1 Mem:18.97M (Peak 46.07M) | Time:00:00.40 | Mem:0.63M, Peak:1.10M | Scene, ViewLayer | Updating Geometry BVH Deep ion throat.006 25/53 | Building BVH
Fra:1 Mem:18.97M (Peak 46.07M) | Time:00:00.40 | Mem:0.63M, Peak:1.10M | Scene, ViewLayer | Updating Geometry BVH Deep ion throat.006 25/53 | Building OptiX acceleration structure
Fra:1 Mem:18.99M (Peak 46.07M) | Time:00:00.40 | Mem:0.65M, Peak:1.10M | Scene, ViewLayer | Updating Geometry BVH Deep intake duct.002 26/53 | Building BVH
Fra:1 Mem:18.99M (Peak 46.07M) | Time:00:00.40 | Mem:0.65M, Peak:1.10M | Scene, ViewLayer | Updating Geometry BVH Deep intake duct.002 26/53 | Building OptiX acceleration structure
Fra:1 Mem:18.99M (Peak 46.07M) | Time:00:00.40 | Mem:0.65M, Peak:1.10M | Scene, ViewLayer | Updating Geometry BVH Ventral access door.006 27/53 | Building BVH
Fra:1 Mem:18.99M (Peak 46.07M) | Time:00:00.40 | Mem:0.66M, Peak:1.10M | Scene, ViewLayer | Updating Geometry BVH Ventral access door.006 27/53 | Building OptiX acceleration structure
Fra:1 Mem:19.00M (Peak 46.07M) | Time:00:00.40 | Mem:0.66M, Peak:1.10M | Scene, ViewLayer | Updating Geometry BVH Flush cooling slot.006 28/53 | Building BVH
Fra:1 Mem:19.00M (Peak 46.07M) | Time:00:00.40 | Mem:0.66M, Peak:1.10M | Scene, ViewLayer | Updating Geometry BVH Flush cooling slot.006 28/53 | Building OptiX acceleration structure
Fra:1 Mem:19.00M (Peak 46.07M) | Time:00:00.40 | Mem:0.66M, Peak:1.10M | Scene, ViewLayer | Updating Geometry BVH Flush cooling slot.007 29/53 | Building BVH
Fra:1 Mem:19.00M (Peak 46.07M) | Time:00:00.40 | Mem:0.66M, Peak:1.10M | Scene, ViewLayer | Updating Geometry BVH Flush cooling slot.007 29/53 | Building OptiX acceleration structure
Fra:1 Mem:19.00M (Peak 46.07M) | Time:00:00.40 | Mem:0.66M, Peak:1.10M | Scene, ViewLayer | Updating Geometry BVH Flush cooling slot.008 30/53 | Building BVH
Fra:1 Mem:19.00M (Peak 46.07M) | Time:00:00.40 | Mem:0.66M, Peak:1.10M | Scene, ViewLayer | Updating Geometry BVH Flush cooling slot.008 30/53 | Building OptiX acceleration structure
Fra:1 Mem:19.00M (Peak 46.07M) | Time:00:00.40 | Mem:0.66M, Peak:1.10M | Scene, ViewLayer | Updating Geometry BVH Mesh 31/53 | Building BVH
Fra:1 Mem:19.00M (Peak 46.07M) | Time:00:00.40 | Mem:0.67M, Peak:1.10M | Scene, ViewLayer | Updating Geometry BVH Mesh 31/53 | Building OptiX acceleration structure
Fra:1 Mem:19.03M (Peak 46.07M) | Time:00:00.40 | Mem:0.70M, Peak:1.10M | Scene, ViewLayer | Updating Geometry BVH Integrated lifting hull.003 32/53 | Building BVH
Fra:1 Mem:19.03M (Peak 46.07M) | Time:00:00.40 | Mem:0.70M, Peak:1.10M | Scene, ViewLayer | Updating Geometry BVH Integrated lifting hull.003 32/53 | Building OptiX acceleration structure
Fra:1 Mem:19.04M (Peak 46.07M) | Time:00:00.40 | Mem:0.71M, Peak:1.10M | Scene, ViewLayer | Updating Geometry BVH Integrated propulsion nacelle.003 33/53 | Building BVH
Fra:1 Mem:19.04M (Peak 46.07M) | Time:00:00.40 | Mem:0.71M, Peak:1.10M | Scene, ViewLayer | Updating Geometry BVH Integrated propulsion nacelle.003 33/53 | Building OptiX acceleration structure
Fra:1 Mem:19.05M (Peak 46.07M) | Time:00:00.40 | Mem:0.71M, Peak:1.10M | Scene, ViewLayer | Updating Geometry BVH Flush cooling slot.010 51/53 | Building BVH
Fra:1 Mem:19.05M (Peak 46.07M) | Time:00:00.40 | Mem:0.72M, Peak:1.10M | Scene, ViewLayer | Updating Geometry BVH Flush cooling slot.010 51/53 | Building OptiX acceleration structure
Fra:1 Mem:19.05M (Peak 46.07M) | Time:00:00.40 | Mem:0.72M, Peak:1.10M | Scene, ViewLayer | Updating Geometry BVH Contoured expansion nozzle.007 34/53 | Building BVH
Fra:1 Mem:19.05M (Peak 46.07M) | Time:00:00.40 | Mem:0.72M, Peak:1.10M | Scene, ViewLayer | Updating Geometry BVH Contoured expansion nozzle.007 34/53 | Building OptiX acceleration structure
Fra:1 Mem:19.05M (Peak 46.07M) | Time:00:00.40 | Mem:0.75M, Peak:1.10M | Scene, ViewLayer | Updating Geometry BVH Nozzle petal seam.084 35/53 | Building BVH
Fra:1 Mem:19.05M (Peak 46.07M) | Time:00:00.40 | Mem:0.78M, Peak:1.10M | Scene, ViewLayer | Updating Geometry BVH Nozzle petal seam.084 35/53 | Building OptiX acceleration structure
Fra:1 Mem:19.03M (Peak 46.07M) | Time:00:00.40 | Mem:0.72M, Peak:1.10M | Scene, ViewLayer | Updating Geometry BVH Nozzle petal seam.085 36/53 | Building BVH
Fra:1 Mem:19.03M (Peak 46.07M) | Time:00:00.40 | Mem:0.72M, Peak:1.10M | Scene, ViewLayer | Updating Geometry BVH Nozzle petal seam.085 36/53 | Building OptiX acceleration structure
Fra:1 Mem:19.03M (Peak 46.07M) | Time:00:00.40 | Mem:0.72M, Peak:1.10M | Scene, ViewLayer | Updating Geometry BVH Nozzle petal seam.086 37/53 | Building BVH
Fra:1 Mem:19.03M (Peak 46.07M) | Time:00:00.40 | Mem:0.72M, Peak:1.10M | Scene, ViewLayer | Updating Geometry BVH Nozzle petal seam.086 37/53 | Building OptiX acceleration structure
Fra:1 Mem:19.02M (Peak 46.07M) | Time:00:00.41 | Mem:0.72M, Peak:1.10M | Scene, ViewLayer | Updating Geometry BVH Nozzle petal seam.087 38/53 | Building BVH
Fra:1 Mem:19.02M (Peak 46.07M) | Time:00:00.41 | Mem:0.72M, Peak:1.10M | Scene, ViewLayer | Updating Geometry BVH Nozzle petal seam.087 38/53 | Building OptiX acceleration structure
Fra:1 Mem:19.02M (Peak 46.07M) | Time:00:00.41 | Mem:0.72M, Peak:1.10M | Scene, ViewLayer | Updating Geometry BVH Nozzle petal seam.088 39/53 | Building BVH
Fra:1 Mem:19.02M (Peak 46.07M) | Time:00:00.41 | Mem:0.73M, Peak:1.10M | Scene, ViewLayer | Updating Geometry BVH Nozzle petal seam.088 39/53 | Building OptiX acceleration structure
Fra:1 Mem:19.02M (Peak 46.07M) | Time:00:00.41 | Mem:0.72M, Peak:1.10M | Scene, ViewLayer | Updating Geometry BVH Nozzle petal seam.089 40/53 | Building BVH
Fra:1 Mem:19.02M (Peak 46.07M) | Time:00:00.41 | Mem:0.72M, Peak:1.10M | Scene, ViewLayer | Updating Geometry BVH Nozzle petal seam.089 40/53 | Building OptiX acceleration structure
Fra:1 Mem:19.02M (Peak 46.07M) | Time:00:00.41 | Mem:0.72M, Peak:1.10M | Scene, ViewLayer | Updating Geometry BVH Nozzle petal seam.090 41/53 | Building BVH
Fra:1 Mem:19.02M (Peak 46.07M) | Time:00:00.41 | Mem:0.89M, Peak:1.10M | Scene, ViewLayer | Updating Geometry BVH Nozzle petal seam.090 41/53 | Building OptiX acceleration structure
Fra:1 Mem:18.99M (Peak 46.07M) | Time:00:00.41 | Mem:0.73M, Peak:1.10M | Scene, ViewLayer | Updating Geometry BVH Nozzle petal seam.091 42/53 | Building BVH
Fra:1 Mem:18.99M (Peak 46.07M) | Time:00:00.41 | Mem:0.76M, Peak:1.10M | Scene, ViewLayer | Updating Geometry BVH Nozzle petal seam.091 42/53 | Building OptiX acceleration structure
Fra:1 Mem:18.98M (Peak 46.07M) | Time:00:00.41 | Mem:0.73M, Peak:1.10M | Scene, ViewLayer | Updating Geometry BVH Nozzle petal seam.092 43/53 | Building BVH
Fra:1 Mem:18.98M (Peak 46.07M) | Time:00:00.41 | Mem:0.76M, Peak:1.10M | Scene, ViewLayer | Updating Geometry BVH Nozzle petal seam.092 43/53 | Building OptiX acceleration structure
Fra:1 Mem:18.97M (Peak 46.07M) | Time:00:00.41 | Mem:0.73M, Peak:1.10M | Scene, ViewLayer | Updating Geometry BVH Nozzle petal seam.093 44/53 | Building BVH
Fra:1 Mem:18.97M (Peak 46.07M) | Time:00:00.41 | Mem:0.73M, Peak:1.10M | Scene, ViewLayer | Updating Geometry BVH Nozzle petal seam.093 44/53 | Building OptiX acceleration structure
Fra:1 Mem:18.97M (Peak 46.07M) | Time:00:00.41 | Mem:0.73M, Peak:1.10M | Scene, ViewLayer | Updating Geometry BVH Flush cooling slot.009 50/53 | Building BVH
Fra:1 Mem:18.98M (Peak 46.07M) | Time:00:00.41 | Mem:0.75M, Peak:1.10M | Scene, ViewLayer | Updating Geometry BVH Flush cooling slot.009 50/53 | Building OptiX acceleration structure
Fra:1 Mem:18.97M (Peak 46.07M) | Time:00:00.41 | Mem:0.73M, Peak:1.10M | Scene, ViewLayer | Updating Geometry BVH Nozzle petal seam.094 45/53 | Building BVH
Fra:1 Mem:18.97M (Peak 46.07M) | Time:00:00.41 | Mem:0.74M, Peak:1.10M | Scene, ViewLayer | Updating Geometry BVH Nozzle petal seam.094 45/53 | Building OptiX acceleration structure
Fra:1 Mem:18.97M (Peak 46.07M) | Time:00:00.41 | Mem:0.73M, Peak:1.10M | Scene, ViewLayer | Updating Geometry BVH Nozzle petal seam.095 46/53 | Building BVH
Fra:1 Mem:18.97M (Peak 46.07M) | Time:00:00.41 | Mem:0.74M, Peak:1.10M | Scene, ViewLayer | Updating Geometry BVH Nozzle petal seam.095 46/53 | Building OptiX acceleration structure
Fra:1 Mem:18.97M (Peak 46.07M) | Time:00:00.41 | Mem:0.74M, Peak:1.10M | Scene, ViewLayer | Updating Geometry BVH Deep ion throat.007 47/53 | Building BVH
Fra:1 Mem:18.97M (Peak 46.07M) | Time:00:00.41 | Mem:0.74M, Peak:1.10M | Scene, ViewLayer | Updating Geometry BVH Deep ion throat.007 47/53 | Building OptiX acceleration structure
Fra:1 Mem:18.99M (Peak 46.07M) | Time:00:00.41 | Mem:0.76M, Peak:1.10M | Scene, ViewLayer | Updating Geometry BVH Deep intake duct.003 48/53 | Building BVH
Fra:1 Mem:18.99M (Peak 46.07M) | Time:00:00.41 | Mem:0.76M, Peak:1.10M | Scene, ViewLayer | Updating Geometry BVH Deep intake duct.003 48/53 | Building OptiX acceleration structure
Fra:1 Mem:18.99M (Peak 46.07M) | Time:00:00.41 | Mem:0.76M, Peak:1.10M | Scene, ViewLayer | Updating Geometry BVH Ventral access door.007 49/53 | Building BVH
Fra:1 Mem:18.99M (Peak 46.07M) | Time:00:00.41 | Mem:0.76M, Peak:1.10M | Scene, ViewLayer | Updating Geometry BVH Ventral access door.007 49/53 | Building OptiX acceleration structure
Fra:1 Mem:18.96M (Peak 46.07M) | Time:00:00.42 | Mem:0.77M, Peak:1.10M | Scene, ViewLayer | Updating Scene BVH | Building
Fra:1 Mem:18.96M (Peak 46.07M) | Time:00:00.42 | Mem:0.77M, Peak:1.10M | Scene, ViewLayer | Updating Scene BVH | Building OptiX acceleration structure
Fra:1 Mem:18.96M (Peak 46.07M) | Time:00:00.42 | Mem:0.78M, Peak:1.10M | Scene, ViewLayer | Updating Scene BVH | Copying BVH to device
Fra:1 Mem:18.96M (Peak 46.07M) | Time:00:00.42 | Mem:0.78M, Peak:1.10M | Scene, ViewLayer | Updating Mesh | Computing normals
Fra:1 Mem:19.63M (Peak 46.07M) | Time:00:00.42 | Mem:0.78M, Peak:1.10M | Scene, ViewLayer | Updating Mesh | Copying Mesh to device
Fra:1 Mem:19.63M (Peak 46.07M) | Time:00:00.42 | Mem:1.45M, Peak:1.45M | Scene, ViewLayer | Updating Objects Flags
Fra:1 Mem:19.63M (Peak 46.07M) | Time:00:00.42 | Mem:1.45M, Peak:1.45M | Scene, ViewLayer | Updating Primitive Offsets
Fra:1 Mem:19.63M (Peak 46.07M) | Time:00:00.42 | Mem:1.45M, Peak:1.45M | Scene, ViewLayer | Updating Images
Fra:1 Mem:19.63M (Peak 46.07M) | Time:00:00.42 | Mem:1.45M, Peak:1.45M | Scene, ViewLayer | Updating Camera Volume
Fra:1 Mem:19.63M (Peak 46.07M) | Time:00:00.42 | Mem:1.45M, Peak:1.45M | Scene, ViewLayer | Updating Lookup Tables
Fra:1 Mem:19.63M (Peak 46.07M) | Time:00:00.42 | Mem:1.53M, Peak:1.53M | Scene, ViewLayer | Updating Lights
Fra:1 Mem:19.64M (Peak 46.07M) | Time:00:00.42 | Mem:1.53M, Peak:1.53M | Scene, ViewLayer | Updating Lights | Computing tree
Fra:1 Mem:19.64M (Peak 46.07M) | Time:00:00.42 | Mem:1.53M, Peak:1.53M | Scene, ViewLayer | Updating Integrator
Fra:1 Mem:19.64M (Peak 46.07M) | Time:00:00.42 | Mem:1.53M, Peak:1.53M | Scene, ViewLayer | Updating Film
Fra:1 Mem:19.64M (Peak 46.07M) | Time:00:00.42 | Mem:1.45M, Peak:1.53M | Scene, ViewLayer | Updating Lookup Tables
Fra:1 Mem:19.64M (Peak 46.07M) | Time:00:00.42 | Mem:1.53M, Peak:1.53M | Scene, ViewLayer | Updating Baking
Fra:1 Mem:19.64M (Peak 46.07M) | Time:00:00.42 | Mem:1.53M, Peak:1.53M | Scene, ViewLayer | Updating Device | Writing constant memory
Fra:1 Mem:19.64M (Peak 46.07M) | Time:00:00.42 | Mem:1.53M, Peak:1.53M | Scene, ViewLayer | Loading denoising kernels (may take a few minutes the first time)
Fra:1 Mem:23.65M (Peak 46.07M) | Time:00:00.44 | Mem:353.53M, Peak:353.53M | Scene, ViewLayer | Sample 0/24
Fra:1 Mem:70.62M (Peak 70.62M) | Time:00:00.45 | Remaining:00:00.31 | Mem:400.50M, Peak:400.50M | Scene, ViewLayer | Sample 1/24
Fra:1 Mem:90.40M (Peak 120.06M) | Time:00:03.34 | Mem:400.51M, Peak:400.51M | Scene, ViewLayer | Sample 24/24
Fra:1 Mem:90.40M (Peak 120.06M) | Time:00:03.34 | Mem:400.51M, Peak:400.51M | Scene, ViewLayer | Finished
Saved: 'D:\vibe-coding-e\nova-swarm-forum-129-improvements-20260822\docs\fleet-art-v2\ships\03\clay.png'
Time: 00:03.56 (Saving: 00:00.09)

Fra:1 Mem:19.90M (Peak 19.90M) | Time:00:00.24 | Mem:0.00M, Peak:0.00M | Scene, ViewLayer | Synchronizing object | Broad neutral key
Fra:1 Mem:19.90M (Peak 19.90M) | Time:00:00.24 | Mem:0.00M, Peak:0.00M | Scene, ViewLayer | Synchronizing object | Neutral fill
Fra:1 Mem:20.22M (Peak 20.22M) | Time:00:00.39 | Mem:0.00M, Peak:0.00M | Scene, ViewLayer | Synchronizing object | Continuous pressure fuselage
Fra:1 Mem:20.92M (Peak 20.92M) | Time:00:00.47 | Mem:0.00M, Peak:0.00M | Scene, ViewLayer | Synchronizing object | Cockpit integrated coaming
Fra:1 Mem:21.45M (Peak 21.45M) | Time:00:00.53 | Mem:0.00M, Peak:0.00M | Scene, ViewLayer | Synchronizing object | Pressure canopy glazing
Fra:1 Mem:21.45M (Peak 21.45M) | Time:00:00.53 | Mem:0.00M, Peak:0.00M | Scene, ViewLayer | Synchronizing object | Canopy lower frame
Fra:1 Mem:21.64M (Peak 21.64M) | Time:00:00.53 | Mem:0.00M, Peak:0.00M | Scene, ViewLayer | Synchronizing object | Canopy lower frame.001
Fra:1 Mem:21.69M (Peak 21.69M) | Time:00:00.53 | Mem:0.00M, Peak:0.00M | Scene, ViewLayer | Synchronizing object | Canopy pressure bow
Fra:1 Mem:21.75M (Peak 21.75M) | Time:00:00.53 | Mem:0.00M, Peak:0.00M | Scene, ViewLayer | Synchronizing object | Nozzle petal seam
Fra:1 Mem:21.74M (Peak 21.75M) | Time:00:00.53 | Mem:0.00M, Peak:0.00M | Scene, ViewLayer | Synchronizing object | Integrated propulsion nacelle
Fra:1 Mem:21.74M (Peak 21.75M) | Time:00:00.53 | Mem:0.00M, Peak:0.00M | Scene, ViewLayer | Synchronizing object | Nozzle petal seam.001
Fra:1 Mem:21.75M (Peak 21.75M) | Time:00:00.53 | Mem:0.00M, Peak:0.00M | Scene, ViewLayer | Synchronizing object | Nozzle petal seam.002
Fra:1 Mem:21.75M (Peak 21.75M) | Time:00:00.53 | Mem:0.00M, Peak:0.00M | Scene, ViewLayer | Synchronizing object | Nozzle petal seam.003
Fra:1 Mem:21.78M (Peak 21.78M) | Time:00:00.53 | Mem:0.00M, Peak:0.00M | Scene, ViewLayer | Synchronizing object | Contoured expansion nozzle
Fra:1 Mem:21.81M (Peak 21.81M) | Time:00:00.53 | Mem:0.00M, Peak:0.00M | Scene, ViewLayer | Synchronizing object | Nozzle petal seam.004
Fra:1 Mem:21.83M (Peak 21.83M) | Time:00:00.53 | Mem:0.00M, Peak:0.00M | Scene, ViewLayer | Synchronizing object | Nozzle petal seam.005
Fra:1 Mem:21.85M (Peak 21.85M) | Time:00:00.53 | Mem:0.00M, Peak:0.00M | Scene, ViewLayer | Synchronizing object | Nozzle petal seam.006
Fra:1 Mem:21.85M (Peak 21.85M) | Time:00:00.53 | Mem:0.00M, Peak:0.00M | Scene, ViewLayer | Synchronizing object | Nozzle petal seam.007
Fra:1 Mem:21.87M (Peak 21.87M) | Time:00:00.54 | Mem:0.00M, Peak:0.00M | Scene, ViewLayer | Synchronizing object | Nozzle petal seam.008
Fra:1 Mem:21.87M (Peak 21.87M) | Time:00:00.54 | Mem:0.00M, Peak:0.00M | Scene, ViewLayer | Synchronizing object | Nozzle petal seam.009
Fra:1 Mem:21.87M (Peak 21.87M) | Time:00:00.54 | Mem:0.00M, Peak:0.00M | Scene, ViewLayer | Synchronizing object | Nozzle petal seam.010
Fra:1 Mem:21.87M (Peak 21.87M) | Time:00:00.54 | Mem:0.00M, Peak:0.00M | Scene, ViewLayer | Synchronizing object | Nozzle petal seam.011
Fra:1 Mem:21.87M (Peak 21.87M) | Time:00:00.54 | Mem:0.00M, Peak:0.00M | Scene, ViewLayer | Synchronizing object | Deep ion throat
Fra:1 Mem:21.87M (Peak 21.87M) | Time:00:00.54 | Mem:0.00M, Peak:0.00M | Scene, ViewLayer | Synchronizing object | Flush cooling slot
Fra:1 Mem:21.92M (Peak 21.92M) | Time:00:00.54 | Mem:0.00M, Peak:0.00M | Scene, ViewLayer | Synchronizing object | Flush cooling slot.001
Fra:1 Mem:21.93M (Peak 21.93M) | Time:00:00.54 | Mem:0.00M, Peak:0.00M | Scene, ViewLayer | Synchronizing object | Flush cooling slot.002
Fra:1 Mem:22.05M (Peak 22.05M) | Time:00:00.56 | Mem:0.00M, Peak:0.00M | Scene, ViewLayer | Synchronizing object | Blended structural fairing
Fra:1 Mem:22.05M (Peak 22.05M) | Time:00:00.56 | Mem:0.00M, Peak:0.00M | Scene, ViewLayer | Synchronizing object | Nozzle petal seam.012
Fra:1 Mem:22.19M (Peak 22.19M) | Time:00:00.56 | Mem:0.00M, Peak:0.00M | Scene, ViewLayer | Synchronizing object | Nozzle petal seam.013
Fra:1 Mem:22.25M (Peak 22.25M) | Time:00:00.56 | Mem:0.00M, Peak:0.00M | Scene, ViewLayer | Synchronizing object | Nozzle petal seam.014
Fra:1 Mem:22.24M (Peak 22.25M) | Time:00:00.56 | Mem:0.00M, Peak:0.00M | Scene, ViewLayer | Synchronizing object | Nozzle petal seam.015
Fra:1 Mem:22.26M (Peak 22.26M) | Time:00:00.56 | Mem:0.00M, Peak:0.00M | Scene, ViewLayer | Synchronizing object | Nozzle petal seam.016
Fra:1 Mem:22.26M (Peak 22.26M) | Time:00:00.56 | Mem:0.00M, Peak:0.00M | Scene, ViewLayer | Synchronizing object | Nozzle petal seam.017
Fra:1 Mem:22.25M (Peak 22.26M) | Time:00:00.56 | Mem:0.00M, Peak:0.00M | Scene, ViewLayer | Synchronizing object | Nozzle petal seam.018
Fra:1 Mem:22.25M (Peak 22.26M) | Time:00:00.56 | Mem:0.00M, Peak:0.00M | Scene, ViewLayer | Synchronizing object | Contoured expansion nozzle.001
Fra:1 Mem:22.26M (Peak 22.26M) | Time:00:00.56 | Mem:0.00M, Peak:0.00M | Scene, ViewLayer | Synchronizing object | Nozzle petal seam.019
Fra:1 Mem:22.26M (Peak 22.26M) | Time:00:00.56 | Mem:0.00M, Peak:0.00M | Scene, ViewLayer | Synchronizing object | Nozzle petal seam.020
Fra:1 Mem:22.26M (Peak 22.26M) | Time:00:00.56 | Mem:0.00M, Peak:0.00M | Scene, ViewLayer | Synchronizing object | Nozzle petal seam.021
Fra:1 Mem:22.26M (Peak 22.26M) | Time:00:00.56 | Mem:0.00M, Peak:0.00M | Scene, ViewLayer | Synchronizing object | Nozzle petal seam.022
Fra:1 Mem:22.27M (Peak 22.27M) | Time:00:00.56 | Mem:0.00M, Peak:0.00M | Scene, ViewLayer | Synchronizing object | Nozzle petal seam.023
Fra:1 Mem:22.27M (Peak 22.27M) | Time:00:00.56 | Mem:0.00M, Peak:0.00M | Scene, ViewLayer | Synchronizing object | Deep ion throat.001
Fra:1 Mem:22.27M (Peak 22.27M) | Time:00:00.56 | Mem:0.00M, Peak:0.00M | Scene, ViewLayer | Synchronizing object | Ventral access door.001
Fra:1 Mem:22.31M (Peak 22.31M) | Time:00:00.56 | Mem:0.00M, Peak:0.00M | Scene, ViewLayer | Synchronizing object | Flush cooling slot.004
Fra:1 Mem:22.30M (Peak 22.31M) | Time:00:00.56 | Mem:0.00M, Peak:0.00M | Scene, ViewLayer | Synchronizing object | Flush cooling slot.005
Fra:1 Mem:22.44M (Peak 22.44M) | Time:00:00.60 | Mem:0.00M, Peak:0.00M | Scene, ViewLayer | Synchronizing object | Blended structural fairing.001
Fra:1 Mem:22.57M (Peak 22.57M) | Time:00:00.61 | Mem:0.00M, Peak:0.00M | Scene, ViewLayer | Initializing
Fra:1 Mem:18.70M (Peak 22.57M) | Time:00:00.61 | Mem:0.00M, Peak:0.00M | Scene, ViewLayer | Waiting for render to start
Fra:1 Mem:18.70M (Peak 22.57M) | Time:00:00.61 | Mem:0.00M, Peak:0.00M | Scene, ViewLayer | Updating Scene
Fra:1 Mem:18.70M (Peak 22.57M) | Time:00:00.61 | Mem:0.00M, Peak:0.00M | Scene, ViewLayer | Updating Shaders
Fra:1 Mem:18.70M (Peak 22.57M) | Time:00:00.61 | Mem:0.00M, Peak:0.00M | Scene, ViewLayer | Loading render kernels (may take a few minutes the first time)
Fra:1 Mem:18.78M (Peak 46.07M) | Time:00:00.81 | Mem:0.01M, Peak:0.01M | Scene, ViewLayer | Updating Procedurals
Fra:1 Mem:18.78M (Peak 46.07M) | Time:00:00.81 | Mem:0.01M, Peak:0.01M | Scene, ViewLayer | Updating Background
Fra:1 Mem:18.78M (Peak 46.07M) | Time:00:00.81 | Mem:0.01M, Peak:0.01M | Scene, ViewLayer | Updating Camera
Fra:1 Mem:18.78M (Peak 46.07M) | Time:00:00.81 | Mem:0.01M, Peak:0.01M | Scene, ViewLayer | Updating Meshes Flags
Fra:1 Mem:18.78M (Peak 46.07M) | Time:00:00.81 | Mem:0.01M, Peak:0.01M | Scene, ViewLayer | Updating Objects
Fra:1 Mem:18.78M (Peak 46.07M) | Time:00:00.81 | Mem:0.01M, Peak:0.01M | Scene, ViewLayer | Updating Objects | Copying Transformations to device
Fra:1 Mem:18.80M (Peak 46.07M) | Time:00:00.81 | Mem:0.02M, Peak:0.02M | Scene, ViewLayer | Updating Particle Systems
Fra:1 Mem:18.80M (Peak 46.07M) | Time:00:00.81 | Mem:0.02M, Peak:0.02M | Scene, ViewLayer | Updating Particle Systems | Copying Particles to device
Fra:1 Mem:18.80M (Peak 46.07M) | Time:00:00.81 | Mem:0.02M, Peak:0.02M | Scene, ViewLayer | Updating Meshes
Fra:1 Mem:18.80M (Peak 46.07M) | Time:00:00.81 | Mem:0.02M, Peak:0.02M | Scene, ViewLayer | Updating Objects | Applying Static Transformations
Fra:1 Mem:18.80M (Peak 46.07M) | Time:00:00.81 | Mem:0.02M, Peak:0.02M | Scene, ViewLayer | Updating Mesh | Computing attributes
Fra:1 Mem:18.97M (Peak 46.07M) | Time:00:00.81 | Mem:0.02M, Peak:0.02M | Scene, ViewLayer | Updating Mesh | Copying Attributes to device
Fra:1 Mem:18.96M (Peak 46.07M) | Time:00:00.81 | Mem:0.19M, Peak:0.19M | Scene, ViewLayer | Updating Geometry BVH Broad neutral key 2/15 | Building BVH
Fra:1 Mem:18.96M (Peak 46.07M) | Time:00:00.81 | Mem:0.19M, Peak:0.19M | Scene, ViewLayer | Updating Geometry BVH Canopy pressure bow.001 9/53 | Building BVH
Fra:1 Mem:18.96M (Peak 46.07M) | Time:00:00.81 | Mem:0.19M, Peak:0.19M | Scene, ViewLayer | Updating Geometry BVH Contoured expansion nozzle.006 12/53 | Building BVH
Fra:1 Mem:18.96M (Peak 46.07M) | Time:00:00.81 | Mem:0.19M, Peak:0.19M | Scene, ViewLayer | Updating Geometry BVH Contoured expansion nozzle.006 12/53 | Building OptiX acceleration structure
Fra:1 Mem:18.96M (Peak 46.07M) | Time:00:00.81 | Mem:0.19M, Peak:0.19M | Scene, ViewLayer | Updating Geometry BVH Nozzle petal seam.072 13/53 | Building OptiX acceleration structure
Fra:1 Mem:19.04M (Peak 46.07M) | Time:00:00.81 | Mem:0.19M, Peak:0.19M | Scene, ViewLayer | Updating Geometry BVH Mesh 53/53 | Building BVH
Fra:1 Mem:19.04M (Peak 46.07M) | Time:00:00.81 | Mem:0.19M, Peak:0.19M | Scene, ViewLayer | Updating Geometry BVH Mesh 53/53 | Building OptiX acceleration structure
Fra:1 Mem:19.30M (Peak 46.07M) | Time:00:00.81 | Mem:0.24M, Peak:0.24M | Scene, ViewLayer | Updating Geometry BVH Nozzle petal seam.073 14/53 | Building BVH
Fra:1 Mem:19.30M (Peak 46.07M) | Time:00:00.81 | Mem:0.24M, Peak:0.24M | Scene, ViewLayer | Updating Geometry BVH Nozzle petal seam.073 14/53 | Building OptiX acceleration structure
Fra:1 Mem:19.23M (Peak 46.07M) | Time:00:00.82 | Mem:0.55M, Peak:0.95M | Scene, ViewLayer | Updating Geometry BVH Nozzle petal seam.074 15/53 | Building BVH
Fra:1 Mem:19.23M (Peak 46.07M) | Time:00:00.82 | Mem:0.59M, Peak:0.95M | Scene, ViewLayer | Updating Geometry BVH Nozzle petal seam.074 15/53 | Building OptiX acceleration structure
Fra:1 Mem:19.22M (Peak 46.07M) | Time:00:00.82 | Mem:0.56M, Peak:0.95M | Scene, ViewLayer | Updating Geometry BVH Nozzle petal seam.075 16/53 | Building BVH
Fra:1 Mem:19.22M (Peak 46.07M) | Time:00:00.82 | Mem:0.56M, Peak:0.95M | Scene, ViewLayer | Updating Geometry BVH Nozzle petal seam.075 16/53 | Building OptiX acceleration structure
Fra:1 Mem:19.22M (Peak 46.07M) | Time:00:00.82 | Mem:0.56M, Peak:0.95M | Scene, ViewLayer | Updating Geometry BVH Nozzle petal seam.076 17/53 | Building BVH
Fra:1 Mem:19.22M (Peak 46.07M) | Time:00:00.82 | Mem:0.56M, Peak:0.95M | Scene, ViewLayer | Updating Geometry BVH Nozzle petal seam.076 17/53 | Building OptiX acceleration structure
Fra:1 Mem:19.14M (Peak 46.07M) | Time:00:00.82 | Mem:0.58M, Peak:0.97M | Scene, ViewLayer | Updating Geometry BVH Nozzle petal seam.077 18/53 | Building BVH
Fra:1 Mem:19.14M (Peak 46.07M) | Time:00:00.82 | Mem:0.58M, Peak:0.97M | Scene, ViewLayer | Updating Geometry BVH Nozzle petal seam.077 18/53 | Building OptiX acceleration structure
Fra:1 Mem:19.14M (Peak 46.07M) | Time:00:00.82 | Mem:0.58M, Peak:0.97M | Scene, ViewLayer | Updating Geometry BVH Nozzle petal seam.078 19/53 | Building BVH
Fra:1 Mem:19.14M (Peak 46.07M) | Time:00:00.82 | Mem:0.58M, Peak:0.97M | Scene, ViewLayer | Updating Geometry BVH Nozzle petal seam.078 19/53 | Building OptiX acceleration structure
Fra:1 Mem:19.14M (Peak 46.07M) | Time:00:00.82 | Mem:0.58M, Peak:0.97M | Scene, ViewLayer | Updating Geometry BVH Nozzle petal seam.079 20/53 | Building BVH
Fra:1 Mem:19.14M (Peak 46.07M) | Time:00:00.82 | Mem:0.59M, Peak:0.97M | Scene, ViewLayer | Updating Geometry BVH Nozzle petal seam.079 20/53 | Building OptiX acceleration structure
Fra:1 Mem:19.14M (Peak 46.07M) | Time:00:00.82 | Mem:0.58M, Peak:0.97M | Scene, ViewLayer | Updating Geometry BVH Nozzle petal seam.080 21/53 | Building BVH
Fra:1 Mem:19.14M (Peak 46.07M) | Time:00:00.82 | Mem:0.58M, Peak:0.97M | Scene, ViewLayer | Updating Geometry BVH Nozzle petal seam.080 21/53 | Building OptiX acceleration structure
Fra:1 Mem:19.13M (Peak 46.07M) | Time:00:00.82 | Mem:0.58M, Peak:0.97M | Scene, ViewLayer | Updating Geometry BVH Nozzle petal seam.081 22/53 | Building BVH
Fra:1 Mem:19.13M (Peak 46.07M) | Time:00:00.82 | Mem:0.58M, Peak:0.97M | Scene, ViewLayer | Updating Geometry BVH Nozzle petal seam.081 22/53 | Building OptiX acceleration structure
Fra:1 Mem:19.13M (Peak 46.07M) | Time:00:00.82 | Mem:0.58M, Peak:0.97M | Scene, ViewLayer | Updating Geometry BVH Nozzle petal seam.082 23/53 | Building BVH
Fra:1 Mem:19.13M (Peak 46.07M) | Time:00:00.82 | Mem:0.58M, Peak:0.97M | Scene, ViewLayer | Updating Geometry BVH Nozzle petal seam.082 23/53 | Building OptiX acceleration structure
Fra:1 Mem:19.00M (Peak 46.07M) | Time:00:00.83 | Mem:0.62M, Peak:1.10M | Scene, ViewLayer | Updating Geometry BVH Nozzle petal seam.083 24/53 | Building BVH
Fra:1 Mem:19.00M (Peak 46.07M) | Time:00:00.83 | Mem:0.62M, Peak:1.10M | Scene, ViewLayer | Updating Geometry BVH Nozzle petal seam.083 24/53 | Building OptiX acceleration structure
Fra:1 Mem:19.00M (Peak 46.07M) | Time:00:00.83 | Mem:0.62M, Peak:1.10M | Scene, ViewLayer | Updating Geometry BVH Deep ion throat.006 25/53 | Building BVH
Fra:1 Mem:19.00M (Peak 46.07M) | Time:00:00.83 | Mem:0.79M, Peak:1.10M | Scene, ViewLayer | Updating Geometry BVH Deep ion throat.006 25/53 | Building OptiX acceleration structure
Fra:1 Mem:18.99M (Peak 46.07M) | Time:00:00.83 | Mem:0.65M, Peak:1.10M | Scene, ViewLayer | Updating Geometry BVH Flush cooling slot.011 52/53 | Building BVH
Fra:1 Mem:18.99M (Peak 46.07M) | Time:00:00.83 | Mem:0.65M, Peak:1.10M | Scene, ViewLayer | Updating Geometry BVH Flush cooling slot.011 52/53 | Building OptiX acceleration structure
Fra:1 Mem:18.99M (Peak 46.07M) | Time:00:00.83 | Mem:0.65M, Peak:1.10M | Scene, ViewLayer | Updating Geometry BVH Deep intake duct.002 26/53 | Building BVH
Fra:1 Mem:18.99M (Peak 46.07M) | Time:00:00.83 | Mem:0.65M, Peak:1.10M | Scene, ViewLayer | Updating Geometry BVH Deep intake duct.002 26/53 | Building OptiX acceleration structure
Fra:1 Mem:18.99M (Peak 46.07M) | Time:00:00.83 | Mem:0.65M, Peak:1.10M | Scene, ViewLayer | Updating Geometry BVH Ventral access door.006 27/53 | Building BVH
Fra:1 Mem:18.99M (Peak 46.07M) | Time:00:00.83 | Mem:0.65M, Peak:1.10M | Scene, ViewLayer | Updating Geometry BVH Ventral access door.006 27/53 | Building OptiX acceleration structure
Fra:1 Mem:19.00M (Peak 46.07M) | Time:00:00.83 | Mem:0.66M, Peak:1.10M | Scene, ViewLayer | Updating Geometry BVH Flush cooling slot.006 28/53 | Building BVH
Fra:1 Mem:19.00M (Peak 46.07M) | Time:00:00.83 | Mem:0.66M, Peak:1.10M | Scene, ViewLayer | Updating Geometry BVH Flush cooling slot.006 28/53 | Building OptiX acceleration structure
Fra:1 Mem:19.00M (Peak 46.07M) | Time:00:00.83 | Mem:0.66M, Peak:1.10M | Scene, ViewLayer | Updating Geometry BVH Flush cooling slot.007 29/53 | Building BVH
Fra:1 Mem:19.00M (Peak 46.07M) | Time:00:00.83 | Mem:0.67M, Peak:1.10M | Scene, ViewLayer | Updating Geometry BVH Flush cooling slot.007 29/53 | Building OptiX acceleration structure
Fra:1 Mem:19.00M (Peak 46.07M) | Time:00:00.83 | Mem:0.66M, Peak:1.10M | Scene, ViewLayer | Updating Geometry BVH Flush cooling slot.008 30/53 | Building BVH
Fra:1 Mem:19.00M (Peak 46.07M) | Time:00:00.83 | Mem:0.66M, Peak:1.10M | Scene, ViewLayer | Updating Geometry BVH Flush cooling slot.008 30/53 | Building OptiX acceleration structure
Fra:1 Mem:19.00M (Peak 46.07M) | Time:00:00.83 | Mem:0.66M, Peak:1.10M | Scene, ViewLayer | Updating Geometry BVH Mesh 31/53 | Building BVH
Fra:1 Mem:19.00M (Peak 46.07M) | Time:00:00.83 | Mem:0.67M, Peak:1.10M | Scene, ViewLayer | Updating Geometry BVH Mesh 31/53 | Building OptiX acceleration structure
Fra:1 Mem:19.03M (Peak 46.07M) | Time:00:00.84 | Mem:0.70M, Peak:1.10M | Scene, ViewLayer | Updating Geometry BVH Integrated lifting hull.003 32/53 | Building BVH
Fra:1 Mem:19.03M (Peak 46.07M) | Time:00:00.84 | Mem:0.70M, Peak:1.10M | Scene, ViewLayer | Updating Geometry BVH Integrated lifting hull.003 32/53 | Building OptiX acceleration structure
Fra:1 Mem:19.04M (Peak 46.07M) | Time:00:00.84 | Mem:0.71M, Peak:1.10M | Scene, ViewLayer | Updating Geometry BVH Integrated propulsion nacelle.003 33/53 | Building BVH
Fra:1 Mem:19.04M (Peak 46.07M) | Time:00:00.84 | Mem:0.71M, Peak:1.10M | Scene, ViewLayer | Updating Geometry BVH Integrated propulsion nacelle.003 33/53 | Building OptiX acceleration structure
Fra:1 Mem:19.05M (Peak 46.07M) | Time:00:00.84 | Mem:0.71M, Peak:1.10M | Scene, ViewLayer | Updating Geometry BVH Contoured expansion nozzle.007 34/53 | Building BVH
Fra:1 Mem:19.05M (Peak 46.07M) | Time:00:00.84 | Mem:0.72M, Peak:1.10M | Scene, ViewLayer | Updating Geometry BVH Contoured expansion nozzle.007 34/53 | Building OptiX acceleration structure
Fra:1 Mem:19.05M (Peak 46.07M) | Time:00:00.84 | Mem:0.72M, Peak:1.10M | Scene, ViewLayer | Updating Geometry BVH Nozzle petal seam.084 35/53 | Building BVH
Fra:1 Mem:19.05M (Peak 46.07M) | Time:00:00.84 | Mem:0.78M, Peak:1.10M | Scene, ViewLayer | Updating Geometry BVH Nozzle petal seam.084 35/53 | Building OptiX acceleration structure
Fra:1 Mem:19.03M (Peak 46.07M) | Time:00:00.84 | Mem:0.72M, Peak:1.10M | Scene, ViewLayer | Updating Geometry BVH Nozzle petal seam.085 36/53 | Building BVH
Fra:1 Mem:19.03M (Peak 46.07M) | Time:00:00.84 | Mem:0.72M, Peak:1.10M | Scene, ViewLayer | Updating Geometry BVH Nozzle petal seam.085 36/53 | Building OptiX acceleration structure
Fra:1 Mem:19.03M (Peak 46.07M) | Time:00:00.84 | Mem:0.72M, Peak:1.10M | Scene, ViewLayer | Updating Geometry BVH Flush cooling slot.010 51/53 | Building BVH
Fra:1 Mem:19.03M (Peak 46.07M) | Time:00:00.84 | Mem:0.73M, Peak:1.10M | Scene, ViewLayer | Updating Geometry BVH Flush cooling slot.010 51/53 | Building OptiX acceleration structure
Fra:1 Mem:19.03M (Peak 46.07M) | Time:00:00.84 | Mem:0.72M, Peak:1.10M | Scene, ViewLayer | Updating Geometry BVH Nozzle petal seam.086 37/53 | Building BVH
Fra:1 Mem:19.03M (Peak 46.07M) | Time:00:00.84 | Mem:0.74M, Peak:1.10M | Scene, ViewLayer | Updating Geometry BVH Nozzle petal seam.086 37/53 | Building OptiX acceleration structure
Fra:1 Mem:19.02M (Peak 46.07M) | Time:00:00.84 | Mem:0.72M, Peak:1.10M | Scene, ViewLayer | Updating Geometry BVH Nozzle petal seam.087 38/53 | Building BVH
Fra:1 Mem:19.02M (Peak 46.07M) | Time:00:00.84 | Mem:0.72M, Peak:1.10M | Scene, ViewLayer | Updating Geometry BVH Nozzle petal seam.087 38/53 | Building OptiX acceleration structure
Fra:1 Mem:19.02M (Peak 46.07M) | Time:00:00.84 | Mem:0.72M, Peak:1.10M | Scene, ViewLayer | Updating Geometry BVH Nozzle petal seam.088 39/53 | Building BVH
Fra:1 Mem:19.02M (Peak 46.07M) | Time:00:00.84 | Mem:0.73M, Peak:1.10M | Scene, ViewLayer | Updating Geometry BVH Nozzle petal seam.088 39/53 | Building OptiX acceleration structure
Fra:1 Mem:19.02M (Peak 46.07M) | Time:00:00.84 | Mem:0.72M, Peak:1.10M | Scene, ViewLayer | Updating Geometry BVH Nozzle petal seam.089 40/53 | Building BVH
Fra:1 Mem:19.02M (Peak 46.07M) | Time:00:00.84 | Mem:0.72M, Peak:1.10M | Scene, ViewLayer | Updating Geometry BVH Nozzle petal seam.089 40/53 | Building OptiX acceleration structure
Fra:1 Mem:19.02M (Peak 46.07M) | Time:00:00.84 | Mem:0.72M, Peak:1.10M | Scene, ViewLayer | Updating Geometry BVH Nozzle petal seam.090 41/53 | Building BVH
Fra:1 Mem:19.02M (Peak 46.07M) | Time:00:00.84 | Mem:0.72M, Peak:1.10M | Scene, ViewLayer | Updating Geometry BVH Nozzle petal seam.090 41/53 | Building OptiX acceleration structure
Fra:1 Mem:18.99M (Peak 46.07M) | Time:00:00.85 | Mem:0.73M, Peak:1.10M | Scene, ViewLayer | Updating Geometry BVH Nozzle petal seam.091 42/53 | Building BVH
Fra:1 Mem:18.99M (Peak 46.07M) | Time:00:00.85 | Mem:0.73M, Peak:1.10M | Scene, ViewLayer | Updating Geometry BVH Nozzle petal seam.091 42/53 | Building OptiX acceleration structure
Fra:1 Mem:18.98M (Peak 46.07M) | Time:00:00.85 | Mem:0.73M, Peak:1.10M | Scene, ViewLayer | Updating Geometry BVH Nozzle petal seam.092 43/53 | Building BVH
Fra:1 Mem:18.98M (Peak 46.07M) | Time:00:00.85 | Mem:0.76M, Peak:1.10M | Scene, ViewLayer | Updating Geometry BVH Nozzle petal seam.092 43/53 | Building OptiX acceleration structure
Fra:1 Mem:18.97M (Peak 46.07M) | Time:00:00.85 | Mem:0.73M, Peak:1.10M | Scene, ViewLayer | Updating Geometry BVH Nozzle petal seam.093 44/53 | Building BVH
Fra:1 Mem:18.97M (Peak 46.07M) | Time:00:00.85 | Mem:0.73M, Peak:1.10M | Scene, ViewLayer | Updating Geometry BVH Nozzle petal seam.093 44/53 | Building OptiX acceleration structure
Fra:1 Mem:18.97M (Peak 46.07M) | Time:00:00.85 | Mem:0.73M, Peak:1.10M | Scene, ViewLayer | Updating Geometry BVH Nozzle petal seam.094 45/53 | Building BVH
Fra:1 Mem:18.97M (Peak 46.07M) | Time:00:00.85 | Mem:0.73M, Peak:1.10M | Scene, ViewLayer | Updating Geometry BVH Nozzle petal seam.094 45/53 | Building OptiX acceleration structure
Fra:1 Mem:18.97M (Peak 46.07M) | Time:00:00.85 | Mem:0.73M, Peak:1.10M | Scene, ViewLayer | Updating Geometry BVH Nozzle petal seam.095 46/53 | Building BVH
Fra:1 Mem:18.97M (Peak 46.07M) | Time:00:00.85 | Mem:0.73M, Peak:1.10M | Scene, ViewLayer | Updating Geometry BVH Nozzle petal seam.095 46/53 | Building OptiX acceleration structure
Fra:1 Mem:18.97M (Peak 46.07M) | Time:00:00.85 | Mem:0.73M, Peak:1.10M | Scene, ViewLayer | Updating Geometry BVH Deep ion throat.007 47/53 | Building BVH
Fra:1 Mem:18.97M (Peak 46.07M) | Time:00:00.85 | Mem:0.74M, Peak:1.10M | Scene, ViewLayer | Updating Geometry BVH Deep ion throat.007 47/53 | Building OptiX acceleration structure
Fra:1 Mem:18.99M (Peak 46.07M) | Time:00:00.85 | Mem:0.75M, Peak:1.10M | Scene, ViewLayer | Updating Geometry BVH Flush cooling slot.009 50/53 | Building BVH
Fra:1 Mem:18.99M (Peak 46.07M) | Time:00:00.85 | Mem:0.75M, Peak:1.10M | Scene, ViewLayer | Updating Geometry BVH Flush cooling slot.009 50/53 | Building OptiX acceleration structure
Fra:1 Mem:18.99M (Peak 46.07M) | Time:00:00.85 | Mem:0.76M, Peak:1.10M | Scene, ViewLayer | Updating Geometry BVH Deep intake duct.003 48/53 | Building BVH
Fra:1 Mem:18.99M (Peak 46.07M) | Time:00:00.85 | Mem:0.76M, Peak:1.10M | Scene, ViewLayer | Updating Geometry BVH Deep intake duct.003 48/53 | Building OptiX acceleration structure
Fra:1 Mem:18.99M (Peak 46.07M) | Time:00:00.85 | Mem:0.76M, Peak:1.10M | Scene, ViewLayer | Updating Geometry BVH Ventral access door.007 49/53 | Building BVH
Fra:1 Mem:18.99M (Peak 46.07M) | Time:00:00.85 | Mem:0.77M, Peak:1.10M | Scene, ViewLayer | Updating Geometry BVH Ventral access door.007 49/53 | Building OptiX acceleration structure
Fra:1 Mem:18.96M (Peak 46.07M) | Time:00:00.86 | Mem:0.77M, Peak:1.10M | Scene, ViewLayer | Updating Scene BVH | Building
Fra:1 Mem:18.96M (Peak 46.07M) | Time:00:00.86 | Mem:0.77M, Peak:1.10M | Scene, ViewLayer | Updating Scene BVH | Building OptiX acceleration structure
Fra:1 Mem:18.96M (Peak 46.07M) | Time:00:00.86 | Mem:0.78M, Peak:1.10M | Scene, ViewLayer | Updating Scene BVH | Copying BVH to device
Fra:1 Mem:18.96M (Peak 46.07M) | Time:00:00.86 | Mem:0.78M, Peak:1.10M | Scene, ViewLayer | Updating Mesh | Computing normals
Fra:1 Mem:19.63M (Peak 46.07M) | Time:00:00.86 | Mem:0.78M, Peak:1.10M | Scene, ViewLayer | Updating Mesh | Copying Mesh to device
Fra:1 Mem:19.63M (Peak 46.07M) | Time:00:00.87 | Mem:1.45M, Peak:1.45M | Scene, ViewLayer | Updating Objects Flags
Fra:1 Mem:19.63M (Peak 46.07M) | Time:00:00.87 | Mem:1.45M, Peak:1.45M | Scene, ViewLayer | Updating Primitive Offsets
Fra:1 Mem:19.63M (Peak 46.07M) | Time:00:00.87 | Mem:1.45M, Peak:1.45M | Scene, ViewLayer | Updating Images
Fra:1 Mem:19.63M (Peak 46.07M) | Time:00:00.87 | Mem:1.45M, Peak:1.45M | Scene, ViewLayer | Updating Camera Volume
Fra:1 Mem:19.63M (Peak 46.07M) | Time:00:00.87 | Mem:1.45M, Peak:1.45M | Scene, ViewLayer | Updating Lookup Tables
Fra:1 Mem:19.63M (Peak 46.07M) | Time:00:00.87 | Mem:1.53M, Peak:1.53M | Scene, ViewLayer | Updating Lights
Fra:1 Mem:19.64M (Peak 46.07M) | Time:00:00.87 | Mem:1.53M, Peak:1.53M | Scene, ViewLayer | Updating Lights | Computing tree
Fra:1 Mem:19.64M (Peak 46.07M) | Time:00:00.87 | Mem:1.53M, Peak:1.53M | Scene, ViewLayer | Updating Integrator
Fra:1 Mem:19.64M (Peak 46.07M) | Time:00:00.87 | Mem:1.53M, Peak:1.53M | Scene, ViewLayer | Updating Film
Fra:1 Mem:19.64M (Peak 46.07M) | Time:00:00.87 | Mem:1.45M, Peak:1.53M | Scene, ViewLayer | Updating Lookup Tables
Fra:1 Mem:19.64M (Peak 46.07M) | Time:00:00.87 | Mem:1.53M, Peak:1.53M | Scene, ViewLayer | Updating Baking
Fra:1 Mem:19.64M (Peak 46.07M) | Time:00:00.87 | Mem:1.53M, Peak:1.53M | Scene, ViewLayer | Updating Device | Writing constant memory
Fra:1 Mem:19.64M (Peak 46.07M) | Time:00:00.87 | Mem:1.53M, Peak:1.53M | Scene, ViewLayer | Loading denoising kernels (may take a few minutes the first time)
Fra:1 Mem:23.65M (Peak 46.07M) | Time:00:00.89 | Mem:353.53M, Peak:353.53M | Scene, ViewLayer | Sample 0/24
Fra:1 Mem:70.62M (Peak 70.62M) | Time:00:00.91 | Remaining:00:00.42 | Mem:400.50M, Peak:400.50M | Scene, ViewLayer | Sample 1/24
Fra:1 Mem:90.40M (Peak 120.06M) | Time:00:04.08 | Mem:400.51M, Peak:400.51M | Scene, ViewLayer | Sample 24/24
Fra:1 Mem:90.40M (Peak 120.06M) | Time:00:04.08 | Mem:400.51M, Peak:400.51M | Scene, ViewLayer | Finished
Saved: 'D:\vibe-coding-e\nova-swarm-forum-129-improvements-20260822\docs\fleet-art-v2\ships\03\underside-clay.png'
Time: 00:04.30 (Saving: 00:00.09)

Fra:1 Mem:19.81M (Peak 19.81M) | Time:00:00.16 | Mem:0.00M, Peak:0.00M | Scene, ViewLayer | Synchronizing object | Broad neutral key
Fra:1 Mem:19.81M (Peak 19.81M) | Time:00:00.16 | Mem:0.00M, Peak:0.00M | Scene, ViewLayer | Synchronizing object | Neutral fill
Fra:1 Mem:20.13M (Peak 20.13M) | Time:00:00.21 | Mem:0.00M, Peak:0.00M | Scene, ViewLayer | Synchronizing object | Continuous pressure fuselage
Fra:1 Mem:20.98M (Peak 20.98M) | Time:00:00.26 | Mem:0.00M, Peak:0.00M | Scene, ViewLayer | Synchronizing object | Cockpit integrated coaming
Fra:1 Mem:21.51M (Peak 21.51M) | Time:00:00.30 | Mem:0.00M, Peak:0.00M | Scene, ViewLayer | Synchronizing object | Pressure canopy glazing
Fra:1 Mem:21.51M (Peak 21.51M) | Time:00:00.30 | Mem:0.00M, Peak:0.00M | Scene, ViewLayer | Synchronizing object | Canopy lower frame
Fra:1 Mem:21.74M (Peak 21.74M) | Time:00:00.30 | Mem:0.00M, Peak:0.00M | Scene, ViewLayer | Synchronizing object | Canopy lower frame.001
Fra:1 Mem:21.79M (Peak 21.79M) | Time:00:00.30 | Mem:0.00M, Peak:0.00M | Scene, ViewLayer | Synchronizing object | Canopy pressure bow
Fra:1 Mem:21.80M (Peak 21.80M) | Time:00:00.30 | Mem:0.00M, Peak:0.00M | Scene, ViewLayer | Synchronizing object | Integrated lifting hull
Fra:1 Mem:21.80M (Peak 21.80M) | Time:00:00.30 | Mem:0.00M, Peak:0.00M | Scene, ViewLayer | Synchronizing object | Nozzle petal seam
Fra:1 Mem:21.87M (Peak 21.87M) | Time:00:00.30 | Mem:0.00M, Peak:0.00M | Scene, ViewLayer | Synchronizing object | Nozzle petal seam.001
Fra:1 Mem:21.92M (Peak 21.92M) | Time:00:00.30 | Mem:0.00M, Peak:0.00M | Scene, ViewLayer | Synchronizing object | Nozzle petal seam.002
Fra:1 Mem:21.93M (Peak 21.93M) | Time:00:00.30 | Mem:0.00M, Peak:0.00M | Scene, ViewLayer | Synchronizing object | Nozzle petal seam.003
Fra:1 Mem:21.92M (Peak 21.93M) | Time:00:00.30 | Mem:0.00M, Peak:0.00M | Scene, ViewLayer | Synchronizing object | Nozzle petal seam.004
Fra:1 Mem:21.94M (Peak 21.94M) | Time:00:00.30 | Mem:0.00M, Peak:0.00M | Scene, ViewLayer | Synchronizing object | Nozzle petal seam.005
Fra:1 Mem:21.94M (Peak 21.94M) | Time:00:00.30 | Mem:0.00M, Peak:0.00M | Scene, ViewLayer | Synchronizing object | Nozzle petal seam.006
Fra:1 Mem:21.97M (Peak 21.97M) | Time:00:00.30 | Mem:0.00M, Peak:0.00M | Scene, ViewLayer | Synchronizing object | Nozzle petal seam.007
Fra:1 Mem:21.94M (Peak 21.97M) | Time:00:00.30 | Mem:0.00M, Peak:0.00M | Scene, ViewLayer | Synchronizing object | Nozzle petal seam.008
Fra:1 Mem:21.94M (Peak 21.97M) | Time:00:00.30 | Mem:0.00M, Peak:0.00M | Scene, ViewLayer | Synchronizing object | Nozzle petal seam.009
Fra:1 Mem:21.94M (Peak 21.97M) | Time:00:00.30 | Mem:0.00M, Peak:0.00M | Scene, ViewLayer | Synchronizing object | Nozzle petal seam.010
Fra:1 Mem:21.94M (Peak 21.97M) | Time:00:00.30 | Mem:0.00M, Peak:0.00M | Scene, ViewLayer | Synchronizing object | Nozzle petal seam.011
Fra:1 Mem:21.94M (Peak 21.97M) | Time:00:00.30 | Mem:0.00M, Peak:0.00M | Scene, ViewLayer | Synchronizing object | Deep ion throat
Fra:1 Mem:21.94M (Peak 21.97M) | Time:00:00.30 | Mem:0.00M, Peak:0.00M | Scene, ViewLayer | Synchronizing object | Flush cooling slot
Fra:1 Mem:22.06M (Peak 22.06M) | Time:00:00.30 | Mem:0.00M, Peak:0.00M | Scene, ViewLayer | Synchronizing object | Flush cooling slot.001
Fra:1 Mem:22.03M (Peak 22.06M) | Time:00:00.30 | Mem:0.00M, Peak:0.00M | Scene, ViewLayer | Synchronizing object | Flush cooling slot.002
Fra:1 Mem:22.12M (Peak 22.12M) | Time:00:00.31 | Mem:0.00M, Peak:0.00M | Scene, ViewLayer | Synchronizing object | Blended structural fairing
Fra:1 Mem:22.12M (Peak 22.12M) | Time:00:00.31 | Mem:0.00M, Peak:0.00M | Scene, ViewLayer | Synchronizing object | Integrated propulsion nacelle.001
Fra:1 Mem:22.12M (Peak 22.12M) | Time:00:00.31 | Mem:0.00M, Peak:0.00M | Scene, ViewLayer | Synchronizing object | Nozzle petal seam.012
Fra:1 Mem:22.30M (Peak 22.30M) | Time:00:00.31 | Mem:0.00M, Peak:0.00M | Scene, ViewLayer | Synchronizing object | Nozzle petal seam.013
Fra:1 Mem:22.32M (Peak 22.32M) | Time:00:00.31 | Mem:0.00M, Peak:0.00M | Scene, ViewLayer | Synchronizing object | Nozzle petal seam.014
Fra:1 Mem:22.32M (Peak 22.32M) | Time:00:00.31 | Mem:0.00M, Peak:0.00M | Scene, ViewLayer | Synchronizing object | Nozzle petal seam.015
Fra:1 Mem:22.38M (Peak 22.38M) | Time:00:00.31 | Mem:0.00M, Peak:0.00M | Scene, ViewLayer | Synchronizing object | Nozzle petal seam.016
Fra:1 Mem:22.40M (Peak 22.40M) | Time:00:00.31 | Mem:0.00M, Peak:0.00M | Scene, ViewLayer | Synchronizing object | Nozzle petal seam.017
Fra:1 Mem:22.40M (Peak 22.40M) | Time:00:00.31 | Mem:0.00M, Peak:0.00M | Scene, ViewLayer | Synchronizing object | Nozzle petal seam.018
Fra:1 Mem:22.38M (Peak 22.40M) | Time:00:00.31 | Mem:0.00M, Peak:0.00M | Scene, ViewLayer | Synchronizing object | Nozzle petal seam.019
Fra:1 Mem:22.38M (Peak 22.40M) | Time:00:00.31 | Mem:0.00M, Peak:0.00M | Scene, ViewLayer | Synchronizing object | Nozzle petal seam.020
Fra:1 Mem:22.38M (Peak 22.40M) | Time:00:00.31 | Mem:0.00M, Peak:0.00M | Scene, ViewLayer | Synchronizing object | Nozzle petal seam.021
Fra:1 Mem:22.39M (Peak 22.40M) | Time:00:00.31 | Mem:0.00M, Peak:0.00M | Scene, ViewLayer | Synchronizing object | Nozzle petal seam.022
Fra:1 Mem:22.39M (Peak 22.40M) | Time:00:00.31 | Mem:0.00M, Peak:0.00M | Scene, ViewLayer | Synchronizing object | Nozzle petal seam.023
Fra:1 Mem:22.39M (Peak 22.40M) | Time:00:00.31 | Mem:0.00M, Peak:0.00M | Scene, ViewLayer | Synchronizing object | Deep ion throat.001
Fra:1 Mem:22.39M (Peak 22.40M) | Time:00:00.31 | Mem:0.00M, Peak:0.00M | Scene, ViewLayer | Synchronizing object | Flush cooling slot.003
Fra:1 Mem:22.40M (Peak 22.40M) | Time:00:00.31 | Mem:0.00M, Peak:0.00M | Scene, ViewLayer | Synchronizing object | Flush cooling slot.004
Fra:1 Mem:22.48M (Peak 22.48M) | Time:00:00.31 | Mem:0.00M, Peak:0.00M | Scene, ViewLayer | Synchronizing object | Flush cooling slot.005
Fra:1 Mem:22.57M (Peak 22.57M) | Time:00:00.32 | Mem:0.00M, Peak:0.00M | Scene, ViewLayer | Synchronizing object | Blended structural fairing.001
Fra:1 Mem:22.74M (Peak 22.74M) | Time:00:00.32 | Mem:0.00M, Peak:0.00M | Scene, ViewLayer | Initializing
Fra:1 Mem:18.91M (Peak 22.74M) | Time:00:00.33 | Mem:0.00M, Peak:0.00M | Scene, ViewLayer | Waiting for render to start
Fra:1 Mem:18.91M (Peak 22.74M) | Time:00:00.33 | Mem:0.00M, Peak:0.00M | Scene, ViewLayer | Updating Scene
Fra:1 Mem:18.91M (Peak 22.74M) | Time:00:00.33 | Mem:0.00M, Peak:0.00M | Scene, ViewLayer | Updating Shaders
Fra:1 Mem:18.91M (Peak 22.74M) | Time:00:00.33 | Mem:0.00M, Peak:0.00M | Scene, ViewLayer | Loading render kernels (may take a few minutes the first time)
Fra:1 Mem:18.99M (Peak 46.28M) | Time:00:00.44 | Mem:0.01M, Peak:0.01M | Scene, ViewLayer | Updating Procedurals
Fra:1 Mem:18.99M (Peak 46.28M) | Time:00:00.44 | Mem:0.01M, Peak:0.01M | Scene, ViewLayer | Updating Background
Fra:1 Mem:18.99M (Peak 46.28M) | Time:00:00.44 | Mem:0.01M, Peak:0.01M | Scene, ViewLayer | Updating Camera
Fra:1 Mem:18.99M (Peak 46.28M) | Time:00:00.44 | Mem:0.01M, Peak:0.01M | Scene, ViewLayer | Updating Meshes Flags
Fra:1 Mem:18.99M (Peak 46.28M) | Time:00:00.44 | Mem:0.01M, Peak:0.01M | Scene, ViewLayer | Updating Objects
Fra:1 Mem:18.99M (Peak 46.28M) | Time:00:00.44 | Mem:0.01M, Peak:0.01M | Scene, ViewLayer | Updating Objects | Copying Transformations to device
Fra:1 Mem:19.01M (Peak 46.28M) | Time:00:00.44 | Mem:0.02M, Peak:0.02M | Scene, ViewLayer | Updating Particle Systems
Fra:1 Mem:19.01M (Peak 46.28M) | Time:00:00.44 | Mem:0.02M, Peak:0.02M | Scene, ViewLayer | Updating Particle Systems | Copying Particles to device
Fra:1 Mem:19.01M (Peak 46.28M) | Time:00:00.44 | Mem:0.02M, Peak:0.02M | Scene, ViewLayer | Updating Meshes
Fra:1 Mem:19.64M (Peak 46.28M) | Time:00:00.45 | Mem:0.02M, Peak:0.02M | Scene, ViewLayer | Updating Objects | Applying Static Transformations
Fra:1 Mem:19.64M (Peak 46.28M) | Time:00:00.45 | Mem:0.02M, Peak:0.02M | Scene, ViewLayer | Updating Mesh | Computing attributes
Fra:1 Mem:20.58M (Peak 46.28M) | Time:00:00.45 | Mem:0.03M, Peak:0.03M | Scene, ViewLayer | Updating Mesh | Copying Attributes to device
Fra:1 Mem:20.57M (Peak 46.28M) | Time:00:00.45 | Mem:0.95M, Peak:0.95M | Scene, ViewLayer | Updating Geometry BVH Broad neutral key 2/53 | Building BVH
Fra:1 Mem:20.57M (Peak 46.28M) | Time:00:00.45 | Mem:0.95M, Peak:0.95M | Scene, ViewLayer | Updating Geometry BVH Integrated lifting hull.002 10/53 | Building OptiX acceleration structure
Fra:1 Mem:20.57M (Peak 46.28M) | Time:00:00.45 | Mem:0.95M, Peak:0.95M | Scene, ViewLayer | Updating Geometry BVH Integrated propulsion nacelle.002 11/53 | Building OptiX acceleration structure
Fra:1 Mem:20.58M (Peak 46.28M) | Time:00:00.45 | Mem:0.96M, Peak:0.96M | Scene, ViewLayer | Updating Geometry BVH Mesh 53/53 | Building BVH
Fra:1 Mem:20.58M (Peak 46.28M) | Time:00:00.45 | Mem:0.96M, Peak:0.96M | Scene, ViewLayer | Updating Geometry BVH Mesh 53/53 | Building OptiX acceleration structure
Fra:1 Mem:20.66M (Peak 46.28M) | Time:00:00.45 | Mem:0.96M, Peak:0.96M | Scene, ViewLayer | Updating Geometry BVH Nozzle petal seam.072 13/53 | Building BVH
Fra:1 Mem:20.71M (Peak 46.28M) | Time:00:00.45 | Mem:0.96M, Peak:0.96M | Scene, ViewLayer | Updating Geometry BVH Nozzle petal seam.072 13/53 | Building OptiX acceleration structure
Fra:1 Mem:20.85M (Peak 46.28M) | Time:00:00.45 | Mem:0.96M, Peak:0.96M | Scene, ViewLayer | Updating Geometry BVH Nozzle petal seam.073 14/53 | Building BVH
Fra:1 Mem:20.88M (Peak 46.28M) | Time:00:00.45 | Mem:0.96M, Peak:0.96M | Scene, ViewLayer | Updating Geometry BVH Nozzle petal seam.073 14/53 | Building OptiX acceleration structure
Fra:1 Mem:20.91M (Peak 46.28M) | Time:00:00.46 | Mem:1.30M, Peak:1.33M | Scene, ViewLayer | Updating Geometry BVH Nozzle petal seam.074 15/53 | Building BVH
Fra:1 Mem:20.91M (Peak 46.28M) | Time:00:00.46 | Mem:1.31M, Peak:1.33M | Scene, ViewLayer | Updating Geometry BVH Nozzle petal seam.074 15/53 | Building OptiX acceleration structure
Fra:1 Mem:20.91M (Peak 46.28M) | Time:00:00.46 | Mem:1.30M, Peak:1.33M | Scene, ViewLayer | Updating Geometry BVH Nozzle petal seam.075 16/53 | Building BVH
Fra:1 Mem:20.91M (Peak 46.28M) | Time:00:00.46 | Mem:1.30M, Peak:1.33M | Scene, ViewLayer | Updating Geometry BVH Nozzle petal seam.075 16/53 | Building OptiX acceleration structure
Fra:1 Mem:20.91M (Peak 46.28M) | Time:00:00.46 | Mem:1.30M, Peak:1.33M | Scene, ViewLayer | Updating Geometry BVH Nozzle petal seam.076 17/53 | Building BVH
Fra:1 Mem:20.91M (Peak 46.28M) | Time:00:00.46 | Mem:1.31M, Peak:1.33M | Scene, ViewLayer | Updating Geometry BVH Nozzle petal seam.076 17/53 | Building OptiX acceleration structure
Fra:1 Mem:20.90M (Peak 46.28M) | Time:00:00.46 | Mem:1.30M, Peak:1.33M | Scene, ViewLayer | Updating Geometry BVH Nozzle petal seam.077 18/53 | Building BVH
Fra:1 Mem:20.90M (Peak 46.28M) | Time:00:00.46 | Mem:1.72M, Peak:1.72M | Scene, ViewLayer | Updating Geometry BVH Nozzle petal seam.077 18/53 | Building OptiX acceleration structure
Fra:1 Mem:20.82M (Peak 46.28M) | Time:00:00.46 | Mem:1.32M, Peak:1.72M | Scene, ViewLayer | Updating Geometry BVH Nozzle petal seam.078 19/53 | Building BVH
Fra:1 Mem:20.82M (Peak 46.28M) | Time:00:00.46 | Mem:1.50M, Peak:1.72M | Scene, ViewLayer | Updating Geometry BVH Nozzle petal seam.078 19/53 | Building OptiX acceleration structure
Fra:1 Mem:20.79M (Peak 46.28M) | Time:00:00.46 | Mem:1.33M, Peak:1.72M | Scene, ViewLayer | Updating Geometry BVH Flush cooling slot.011 52/53 | Building BVH
Fra:1 Mem:20.79M (Peak 46.28M) | Time:00:00.46 | Mem:1.36M, Peak:1.72M | Scene, ViewLayer | Updating Geometry BVH Flush cooling slot.011 52/53 | Building OptiX acceleration structure
Fra:1 Mem:20.79M (Peak 46.28M) | Time:00:00.46 | Mem:1.33M, Peak:1.72M | Scene, ViewLayer | Updating Geometry BVH Nozzle petal seam.079 20/53 | Building BVH
Fra:1 Mem:20.79M (Peak 46.28M) | Time:00:00.46 | Mem:1.34M, Peak:1.72M | Scene, ViewLayer | Updating Geometry BVH Nozzle petal seam.079 20/53 | Building OptiX acceleration structure
Fra:1 Mem:20.79M (Peak 46.28M) | Time:00:00.46 | Mem:1.33M, Peak:1.72M | Scene, ViewLayer | Updating Geometry BVH Nozzle petal seam.080 21/53 | Building BVH
Fra:1 Mem:20.79M (Peak 46.28M) | Time:00:00.46 | Mem:1.75M, Peak:1.75M | Scene, ViewLayer | Updating Geometry BVH Nozzle petal seam.080 21/53 | Building OptiX acceleration structure
Fra:1 Mem:20.71M (Peak 46.28M) | Time:00:00.46 | Mem:1.35M, Peak:1.75M | Scene, ViewLayer | Updating Geometry BVH Nozzle petal seam.081 22/53 | Building BVH
Fra:1 Mem:20.71M (Peak 46.28M) | Time:00:00.46 | Mem:1.76M, Peak:1.76M | Scene, ViewLayer | Updating Geometry BVH Nozzle petal seam.081 22/53 | Building OptiX acceleration structure
Fra:1 Mem:20.58M (Peak 46.28M) | Time:00:00.46 | Mem:1.39M, Peak:1.87M | Scene, ViewLayer | Updating Geometry BVH Nozzle petal seam.082 23/53 | Building BVH
Fra:1 Mem:20.58M (Peak 46.28M) | Time:00:00.46 | Mem:1.40M, Peak:1.87M | Scene, ViewLayer | Updating Geometry BVH Nozzle petal seam.082 23/53 | Building OptiX acceleration structure
Fra:1 Mem:20.58M (Peak 46.28M) | Time:00:00.46 | Mem:1.39M, Peak:1.87M | Scene, ViewLayer | Updating Geometry BVH Nozzle petal seam.083 24/53 | Building BVH
Fra:1 Mem:20.58M (Peak 46.28M) | Time:00:00.46 | Mem:1.39M, Peak:1.87M | Scene, ViewLayer | Updating Geometry BVH Nozzle petal seam.083 24/53 | Building OptiX acceleration structure
Fra:1 Mem:20.58M (Peak 46.28M) | Time:00:00.47 | Mem:1.39M, Peak:1.87M | Scene, ViewLayer | Updating Geometry BVH Deep ion throat.006 25/53 | Building BVH
Fra:1 Mem:20.58M (Peak 46.28M) | Time:00:00.47 | Mem:1.39M, Peak:1.87M | Scene, ViewLayer | Updating Geometry BVH Deep ion throat.006 25/53 | Building OptiX acceleration structure
Fra:1 Mem:20.60M (Peak 46.28M) | Time:00:00.47 | Mem:1.41M, Peak:1.87M | Scene, ViewLayer | Updating Geometry BVH Deep intake duct.002 26/53 | Building BVH
Fra:1 Mem:20.60M (Peak 46.28M) | Time:00:00.47 | Mem:1.42M, Peak:1.87M | Scene, ViewLayer | Updating Geometry BVH Deep intake duct.002 26/53 | Building OptiX acceleration structure
Fra:1 Mem:20.60M (Peak 46.28M) | Time:00:00.47 | Mem:1.42M, Peak:1.87M | Scene, ViewLayer | Updating Geometry BVH Ventral access door.006 27/53 | Building BVH
Fra:1 Mem:20.60M (Peak 46.28M) | Time:00:00.47 | Mem:1.42M, Peak:1.87M | Scene, ViewLayer | Updating Geometry BVH Ventral access door.006 27/53 | Building OptiX acceleration structure
Fra:1 Mem:20.60M (Peak 46.28M) | Time:00:00.47 | Mem:1.42M, Peak:1.87M | Scene, ViewLayer | Updating Geometry BVH Flush cooling slot.006 28/53 | Building BVH
Fra:1 Mem:20.60M (Peak 46.28M) | Time:00:00.47 | Mem:1.43M, Peak:1.87M | Scene, ViewLayer | Updating Geometry BVH Flush cooling slot.006 28/53 | Building OptiX acceleration structure
Fra:1 Mem:20.60M (Peak 46.28M) | Time:00:00.47 | Mem:1.42M, Peak:1.87M | Scene, ViewLayer | Updating Geometry BVH Flush cooling slot.007 29/53 | Building BVH
Fra:1 Mem:20.60M (Peak 46.28M) | Time:00:00.47 | Mem:1.43M, Peak:1.87M | Scene, ViewLayer | Updating Geometry BVH Flush cooling slot.007 29/53 | Building OptiX acceleration structure
Fra:1 Mem:20.60M (Peak 46.28M) | Time:00:00.47 | Mem:1.43M, Peak:1.87M | Scene, ViewLayer | Updating Geometry BVH Flush cooling slot.008 30/53 | Building BVH
Fra:1 Mem:20.60M (Peak 46.28M) | Time:00:00.47 | Mem:1.43M, Peak:1.87M | Scene, ViewLayer | Updating Geometry BVH Flush cooling slot.008 30/53 | Building OptiX acceleration structure
Fra:1 Mem:20.60M (Peak 46.28M) | Time:00:00.47 | Mem:1.43M, Peak:1.87M | Scene, ViewLayer | Updating Geometry BVH Flush cooling slot.010 51/53 | Building BVH
Fra:1 Mem:20.60M (Peak 46.28M) | Time:00:00.47 | Mem:1.43M, Peak:1.87M | Scene, ViewLayer | Updating Geometry BVH Flush cooling slot.010 51/53 | Building OptiX acceleration structure
Fra:1 Mem:20.60M (Peak 46.28M) | Time:00:00.47 | Mem:1.43M, Peak:1.87M | Scene, ViewLayer | Updating Geometry BVH Mesh 31/53 | Building BVH
Fra:1 Mem:20.60M (Peak 46.28M) | Time:00:00.47 | Mem:1.43M, Peak:1.87M | Scene, ViewLayer | Updating Geometry BVH Mesh 31/53 | Building OptiX acceleration structure
Fra:1 Mem:20.64M (Peak 46.28M) | Time:00:00.47 | Mem:1.46M, Peak:1.87M | Scene, ViewLayer | Updating Geometry BVH Integrated lifting hull.003 32/53 | Building BVH
Fra:1 Mem:20.64M (Peak 46.28M) | Time:00:00.47 | Mem:1.46M, Peak:1.87M | Scene, ViewLayer | Updating Geometry BVH Integrated lifting hull.003 32/53 | Building OptiX acceleration structure
Fra:1 Mem:20.65M (Peak 46.28M) | Time:00:00.47 | Mem:1.47M, Peak:1.87M | Scene, ViewLayer | Updating Geometry BVH Integrated propulsion nacelle.003 33/53 | Building BVH
Fra:1 Mem:20.65M (Peak 46.28M) | Time:00:00.47 | Mem:1.47M, Peak:1.87M | Scene, ViewLayer | Updating Geometry BVH Integrated propulsion nacelle.003 33/53 | Building OptiX acceleration structure
Fra:1 Mem:20.65M (Peak 46.28M) | Time:00:00.47 | Mem:1.48M, Peak:1.87M | Scene, ViewLayer | Updating Geometry BVH Contoured expansion nozzle.007 34/53 | Building BVH
Fra:1 Mem:20.65M (Peak 46.28M) | Time:00:00.47 | Mem:1.48M, Peak:1.87M | Scene, ViewLayer | Updating Geometry BVH Contoured expansion nozzle.007 34/53 | Building OptiX acceleration structure
Fra:1 Mem:20.66M (Peak 46.28M) | Time:00:00.47 | Mem:1.49M, Peak:1.87M | Scene, ViewLayer | Updating Geometry BVH Nozzle petal seam.084 35/53 | Building BVH
Fra:1 Mem:20.66M (Peak 46.28M) | Time:00:00.47 | Mem:1.49M, Peak:1.87M | Scene, ViewLayer | Updating Geometry BVH Nozzle petal seam.084 35/53 | Building OptiX acceleration structure
Fra:1 Mem:20.64M (Peak 46.28M) | Time:00:00.47 | Mem:1.48M, Peak:1.87M | Scene, ViewLayer | Updating Geometry BVH Nozzle petal seam.085 36/53 | Building BVH
Fra:1 Mem:20.64M (Peak 46.28M) | Time:00:00.47 | Mem:1.50M, Peak:1.87M | Scene, ViewLayer | Updating Geometry BVH Nozzle petal seam.085 36/53 | Building OptiX acceleration structure
Fra:1 Mem:20.64M (Peak 46.28M) | Time:00:00.47 | Mem:1.48M, Peak:1.87M | Scene, ViewLayer | Updating Geometry BVH Nozzle petal seam.086 37/53 | Building BVH
Fra:1 Mem:20.64M (Peak 46.28M) | Time:00:00.47 | Mem:1.49M, Peak:1.87M | Scene, ViewLayer | Updating Geometry BVH Nozzle petal seam.086 37/53 | Building OptiX acceleration structure
Fra:1 Mem:20.63M (Peak 46.28M) | Time:00:00.48 | Mem:1.48M, Peak:1.87M | Scene, ViewLayer | Updating Geometry BVH Nozzle petal seam.087 38/53 | Building BVH
Fra:1 Mem:20.63M (Peak 46.28M) | Time:00:00.48 | Mem:1.49M, Peak:1.87M | Scene, ViewLayer | Updating Geometry BVH Nozzle petal seam.087 38/53 | Building OptiX acceleration structure
Fra:1 Mem:20.63M (Peak 46.28M) | Time:00:00.48 | Mem:1.48M, Peak:1.87M | Scene, ViewLayer | Updating Geometry BVH Nozzle petal seam.088 39/53 | Building BVH
Fra:1 Mem:20.63M (Peak 46.28M) | Time:00:00.48 | Mem:1.49M, Peak:1.87M | Scene, ViewLayer | Updating Geometry BVH Nozzle petal seam.088 39/53 | Building OptiX acceleration structure
Fra:1 Mem:20.63M (Peak 46.28M) | Time:00:00.48 | Mem:1.48M, Peak:1.87M | Scene, ViewLayer | Updating Geometry BVH Nozzle petal seam.089 40/53 | Building BVH
Fra:1 Mem:20.63M (Peak 46.28M) | Time:00:00.48 | Mem:1.49M, Peak:1.87M | Scene, ViewLayer | Updating Geometry BVH Nozzle petal seam.089 40/53 | Building OptiX acceleration structure
Fra:1 Mem:20.63M (Peak 46.28M) | Time:00:00.48 | Mem:1.48M, Peak:1.87M | Scene, ViewLayer | Updating Geometry BVH Nozzle petal seam.090 41/53 | Building BVH
Fra:1 Mem:20.63M (Peak 46.28M) | Time:00:00.48 | Mem:1.49M, Peak:1.87M | Scene, ViewLayer | Updating Geometry BVH Nozzle petal seam.090 41/53 | Building OptiX acceleration structure
Fra:1 Mem:20.63M (Peak 46.28M) | Time:00:00.48 | Mem:1.49M, Peak:1.87M | Scene, ViewLayer | Updating Geometry BVH Flush cooling slot.009 50/53 | Building BVH
Fra:1 Mem:20.63M (Peak 46.28M) | Time:00:00.48 | Mem:1.66M, Peak:1.87M | Scene, ViewLayer | Updating Geometry BVH Flush cooling slot.009 50/53 | Building OptiX acceleration structure
Fra:1 Mem:20.60M (Peak 46.28M) | Time:00:00.48 | Mem:1.49M, Peak:1.87M | Scene, ViewLayer | Updating Geometry BVH Nozzle petal seam.091 42/53 | Building BVH
Fra:1 Mem:20.60M (Peak 46.28M) | Time:00:00.48 | Mem:1.52M, Peak:1.87M | Scene, ViewLayer | Updating Geometry BVH Nozzle petal seam.091 42/53 | Building OptiX acceleration structure
Fra:1 Mem:20.59M (Peak 46.28M) | Time:00:00.48 | Mem:1.49M, Peak:1.87M | Scene, ViewLayer | Updating Geometry BVH Nozzle petal seam.092 43/53 | Building BVH
Fra:1 Mem:20.59M (Peak 46.28M) | Time:00:00.48 | Mem:1.53M, Peak:1.87M | Scene, ViewLayer | Updating Geometry BVH Nozzle petal seam.092 43/53 | Building OptiX acceleration structure
Fra:1 Mem:20.58M (Peak 46.28M) | Time:00:00.48 | Mem:1.49M, Peak:1.87M | Scene, ViewLayer | Updating Geometry BVH Nozzle petal seam.093 44/53 | Building BVH
Fra:1 Mem:20.58M (Peak 46.28M) | Time:00:00.48 | Mem:1.53M, Peak:1.87M | Scene, ViewLayer | Updating Geometry BVH Nozzle petal seam.093 44/53 | Building OptiX acceleration structure
Fra:1 Mem:20.58M (Peak 46.28M) | Time:00:00.48 | Mem:1.50M, Peak:1.87M | Scene, ViewLayer | Updating Geometry BVH Nozzle petal seam.094 45/53 | Building BVH
Fra:1 Mem:20.58M (Peak 46.28M) | Time:00:00.48 | Mem:1.50M, Peak:1.87M | Scene, ViewLayer | Updating Geometry BVH Nozzle petal seam.094 45/53 | Building OptiX acceleration structure
Fra:1 Mem:20.58M (Peak 46.28M) | Time:00:00.48 | Mem:1.50M, Peak:1.87M | Scene, ViewLayer | Updating Geometry BVH Nozzle petal seam.095 46/53 | Building BVH
Fra:1 Mem:20.58M (Peak 46.28M) | Time:00:00.48 | Mem:1.50M, Peak:1.87M | Scene, ViewLayer | Updating Geometry BVH Nozzle petal seam.095 46/53 | Building OptiX acceleration structure
Fra:1 Mem:20.58M (Peak 46.28M) | Time:00:00.48 | Mem:1.50M, Peak:1.87M | Scene, ViewLayer | Updating Geometry BVH Deep ion throat.007 47/53 | Building BVH
Fra:1 Mem:20.58M (Peak 46.28M) | Time:00:00.48 | Mem:1.50M, Peak:1.87M | Scene, ViewLayer | Updating Geometry BVH Deep ion throat.007 47/53 | Building OptiX acceleration structure
Fra:1 Mem:20.60M (Peak 46.28M) | Time:00:00.48 | Mem:1.52M, Peak:1.87M | Scene, ViewLayer | Updating Geometry BVH Deep intake duct.003 48/53 | Building BVH
Fra:1 Mem:20.60M (Peak 46.28M) | Time:00:00.48 | Mem:1.52M, Peak:1.87M | Scene, ViewLayer | Updating Geometry BVH Deep intake duct.003 48/53 | Building OptiX acceleration structure
Fra:1 Mem:20.60M (Peak 46.28M) | Time:00:00.48 | Mem:1.52M, Peak:1.87M | Scene, ViewLayer | Updating Geometry BVH Ventral access door.007 49/53 | Building BVH
Fra:1 Mem:20.60M (Peak 46.28M) | Time:00:00.48 | Mem:1.52M, Peak:1.87M | Scene, ViewLayer | Updating Geometry BVH Ventral access door.007 49/53 | Building OptiX acceleration structure
Fra:1 Mem:20.57M (Peak 46.28M) | Time:00:00.49 | Mem:1.53M, Peak:1.87M | Scene, ViewLayer | Updating Scene BVH | Building
Fra:1 Mem:20.57M (Peak 46.28M) | Time:00:00.49 | Mem:1.53M, Peak:1.87M | Scene, ViewLayer | Updating Scene BVH | Building OptiX acceleration structure
Fra:1 Mem:20.57M (Peak 46.28M) | Time:00:00.49 | Mem:1.54M, Peak:1.87M | Scene, ViewLayer | Updating Scene BVH | Copying BVH to device
Fra:1 Mem:20.57M (Peak 46.28M) | Time:00:00.49 | Mem:1.54M, Peak:1.87M | Scene, ViewLayer | Updating Mesh | Computing normals
Fra:1 Mem:21.24M (Peak 46.28M) | Time:00:00.49 | Mem:1.54M, Peak:1.87M | Scene, ViewLayer | Updating Mesh | Copying Mesh to device
Fra:1 Mem:21.24M (Peak 46.28M) | Time:00:00.49 | Mem:2.21M, Peak:2.21M | Scene, ViewLayer | Updating Objects Flags
Fra:1 Mem:21.24M (Peak 46.28M) | Time:00:00.49 | Mem:2.21M, Peak:2.21M | Scene, ViewLayer | Updating Primitive Offsets
Fra:1 Mem:21.24M (Peak 46.28M) | Time:00:00.49 | Mem:2.21M, Peak:2.21M | Scene, ViewLayer | Updating Images
Fra:1 Mem:21.24M (Peak 46.28M) | Time:00:00.50 | Mem:2.21M, Peak:2.21M | Scene, ViewLayer | Updating Images | Loading panel-normal.png
Fra:1 Mem:25.24M (Peak 46.28M) | Time:00:00.50 | Mem:2.21M, Peak:2.21M | Scene, ViewLayer | Updating Images | Loading white-basecolor.png
Fra:1 Mem:25.24M (Peak 46.28M) | Time:00:00.50 | Mem:2.21M, Peak:2.21M | Scene, ViewLayer | Updating Images | Loading cobalt-basecolor.png
Fra:1 Mem:37.25M (Peak 46.28M) | Time:00:00.52 | Mem:18.21M, Peak:18.21M | Scene, ViewLayer | Updating Camera Volume
Fra:1 Mem:37.25M (Peak 46.28M) | Time:00:00.52 | Mem:18.21M, Peak:18.21M | Scene, ViewLayer | Updating Lookup Tables
Fra:1 Mem:37.25M (Peak 46.28M) | Time:00:00.52 | Mem:18.29M, Peak:18.29M | Scene, ViewLayer | Updating Lights
Fra:1 Mem:37.25M (Peak 46.28M) | Time:00:00.52 | Mem:18.29M, Peak:18.29M | Scene, ViewLayer | Updating Lights | Computing tree
Fra:1 Mem:37.44M (Peak 46.28M) | Time:00:00.53 | Mem:18.48M, Peak:18.48M | Scene, ViewLayer | Updating Integrator
Fra:1 Mem:37.44M (Peak 46.28M) | Time:00:00.53 | Mem:18.48M, Peak:18.48M | Scene, ViewLayer | Updating Film
Fra:1 Mem:37.45M (Peak 46.28M) | Time:00:00.53 | Mem:18.40M, Peak:18.48M | Scene, ViewLayer | Updating Lookup Tables
Fra:1 Mem:37.45M (Peak 46.28M) | Time:00:00.53 | Mem:18.49M, Peak:18.49M | Scene, ViewLayer | Updating Baking
Fra:1 Mem:37.45M (Peak 46.28M) | Time:00:00.53 | Mem:18.49M, Peak:18.49M | Scene, ViewLayer | Updating Device | Writing constant memory
Fra:1 Mem:37.45M (Peak 46.28M) | Time:00:00.53 | Mem:18.49M, Peak:18.49M | Scene, ViewLayer | Loading denoising kernels (may take a few minutes the first time)
Fra:1 Mem:41.45M (Peak 46.28M) | Time:00:00.55 | Mem:370.49M, Peak:370.49M | Scene, ViewLayer | Sample 0/24
Fra:1 Mem:88.42M (Peak 88.42M) | Time:00:00.57 | Remaining:00:00.42 | Mem:417.47M, Peak:417.47M | Scene, ViewLayer | Sample 1/24
Fra:1 Mem:108.21M (Peak 137.87M) | Time:00:03.23 | Mem:417.47M, Peak:417.47M | Scene, ViewLayer | Sample 24/24
Fra:1 Mem:108.21M (Peak 137.87M) | Time:00:03.23 | Mem:417.47M, Peak:417.47M | Scene, ViewLayer | Finished
Saved: 'D:\vibe-coding-e\nova-swarm-forum-129-improvements-20260822\docs\fleet-art-v2\ships\03\surfaced.png'
Time: 00:03.44 (Saving: 00:00.09)

Info: Saved as "source.blend"
16:30:15 | INFO: Starting glTF 2.0 export
16:30:15 | INFO: Extracting primitive: Continuous pressure fuselage.001
16:30:15 | WARNING: More than one shader node tex image used for a texture. The resulting glTF sampler will behave like the first shader node tex image.
16:30:15 | WARNING: More than one shader node tex image used for a texture. The resulting glTF sampler will behave like the first shader node tex image.
16:30:15 | INFO: Primitives created: 6
16:30:15 | INFO: Finished glTF 2.0 export in 0.2679307460784912 s
Fra:1 Mem:20.09M (Peak 35.59M) | Time:00:00.16 | Mem:0.00M, Peak:0.00M | Scene, ViewLayer | Synchronizing object | Broad neutral key
Fra:1 Mem:20.09M (Peak 35.59M) | Time:00:00.17 | Mem:0.00M, Peak:0.00M | Scene, ViewLayer | Synchronizing object | PixelNeedleV2
Fra:1 Mem:21.76M (Peak 35.59M) | Time:00:00.17 | Mem:0.00M, Peak:0.00M | Scene, ViewLayer | Initializing
Fra:1 Mem:21.29M (Peak 35.59M) | Time:00:00.17 | Mem:0.00M, Peak:0.00M | Scene, ViewLayer | Waiting for render to start
Fra:1 Mem:21.29M (Peak 35.59M) | Time:00:00.17 | Mem:0.00M, Peak:0.00M | Scene, ViewLayer | Updating Scene
Fra:1 Mem:21.29M (Peak 35.59M) | Time:00:00.17 | Mem:0.00M, Peak:0.00M | Scene, ViewLayer | Updating Shaders
Fra:1 Mem:21.29M (Peak 35.59M) | Time:00:00.17 | Mem:0.00M, Peak:0.00M | Scene, ViewLayer | Loading render kernels (may take a few minutes the first time)
Fra:1 Mem:21.38M (Peak 48.67M) | Time:00:00.30 | Mem:0.01M, Peak:0.01M | Scene, ViewLayer | Updating Procedurals
Fra:1 Mem:21.38M (Peak 48.67M) | Time:00:00.30 | Mem:0.01M, Peak:0.01M | Scene, ViewLayer | Updating Background
Fra:1 Mem:21.38M (Peak 48.67M) | Time:00:00.30 | Mem:0.01M, Peak:0.01M | Scene, ViewLayer | Updating Camera
Fra:1 Mem:21.38M (Peak 48.67M) | Time:00:00.30 | Mem:0.01M, Peak:0.01M | Scene, ViewLayer | Updating Meshes Flags
Fra:1 Mem:21.38M (Peak 48.67M) | Time:00:00.30 | Mem:0.01M, Peak:0.01M | Scene, ViewLayer | Updating Objects
Fra:1 Mem:21.38M (Peak 48.67M) | Time:00:00.30 | Mem:0.01M, Peak:0.01M | Scene, ViewLayer | Updating Objects | Copying Transformations to device
Fra:1 Mem:21.38M (Peak 48.67M) | Time:00:00.30 | Mem:0.01M, Peak:0.01M | Scene, ViewLayer | Updating Particle Systems
Fra:1 Mem:21.38M (Peak 48.67M) | Time:00:00.30 | Mem:0.01M, Peak:0.01M | Scene, ViewLayer | Updating Particle Systems | Copying Particles to device
Fra:1 Mem:21.38M (Peak 48.67M) | Time:00:00.30 | Mem:0.01M, Peak:0.01M | Scene, ViewLayer | Updating Meshes
Fra:1 Mem:22.51M (Peak 48.67M) | Time:00:00.32 | Mem:0.01M, Peak:0.01M | Scene, ViewLayer | Updating Objects | Applying Static Transformations
Fra:1 Mem:22.51M (Peak 48.67M) | Time:00:00.32 | Mem:0.01M, Peak:0.01M | Scene, ViewLayer | Updating Mesh | Computing attributes
Fra:1 Mem:24.02M (Peak 48.67M) | Time:00:00.32 | Mem:0.01M, Peak:0.01M | Scene, ViewLayer | Updating Mesh | Copying Attributes to device
Fra:1 Mem:24.02M (Peak 48.67M) | Time:00:00.32 | Mem:1.52M, Peak:1.52M | Scene, ViewLayer | Updating Geometry BVH light 5/4 | Building BVH
Fra:1 Mem:24.02M (Peak 48.67M) | Time:00:00.32 | Mem:1.52M, Peak:1.52M | Scene, ViewLayer | Updating Geometry BVH Continuous pressure fuselage.001 4/4 | Building BVH
Fra:1 Mem:24.02M (Peak 48.67M) | Time:00:00.32 | Mem:1.52M, Peak:1.52M | Scene, ViewLayer | Updating Geometry BVH Continuous pressure fuselage.001 4/4 | Building OptiX acceleration structure
Fra:1 Mem:24.02M (Peak 48.67M) | Time:00:00.32 | Mem:2.00M, Peak:3.50M | Scene, ViewLayer | Updating Scene BVH | Building
Fra:1 Mem:24.02M (Peak 48.67M) | Time:00:00.32 | Mem:2.00M, Peak:3.50M | Scene, ViewLayer | Updating Scene BVH | Building OptiX acceleration structure
Fra:1 Mem:24.02M (Peak 48.67M) | Time:00:00.32 | Mem:2.01M, Peak:3.50M | Scene, ViewLayer | Updating Scene BVH | Copying BVH to device
Fra:1 Mem:24.02M (Peak 48.67M) | Time:00:00.32 | Mem:2.01M, Peak:3.50M | Scene, ViewLayer | Updating Mesh | Computing normals
Fra:1 Mem:24.62M (Peak 48.67M) | Time:00:00.32 | Mem:2.01M, Peak:3.50M | Scene, ViewLayer | Updating Mesh | Copying Mesh to device
Fra:1 Mem:24.62M (Peak 48.67M) | Time:00:00.33 | Mem:2.61M, Peak:3.50M | Scene, ViewLayer | Updating Objects Flags
Fra:1 Mem:24.62M (Peak 48.67M) | Time:00:00.33 | Mem:2.61M, Peak:3.50M | Scene, ViewLayer | Updating Primitive Offsets
Fra:1 Mem:24.62M (Peak 48.67M) | Time:00:00.33 | Mem:2.61M, Peak:3.50M | Scene, ViewLayer | Updating Images
Fra:1 Mem:24.62M (Peak 48.67M) | Time:00:00.33 | Mem:2.61M, Peak:3.50M | Scene, ViewLayer | Updating Images | Loading panel-normal.png
Fra:1 Mem:28.62M (Peak 48.67M) | Time:00:00.33 | Mem:2.61M, Peak:3.50M | Scene, ViewLayer | Updating Images | Loading cobalt-basecolor.png
Fra:1 Mem:32.62M (Peak 48.67M) | Time:00:00.33 | Mem:2.61M, Peak:3.50M | Scene, ViewLayer | Updating Images | Loading paint-orm.png
Fra:1 Mem:40.63M (Peak 48.67M) | Time:00:00.35 | Mem:18.61M, Peak:18.61M | Scene, ViewLayer | Updating Camera Volume
Fra:1 Mem:40.63M (Peak 48.67M) | Time:00:00.35 | Mem:18.61M, Peak:18.61M | Scene, ViewLayer | Updating Lookup Tables
Fra:1 Mem:40.63M (Peak 48.67M) | Time:00:00.35 | Mem:18.69M, Peak:18.69M | Scene, ViewLayer | Updating Lights
Fra:1 Mem:40.63M (Peak 48.67M) | Time:00:00.35 | Mem:18.69M, Peak:18.69M | Scene, ViewLayer | Updating Lights | Computing tree
Fra:1 Mem:40.89M (Peak 48.67M) | Time:00:00.35 | Mem:18.95M, Peak:18.95M | Scene, ViewLayer | Updating Integrator
Fra:1 Mem:40.89M (Peak 48.67M) | Time:00:00.35 | Mem:18.95M, Peak:18.95M | Scene, ViewLayer | Updating Film
Fra:1 Mem:40.89M (Peak 48.67M) | Time:00:00.35 | Mem:18.87M, Peak:18.95M | Scene, ViewLayer | Updating Lookup Tables
Fra:1 Mem:40.89M (Peak 48.67M) | Time:00:00.35 | Mem:18.95M, Peak:18.95M | Scene, ViewLayer | Updating Baking
Fra:1 Mem:40.89M (Peak 48.67M) | Time:00:00.35 | Mem:18.95M, Peak:18.95M | Scene, ViewLayer | Updating Device | Writing constant memory
Fra:1 Mem:40.90M (Peak 48.67M) | Time:00:00.35 | Mem:18.95M, Peak:18.95M | Scene, ViewLayer | Loading denoising kernels (may take a few minutes the first time)
Fra:1 Mem:44.90M (Peak 48.67M) | Time:00:00.37 | Mem:370.95M, Peak:370.95M | Scene, ViewLayer | Sample 0/24
Fra:1 Mem:120.90M (Peak 120.90M) | Time:00:00.40 | Remaining:00:00.61 | Mem:446.97M, Peak:446.97M | Scene, ViewLayer | Sample 1/24
Fra:1 Mem:152.91M (Peak 200.91M) | Time:00:04.61 | Mem:446.97M, Peak:446.97M | Scene, ViewLayer | Sample 24/24
Fra:1 Mem:152.91M (Peak 200.91M) | Time:00:04.61 | Mem:446.97M, Peak:446.97M | Scene, ViewLayer | Finished
Saved: 'D:\vibe-coding-e\nova-swarm-forum-129-improvements-20260822\docs\fleet-art-v2\ships\03\export\showroom.png'
Time: 00:04.81 (Saving: 00:00.11)

Fra:1 Mem:20.39M (Peak 20.39M) | Time:00:00.14 | Mem:0.00M, Peak:0.00M | Scene, ViewLayer | Synchronizing object | Broad neutral key
Fra:1 Mem:20.39M (Peak 20.39M) | Time:00:00.14 | Mem:0.00M, Peak:0.00M | Scene, ViewLayer | Synchronizing object | PixelNeedleV2
Fra:1 Mem:21.76M (Peak 22.56M) | Time:00:00.14 | Mem:0.00M, Peak:0.00M | Scene, ViewLayer | Initializing
Fra:1 Mem:21.29M (Peak 22.56M) | Time:00:00.14 | Mem:0.00M, Peak:0.00M | Scene, ViewLayer | Waiting for render to start
Fra:1 Mem:21.29M (Peak 22.56M) | Time:00:00.14 | Mem:0.00M, Peak:0.00M | Scene, ViewLayer | Updating Scene
Fra:1 Mem:21.29M (Peak 22.56M) | Time:00:00.14 | Mem:0.00M, Peak:0.00M | Scene, ViewLayer | Updating Shaders
Fra:1 Mem:21.29M (Peak 22.56M) | Time:00:00.14 | Mem:0.00M, Peak:0.00M | Scene, ViewLayer | Loading render kernels (may take a few minutes the first time)
Fra:1 Mem:21.38M (Peak 48.67M) | Time:00:00.26 | Mem:0.01M, Peak:0.01M | Scene, ViewLayer | Updating Procedurals
Fra:1 Mem:21.38M (Peak 48.67M) | Time:00:00.26 | Mem:0.01M, Peak:0.01M | Scene, ViewLayer | Updating Background
Fra:1 Mem:21.38M (Peak 48.67M) | Time:00:00.26 | Mem:0.01M, Peak:0.01M | Scene, ViewLayer | Updating Camera
Fra:1 Mem:21.38M (Peak 48.67M) | Time:00:00.26 | Mem:0.01M, Peak:0.01M | Scene, ViewLayer | Updating Meshes Flags
Fra:1 Mem:21.38M (Peak 48.67M) | Time:00:00.26 | Mem:0.01M, Peak:0.01M | Scene, ViewLayer | Updating Objects
Fra:1 Mem:21.38M (Peak 48.67M) | Time:00:00.26 | Mem:0.01M, Peak:0.01M | Scene, ViewLayer | Updating Objects | Copying Transformations to device
Fra:1 Mem:21.38M (Peak 48.67M) | Time:00:00.26 | Mem:0.01M, Peak:0.01M | Scene, ViewLayer | Updating Particle Systems
Fra:1 Mem:21.38M (Peak 48.67M) | Time:00:00.26 | Mem:0.01M, Peak:0.01M | Scene, ViewLayer | Updating Particle Systems | Copying Particles to device
Fra:1 Mem:21.38M (Peak 48.67M) | Time:00:00.26 | Mem:0.01M, Peak:0.01M | Scene, ViewLayer | Updating Meshes
Fra:1 Mem:22.51M (Peak 48.67M) | Time:00:00.28 | Mem:0.01M, Peak:0.01M | Scene, ViewLayer | Updating Objects | Applying Static Transformations
Fra:1 Mem:22.51M (Peak 48.67M) | Time:00:00.28 | Mem:0.01M, Peak:0.01M | Scene, ViewLayer | Updating Mesh | Computing attributes
Fra:1 Mem:24.02M (Peak 48.67M) | Time:00:00.28 | Mem:0.01M, Peak:0.01M | Scene, ViewLayer | Updating Mesh | Copying Attributes to device
Fra:1 Mem:24.02M (Peak 48.67M) | Time:00:00.28 | Mem:1.52M, Peak:1.52M | Scene, ViewLayer | Updating Geometry BVH Broad neutral key 2/1 | Building BVH
Fra:1 Mem:24.02M (Peak 48.67M) | Time:00:00.28 | Mem:1.52M, Peak:1.52M | Scene, ViewLayer | Updating Geometry BVH Neutral fill 3/4 | Building OptiX acceleration structure
Fra:1 Mem:24.02M (Peak 48.67M) | Time:00:00.28 | Mem:1.52M, Peak:1.52M | Scene, ViewLayer | Updating Geometry BVH Continuous pressure fuselage.001 4/4 | Building OptiX acceleration structure
Fra:1 Mem:24.02M (Peak 48.67M) | Time:00:00.28 | Mem:2.00M, Peak:3.50M | Scene, ViewLayer | Updating Scene BVH | Building
Fra:1 Mem:24.02M (Peak 48.67M) | Time:00:00.28 | Mem:2.00M, Peak:3.50M | Scene, ViewLayer | Updating Scene BVH | Building OptiX acceleration structure
Fra:1 Mem:24.02M (Peak 48.67M) | Time:00:00.28 | Mem:2.01M, Peak:3.50M | Scene, ViewLayer | Updating Scene BVH | Copying BVH to device
Fra:1 Mem:24.02M (Peak 48.67M) | Time:00:00.28 | Mem:2.01M, Peak:3.50M | Scene, ViewLayer | Updating Mesh | Computing normals
Fra:1 Mem:24.62M (Peak 48.67M) | Time:00:00.28 | Mem:2.01M, Peak:3.50M | Scene, ViewLayer | Updating Mesh | Copying Mesh to device
Fra:1 Mem:24.62M (Peak 48.67M) | Time:00:00.28 | Mem:2.61M, Peak:3.50M | Scene, ViewLayer | Updating Objects Flags
Fra:1 Mem:24.62M (Peak 48.67M) | Time:00:00.28 | Mem:2.61M, Peak:3.50M | Scene, ViewLayer | Updating Primitive Offsets
Fra:1 Mem:24.62M (Peak 48.67M) | Time:00:00.28 | Mem:2.61M, Peak:3.50M | Scene, ViewLayer | Updating Images
Fra:1 Mem:24.62M (Peak 48.67M) | Time:00:00.28 | Mem:2.61M, Peak:3.50M | Scene, ViewLayer | Updating Images | Loading panel-normal.png
Fra:1 Mem:28.62M (Peak 48.67M) | Time:00:00.28 | Mem:2.61M, Peak:3.50M | Scene, ViewLayer | Updating Images | Loading paint-orm.png
Fra:1 Mem:32.62M (Peak 48.67M) | Time:00:00.28 | Mem:2.61M, Peak:3.50M | Scene, ViewLayer | Updating Images | Loading cobalt-basecolor.png
Fra:1 Mem:40.63M (Peak 48.67M) | Time:00:00.30 | Mem:18.61M, Peak:18.61M | Scene, ViewLayer | Updating Camera Volume
Fra:1 Mem:40.63M (Peak 48.67M) | Time:00:00.30 | Mem:18.61M, Peak:18.61M | Scene, ViewLayer | Updating Lookup Tables
Fra:1 Mem:40.63M (Peak 48.67M) | Time:00:00.30 | Mem:18.69M, Peak:18.69M | Scene, ViewLayer | Updating Lights
Fra:1 Mem:40.63M (Peak 48.67M) | Time:00:00.31 | Mem:18.69M, Peak:18.69M | Scene, ViewLayer | Updating Lights | Computing tree
Fra:1 Mem:40.89M (Peak 48.67M) | Time:00:00.31 | Mem:18.95M, Peak:18.95M | Scene, ViewLayer | Updating Integrator
Fra:1 Mem:40.89M (Peak 48.67M) | Time:00:00.31 | Mem:18.95M, Peak:18.95M | Scene, ViewLayer | Updating Film
Fra:1 Mem:40.89M (Peak 48.67M) | Time:00:00.31 | Mem:18.87M, Peak:18.95M | Scene, ViewLayer | Updating Lookup Tables
Fra:1 Mem:40.89M (Peak 48.67M) | Time:00:00.31 | Mem:18.95M, Peak:18.95M | Scene, ViewLayer | Updating Baking
Fra:1 Mem:40.89M (Peak 48.67M) | Time:00:00.31 | Mem:18.95M, Peak:18.95M | Scene, ViewLayer | Updating Device | Writing constant memory
Fra:1 Mem:40.90M (Peak 48.67M) | Time:00:00.31 | Mem:18.95M, Peak:18.95M | Scene, ViewLayer | Loading denoising kernels (may take a few minutes the first time)
Fra:1 Mem:44.90M (Peak 48.67M) | Time:00:00.33 | Mem:370.95M, Peak:370.95M | Scene, ViewLayer | Sample 0/24
Fra:1 Mem:63.90M (Peak 63.90M) | Time:00:00.34 | Remaining:00:00.28 | Mem:389.97M, Peak:389.97M | Scene, ViewLayer | Sample 1/24
Fra:1 Mem:71.91M (Peak 83.91M) | Time:00:01.40 | Mem:389.97M, Peak:389.97M | Scene, ViewLayer | Sample 24/24
Fra:1 Mem:71.91M (Peak 83.91M) | Time:00:01.40 | Mem:389.97M, Peak:389.97M | Scene, ViewLayer | Finished
Saved: 'D:\vibe-coding-e\nova-swarm-forum-129-improvements-20260822\docs\fleet-art-v2\ships\03\export\player.png'
Time: 00:01.54 (Saving: 00:00.03)


FLEET_V2_COMPLETE 3 Pixel Needle
Fra:1 Mem:23.91M (Peak 37.63M) | Time:00:00.15 | Mem:0.00M, Peak:0.00M | Scene, ViewLayer | Synchronizing object | Broad neutral key
Fra:1 Mem:23.91M (Peak 37.63M) | Time:00:00.15 | Mem:0.00M, Peak:0.00M | Scene, ViewLayer | Synchronizing object | Neutral fill
Fra:1 Mem:24.23M (Peak 37.63M) | Time:00:00.20 | Mem:0.00M, Peak:0.00M | Scene, ViewLayer | Synchronizing object | Continuous pressure fuselage
Fra:1 Mem:24.93M (Peak 37.63M) | Time:00:00.23 | Mem:0.00M, Peak:0.00M | Scene, ViewLayer | Synchronizing object | Cockpit integrated coaming
Fra:1 Mem:25.46M (Peak 37.63M) | Time:00:00.27 | Mem:0.00M, Peak:0.00M | Scene, ViewLayer | Synchronizing object | Pressure canopy glazing
Fra:1 Mem:25.46M (Peak 37.63M) | Time:00:00.27 | Mem:0.00M, Peak:0.00M | Scene, ViewLayer | Synchronizing object | Canopy lower frame
Fra:1 Mem:25.70M (Peak 37.63M) | Time:00:00.27 | Mem:0.00M, Peak:0.00M | Scene, ViewLayer | Synchronizing object | Canopy lower frame.001
Fra:1 Mem:25.74M (Peak 37.63M) | Time:00:00.27 | Mem:0.00M, Peak:0.00M | Scene, ViewLayer | Synchronizing object | Canopy pressure bow
Fra:1 Mem:25.75M (Peak 37.63M) | Time:00:00.27 | Mem:0.00M, Peak:0.00M | Scene, ViewLayer | Synchronizing object | Integrated lifting hull
Fra:1 Mem:25.79M (Peak 37.63M) | Time:00:00.27 | Mem:0.00M, Peak:0.00M | Scene, ViewLayer | Synchronizing object | Contoured expansion nozzle
Fra:1 Mem:25.80M (Peak 37.63M) | Time:00:00.27 | Mem:0.00M, Peak:0.00M | Scene, ViewLayer | Synchronizing object | Nozzle petal seam
Fra:1 Mem:25.91M (Peak 37.63M) | Time:00:00.27 | Mem:0.00M, Peak:0.00M | Scene, ViewLayer | Synchronizing object | Nozzle petal seam.001
Fra:1 Mem:25.91M (Peak 37.63M) | Time:00:00.27 | Mem:0.00M, Peak:0.00M | Scene, ViewLayer | Synchronizing object | Nozzle petal seam.002
Fra:1 Mem:25.90M (Peak 37.63M) | Time:00:00.27 | Mem:0.00M, Peak:0.00M | Scene, ViewLayer | Synchronizing object | Nozzle petal seam.003
Fra:1 Mem:25.90M (Peak 37.63M) | Time:00:00.27 | Mem:0.00M, Peak:0.00M | Scene, ViewLayer | Synchronizing object | Nozzle petal seam.004
Fra:1 Mem:25.91M (Peak 37.63M) | Time:00:00.27 | Mem:0.00M, Peak:0.00M | Scene, ViewLayer | Synchronizing object | Nozzle petal seam.005
Fra:1 Mem:25.93M (Peak 37.63M) | Time:00:00.27 | Mem:0.00M, Peak:0.00M | Scene, ViewLayer | Synchronizing object | Nozzle petal seam.006
Fra:1 Mem:25.89M (Peak 37.63M) | Time:00:00.27 | Mem:0.00M, Peak:0.00M | Scene, ViewLayer | Synchronizing object | Nozzle petal seam.007
Fra:1 Mem:25.89M (Peak 37.63M) | Time:00:00.27 | Mem:0.00M, Peak:0.00M | Scene, ViewLayer | Synchronizing object | Nozzle petal seam.008
Fra:1 Mem:25.89M (Peak 37.63M) | Time:00:00.27 | Mem:0.00M, Peak:0.00M | Scene, ViewLayer | Synchronizing object | Nozzle petal seam.009
Fra:1 Mem:25.90M (Peak 37.63M) | Time:00:00.27 | Mem:0.00M, Peak:0.00M | Scene, ViewLayer | Synchronizing object | Nozzle petal seam.010
Fra:1 Mem:25.90M (Peak 37.63M) | Time:00:00.27 | Mem:0.00M, Peak:0.00M | Scene, ViewLayer | Synchronizing object | Nozzle petal seam.011
Fra:1 Mem:25.90M (Peak 37.63M) | Time:00:00.27 | Mem:0.00M, Peak:0.00M | Scene, ViewLayer | Synchronizing object | Deep ion throat
Fra:1 Mem:25.90M (Peak 37.63M) | Time:00:00.27 | Mem:0.00M, Peak:0.00M | Scene, ViewLayer | Synchronizing object | Ventral access door
Fra:1 Mem:25.91M (Peak 37.63M) | Time:00:00.27 | Mem:0.00M, Peak:0.00M | Scene, ViewLayer | Synchronizing object | Flush cooling slot
Fra:1 Mem:26.03M (Peak 37.63M) | Time:00:00.27 | Mem:0.00M, Peak:0.00M | Scene, ViewLayer | Synchronizing object | Flush cooling slot.001
Fra:1 Mem:26.01M (Peak 37.63M) | Time:00:00.27 | Mem:0.00M, Peak:0.00M | Scene, ViewLayer | Synchronizing object | Flush cooling slot.002
Fra:1 Mem:26.09M (Peak 37.63M) | Time:00:00.28 | Mem:0.00M, Peak:0.00M | Scene, ViewLayer | Synchronizing object | Blended structural fairing
Fra:1 Mem:26.09M (Peak 37.63M) | Time:00:00.28 | Mem:0.00M, Peak:0.00M | Scene, ViewLayer | Synchronizing object | Integrated propulsion nacelle.001
Fra:1 Mem:26.11M (Peak 37.63M) | Time:00:00.28 | Mem:0.00M, Peak:0.00M | Scene, ViewLayer | Synchronizing object | Contoured expansion nozzle.001
Fra:1 Mem:26.19M (Peak 37.63M) | Time:00:00.28 | Mem:0.00M, Peak:0.00M | Scene, ViewLayer | Synchronizing object | Nozzle petal seam.012
Fra:1 Mem:26.28M (Peak 37.63M) | Time:00:00.28 | Mem:0.00M, Peak:0.00M | Scene, ViewLayer | Synchronizing object | Nozzle petal seam.013
Fra:1 Mem:26.31M (Peak 37.63M) | Time:00:00.28 | Mem:0.00M, Peak:0.00M | Scene, ViewLayer | Synchronizing object | Nozzle petal seam.014
Fra:1 Mem:26.33M (Peak 37.63M) | Time:00:00.28 | Mem:0.00M, Peak:0.00M | Scene, ViewLayer | Synchronizing object | Nozzle petal seam.015
Fra:1 Mem:26.32M (Peak 37.63M) | Time:00:00.28 | Mem:0.00M, Peak:0.00M | Scene, ViewLayer | Synchronizing object | Nozzle petal seam.016
Fra:1 Mem:26.33M (Peak 37.63M) | Time:00:00.28 | Mem:0.00M, Peak:0.00M | Scene, ViewLayer | Synchronizing object | Nozzle petal seam.017
Fra:1 Mem:26.35M (Peak 37.63M) | Time:00:00.28 | Mem:0.00M, Peak:0.00M | Scene, ViewLayer | Synchronizing object | Nozzle petal seam.018
Fra:1 Mem:26.33M (Peak 37.63M) | Time:00:00.28 | Mem:0.00M, Peak:0.00M | Scene, ViewLayer | Synchronizing object | Nozzle petal seam.019
Fra:1 Mem:26.35M (Peak 37.63M) | Time:00:00.28 | Mem:0.00M, Peak:0.00M | Scene, ViewLayer | Synchronizing object | Nozzle petal seam.020
Fra:1 Mem:26.32M (Peak 37.63M) | Time:00:00.28 | Mem:0.00M, Peak:0.00M | Scene, ViewLayer | Synchronizing object | Nozzle petal seam.021
Fra:1 Mem:26.32M (Peak 37.63M) | Time:00:00.28 | Mem:0.00M, Peak:0.00M | Scene, ViewLayer | Synchronizing object | Nozzle petal seam.022
Fra:1 Mem:26.32M (Peak 37.63M) | Time:00:00.28 | Mem:0.00M, Peak:0.00M | Scene, ViewLayer | Synchronizing object | Nozzle petal seam.023
Fra:1 Mem:26.32M (Peak 37.63M) | Time:00:00.28 | Mem:0.00M, Peak:0.00M | Scene, ViewLayer | Synchronizing object | Deep ion throat.001
Fra:1 Mem:26.33M (Peak 37.63M) | Time:00:00.28 | Mem:0.00M, Peak:0.00M | Scene, ViewLayer | Synchronizing object | Flush cooling slot.003
Fra:1 Mem:26.42M (Peak 37.63M) | Time:00:00.28 | Mem:0.00M, Peak:0.00M | Scene, ViewLayer | Synchronizing object | Flush cooling slot.004
Fra:1 Mem:26.43M (Peak 37.63M) | Time:00:00.28 | Mem:0.00M, Peak:0.00M | Scene, ViewLayer | Synchronizing object | Flush cooling slot.005
Fra:1 Mem:26.51M (Peak 37.63M) | Time:00:00.29 | Mem:0.00M, Peak:0.00M | Scene, ViewLayer | Synchronizing object | Blended structural fairing.001
Fra:1 Mem:26.64M (Peak 37.63M) | Time:00:00.29 | Mem:0.00M, Peak:0.00M | Scene, ViewLayer | Initializing
Fra:1 Mem:22.74M (Peak 37.63M) | Time:00:00.30 | Mem:0.00M, Peak:0.00M | Scene, ViewLayer | Waiting for render to start
Fra:1 Mem:22.74M (Peak 37.63M) | Time:00:00.30 | Mem:0.00M, Peak:0.00M | Scene, ViewLayer | Updating Scene
Fra:1 Mem:22.74M (Peak 37.63M) | Time:00:00.30 | Mem:0.00M, Peak:0.00M | Scene, ViewLayer | Updating Shaders
Fra:1 Mem:22.74M (Peak 37.63M) | Time:00:00.30 | Mem:0.00M, Peak:0.00M | Scene, ViewLayer | Loading render kernels (may take a few minutes the first time)
Fra:1 Mem:22.82M (Peak 50.11M) | Time:00:00.40 | Mem:0.01M, Peak:0.01M | Scene, ViewLayer | Updating Procedurals
Fra:1 Mem:22.82M (Peak 50.11M) | Time:00:00.40 | Mem:0.01M, Peak:0.01M | Scene, ViewLayer | Updating Background
Fra:1 Mem:22.82M (Peak 50.11M) | Time:00:00.40 | Mem:0.01M, Peak:0.01M | Scene, ViewLayer | Updating Camera
Fra:1 Mem:22.82M (Peak 50.11M) | Time:00:00.40 | Mem:0.01M, Peak:0.01M | Scene, ViewLayer | Updating Meshes Flags
Fra:1 Mem:22.82M (Peak 50.11M) | Time:00:00.40 | Mem:0.01M, Peak:0.01M | Scene, ViewLayer | Updating Objects
Fra:1 Mem:22.82M (Peak 50.11M) | Time:00:00.40 | Mem:0.01M, Peak:0.01M | Scene, ViewLayer | Updating Objects | Copying Transformations to device
Fra:1 Mem:22.83M (Peak 50.11M) | Time:00:00.40 | Mem:0.02M, Peak:0.02M | Scene, ViewLayer | Updating Particle Systems
Fra:1 Mem:22.83M (Peak 50.11M) | Time:00:00.40 | Mem:0.02M, Peak:0.02M | Scene, ViewLayer | Updating Particle Systems | Copying Particles to device
Fra:1 Mem:22.83M (Peak 50.11M) | Time:00:00.40 | Mem:0.02M, Peak:0.02M | Scene, ViewLayer | Updating Meshes
Fra:1 Mem:22.83M (Peak 50.11M) | Time:00:00.40 | Mem:0.02M, Peak:0.02M | Scene, ViewLayer | Updating Objects | Applying Static Transformations
Fra:1 Mem:22.83M (Peak 50.11M) | Time:00:00.40 | Mem:0.02M, Peak:0.02M | Scene, ViewLayer | Updating Mesh | Computing attributes
Fra:1 Mem:23.01M (Peak 50.11M) | Time:00:00.40 | Mem:0.02M, Peak:0.02M | Scene, ViewLayer | Updating Mesh | Copying Attributes to device
Fra:1 Mem:23.01M (Peak 50.11M) | Time:00:00.40 | Mem:0.19M, Peak:0.19M | Scene, ViewLayer | Updating Geometry BVH Broad neutral key 2/1 | Building BVH
Fra:1 Mem:23.01M (Peak 50.11M) | Time:00:00.40 | Mem:0.19M, Peak:0.19M | Scene, ViewLayer | Updating Geometry BVH Contoured expansion nozzle.010 12/53 | Building BVH
Fra:1 Mem:23.01M (Peak 50.11M) | Time:00:00.40 | Mem:0.19M, Peak:0.19M | Scene, ViewLayer | Updating Geometry BVH Contoured expansion nozzle.010 12/53 | Building OptiX acceleration structure
Fra:1 Mem:23.14M (Peak 50.11M) | Time:00:00.40 | Mem:0.20M, Peak:0.20M | Scene, ViewLayer | Updating Geometry BVH Mesh 53/53 | Building BVH
Fra:1 Mem:23.17M (Peak 50.11M) | Time:00:00.40 | Mem:0.24M, Peak:0.24M | Scene, ViewLayer | Updating Geometry BVH Mesh 53/53 | Building OptiX acceleration structure
Fra:1 Mem:23.19M (Peak 50.11M) | Time:00:00.40 | Mem:0.29M, Peak:0.29M | Scene, ViewLayer | Updating Geometry BVH Nozzle petal seam.120 13/53 | Building BVH
Fra:1 Mem:23.19M (Peak 50.11M) | Time:00:00.40 | Mem:0.29M, Peak:0.29M | Scene, ViewLayer | Updating Geometry BVH Nozzle petal seam.120 13/53 | Building OptiX acceleration structure
Fra:1 Mem:23.32M (Peak 50.11M) | Time:00:00.40 | Mem:0.29M, Peak:0.29M | Scene, ViewLayer | Updating Geometry BVH Nozzle petal seam.121 14/53 | Building BVH
Fra:1 Mem:23.32M (Peak 50.11M) | Time:00:00.40 | Mem:0.30M, Peak:0.30M | Scene, ViewLayer | Updating Geometry BVH Nozzle petal seam.121 14/53 | Building OptiX acceleration structure
Fra:1 Mem:23.35M (Peak 50.11M) | Time:00:00.40 | Mem:0.55M, Peak:0.58M | Scene, ViewLayer | Updating Geometry BVH Nozzle petal seam.122 15/53 | Building BVH
Fra:1 Mem:23.35M (Peak 50.11M) | Time:00:00.40 | Mem:0.73M, Peak:0.73M | Scene, ViewLayer | Updating Geometry BVH Nozzle petal seam.122 15/53 | Building OptiX acceleration structure
Fra:1 Mem:23.27M (Peak 50.11M) | Time:00:00.40 | Mem:0.57M, Peak:0.96M | Scene, ViewLayer | Updating Geometry BVH Nozzle petal seam.123 16/53 | Building BVH
Fra:1 Mem:23.27M (Peak 50.11M) | Time:00:00.40 | Mem:0.57M, Peak:0.96M | Scene, ViewLayer | Updating Geometry BVH Nozzle petal seam.123 16/53 | Building OptiX acceleration structure
Fra:1 Mem:23.19M (Peak 50.11M) | Time:00:00.41 | Mem:0.58M, Peak:0.98M | Scene, ViewLayer | Updating Geometry BVH Nozzle petal seam.124 17/53 | Building BVH
Fra:1 Mem:23.19M (Peak 50.11M) | Time:00:00.41 | Mem:0.60M, Peak:0.98M | Scene, ViewLayer | Updating Geometry BVH Nozzle petal seam.124 17/53 | Building OptiX acceleration structure
Fra:1 Mem:23.19M (Peak 50.11M) | Time:00:00.41 | Mem:0.59M, Peak:0.98M | Scene, ViewLayer | Updating Geometry BVH Nozzle petal seam.125 18/53 | Building BVH
Fra:1 Mem:23.19M (Peak 50.11M) | Time:00:00.41 | Mem:0.59M, Peak:0.98M | Scene, ViewLayer | Updating Geometry BVH Nozzle petal seam.125 18/53 | Building OptiX acceleration structure
Fra:1 Mem:23.19M (Peak 50.11M) | Time:00:00.41 | Mem:0.59M, Peak:0.98M | Scene, ViewLayer | Updating Geometry BVH Nozzle petal seam.126 19/53 | Building BVH
Fra:1 Mem:23.19M (Peak 50.11M) | Time:00:00.41 | Mem:0.62M, Peak:0.98M | Scene, ViewLayer | Updating Geometry BVH Nozzle petal seam.126 19/53 | Building OptiX acceleration structure
Fra:1 Mem:23.18M (Peak 50.11M) | Time:00:00.41 | Mem:0.59M, Peak:0.98M | Scene, ViewLayer | Updating Geometry BVH Nozzle petal seam.127 20/53 | Building BVH
Fra:1 Mem:23.18M (Peak 50.11M) | Time:00:00.41 | Mem:0.59M, Peak:0.98M | Scene, ViewLayer | Updating Geometry BVH Nozzle petal seam.127 20/53 | Building OptiX acceleration structure
Fra:1 Mem:23.17M (Peak 50.11M) | Time:00:00.41 | Mem:0.59M, Peak:0.98M | Scene, ViewLayer | Updating Geometry BVH Nozzle petal seam.128 21/53 | Building BVH
Fra:1 Mem:23.17M (Peak 50.11M) | Time:00:00.41 | Mem:0.59M, Peak:0.98M | Scene, ViewLayer | Updating Geometry BVH Nozzle petal seam.128 21/53 | Building OptiX acceleration structure
Fra:1 Mem:23.17M (Peak 50.11M) | Time:00:00.41 | Mem:0.59M, Peak:0.98M | Scene, ViewLayer | Updating Geometry BVH Nozzle petal seam.129 22/53 | Building BVH
Fra:1 Mem:23.17M (Peak 50.11M) | Time:00:00.41 | Mem:0.60M, Peak:0.98M | Scene, ViewLayer | Updating Geometry BVH Nozzle petal seam.129 22/53 | Building OptiX acceleration structure
Fra:1 Mem:23.17M (Peak 50.11M) | Time:00:00.41 | Mem:0.59M, Peak:0.98M | Scene, ViewLayer | Updating Geometry BVH Nozzle petal seam.130 23/53 | Building BVH
Fra:1 Mem:23.17M (Peak 50.11M) | Time:00:00.41 | Mem:0.76M, Peak:0.98M | Scene, ViewLayer | Updating Geometry BVH Nozzle petal seam.130 23/53 | Building OptiX acceleration structure
Fra:1 Mem:23.14M (Peak 50.11M) | Time:00:00.41 | Mem:0.60M, Peak:0.98M | Scene, ViewLayer | Updating Geometry BVH Flush cooling slot.017 52/53 | Building BVH
Fra:1 Mem:23.14M (Peak 50.11M) | Time:00:00.41 | Mem:0.61M, Peak:0.98M | Scene, ViewLayer | Updating Geometry BVH Flush cooling slot.017 52/53 | Building OptiX acceleration structure
Fra:1 Mem:23.14M (Peak 50.11M) | Time:00:00.41 | Mem:0.60M, Peak:0.98M | Scene, ViewLayer | Updating Geometry BVH Nozzle petal seam.131 24/53 | Building BVH
Fra:1 Mem:23.14M (Peak 50.11M) | Time:00:00.41 | Mem:0.60M, Peak:0.98M | Scene, ViewLayer | Updating Geometry BVH Nozzle petal seam.131 24/53 | Building OptiX acceleration structure
Fra:1 Mem:23.01M (Peak 50.11M) | Time:00:00.41 | Mem:0.64M, Peak:1.12M | Scene, ViewLayer | Updating Geometry BVH Deep ion throat.010 25/53 | Building BVH
Fra:1 Mem:23.01M (Peak 50.11M) | Time:00:00.41 | Mem:0.65M, Peak:1.12M | Scene, ViewLayer | Updating Geometry BVH Deep ion throat.010 25/53 | Building OptiX acceleration structure
Fra:1 Mem:23.03M (Peak 50.11M) | Time:00:00.41 | Mem:0.66M, Peak:1.12M | Scene, ViewLayer | Updating Geometry BVH Deep intake duct.004 26/53 | Building BVH
Fra:1 Mem:23.03M (Peak 50.11M) | Time:00:00.41 | Mem:0.67M, Peak:1.12M | Scene, ViewLayer | Updating Geometry BVH Deep intake duct.004 26/53 | Building OptiX acceleration structure
Fra:1 Mem:23.03M (Peak 50.11M) | Time:00:00.41 | Mem:0.66M, Peak:1.12M | Scene, ViewLayer | Updating Geometry BVH Ventral access door.010 27/53 | Building BVH
Fra:1 Mem:23.03M (Peak 50.11M) | Time:00:00.41 | Mem:0.66M, Peak:1.12M | Scene, ViewLayer | Updating Geometry BVH Ventral access door.010 27/53 | Building OptiX acceleration structure
Fra:1 Mem:23.04M (Peak 50.11M) | Time:00:00.41 | Mem:0.67M, Peak:1.12M | Scene, ViewLayer | Updating Geometry BVH Flush cooling slot.012 28/53 | Building BVH
Fra:1 Mem:23.04M (Peak 50.11M) | Time:00:00.41 | Mem:0.68M, Peak:1.12M | Scene, ViewLayer | Updating Geometry BVH Flush cooling slot.012 28/53 | Building OptiX acceleration structure
Fra:1 Mem:23.04M (Peak 50.11M) | Time:00:00.41 | Mem:0.67M, Peak:1.12M | Scene, ViewLayer | Updating Geometry BVH Flush cooling slot.013 29/53 | Building BVH
Fra:1 Mem:23.04M (Peak 50.11M) | Time:00:00.41 | Mem:0.67M, Peak:1.12M | Scene, ViewLayer | Updating Geometry BVH Flush cooling slot.013 29/53 | Building OptiX acceleration structure
Fra:1 Mem:23.04M (Peak 50.11M) | Time:00:00.41 | Mem:0.67M, Peak:1.12M | Scene, ViewLayer | Updating Geometry BVH Flush cooling slot.014 30/53 | Building BVH
Fra:1 Mem:23.04M (Peak 50.11M) | Time:00:00.41 | Mem:0.68M, Peak:1.12M | Scene, ViewLayer | Updating Geometry BVH Flush cooling slot.014 30/53 | Building OptiX acceleration structure
Fra:1 Mem:23.04M (Peak 50.11M) | Time:00:00.41 | Mem:0.67M, Peak:1.12M | Scene, ViewLayer | Updating Geometry BVH Mesh 31/53 | Building BVH
Fra:1 Mem:23.04M (Peak 50.11M) | Time:00:00.41 | Mem:0.68M, Peak:1.12M | Scene, ViewLayer | Updating Geometry BVH Mesh 31/53 | Building OptiX acceleration structure
Fra:1 Mem:23.07M (Peak 50.11M) | Time:00:00.42 | Mem:0.71M, Peak:1.12M | Scene, ViewLayer | Updating Geometry BVH Integrated lifting hull.005 32/53 | Building BVH
Fra:1 Mem:23.07M (Peak 50.11M) | Time:00:00.42 | Mem:0.71M, Peak:1.12M | Scene, ViewLayer | Updating Geometry BVH Integrated lifting hull.005 32/53 | Building OptiX acceleration structure
Fra:1 Mem:23.09M (Peak 50.11M) | Time:00:00.42 | Mem:0.72M, Peak:1.12M | Scene, ViewLayer | Updating Geometry BVH Integrated propulsion nacelle.005 33/53 | Building BVH
Fra:1 Mem:23.09M (Peak 50.11M) | Time:00:00.42 | Mem:0.73M, Peak:1.12M | Scene, ViewLayer | Updating Geometry BVH Integrated propulsion nacelle.005 33/53 | Building OptiX acceleration structure
Fra:1 Mem:23.09M (Peak 50.11M) | Time:00:00.42 | Mem:0.73M, Peak:1.12M | Scene, ViewLayer | Updating Geometry BVH Contoured expansion nozzle.011 34/53 | Building BVH
Fra:1 Mem:23.09M (Peak 50.11M) | Time:00:00.42 | Mem:0.74M, Peak:1.12M | Scene, ViewLayer | Updating Geometry BVH Contoured expansion nozzle.011 34/53 | Building OptiX acceleration structure
Fra:1 Mem:23.10M (Peak 50.11M) | Time:00:00.42 | Mem:0.74M, Peak:1.12M | Scene, ViewLayer | Updating Geometry BVH Flush cooling slot.016 51/53 | Building BVH
Fra:1 Mem:23.10M (Peak 50.11M) | Time:00:00.42 | Mem:0.74M, Peak:1.12M | Scene, ViewLayer | Updating Geometry BVH Flush cooling slot.016 51/53 | Building OptiX acceleration structure
Fra:1 Mem:23.10M (Peak 50.11M) | Time:00:00.42 | Mem:0.74M, Peak:1.12M | Scene, ViewLayer | Updating Geometry BVH Nozzle petal seam.132 35/53 | Building BVH
Fra:1 Mem:23.10M (Peak 50.11M) | Time:00:00.42 | Mem:0.74M, Peak:1.12M | Scene, ViewLayer | Updating Geometry BVH Nozzle petal seam.132 35/53 | Building OptiX acceleration structure
Fra:1 Mem:23.08M (Peak 50.11M) | Time:00:00.42 | Mem:0.73M, Peak:1.12M | Scene, ViewLayer | Updating Geometry BVH Nozzle petal seam.133 36/53 | Building BVH
Fra:1 Mem:23.08M (Peak 50.11M) | Time:00:00.42 | Mem:0.73M, Peak:1.12M | Scene, ViewLayer | Updating Geometry BVH Nozzle petal seam.133 36/53 | Building OptiX acceleration structure
Fra:1 Mem:23.08M (Peak 50.11M) | Time:00:00.42 | Mem:0.74M, Peak:1.12M | Scene, ViewLayer | Updating Geometry BVH Nozzle petal seam.134 37/53 | Building BVH
Fra:1 Mem:23.08M (Peak 50.11M) | Time:00:00.42 | Mem:0.75M, Peak:1.12M | Scene, ViewLayer | Updating Geometry BVH Nozzle petal seam.134 37/53 | Building OptiX acceleration structure
Fra:1 Mem:23.07M (Peak 50.11M) | Time:00:00.42 | Mem:0.73M, Peak:1.12M | Scene, ViewLayer | Updating Geometry BVH Nozzle petal seam.135 38/53 | Building BVH
Fra:1 Mem:23.07M (Peak 50.11M) | Time:00:00.42 | Mem:0.73M, Peak:1.12M | Scene, ViewLayer | Updating Geometry BVH Nozzle petal seam.135 38/53 | Building OptiX acceleration structure
Fra:1 Mem:23.07M (Peak 50.11M) | Time:00:00.42 | Mem:0.73M, Peak:1.12M | Scene, ViewLayer | Updating Geometry BVH Nozzle petal seam.136 39/53 | Building BVH
Fra:1 Mem:23.07M (Peak 50.11M) | Time:00:00.42 | Mem:0.74M, Peak:1.12M | Scene, ViewLayer | Updating Geometry BVH Nozzle petal seam.136 39/53 | Building OptiX acceleration structure
Fra:1 Mem:23.07M (Peak 50.11M) | Time:00:00.42 | Mem:0.74M, Peak:1.12M | Scene, ViewLayer | Updating Geometry BVH Nozzle petal seam.137 40/53 | Building BVH
Fra:1 Mem:23.07M (Peak 50.11M) | Time:00:00.42 | Mem:0.74M, Peak:1.12M | Scene, ViewLayer | Updating Geometry BVH Nozzle petal seam.137 40/53 | Building OptiX acceleration structure
Fra:1 Mem:23.07M (Peak 50.11M) | Time:00:00.42 | Mem:0.74M, Peak:1.12M | Scene, ViewLayer | Updating Geometry BVH Nozzle petal seam.138 41/53 | Building BVH
Fra:1 Mem:23.07M (Peak 50.11M) | Time:00:00.42 | Mem:0.91M, Peak:1.12M | Scene, ViewLayer | Updating Geometry BVH Nozzle petal seam.138 41/53 | Building OptiX acceleration structure
Fra:1 Mem:23.04M (Peak 50.11M) | Time:00:00.42 | Mem:0.75M, Peak:1.12M | Scene, ViewLayer | Updating Geometry BVH Nozzle petal seam.139 42/53 | Building BVH
Fra:1 Mem:23.04M (Peak 50.11M) | Time:00:00.42 | Mem:0.78M, Peak:1.12M | Scene, ViewLayer | Updating Geometry BVH Nozzle petal seam.139 42/53 | Building OptiX acceleration structure
Fra:1 Mem:23.02M (Peak 50.11M) | Time:00:00.42 | Mem:0.74M, Peak:1.12M | Scene, ViewLayer | Updating Geometry BVH Nozzle petal seam.140 43/53 | Building BVH
Fra:1 Mem:23.02M (Peak 50.11M) | Time:00:00.42 | Mem:0.78M, Peak:1.12M | Scene, ViewLayer | Updating Geometry BVH Nozzle petal seam.140 43/53 | Building OptiX acceleration structure
Fra:1 Mem:23.02M (Peak 50.11M) | Time:00:00.43 | Mem:0.75M, Peak:1.12M | Scene, ViewLayer | Updating Geometry BVH Nozzle petal seam.141 44/53 | Building BVH
Fra:1 Mem:23.02M (Peak 50.11M) | Time:00:00.43 | Mem:0.75M, Peak:1.12M | Scene, ViewLayer | Updating Geometry BVH Nozzle petal seam.141 44/53 | Building OptiX acceleration structure
Fra:1 Mem:23.01M (Peak 50.11M) | Time:00:00.43 | Mem:0.75M, Peak:1.12M | Scene, ViewLayer | Updating Geometry BVH Nozzle petal seam.142 45/53 | Building BVH
Fra:1 Mem:23.01M (Peak 50.11M) | Time:00:00.43 | Mem:0.75M, Peak:1.12M | Scene, ViewLayer | Updating Geometry BVH Nozzle petal seam.142 45/53 | Building OptiX acceleration structure
Fra:1 Mem:23.01M (Peak 50.11M) | Time:00:00.43 | Mem:0.75M, Peak:1.12M | Scene, ViewLayer | Updating Geometry BVH Flush cooling slot.015 50/53 | Building BVH
Fra:1 Mem:23.01M (Peak 50.11M) | Time:00:00.43 | Mem:0.75M, Peak:1.12M | Scene, ViewLayer | Updating Geometry BVH Flush cooling slot.015 50/53 | Building OptiX acceleration structure
Fra:1 Mem:23.01M (Peak 50.11M) | Time:00:00.43 | Mem:0.75M, Peak:1.12M | Scene, ViewLayer | Updating Geometry BVH Nozzle petal seam.143 46/53 | Building BVH
Fra:1 Mem:23.01M (Peak 50.11M) | Time:00:00.43 | Mem:0.75M, Peak:1.12M | Scene, ViewLayer | Updating Geometry BVH Nozzle petal seam.143 46/53 | Building OptiX acceleration structure
Fra:1 Mem:23.01M (Peak 50.11M) | Time:00:00.43 | Mem:0.75M, Peak:1.12M | Scene, ViewLayer | Updating Geometry BVH Deep ion throat.011 47/53 | Building BVH
Fra:1 Mem:23.01M (Peak 50.11M) | Time:00:00.43 | Mem:0.76M, Peak:1.12M | Scene, ViewLayer | Updating Geometry BVH Deep ion throat.011 47/53 | Building OptiX acceleration structure
Fra:1 Mem:23.03M (Peak 50.11M) | Time:00:00.43 | Mem:0.77M, Peak:1.12M | Scene, ViewLayer | Updating Geometry BVH Deep intake duct.005 48/53 | Building BVH
Fra:1 Mem:23.03M (Peak 50.11M) | Time:00:00.43 | Mem:0.78M, Peak:1.12M | Scene, ViewLayer | Updating Geometry BVH Deep intake duct.005 48/53 | Building OptiX acceleration structure
Fra:1 Mem:23.03M (Peak 50.11M) | Time:00:00.43 | Mem:0.78M, Peak:1.12M | Scene, ViewLayer | Updating Geometry BVH Ventral access door.011 49/53 | Building BVH
Fra:1 Mem:23.03M (Peak 50.11M) | Time:00:00.43 | Mem:0.78M, Peak:1.12M | Scene, ViewLayer | Updating Geometry BVH Ventral access door.011 49/53 | Building OptiX acceleration structure
Fra:1 Mem:23.01M (Peak 50.11M) | Time:00:00.43 | Mem:0.78M, Peak:1.12M | Scene, ViewLayer | Updating Scene BVH | Building
Fra:1 Mem:23.01M (Peak 50.11M) | Time:00:00.43 | Mem:0.78M, Peak:1.12M | Scene, ViewLayer | Updating Scene BVH | Building OptiX acceleration structure
Fra:1 Mem:23.01M (Peak 50.11M) | Time:00:00.44 | Mem:0.79M, Peak:1.12M | Scene, ViewLayer | Updating Scene BVH | Copying BVH to device
Fra:1 Mem:23.01M (Peak 50.11M) | Time:00:00.44 | Mem:0.79M, Peak:1.12M | Scene, ViewLayer | Updating Mesh | Computing normals
Fra:1 Mem:23.69M (Peak 50.11M) | Time:00:00.44 | Mem:0.79M, Peak:1.12M | Scene, ViewLayer | Updating Mesh | Copying Mesh to device
Fra:1 Mem:23.69M (Peak 50.11M) | Time:00:00.44 | Mem:1.48M, Peak:1.48M | Scene, ViewLayer | Updating Objects Flags
Fra:1 Mem:23.69M (Peak 50.11M) | Time:00:00.44 | Mem:1.48M, Peak:1.48M | Scene, ViewLayer | Updating Primitive Offsets
Fra:1 Mem:23.69M (Peak 50.11M) | Time:00:00.44 | Mem:1.48M, Peak:1.48M | Scene, ViewLayer | Updating Images
Fra:1 Mem:23.69M (Peak 50.11M) | Time:00:00.44 | Mem:1.48M, Peak:1.48M | Scene, ViewLayer | Updating Camera Volume
Fra:1 Mem:23.69M (Peak 50.11M) | Time:00:00.44 | Mem:1.48M, Peak:1.48M | Scene, ViewLayer | Updating Lookup Tables
Fra:1 Mem:23.69M (Peak 50.11M) | Time:00:00.44 | Mem:1.56M, Peak:1.56M | Scene, ViewLayer | Updating Lights
Fra:1 Mem:23.69M (Peak 50.11M) | Time:00:00.44 | Mem:1.56M, Peak:1.56M | Scene, ViewLayer | Updating Lights | Computing tree
Fra:1 Mem:23.69M (Peak 50.11M) | Time:00:00.44 | Mem:1.56M, Peak:1.56M | Scene, ViewLayer | Updating Integrator
Fra:1 Mem:23.69M (Peak 50.11M) | Time:00:00.44 | Mem:1.56M, Peak:1.56M | Scene, ViewLayer | Updating Film
Fra:1 Mem:23.70M (Peak 50.11M) | Time:00:00.44 | Mem:1.48M, Peak:1.56M | Scene, ViewLayer | Updating Lookup Tables
Fra:1 Mem:23.70M (Peak 50.11M) | Time:00:00.44 | Mem:1.56M, Peak:1.56M | Scene, ViewLayer | Updating Baking
Fra:1 Mem:23.70M (Peak 50.11M) | Time:00:00.44 | Mem:1.56M, Peak:1.56M | Scene, ViewLayer | Updating Device | Writing constant memory
Fra:1 Mem:23.70M (Peak 50.11M) | Time:00:00.44 | Mem:1.56M, Peak:1.56M | Scene, ViewLayer | Loading denoising kernels (may take a few minutes the first time)
Fra:1 Mem:27.70M (Peak 50.11M) | Time:00:00.45 | Mem:353.57M, Peak:353.57M | Scene, ViewLayer | Sample 0/24
Fra:1 Mem:74.67M (Peak 74.67M) | Time:00:00.47 | Remaining:00:00.47 | Mem:400.53M, Peak:400.53M | Scene, ViewLayer | Sample 1/24
Fra:1 Mem:94.45M (Peak 124.12M) | Time:00:03.13 | Mem:400.54M, Peak:400.54M | Scene, ViewLayer | Sample 24/24
Fra:1 Mem:94.45M (Peak 124.12M) | Time:00:03.13 | Mem:400.54M, Peak:400.54M | Scene, ViewLayer | Finished
Saved: 'D:\vibe-coding-e\nova-swarm-forum-129-improvements-20260822\docs\fleet-art-v2\ships\05\clay.png'
Time: 00:03.42 (Saving: 00:00.10)

Fra:1 Mem:23.94M (Peak 23.94M) | Time:00:00.18 | Mem:0.00M, Peak:0.00M | Scene, ViewLayer | Synchronizing object | Broad neutral key
Fra:1 Mem:23.94M (Peak 23.94M) | Time:00:00.18 | Mem:0.00M, Peak:0.00M | Scene, ViewLayer | Synchronizing object | Neutral fill
Fra:1 Mem:24.26M (Peak 24.26M) | Time:00:00.25 | Mem:0.00M, Peak:0.00M | Scene, ViewLayer | Synchronizing object | Continuous pressure fuselage
Fra:1 Mem:24.96M (Peak 24.96M) | Time:00:00.29 | Mem:0.00M, Peak:0.00M | Scene, ViewLayer | Synchronizing object | Cockpit integrated coaming
Fra:1 Mem:25.49M (Peak 25.49M) | Time:00:00.34 | Mem:0.00M, Peak:0.00M | Scene, ViewLayer | Synchronizing object | Pressure canopy glazing
Fra:1 Mem:25.49M (Peak 25.49M) | Time:00:00.34 | Mem:0.00M, Peak:0.00M | Scene, ViewLayer | Synchronizing object | Canopy lower frame
Fra:1 Mem:25.73M (Peak 25.73M) | Time:00:00.34 | Mem:0.00M, Peak:0.00M | Scene, ViewLayer | Synchronizing object | Canopy lower frame.001
Fra:1 Mem:25.77M (Peak 25.77M) | Time:00:00.34 | Mem:0.00M, Peak:0.00M | Scene, ViewLayer | Synchronizing object | Canopy pressure bow
Fra:1 Mem:25.78M (Peak 25.78M) | Time:00:00.34 | Mem:0.00M, Peak:0.00M | Scene, ViewLayer | Synchronizing object | Integrated lifting hull
Fra:1 Mem:25.81M (Peak 25.81M) | Time:00:00.34 | Mem:0.00M, Peak:0.00M | Scene, ViewLayer | Synchronizing object | Contoured expansion nozzle
Fra:1 Mem:25.85M (Peak 25.85M) | Time:00:00.34 | Mem:0.00M, Peak:0.00M | Scene, ViewLayer | Synchronizing object | Nozzle petal seam
Fra:1 Mem:25.92M (Peak 25.92M) | Time:00:00.34 | Mem:0.00M, Peak:0.00M | Scene, ViewLayer | Synchronizing object | Nozzle petal seam.001
Fra:1 Mem:25.93M (Peak 25.93M) | Time:00:00.34 | Mem:0.00M, Peak:0.00M | Scene, ViewLayer | Synchronizing object | Nozzle petal seam.002
Fra:1 Mem:25.92M (Peak 25.93M) | Time:00:00.34 | Mem:0.00M, Peak:0.00M | Scene, ViewLayer | Synchronizing object | Nozzle petal seam.003
Fra:1 Mem:25.92M (Peak 25.93M) | Time:00:00.34 | Mem:0.00M, Peak:0.00M | Scene, ViewLayer | Synchronizing object | Nozzle petal seam.004
Fra:1 Mem:25.93M (Peak 25.93M) | Time:00:00.34 | Mem:0.00M, Peak:0.00M | Scene, ViewLayer | Synchronizing object | Nozzle petal seam.005
Fra:1 Mem:25.97M (Peak 25.97M) | Time:00:00.34 | Mem:0.00M, Peak:0.00M | Scene, ViewLayer | Synchronizing object | Nozzle petal seam.006
Fra:1 Mem:25.91M (Peak 25.97M) | Time:00:00.34 | Mem:0.00M, Peak:0.00M | Scene, ViewLayer | Synchronizing object | Nozzle petal seam.007
Fra:1 Mem:25.91M (Peak 25.97M) | Time:00:00.34 | Mem:0.00M, Peak:0.00M | Scene, ViewLayer | Synchronizing object | Nozzle petal seam.008
Fra:1 Mem:25.92M (Peak 25.97M) | Time:00:00.34 | Mem:0.00M, Peak:0.00M | Scene, ViewLayer | Synchronizing object | Nozzle petal seam.009
Fra:1 Mem:25.92M (Peak 25.97M) | Time:00:00.34 | Mem:0.00M, Peak:0.00M | Scene, ViewLayer | Synchronizing object | Nozzle petal seam.010
Fra:1 Mem:25.92M (Peak 25.97M) | Time:00:00.34 | Mem:0.00M, Peak:0.00M | Scene, ViewLayer | Synchronizing object | Nozzle petal seam.011
Fra:1 Mem:25.92M (Peak 25.97M) | Time:00:00.34 | Mem:0.00M, Peak:0.00M | Scene, ViewLayer | Synchronizing object | Deep ion throat
Fra:1 Mem:25.92M (Peak 25.97M) | Time:00:00.34 | Mem:0.00M, Peak:0.00M | Scene, ViewLayer | Synchronizing object | Flush cooling slot
Fra:1 Mem:25.93M (Peak 25.97M) | Time:00:00.34 | Mem:0.00M, Peak:0.00M | Scene, ViewLayer | Synchronizing object | Ventral access door
Fra:1 Mem:25.93M (Peak 25.97M) | Time:00:00.34 | Mem:0.00M, Peak:0.00M | Scene, ViewLayer | Synchronizing object | Flush cooling slot.001
Fra:1 Mem:26.02M (Peak 26.02M) | Time:00:00.34 | Mem:0.00M, Peak:0.00M | Scene, ViewLayer | Synchronizing object | Flush cooling slot.002
Fra:1 Mem:26.10M (Peak 26.10M) | Time:00:00.36 | Mem:0.00M, Peak:0.00M | Scene, ViewLayer | Synchronizing object | Blended structural fairing
Fra:1 Mem:26.10M (Peak 26.10M) | Time:00:00.36 | Mem:0.00M, Peak:0.00M | Scene, ViewLayer | Synchronizing object | Integrated propulsion nacelle.001
Fra:1 Mem:26.14M (Peak 26.14M) | Time:00:00.36 | Mem:0.00M, Peak:0.00M | Scene, ViewLayer | Synchronizing object | Nozzle petal seam.012
Fra:1 Mem:26.31M (Peak 26.31M) | Time:00:00.36 | Mem:0.00M, Peak:0.00M | Scene, ViewLayer | Synchronizing object | Nozzle petal seam.013
Fra:1 Mem:26.33M (Peak 26.33M) | Time:00:00.36 | Mem:0.00M, Peak:0.00M | Scene, ViewLayer | Synchronizing object | Nozzle petal seam.014
Fra:1 Mem:26.33M (Peak 26.33M) | Time:00:00.36 | Mem:0.00M, Peak:0.00M | Scene, ViewLayer | Synchronizing object | Nozzle petal seam.015
Fra:1 Mem:26.33M (Peak 26.33M) | Time:00:00.36 | Mem:0.00M, Peak:0.00M | Scene, ViewLayer | Synchronizing object | Nozzle petal seam.016
Fra:1 Mem:26.32M (Peak 26.33M) | Time:00:00.36 | Mem:0.00M, Peak:0.00M | Scene, ViewLayer | Synchronizing object | Nozzle petal seam.017
Fra:1 Mem:26.32M (Peak 26.33M) | Time:00:00.36 | Mem:0.00M, Peak:0.00M | Scene, ViewLayer | Synchronizing object | Nozzle petal seam.018
Fra:1 Mem:26.32M (Peak 26.33M) | Time:00:00.36 | Mem:0.00M, Peak:0.00M | Scene, ViewLayer | Synchronizing object | Nozzle petal seam.019
Fra:1 Mem:26.32M (Peak 26.33M) | Time:00:00.36 | Mem:0.00M, Peak:0.00M | Scene, ViewLayer | Synchronizing object | Nozzle petal seam.020
Fra:1 Mem:26.32M (Peak 26.33M) | Time:00:00.36 | Mem:0.00M, Peak:0.00M | Scene, ViewLayer | Synchronizing object | Nozzle petal seam.021
Fra:1 Mem:26.32M (Peak 26.33M) | Time:00:00.36 | Mem:0.00M, Peak:0.00M | Scene, ViewLayer | Synchronizing object | Nozzle petal seam.022
Fra:1 Mem:26.33M (Peak 26.33M) | Time:00:00.36 | Mem:0.00M, Peak:0.00M | Scene, ViewLayer | Synchronizing object | Nozzle petal seam.023
Fra:1 Mem:26.33M (Peak 26.33M) | Time:00:00.36 | Mem:0.00M, Peak:0.00M | Scene, ViewLayer | Synchronizing object | Deep ion throat.001
Fra:1 Mem:26.33M (Peak 26.33M) | Time:00:00.36 | Mem:0.00M, Peak:0.00M | Scene, ViewLayer | Synchronizing object | Ventral access door.001
Fra:1 Mem:26.43M (Peak 26.43M) | Time:00:00.36 | Mem:0.00M, Peak:0.00M | Scene, ViewLayer | Synchronizing object | Flush cooling slot.004
Fra:1 Mem:26.45M (Peak 26.45M) | Time:00:00.36 | Mem:0.00M, Peak:0.00M | Scene, ViewLayer | Synchronizing object | Flush cooling slot.005
Fra:1 Mem:26.51M (Peak 26.51M) | Time:00:00.37 | Mem:0.00M, Peak:0.00M | Scene, ViewLayer | Synchronizing object | Blended structural fairing.001
Fra:1 Mem:26.64M (Peak 26.64M) | Time:00:00.37 | Mem:0.00M, Peak:0.00M | Scene, ViewLayer | Initializing
Fra:1 Mem:22.74M (Peak 26.64M) | Time:00:00.38 | Mem:0.00M, Peak:0.00M | Scene, ViewLayer | Waiting for render to start
Fra:1 Mem:22.74M (Peak 26.64M) | Time:00:00.38 | Mem:0.00M, Peak:0.00M | Scene, ViewLayer | Updating Scene
Fra:1 Mem:22.74M (Peak 26.64M) | Time:00:00.38 | Mem:0.00M, Peak:0.00M | Scene, ViewLayer | Updating Shaders
Fra:1 Mem:22.74M (Peak 26.64M) | Time:00:00.38 | Mem:0.00M, Peak:0.00M | Scene, ViewLayer | Loading render kernels (may take a few minutes the first time)
Fra:1 Mem:22.82M (Peak 50.11M) | Time:00:00.52 | Mem:0.01M, Peak:0.01M | Scene, ViewLayer | Updating Procedurals
Fra:1 Mem:22.82M (Peak 50.11M) | Time:00:00.52 | Mem:0.01M, Peak:0.01M | Scene, ViewLayer | Updating Background
Fra:1 Mem:22.82M (Peak 50.11M) | Time:00:00.52 | Mem:0.01M, Peak:0.01M | Scene, ViewLayer | Updating Camera
Fra:1 Mem:22.82M (Peak 50.11M) | Time:00:00.52 | Mem:0.01M, Peak:0.01M | Scene, ViewLayer | Updating Meshes Flags
Fra:1 Mem:22.82M (Peak 50.11M) | Time:00:00.52 | Mem:0.01M, Peak:0.01M | Scene, ViewLayer | Updating Objects
Fra:1 Mem:22.82M (Peak 50.11M) | Time:00:00.52 | Mem:0.01M, Peak:0.01M | Scene, ViewLayer | Updating Objects | Copying Transformations to device
Fra:1 Mem:22.83M (Peak 50.11M) | Time:00:00.52 | Mem:0.02M, Peak:0.02M | Scene, ViewLayer | Updating Particle Systems
Fra:1 Mem:22.83M (Peak 50.11M) | Time:00:00.52 | Mem:0.02M, Peak:0.02M | Scene, ViewLayer | Updating Particle Systems | Copying Particles to device
Fra:1 Mem:22.83M (Peak 50.11M) | Time:00:00.52 | Mem:0.02M, Peak:0.02M | Scene, ViewLayer | Updating Meshes
Fra:1 Mem:22.83M (Peak 50.11M) | Time:00:00.52 | Mem:0.02M, Peak:0.02M | Scene, ViewLayer | Updating Objects | Applying Static Transformations
Fra:1 Mem:22.83M (Peak 50.11M) | Time:00:00.52 | Mem:0.02M, Peak:0.02M | Scene, ViewLayer | Updating Mesh | Computing attributes
Fra:1 Mem:23.01M (Peak 50.11M) | Time:00:00.52 | Mem:0.02M, Peak:0.02M | Scene, ViewLayer | Updating Mesh | Copying Attributes to device
Fra:1 Mem:23.01M (Peak 50.11M) | Time:00:00.52 | Mem:0.19M, Peak:0.19M | Scene, ViewLayer | Updating Geometry BVH Broad neutral key 2/1 | Building BVH
Fra:1 Mem:23.01M (Peak 50.11M) | Time:00:00.52 | Mem:0.19M, Peak:0.19M | Scene, ViewLayer | Updating Geometry BVH Mesh 4/53 | Building BVH
Fra:1 Mem:23.01M (Peak 50.11M) | Time:00:00.52 | Mem:0.19M, Peak:0.19M | Scene, ViewLayer | Updating Geometry BVH Integrated propulsion nacelle.004 11/53 | Building BVH
Fra:1 Mem:23.01M (Peak 50.11M) | Time:00:00.52 | Mem:0.19M, Peak:0.19M | Scene, ViewLayer | Updating Geometry BVH Contoured expansion nozzle.010 12/53 | Building OptiX acceleration structure
Fra:1 Mem:23.10M (Peak 50.11M) | Time:00:00.52 | Mem:0.20M, Peak:0.20M | Scene, ViewLayer | Updating Geometry BVH Nozzle petal seam.120 13/53 | Building BVH
Fra:1 Mem:23.22M (Peak 50.11M) | Time:00:00.52 | Mem:0.24M, Peak:0.24M | Scene, ViewLayer | Updating Geometry BVH Nozzle petal seam.120 13/53 | Building OptiX acceleration structure
Fra:1 Mem:23.22M (Peak 50.11M) | Time:00:00.52 | Mem:0.25M, Peak:0.25M | Scene, ViewLayer | Updating Geometry BVH Nozzle petal seam.121 14/53 | Building BVH
Fra:1 Mem:23.22M (Peak 50.11M) | Time:00:00.52 | Mem:0.25M, Peak:0.25M | Scene, ViewLayer | Updating Geometry BVH Nozzle petal seam.121 14/53 | Building OptiX acceleration structure
Fra:1 Mem:23.24M (Peak 50.11M) | Time:00:00.52 | Mem:0.36M, Peak:0.36M | Scene, ViewLayer | Updating Geometry BVH Mesh 53/53 | Building BVH
Fra:1 Mem:23.24M (Peak 50.11M) | Time:00:00.52 | Mem:0.36M, Peak:0.36M | Scene, ViewLayer | Updating Geometry BVH Mesh 53/53 | Building OptiX acceleration structure
Fra:1 Mem:23.35M (Peak 50.11M) | Time:00:00.52 | Mem:0.55M, Peak:0.57M | Scene, ViewLayer | Updating Geometry BVH Nozzle petal seam.122 15/53 | Building BVH
Fra:1 Mem:23.35M (Peak 50.11M) | Time:00:00.52 | Mem:0.55M, Peak:0.57M | Scene, ViewLayer | Updating Geometry BVH Nozzle petal seam.122 15/53 | Building OptiX acceleration structure
Fra:1 Mem:23.35M (Peak 50.11M) | Time:00:00.52 | Mem:0.55M, Peak:0.57M | Scene, ViewLayer | Updating Geometry BVH Nozzle petal seam.123 16/53 | Building BVH
Fra:1 Mem:23.35M (Peak 50.11M) | Time:00:00.52 | Mem:0.96M, Peak:0.96M | Scene, ViewLayer | Updating Geometry BVH Nozzle petal seam.123 16/53 | Building OptiX acceleration structure
Fra:1 Mem:23.27M (Peak 50.11M) | Time:00:00.52 | Mem:0.57M, Peak:0.96M | Scene, ViewLayer | Updating Geometry BVH Nozzle petal seam.124 17/53 | Building BVH
Fra:1 Mem:23.27M (Peak 50.11M) | Time:00:00.52 | Mem:0.60M, Peak:0.96M | Scene, ViewLayer | Updating Geometry BVH Nozzle petal seam.124 17/53 | Building OptiX acceleration structure
Fra:1 Mem:23.26M (Peak 50.11M) | Time:00:00.52 | Mem:0.56M, Peak:0.96M | Scene, ViewLayer | Updating Geometry BVH Nozzle petal seam.125 18/53 | Building BVH
Fra:1 Mem:23.26M (Peak 50.11M) | Time:00:00.52 | Mem:0.57M, Peak:0.96M | Scene, ViewLayer | Updating Geometry BVH Nozzle petal seam.125 18/53 | Building OptiX acceleration structure
Fra:1 Mem:23.26M (Peak 50.11M) | Time:00:00.52 | Mem:0.57M, Peak:0.96M | Scene, ViewLayer | Updating Geometry BVH Nozzle petal seam.126 19/53 | Building BVH
Fra:1 Mem:23.26M (Peak 50.11M) | Time:00:00.52 | Mem:0.57M, Peak:0.96M | Scene, ViewLayer | Updating Geometry BVH Nozzle petal seam.126 19/53 | Building OptiX acceleration structure
Fra:1 Mem:23.26M (Peak 50.11M) | Time:00:00.53 | Mem:0.57M, Peak:0.96M | Scene, ViewLayer | Updating Geometry BVH Nozzle petal seam.127 20/53 | Building BVH
Fra:1 Mem:23.26M (Peak 50.11M) | Time:00:00.53 | Mem:0.57M, Peak:0.96M | Scene, ViewLayer | Updating Geometry BVH Nozzle petal seam.127 20/53 | Building OptiX acceleration structure
Fra:1 Mem:23.13M (Peak 50.11M) | Time:00:00.53 | Mem:0.60M, Peak:1.08M | Scene, ViewLayer | Updating Geometry BVH Nozzle petal seam.128 21/53 | Building BVH
Fra:1 Mem:23.13M (Peak 50.11M) | Time:00:00.53 | Mem:0.60M, Peak:1.08M | Scene, ViewLayer | Updating Geometry BVH Nozzle petal seam.128 21/53 | Building OptiX acceleration structure
Fra:1 Mem:23.13M (Peak 50.11M) | Time:00:00.53 | Mem:0.60M, Peak:1.08M | Scene, ViewLayer | Updating Geometry BVH Nozzle petal seam.129 22/53 | Building BVH
Fra:1 Mem:23.13M (Peak 50.11M) | Time:00:00.53 | Mem:0.64M, Peak:1.08M | Scene, ViewLayer | Updating Geometry BVH Nozzle petal seam.129 22/53 | Building OptiX acceleration structure
Fra:1 Mem:23.12M (Peak 50.11M) | Time:00:00.53 | Mem:0.61M, Peak:1.08M | Scene, ViewLayer | Updating Geometry BVH Nozzle petal seam.130 23/53 | Building BVH
Fra:1 Mem:23.12M (Peak 50.11M) | Time:00:00.53 | Mem:0.61M, Peak:1.08M | Scene, ViewLayer | Updating Geometry BVH Nozzle petal seam.130 23/53 | Building OptiX acceleration structure
Fra:1 Mem:23.12M (Peak 50.11M) | Time:00:00.53 | Mem:0.61M, Peak:1.08M | Scene, ViewLayer | Updating Geometry BVH Nozzle petal seam.131 24/53 | Building BVH
Fra:1 Mem:23.12M (Peak 50.11M) | Time:00:00.53 | Mem:0.78M, Peak:1.08M | Scene, ViewLayer | Updating Geometry BVH Nozzle petal seam.131 24/53 | Building OptiX acceleration structure
Fra:1 Mem:23.09M (Peak 50.11M) | Time:00:00.53 | Mem:0.62M, Peak:1.08M | Scene, ViewLayer | Updating Geometry BVH Flush cooling slot.017 52/53 | Building BVH
Fra:1 Mem:23.09M (Peak 50.11M) | Time:00:00.53 | Mem:1.03M, Peak:1.08M | Scene, ViewLayer | Updating Geometry BVH Flush cooling slot.017 52/53 | Building OptiX acceleration structure
Fra:1 Mem:23.01M (Peak 50.11M) | Time:00:00.53 | Mem:0.64M, Peak:1.08M | Scene, ViewLayer | Updating Geometry BVH Deep ion throat.010 25/53 | Building BVH
Fra:1 Mem:23.01M (Peak 50.11M) | Time:00:00.53 | Mem:0.64M, Peak:1.08M | Scene, ViewLayer | Updating Geometry BVH Deep ion throat.010 25/53 | Building OptiX acceleration structure
Fra:1 Mem:23.03M (Peak 50.11M) | Time:00:00.53 | Mem:0.66M, Peak:1.08M | Scene, ViewLayer | Updating Geometry BVH Deep intake duct.004 26/53 | Building BVH
Fra:1 Mem:23.03M (Peak 50.11M) | Time:00:00.53 | Mem:0.66M, Peak:1.08M | Scene, ViewLayer | Updating Geometry BVH Deep intake duct.004 26/53 | Building OptiX acceleration structure
Fra:1 Mem:23.03M (Peak 50.11M) | Time:00:00.53 | Mem:0.66M, Peak:1.08M | Scene, ViewLayer | Updating Geometry BVH Ventral access door.010 27/53 | Building BVH
Fra:1 Mem:23.03M (Peak 50.11M) | Time:00:00.53 | Mem:0.67M, Peak:1.08M | Scene, ViewLayer | Updating Geometry BVH Ventral access door.010 27/53 | Building OptiX acceleration structure
Fra:1 Mem:23.04M (Peak 50.11M) | Time:00:00.53 | Mem:0.67M, Peak:1.08M | Scene, ViewLayer | Updating Geometry BVH Flush cooling slot.012 28/53 | Building BVH
Fra:1 Mem:23.04M (Peak 50.11M) | Time:00:00.53 | Mem:0.68M, Peak:1.08M | Scene, ViewLayer | Updating Geometry BVH Flush cooling slot.012 28/53 | Building OptiX acceleration structure
Fra:1 Mem:23.04M (Peak 50.11M) | Time:00:00.53 | Mem:0.67M, Peak:1.08M | Scene, ViewLayer | Updating Geometry BVH Flush cooling slot.013 29/53 | Building BVH
Fra:1 Mem:23.04M (Peak 50.11M) | Time:00:00.53 | Mem:0.68M, Peak:1.08M | Scene, ViewLayer | Updating Geometry BVH Flush cooling slot.013 29/53 | Building OptiX acceleration structure
Fra:1 Mem:23.04M (Peak 50.11M) | Time:00:00.53 | Mem:0.67M, Peak:1.08M | Scene, ViewLayer | Updating Geometry BVH Flush cooling slot.014 30/53 | Building BVH
Fra:1 Mem:23.04M (Peak 50.11M) | Time:00:00.53 | Mem:0.68M, Peak:1.08M | Scene, ViewLayer | Updating Geometry BVH Flush cooling slot.014 30/53 | Building OptiX acceleration structure
Fra:1 Mem:23.04M (Peak 50.11M) | Time:00:00.53 | Mem:0.67M, Peak:1.08M | Scene, ViewLayer | Updating Geometry BVH Mesh 31/53 | Building BVH
Fra:1 Mem:23.04M (Peak 50.11M) | Time:00:00.53 | Mem:0.68M, Peak:1.08M | Scene, ViewLayer | Updating Geometry BVH Mesh 31/53 | Building OptiX acceleration structure
Fra:1 Mem:23.07M (Peak 50.11M) | Time:00:00.54 | Mem:0.72M, Peak:1.08M | Scene, ViewLayer | Updating Geometry BVH Integrated lifting hull.005 32/53 | Building BVH
Fra:1 Mem:23.07M (Peak 50.11M) | Time:00:00.54 | Mem:0.72M, Peak:1.08M | Scene, ViewLayer | Updating Geometry BVH Integrated lifting hull.005 32/53 | Building OptiX acceleration structure
Fra:1 Mem:23.09M (Peak 50.11M) | Time:00:00.54 | Mem:0.72M, Peak:1.08M | Scene, ViewLayer | Updating Geometry BVH Integrated propulsion nacelle.005 33/53 | Building BVH
Fra:1 Mem:23.09M (Peak 50.11M) | Time:00:00.54 | Mem:0.73M, Peak:1.08M | Scene, ViewLayer | Updating Geometry BVH Integrated propulsion nacelle.005 33/53 | Building OptiX acceleration structure
Fra:1 Mem:23.09M (Peak 50.11M) | Time:00:00.54 | Mem:0.73M, Peak:1.08M | Scene, ViewLayer | Updating Geometry BVH Contoured expansion nozzle.011 34/53 | Building BVH
Fra:1 Mem:23.09M (Peak 50.11M) | Time:00:00.54 | Mem:0.74M, Peak:1.08M | Scene, ViewLayer | Updating Geometry BVH Contoured expansion nozzle.011 34/53 | Building OptiX acceleration structure
Fra:1 Mem:23.10M (Peak 50.11M) | Time:00:00.54 | Mem:0.74M, Peak:1.08M | Scene, ViewLayer | Updating Geometry BVH Nozzle petal seam.132 35/53 | Building BVH
Fra:1 Mem:23.10M (Peak 50.11M) | Time:00:00.54 | Mem:0.75M, Peak:1.08M | Scene, ViewLayer | Updating Geometry BVH Nozzle petal seam.132 35/53 | Building OptiX acceleration structure
Fra:1 Mem:23.10M (Peak 50.11M) | Time:00:00.54 | Mem:0.74M, Peak:1.08M | Scene, ViewLayer | Updating Geometry BVH Flush cooling slot.016 51/53 | Building BVH
Fra:1 Mem:23.10M (Peak 50.11M) | Time:00:00.54 | Mem:0.74M, Peak:1.08M | Scene, ViewLayer | Updating Geometry BVH Flush cooling slot.016 51/53 | Building OptiX acceleration structure
Fra:1 Mem:23.08M (Peak 50.11M) | Time:00:00.54 | Mem:0.73M, Peak:1.08M | Scene, ViewLayer | Updating Geometry BVH Nozzle petal seam.133 36/53 | Building BVH
Fra:1 Mem:23.08M (Peak 50.11M) | Time:00:00.54 | Mem:0.73M, Peak:1.08M | Scene, ViewLayer | Updating Geometry BVH Nozzle petal seam.133 36/53 | Building OptiX acceleration structure
Fra:1 Mem:23.08M (Peak 50.11M) | Time:00:00.54 | Mem:0.74M, Peak:1.08M | Scene, ViewLayer | Updating Geometry BVH Nozzle petal seam.134 37/53 | Building BVH
Fra:1 Mem:23.08M (Peak 50.11M) | Time:00:00.54 | Mem:0.74M, Peak:1.08M | Scene, ViewLayer | Updating Geometry BVH Nozzle petal seam.134 37/53 | Building OptiX acceleration structure
Fra:1 Mem:23.07M (Peak 50.11M) | Time:00:00.54 | Mem:0.73M, Peak:1.08M | Scene, ViewLayer | Updating Geometry BVH Nozzle petal seam.135 38/53 | Building BVH
Fra:1 Mem:23.07M (Peak 50.11M) | Time:00:00.54 | Mem:0.74M, Peak:1.08M | Scene, ViewLayer | Updating Geometry BVH Nozzle petal seam.135 38/53 | Building OptiX acceleration structure
Fra:1 Mem:23.07M (Peak 50.11M) | Time:00:00.54 | Mem:0.73M, Peak:1.08M | Scene, ViewLayer | Updating Geometry BVH Nozzle petal seam.136 39/53 | Building BVH
Fra:1 Mem:23.07M (Peak 50.11M) | Time:00:00.54 | Mem:0.74M, Peak:1.08M | Scene, ViewLayer | Updating Geometry BVH Nozzle petal seam.136 39/53 | Building OptiX acceleration structure
Fra:1 Mem:23.07M (Peak 50.11M) | Time:00:00.54 | Mem:0.74M, Peak:1.08M | Scene, ViewLayer | Updating Geometry BVH Nozzle petal seam.137 40/53 | Building BVH
Fra:1 Mem:23.07M (Peak 50.11M) | Time:00:00.54 | Mem:0.74M, Peak:1.08M | Scene, ViewLayer | Updating Geometry BVH Nozzle petal seam.137 40/53 | Building OptiX acceleration structure
Fra:1 Mem:23.07M (Peak 50.11M) | Time:00:00.54 | Mem:0.74M, Peak:1.08M | Scene, ViewLayer | Updating Geometry BVH Nozzle petal seam.138 41/53 | Building BVH
Fra:1 Mem:23.07M (Peak 50.11M) | Time:00:00.54 | Mem:0.74M, Peak:1.08M | Scene, ViewLayer | Updating Geometry BVH Nozzle petal seam.138 41/53 | Building OptiX acceleration structure
Fra:1 Mem:23.04M (Peak 50.11M) | Time:00:00.54 | Mem:0.75M, Peak:1.08M | Scene, ViewLayer | Updating Geometry BVH Nozzle petal seam.139 42/53 | Building BVH
Fra:1 Mem:23.04M (Peak 50.11M) | Time:00:00.54 | Mem:0.78M, Peak:1.08M | Scene, ViewLayer | Updating Geometry BVH Nozzle petal seam.139 42/53 | Building OptiX acceleration structure
Fra:1 Mem:23.02M (Peak 50.11M) | Time:00:00.54 | Mem:0.74M, Peak:1.08M | Scene, ViewLayer | Updating Geometry BVH Nozzle petal seam.140 43/53 | Building BVH
Fra:1 Mem:23.02M (Peak 50.11M) | Time:00:00.54 | Mem:0.74M, Peak:1.08M | Scene, ViewLayer | Updating Geometry BVH Nozzle petal seam.140 43/53 | Building OptiX acceleration structure
Fra:1 Mem:23.02M (Peak 50.11M) | Time:00:00.55 | Mem:0.75M, Peak:1.08M | Scene, ViewLayer | Updating Geometry BVH Nozzle petal seam.141 44/53 | Building BVH
Fra:1 Mem:23.02M (Peak 50.11M) | Time:00:00.55 | Mem:0.76M, Peak:1.08M | Scene, ViewLayer | Updating Geometry BVH Nozzle petal seam.141 44/53 | Building OptiX acceleration structure
Fra:1 Mem:23.01M (Peak 50.11M) | Time:00:00.55 | Mem:0.75M, Peak:1.08M | Scene, ViewLayer | Updating Geometry BVH Nozzle petal seam.142 45/53 | Building BVH
Fra:1 Mem:23.01M (Peak 50.11M) | Time:00:00.55 | Mem:0.76M, Peak:1.08M | Scene, ViewLayer | Updating Geometry BVH Nozzle petal seam.142 45/53 | Building OptiX acceleration structure
Fra:1 Mem:23.01M (Peak 50.11M) | Time:00:00.55 | Mem:0.75M, Peak:1.08M | Scene, ViewLayer | Updating Geometry BVH Nozzle petal seam.143 46/53 | Building BVH
Fra:1 Mem:23.01M (Peak 50.11M) | Time:00:00.55 | Mem:0.75M, Peak:1.08M | Scene, ViewLayer | Updating Geometry BVH Nozzle petal seam.143 46/53 | Building OptiX acceleration structure
Fra:1 Mem:23.01M (Peak 50.11M) | Time:00:00.55 | Mem:0.75M, Peak:1.08M | Scene, ViewLayer | Updating Geometry BVH Flush cooling slot.015 50/53 | Building BVH
Fra:1 Mem:23.01M (Peak 50.11M) | Time:00:00.55 | Mem:0.75M, Peak:1.08M | Scene, ViewLayer | Updating Geometry BVH Flush cooling slot.015 50/53 | Building OptiX acceleration structure
Fra:1 Mem:23.01M (Peak 50.11M) | Time:00:00.55 | Mem:0.75M, Peak:1.08M | Scene, ViewLayer | Updating Geometry BVH Deep ion throat.011 47/53 | Building BVH
Fra:1 Mem:23.01M (Peak 50.11M) | Time:00:00.55 | Mem:0.76M, Peak:1.08M | Scene, ViewLayer | Updating Geometry BVH Deep ion throat.011 47/53 | Building OptiX acceleration structure
Fra:1 Mem:23.03M (Peak 50.11M) | Time:00:00.55 | Mem:0.77M, Peak:1.08M | Scene, ViewLayer | Updating Geometry BVH Deep intake duct.005 48/53 | Building BVH
Fra:1 Mem:23.03M (Peak 50.11M) | Time:00:00.55 | Mem:0.77M, Peak:1.08M | Scene, ViewLayer | Updating Geometry BVH Deep intake duct.005 48/53 | Building OptiX acceleration structure
Fra:1 Mem:23.03M (Peak 50.11M) | Time:00:00.55 | Mem:0.78M, Peak:1.08M | Scene, ViewLayer | Updating Geometry BVH Ventral access door.011 49/53 | Building BVH
Fra:1 Mem:23.03M (Peak 50.11M) | Time:00:00.55 | Mem:0.78M, Peak:1.08M | Scene, ViewLayer | Updating Geometry BVH Ventral access door.011 49/53 | Building OptiX acceleration structure
Fra:1 Mem:23.01M (Peak 50.11M) | Time:00:00.55 | Mem:0.78M, Peak:1.08M | Scene, ViewLayer | Updating Scene BVH | Building
Fra:1 Mem:23.01M (Peak 50.11M) | Time:00:00.55 | Mem:0.78M, Peak:1.08M | Scene, ViewLayer | Updating Scene BVH | Building OptiX acceleration structure
Fra:1 Mem:23.01M (Peak 50.11M) | Time:00:00.56 | Mem:0.79M, Peak:1.08M | Scene, ViewLayer | Updating Scene BVH | Copying BVH to device
Fra:1 Mem:23.01M (Peak 50.11M) | Time:00:00.56 | Mem:0.79M, Peak:1.08M | Scene, ViewLayer | Updating Mesh | Computing normals
Fra:1 Mem:23.69M (Peak 50.11M) | Time:00:00.56 | Mem:0.79M, Peak:1.08M | Scene, ViewLayer | Updating Mesh | Copying Mesh to device
Fra:1 Mem:23.69M (Peak 50.11M) | Time:00:00.56 | Mem:1.48M, Peak:1.48M | Scene, ViewLayer | Updating Objects Flags
Fra:1 Mem:23.69M (Peak 50.11M) | Time:00:00.56 | Mem:1.48M, Peak:1.48M | Scene, ViewLayer | Updating Primitive Offsets
Fra:1 Mem:23.69M (Peak 50.11M) | Time:00:00.56 | Mem:1.48M, Peak:1.48M | Scene, ViewLayer | Updating Images
Fra:1 Mem:23.69M (Peak 50.11M) | Time:00:00.56 | Mem:1.48M, Peak:1.48M | Scene, ViewLayer | Updating Camera Volume
Fra:1 Mem:23.69M (Peak 50.11M) | Time:00:00.56 | Mem:1.48M, Peak:1.48M | Scene, ViewLayer | Updating Lookup Tables
Fra:1 Mem:23.69M (Peak 50.11M) | Time:00:00.56 | Mem:1.56M, Peak:1.56M | Scene, ViewLayer | Updating Lights
Fra:1 Mem:23.69M (Peak 50.11M) | Time:00:00.56 | Mem:1.56M, Peak:1.56M | Scene, ViewLayer | Updating Lights | Computing tree
Fra:1 Mem:23.69M (Peak 50.11M) | Time:00:00.56 | Mem:1.56M, Peak:1.56M | Scene, ViewLayer | Updating Integrator
Fra:1 Mem:23.69M (Peak 50.11M) | Time:00:00.56 | Mem:1.56M, Peak:1.56M | Scene, ViewLayer | Updating Film
Fra:1 Mem:23.70M (Peak 50.11M) | Time:00:00.56 | Mem:1.48M, Peak:1.56M | Scene, ViewLayer | Updating Lookup Tables
Fra:1 Mem:23.70M (Peak 50.11M) | Time:00:00.56 | Mem:1.56M, Peak:1.56M | Scene, ViewLayer | Updating Baking
Fra:1 Mem:23.70M (Peak 50.11M) | Time:00:00.56 | Mem:1.56M, Peak:1.56M | Scene, ViewLayer | Updating Device | Writing constant memory
Fra:1 Mem:23.70M (Peak 50.11M) | Time:00:00.56 | Mem:1.56M, Peak:1.56M | Scene, ViewLayer | Loading denoising kernels (may take a few minutes the first time)
Fra:1 Mem:27.70M (Peak 50.11M) | Time:00:00.58 | Mem:353.57M, Peak:353.57M | Scene, ViewLayer | Sample 0/24
Fra:1 Mem:74.67M (Peak 74.67M) | Time:00:00.59 | Remaining:00:00.31 | Mem:400.53M, Peak:400.53M | Scene, ViewLayer | Sample 1/24
Fra:1 Mem:94.45M (Peak 124.12M) | Time:00:03.58 | Mem:400.54M, Peak:400.54M | Scene, ViewLayer | Sample 24/24
Fra:1 Mem:94.45M (Peak 124.12M) | Time:00:03.58 | Mem:400.54M, Peak:400.54M | Scene, ViewLayer | Finished
Saved: 'D:\vibe-coding-e\nova-swarm-forum-129-improvements-20260822\docs\fleet-art-v2\ships\05\underside-clay.png'
Time: 00:03.78 (Saving: 00:00.08)

Fra:1 Mem:23.85M (Peak 23.85M) | Time:00:00.19 | Mem:0.00M, Peak:0.00M | Scene, ViewLayer | Synchronizing object | Broad neutral key
Fra:1 Mem:23.85M (Peak 23.85M) | Time:00:00.19 | Mem:0.00M, Peak:0.00M | Scene, ViewLayer | Synchronizing object | Neutral fill
Fra:1 Mem:24.17M (Peak 24.17M) | Time:00:00.24 | Mem:0.00M, Peak:0.00M | Scene, ViewLayer | Synchronizing object | Continuous pressure fuselage
Fra:1 Mem:25.02M (Peak 25.02M) | Time:00:00.28 | Mem:0.00M, Peak:0.00M | Scene, ViewLayer | Synchronizing object | Cockpit integrated coaming
Fra:1 Mem:25.55M (Peak 25.55M) | Time:00:00.33 | Mem:0.00M, Peak:0.00M | Scene, ViewLayer | Synchronizing object | Pressure canopy glazing
Fra:1 Mem:25.55M (Peak 25.55M) | Time:00:00.33 | Mem:0.00M, Peak:0.00M | Scene, ViewLayer | Synchronizing object | Canopy lower frame
Fra:1 Mem:25.83M (Peak 25.83M) | Time:00:00.33 | Mem:0.00M, Peak:0.00M | Scene, ViewLayer | Synchronizing object | Canopy lower frame.001
Fra:1 Mem:25.83M (Peak 25.83M) | Time:00:00.33 | Mem:0.00M, Peak:0.00M | Scene, ViewLayer | Synchronizing object | Canopy pressure bow
Fra:1 Mem:25.87M (Peak 25.87M) | Time:00:00.33 | Mem:0.00M, Peak:0.00M | Scene, ViewLayer | Synchronizing object | Integrated lifting hull
Fra:1 Mem:25.89M (Peak 25.89M) | Time:00:00.33 | Mem:0.00M, Peak:0.00M | Scene, ViewLayer | Synchronizing object | Integrated propulsion nacelle
Fra:1 Mem:25.89M (Peak 25.89M) | Time:00:00.33 | Mem:0.00M, Peak:0.00M | Scene, ViewLayer | Synchronizing object | Contoured expansion nozzle
Fra:1 Mem:26.00M (Peak 26.00M) | Time:00:00.33 | Mem:0.00M, Peak:0.00M | Scene, ViewLayer | Synchronizing object | Nozzle petal seam.001
Fra:1 Mem:25.98M (Peak 26.00M) | Time:00:00.33 | Mem:0.00M, Peak:0.00M | Scene, ViewLayer | Synchronizing object | Nozzle petal seam.002
Fra:1 Mem:25.98M (Peak 26.00M) | Time:00:00.33 | Mem:0.00M, Peak:0.00M | Scene, ViewLayer | Synchronizing object | Nozzle petal seam.003
Fra:1 Mem:25.98M (Peak 26.00M) | Time:00:00.33 | Mem:0.00M, Peak:0.00M | Scene, ViewLayer | Synchronizing object | Nozzle petal seam.004
Fra:1 Mem:25.98M (Peak 26.00M) | Time:00:00.33 | Mem:0.00M, Peak:0.00M | Scene, ViewLayer | Synchronizing object | Nozzle petal seam.005
Fra:1 Mem:26.01M (Peak 26.01M) | Time:00:00.33 | Mem:0.00M, Peak:0.00M | Scene, ViewLayer | Synchronizing object | Nozzle petal seam.006
Fra:1 Mem:25.98M (Peak 26.01M) | Time:00:00.33 | Mem:0.00M, Peak:0.00M | Scene, ViewLayer | Synchronizing object | Nozzle petal seam.007
Fra:1 Mem:25.99M (Peak 26.01M) | Time:00:00.33 | Mem:0.00M, Peak:0.00M | Scene, ViewLayer | Synchronizing object | Nozzle petal seam.008
Fra:1 Mem:25.99M (Peak 26.01M) | Time:00:00.33 | Mem:0.00M, Peak:0.00M | Scene, ViewLayer | Synchronizing object | Nozzle petal seam.009
Fra:1 Mem:25.99M (Peak 26.01M) | Time:00:00.33 | Mem:0.00M, Peak:0.00M | Scene, ViewLayer | Synchronizing object | Nozzle petal seam.010
Fra:1 Mem:25.99M (Peak 26.01M) | Time:00:00.33 | Mem:0.00M, Peak:0.00M | Scene, ViewLayer | Synchronizing object | Nozzle petal seam.011
Fra:1 Mem:25.99M (Peak 26.01M) | Time:00:00.33 | Mem:0.00M, Peak:0.00M | Scene, ViewLayer | Synchronizing object | Deep ion throat
Fra:1 Mem:25.99M (Peak 26.01M) | Time:00:00.33 | Mem:0.00M, Peak:0.00M | Scene, ViewLayer | Synchronizing object | Flush cooling slot
Fra:1 Mem:26.01M (Peak 26.01M) | Time:00:00.33 | Mem:0.00M, Peak:0.00M | Scene, ViewLayer | Synchronizing object | Flush cooling slot.001
Fra:1 Mem:26.10M (Peak 26.10M) | Time:00:00.33 | Mem:0.00M, Peak:0.00M | Scene, ViewLayer | Synchronizing object | Flush cooling slot.002
Fra:1 Mem:26.18M (Peak 26.18M) | Time:00:00.34 | Mem:0.00M, Peak:0.00M | Scene, ViewLayer | Synchronizing object | Blended structural fairing
Fra:1 Mem:26.18M (Peak 26.18M) | Time:00:00.34 | Mem:0.00M, Peak:0.00M | Scene, ViewLayer | Synchronizing object | Contoured expansion nozzle.001
Fra:1 Mem:26.21M (Peak 26.24M) | Time:00:00.34 | Mem:0.00M, Peak:0.00M | Scene, ViewLayer | Synchronizing object | Nozzle petal seam.012
Fra:1 Mem:26.42M (Peak 26.42M) | Time:00:00.34 | Mem:0.00M, Peak:0.00M | Scene, ViewLayer | Synchronizing object | Nozzle petal seam.013
Fra:1 Mem:26.38M (Peak 26.42M) | Time:00:00.34 | Mem:0.00M, Peak:0.00M | Scene, ViewLayer | Synchronizing object | Nozzle petal seam.014
Fra:1 Mem:26.38M (Peak 26.42M) | Time:00:00.34 | Mem:0.00M, Peak:0.00M | Scene, ViewLayer | Synchronizing object | Nozzle petal seam.015
Fra:1 Mem:26.44M (Peak 26.44M) | Time:00:00.34 | Mem:0.00M, Peak:0.00M | Scene, ViewLayer | Synchronizing object | Nozzle petal seam.016
Fra:1 Mem:26.45M (Peak 26.45M) | Time:00:00.34 | Mem:0.00M, Peak:0.00M | Scene, ViewLayer | Synchronizing object | Nozzle petal seam.017
Fra:1 Mem:26.44M (Peak 26.45M) | Time:00:00.34 | Mem:0.00M, Peak:0.00M | Scene, ViewLayer | Synchronizing object | Nozzle petal seam.018
Fra:1 Mem:26.44M (Peak 26.45M) | Time:00:00.34 | Mem:0.00M, Peak:0.00M | Scene, ViewLayer | Synchronizing object | Nozzle petal seam.019
Fra:1 Mem:26.45M (Peak 26.45M) | Time:00:00.34 | Mem:0.00M, Peak:0.00M | Scene, ViewLayer | Synchronizing object | Nozzle petal seam.020
Fra:1 Mem:26.45M (Peak 26.45M) | Time:00:00.35 | Mem:0.00M, Peak:0.00M | Scene, ViewLayer | Synchronizing object | Nozzle petal seam.021
Fra:1 Mem:26.45M (Peak 26.45M) | Time:00:00.35 | Mem:0.00M, Peak:0.00M | Scene, ViewLayer | Synchronizing object | Nozzle petal seam.022
Fra:1 Mem:26.45M (Peak 26.45M) | Time:00:00.35 | Mem:0.00M, Peak:0.00M | Scene, ViewLayer | Synchronizing object | Nozzle petal seam.023
Fra:1 Mem:26.45M (Peak 26.45M) | Time:00:00.35 | Mem:0.00M, Peak:0.00M | Scene, ViewLayer | Synchronizing object | Deep ion throat.001
Fra:1 Mem:26.46M (Peak 26.46M) | Time:00:00.35 | Mem:0.00M, Peak:0.00M | Scene, ViewLayer | Synchronizing object | Flush cooling slot.003
Fra:1 Mem:26.58M (Peak 26.58M) | Time:00:00.35 | Mem:0.00M, Peak:0.00M | Scene, ViewLayer | Synchronizing object | Flush cooling slot.004
Fra:1 Mem:26.55M (Peak 26.58M) | Time:00:00.35 | Mem:0.00M, Peak:0.00M | Scene, ViewLayer | Synchronizing object | Flush cooling slot.005
Fra:1 Mem:26.64M (Peak 26.64M) | Time:00:00.36 | Mem:0.00M, Peak:0.00M | Scene, ViewLayer | Synchronizing object | Blended structural fairing.001
Fra:1 Mem:26.81M (Peak 26.81M) | Time:00:00.36 | Mem:0.00M, Peak:0.00M | Scene, ViewLayer | Initializing
Fra:1 Mem:22.95M (Peak 26.81M) | Time:00:00.36 | Mem:0.00M, Peak:0.00M | Scene, ViewLayer | Waiting for render to start
Fra:1 Mem:22.95M (Peak 26.81M) | Time:00:00.36 | Mem:0.00M, Peak:0.00M | Scene, ViewLayer | Updating Scene
Fra:1 Mem:22.95M (Peak 26.81M) | Time:00:00.36 | Mem:0.00M, Peak:0.00M | Scene, ViewLayer | Updating Shaders
Fra:1 Mem:22.95M (Peak 26.81M) | Time:00:00.36 | Mem:0.00M, Peak:0.00M | Scene, ViewLayer | Loading render kernels (may take a few minutes the first time)
Fra:1 Mem:23.03M (Peak 50.32M) | Time:00:00.50 | Mem:0.01M, Peak:0.01M | Scene, ViewLayer | Updating Procedurals
Fra:1 Mem:23.03M (Peak 50.32M) | Time:00:00.50 | Mem:0.01M, Peak:0.01M | Scene, ViewLayer | Updating Background
Fra:1 Mem:23.03M (Peak 50.32M) | Time:00:00.50 | Mem:0.01M, Peak:0.01M | Scene, ViewLayer | Updating Camera
Fra:1 Mem:23.03M (Peak 50.32M) | Time:00:00.50 | Mem:0.01M, Peak:0.01M | Scene, ViewLayer | Updating Meshes Flags
Fra:1 Mem:23.03M (Peak 50.32M) | Time:00:00.50 | Mem:0.01M, Peak:0.01M | Scene, ViewLayer | Updating Objects
Fra:1 Mem:23.03M (Peak 50.32M) | Time:00:00.50 | Mem:0.01M, Peak:0.01M | Scene, ViewLayer | Updating Objects | Copying Transformations to device
Fra:1 Mem:23.05M (Peak 50.32M) | Time:00:00.50 | Mem:0.02M, Peak:0.02M | Scene, ViewLayer | Updating Particle Systems
Fra:1 Mem:23.05M (Peak 50.32M) | Time:00:00.50 | Mem:0.02M, Peak:0.02M | Scene, ViewLayer | Updating Particle Systems | Copying Particles to device
Fra:1 Mem:23.05M (Peak 50.32M) | Time:00:00.50 | Mem:0.02M, Peak:0.02M | Scene, ViewLayer | Updating Meshes
Fra:1 Mem:23.69M (Peak 50.32M) | Time:00:00.51 | Mem:0.02M, Peak:0.02M | Scene, ViewLayer | Updating Objects | Applying Static Transformations
Fra:1 Mem:23.69M (Peak 50.32M) | Time:00:00.51 | Mem:0.02M, Peak:0.02M | Scene, ViewLayer | Updating Mesh | Computing attributes
Fra:1 Mem:24.64M (Peak 50.32M) | Time:00:00.51 | Mem:0.03M, Peak:0.03M | Scene, ViewLayer | Updating Mesh | Copying Attributes to device
Fra:1 Mem:24.64M (Peak 50.32M) | Time:00:00.51 | Mem:0.97M, Peak:0.97M | Scene, ViewLayer | Updating Geometry BVH Neutral fill 3/53 | Building BVH
Fra:1 Mem:24.64M (Peak 50.32M) | Time:00:00.51 | Mem:0.97M, Peak:0.97M | Scene, ViewLayer | Updating Geometry BVH Integrated propulsion nacelle.004 11/53 | Building OptiX acceleration structure
Fra:1 Mem:24.64M (Peak 50.32M) | Time:00:00.51 | Mem:0.97M, Peak:0.97M | Scene, ViewLayer | Updating Geometry BVH Integrated lifting hull.004 10/53 | Building BVH
Fra:1 Mem:24.64M (Peak 50.32M) | Time:00:00.51 | Mem:0.97M, Peak:0.97M | Scene, ViewLayer | Updating Geometry BVH Nozzle petal seam.120 13/53 | Building OptiX acceleration structure
Fra:1 Mem:24.94M (Peak 50.32M) | Time:00:00.51 | Mem:1.02M, Peak:1.02M | Scene, ViewLayer | Updating Geometry BVH Mesh 53/53 | Building OptiX acceleration structure
Fra:1 Mem:24.95M (Peak 50.32M) | Time:00:00.51 | Mem:1.02M, Peak:1.02M | Scene, ViewLayer | Updating Geometry BVH Nozzle petal seam.121 14/53 | Building BVH
Fra:1 Mem:24.95M (Peak 50.32M) | Time:00:00.51 | Mem:1.02M, Peak:1.02M | Scene, ViewLayer | Updating Geometry BVH Nozzle petal seam.121 14/53 | Building OptiX acceleration structure
Fra:1 Mem:24.91M (Peak 50.32M) | Time:00:00.51 | Mem:1.34M, Peak:1.73M | Scene, ViewLayer | Updating Geometry BVH Nozzle petal seam.122 15/53 | Building BVH
Fra:1 Mem:24.91M (Peak 50.32M) | Time:00:00.51 | Mem:1.34M, Peak:1.73M | Scene, ViewLayer | Updating Geometry BVH Nozzle petal seam.122 15/53 | Building OptiX acceleration structure
Fra:1 Mem:24.91M (Peak 50.32M) | Time:00:00.51 | Mem:1.34M, Peak:1.73M | Scene, ViewLayer | Updating Geometry BVH Nozzle petal seam.123 16/53 | Building BVH
Fra:1 Mem:24.91M (Peak 50.32M) | Time:00:00.51 | Mem:1.34M, Peak:1.73M | Scene, ViewLayer | Updating Geometry BVH Nozzle petal seam.123 16/53 | Building OptiX acceleration structure
Fra:1 Mem:24.91M (Peak 50.32M) | Time:00:00.52 | Mem:1.34M, Peak:1.73M | Scene, ViewLayer | Updating Geometry BVH Nozzle petal seam.124 17/53 | Building BVH
Fra:1 Mem:24.91M (Peak 50.32M) | Time:00:00.52 | Mem:1.34M, Peak:1.73M | Scene, ViewLayer | Updating Geometry BVH Nozzle petal seam.124 17/53 | Building OptiX acceleration structure
Fra:1 Mem:24.78M (Peak 50.32M) | Time:00:00.52 | Mem:1.38M, Peak:1.86M | Scene, ViewLayer | Updating Geometry BVH Nozzle petal seam.125 18/53 | Building BVH
Fra:1 Mem:24.78M (Peak 50.32M) | Time:00:00.52 | Mem:1.55M, Peak:1.86M | Scene, ViewLayer | Updating Geometry BVH Nozzle petal seam.125 18/53 | Building OptiX acceleration structure
Fra:1 Mem:24.75M (Peak 50.32M) | Time:00:00.52 | Mem:1.39M, Peak:1.86M | Scene, ViewLayer | Updating Geometry BVH Flush cooling slot.017 52/53 | Building BVH
Fra:1 Mem:24.75M (Peak 50.32M) | Time:00:00.52 | Mem:1.39M, Peak:1.86M | Scene, ViewLayer | Updating Geometry BVH Flush cooling slot.017 52/53 | Building OptiX acceleration structure
Fra:1 Mem:24.67M (Peak 50.32M) | Time:00:00.52 | Mem:1.41M, Peak:1.86M | Scene, ViewLayer | Updating Geometry BVH Nozzle petal seam.126 19/53 | Building BVH
Fra:1 Mem:24.67M (Peak 50.32M) | Time:00:00.52 | Mem:1.41M, Peak:1.86M | Scene, ViewLayer | Updating Geometry BVH Nozzle petal seam.126 19/53 | Building OptiX acceleration structure
Fra:1 Mem:24.66M (Peak 50.32M) | Time:00:00.52 | Mem:1.40M, Peak:1.86M | Scene, ViewLayer | Updating Geometry BVH Nozzle petal seam.127 20/53 | Building BVH
Fra:1 Mem:24.66M (Peak 50.32M) | Time:00:00.52 | Mem:1.42M, Peak:1.86M | Scene, ViewLayer | Updating Geometry BVH Nozzle petal seam.127 20/53 | Building OptiX acceleration structure
Fra:1 Mem:24.66M (Peak 50.32M) | Time:00:00.52 | Mem:1.41M, Peak:1.86M | Scene, ViewLayer | Updating Geometry BVH Nozzle petal seam.128 21/53 | Building BVH
Fra:1 Mem:24.66M (Peak 50.32M) | Time:00:00.52 | Mem:1.41M, Peak:1.86M | Scene, ViewLayer | Updating Geometry BVH Nozzle petal seam.128 21/53 | Building OptiX acceleration structure
Fra:1 Mem:24.65M (Peak 50.32M) | Time:00:00.52 | Mem:1.41M, Peak:1.86M | Scene, ViewLayer | Updating Geometry BVH Nozzle petal seam.129 22/53 | Building BVH
Fra:1 Mem:24.65M (Peak 50.32M) | Time:00:00.52 | Mem:1.42M, Peak:1.86M | Scene, ViewLayer | Updating Geometry BVH Nozzle petal seam.129 22/53 | Building OptiX acceleration structure
Fra:1 Mem:24.65M (Peak 50.32M) | Time:00:00.52 | Mem:1.41M, Peak:1.86M | Scene, ViewLayer | Updating Geometry BVH Nozzle petal seam.130 23/53 | Building BVH
Fra:1 Mem:24.65M (Peak 50.32M) | Time:00:00.52 | Mem:1.41M, Peak:1.86M | Scene, ViewLayer | Updating Geometry BVH Nozzle petal seam.130 23/53 | Building OptiX acceleration structure
Fra:1 Mem:24.65M (Peak 50.32M) | Time:00:00.52 | Mem:1.41M, Peak:1.86M | Scene, ViewLayer | Updating Geometry BVH Nozzle petal seam.131 24/53 | Building BVH
Fra:1 Mem:24.65M (Peak 50.32M) | Time:00:00.52 | Mem:1.43M, Peak:1.86M | Scene, ViewLayer | Updating Geometry BVH Nozzle petal seam.131 24/53 | Building OptiX acceleration structure
Fra:1 Mem:24.64M (Peak 50.32M) | Time:00:00.52 | Mem:1.41M, Peak:1.86M | Scene, ViewLayer | Updating Geometry BVH Deep ion throat.010 25/53 | Building BVH
Fra:1 Mem:24.64M (Peak 50.32M) | Time:00:00.52 | Mem:1.41M, Peak:1.86M | Scene, ViewLayer | Updating Geometry BVH Deep ion throat.010 25/53 | Building OptiX acceleration structure
Fra:1 Mem:24.66M (Peak 50.32M) | Time:00:00.52 | Mem:1.43M, Peak:1.86M | Scene, ViewLayer | Updating Geometry BVH Deep intake duct.004 26/53 | Building BVH
Fra:1 Mem:24.66M (Peak 50.32M) | Time:00:00.52 | Mem:1.43M, Peak:1.86M | Scene, ViewLayer | Updating Geometry BVH Deep intake duct.004 26/53 | Building OptiX acceleration structure
Fra:1 Mem:24.66M (Peak 50.32M) | Time:00:00.53 | Mem:1.44M, Peak:1.86M | Scene, ViewLayer | Updating Geometry BVH Ventral access door.010 27/53 | Building BVH
Fra:1 Mem:24.66M (Peak 50.32M) | Time:00:00.53 | Mem:1.44M, Peak:1.86M | Scene, ViewLayer | Updating Geometry BVH Ventral access door.010 27/53 | Building OptiX acceleration structure
Fra:1 Mem:24.67M (Peak 50.32M) | Time:00:00.53 | Mem:1.45M, Peak:1.86M | Scene, ViewLayer | Updating Geometry BVH Flush cooling slot.012 28/53 | Building BVH
Fra:1 Mem:24.67M (Peak 50.32M) | Time:00:00.53 | Mem:1.45M, Peak:1.86M | Scene, ViewLayer | Updating Geometry BVH Flush cooling slot.012 28/53 | Building OptiX acceleration structure
Fra:1 Mem:24.67M (Peak 50.32M) | Time:00:00.53 | Mem:1.45M, Peak:1.86M | Scene, ViewLayer | Updating Geometry BVH Flush cooling slot.013 29/53 | Building BVH
Fra:1 Mem:24.67M (Peak 50.32M) | Time:00:00.53 | Mem:1.45M, Peak:1.86M | Scene, ViewLayer | Updating Geometry BVH Flush cooling slot.013 29/53 | Building OptiX acceleration structure
Fra:1 Mem:24.67M (Peak 50.32M) | Time:00:00.53 | Mem:1.45M, Peak:1.86M | Scene, ViewLayer | Updating Geometry BVH Flush cooling slot.016 51/53 | Building BVH
Fra:1 Mem:24.67M (Peak 50.32M) | Time:00:00.53 | Mem:1.46M, Peak:1.86M | Scene, ViewLayer | Updating Geometry BVH Flush cooling slot.016 51/53 | Building OptiX acceleration structure
Fra:1 Mem:24.67M (Peak 50.32M) | Time:00:00.53 | Mem:1.45M, Peak:1.86M | Scene, ViewLayer | Updating Geometry BVH Flush cooling slot.014 30/53 | Building BVH
Fra:1 Mem:24.67M (Peak 50.32M) | Time:00:00.53 | Mem:1.46M, Peak:1.86M | Scene, ViewLayer | Updating Geometry BVH Flush cooling slot.014 30/53 | Building OptiX acceleration structure
Fra:1 Mem:24.67M (Peak 50.32M) | Time:00:00.53 | Mem:1.45M, Peak:1.86M | Scene, ViewLayer | Updating Geometry BVH Mesh 31/53 | Building BVH
Fra:1 Mem:24.67M (Peak 50.32M) | Time:00:00.53 | Mem:1.46M, Peak:1.86M | Scene, ViewLayer | Updating Geometry BVH Mesh 31/53 | Building OptiX acceleration structure
Fra:1 Mem:24.70M (Peak 50.32M) | Time:00:00.53 | Mem:1.49M, Peak:1.86M | Scene, ViewLayer | Updating Geometry BVH Integrated lifting hull.005 32/53 | Building BVH
Fra:1 Mem:24.70M (Peak 50.32M) | Time:00:00.53 | Mem:1.49M, Peak:1.86M | Scene, ViewLayer | Updating Geometry BVH Integrated lifting hull.005 32/53 | Building OptiX acceleration structure
Fra:1 Mem:24.72M (Peak 50.32M) | Time:00:00.53 | Mem:1.50M, Peak:1.86M | Scene, ViewLayer | Updating Geometry BVH Integrated propulsion nacelle.005 33/53 | Building BVH
Fra:1 Mem:24.72M (Peak 50.32M) | Time:00:00.53 | Mem:1.50M, Peak:1.86M | Scene, ViewLayer | Updating Geometry BVH Integrated propulsion nacelle.005 33/53 | Building OptiX acceleration structure
Fra:1 Mem:24.72M (Peak 50.32M) | Time:00:00.53 | Mem:1.51M, Peak:1.86M | Scene, ViewLayer | Updating Geometry BVH Contoured expansion nozzle.011 34/53 | Building BVH
Fra:1 Mem:24.72M (Peak 50.32M) | Time:00:00.53 | Mem:1.51M, Peak:1.86M | Scene, ViewLayer | Updating Geometry BVH Contoured expansion nozzle.011 34/53 | Building OptiX acceleration structure
Fra:1 Mem:24.73M (Peak 50.32M) | Time:00:00.53 | Mem:1.52M, Peak:1.86M | Scene, ViewLayer | Updating Geometry BVH Nozzle petal seam.132 35/53 | Building BVH
Fra:1 Mem:24.73M (Peak 50.32M) | Time:00:00.53 | Mem:1.52M, Peak:1.86M | Scene, ViewLayer | Updating Geometry BVH Nozzle petal seam.132 35/53 | Building OptiX acceleration structure
Fra:1 Mem:24.71M (Peak 50.32M) | Time:00:00.53 | Mem:1.51M, Peak:1.86M | Scene, ViewLayer | Updating Geometry BVH Nozzle petal seam.133 36/53 | Building BVH
Fra:1 Mem:24.71M (Peak 50.32M) | Time:00:00.53 | Mem:1.51M, Peak:1.86M | Scene, ViewLayer | Updating Geometry BVH Nozzle petal seam.133 36/53 | Building OptiX acceleration structure
Fra:1 Mem:24.71M (Peak 50.32M) | Time:00:00.54 | Mem:1.51M, Peak:1.86M | Scene, ViewLayer | Updating Geometry BVH Nozzle petal seam.134 37/53 | Building BVH
Fra:1 Mem:24.71M (Peak 50.32M) | Time:00:00.54 | Mem:1.51M, Peak:1.86M | Scene, ViewLayer | Updating Geometry BVH Nozzle petal seam.134 37/53 | Building OptiX acceleration structure
Fra:1 Mem:24.70M (Peak 50.32M) | Time:00:00.54 | Mem:1.51M, Peak:1.86M | Scene, ViewLayer | Updating Geometry BVH Nozzle petal seam.135 38/53 | Building BVH
Fra:1 Mem:24.70M (Peak 50.32M) | Time:00:00.54 | Mem:1.51M, Peak:1.86M | Scene, ViewLayer | Updating Geometry BVH Nozzle petal seam.135 38/53 | Building OptiX acceleration structure
Fra:1 Mem:24.70M (Peak 50.32M) | Time:00:00.54 | Mem:1.51M, Peak:1.86M | Scene, ViewLayer | Updating Geometry BVH Nozzle petal seam.136 39/53 | Building BVH
Fra:1 Mem:24.70M (Peak 50.32M) | Time:00:00.54 | Mem:1.52M, Peak:1.86M | Scene, ViewLayer | Updating Geometry BVH Nozzle petal seam.136 39/53 | Building OptiX acceleration structure
Fra:1 Mem:24.70M (Peak 50.32M) | Time:00:00.54 | Mem:1.51M, Peak:1.86M | Scene, ViewLayer | Updating Geometry BVH Nozzle petal seam.137 40/53 | Building BVH
Fra:1 Mem:24.70M (Peak 50.32M) | Time:00:00.54 | Mem:1.51M, Peak:1.86M | Scene, ViewLayer | Updating Geometry BVH Nozzle petal seam.137 40/53 | Building OptiX acceleration structure
Fra:1 Mem:24.70M (Peak 50.32M) | Time:00:00.54 | Mem:1.51M, Peak:1.86M | Scene, ViewLayer | Updating Geometry BVH Flush cooling slot.015 50/53 | Building BVH
Fra:1 Mem:24.70M (Peak 50.32M) | Time:00:00.54 | Mem:1.52M, Peak:1.86M | Scene, ViewLayer | Updating Geometry BVH Flush cooling slot.015 50/53 | Building OptiX acceleration structure
Fra:1 Mem:24.70M (Peak 50.32M) | Time:00:00.54 | Mem:1.51M, Peak:1.86M | Scene, ViewLayer | Updating Geometry BVH Nozzle petal seam.138 41/53 | Building BVH
Fra:1 Mem:24.70M (Peak 50.32M) | Time:00:00.54 | Mem:1.59M, Peak:1.86M | Scene, ViewLayer | Updating Geometry BVH Nozzle petal seam.138 41/53 | Building OptiX acceleration structure
Fra:1 Mem:24.67M (Peak 50.32M) | Time:00:00.54 | Mem:1.52M, Peak:1.86M | Scene, ViewLayer | Updating Geometry BVH Nozzle petal seam.139 42/53 | Building BVH
Fra:1 Mem:24.67M (Peak 50.32M) | Time:00:00.54 | Mem:1.52M, Peak:1.86M | Scene, ViewLayer | Updating Geometry BVH Nozzle petal seam.139 42/53 | Building OptiX acceleration structure
Fra:1 Mem:24.65M (Peak 50.32M) | Time:00:00.54 | Mem:1.52M, Peak:1.86M | Scene, ViewLayer | Updating Geometry BVH Nozzle petal seam.140 43/53 | Building BVH
Fra:1 Mem:24.65M (Peak 50.32M) | Time:00:00.54 | Mem:1.52M, Peak:1.86M | Scene, ViewLayer | Updating Geometry BVH Nozzle petal seam.140 43/53 | Building OptiX acceleration structure
Fra:1 Mem:24.65M (Peak 50.32M) | Time:00:00.54 | Mem:1.52M, Peak:1.86M | Scene, ViewLayer | Updating Geometry BVH Nozzle petal seam.141 44/53 | Building BVH
Fra:1 Mem:24.65M (Peak 50.32M) | Time:00:00.54 | Mem:1.52M, Peak:1.86M | Scene, ViewLayer | Updating Geometry BVH Nozzle petal seam.141 44/53 | Building OptiX acceleration structure
Fra:1 Mem:24.64M (Peak 50.32M) | Time:00:00.54 | Mem:1.53M, Peak:1.86M | Scene, ViewLayer | Updating Geometry BVH Nozzle petal seam.142 45/53 | Building BVH
Fra:1 Mem:24.64M (Peak 50.32M) | Time:00:00.54 | Mem:1.53M, Peak:1.86M | Scene, ViewLayer | Updating Geometry BVH Nozzle petal seam.142 45/53 | Building OptiX acceleration structure
Fra:1 Mem:24.64M (Peak 50.32M) | Time:00:00.54 | Mem:1.53M, Peak:1.86M | Scene, ViewLayer | Updating Geometry BVH Nozzle petal seam.143 46/53 | Building BVH
Fra:1 Mem:24.64M (Peak 50.32M) | Time:00:00.54 | Mem:1.53M, Peak:1.86M | Scene, ViewLayer | Updating Geometry BVH Nozzle petal seam.143 46/53 | Building OptiX acceleration structure
Fra:1 Mem:24.64M (Peak 50.32M) | Time:00:00.55 | Mem:1.53M, Peak:1.86M | Scene, ViewLayer | Updating Geometry BVH Deep ion throat.011 47/53 | Building BVH
Fra:1 Mem:24.64M (Peak 50.32M) | Time:00:00.55 | Mem:1.54M, Peak:1.86M | Scene, ViewLayer | Updating Geometry BVH Deep ion throat.011 47/53 | Building OptiX acceleration structure
Fra:1 Mem:24.66M (Peak 50.32M) | Time:00:00.55 | Mem:1.55M, Peak:1.86M | Scene, ViewLayer | Updating Geometry BVH Deep intake duct.005 48/53 | Building BVH
Fra:1 Mem:24.66M (Peak 50.32M) | Time:00:00.55 | Mem:1.55M, Peak:1.86M | Scene, ViewLayer | Updating Geometry BVH Deep intake duct.005 48/53 | Building OptiX acceleration structure
Fra:1 Mem:24.66M (Peak 50.32M) | Time:00:00.55 | Mem:1.56M, Peak:1.86M | Scene, ViewLayer | Updating Geometry BVH Ventral access door.011 49/53 | Building BVH
Fra:1 Mem:24.66M (Peak 50.32M) | Time:00:00.55 | Mem:1.56M, Peak:1.86M | Scene, ViewLayer | Updating Geometry BVH Ventral access door.011 49/53 | Building OptiX acceleration structure
Fra:1 Mem:24.64M (Peak 50.32M) | Time:00:00.55 | Mem:1.56M, Peak:1.86M | Scene, ViewLayer | Updating Scene BVH | Building
Fra:1 Mem:24.64M (Peak 50.32M) | Time:00:00.55 | Mem:1.56M, Peak:1.86M | Scene, ViewLayer | Updating Scene BVH | Building OptiX acceleration structure
Fra:1 Mem:24.64M (Peak 50.32M) | Time:00:00.55 | Mem:1.57M, Peak:1.86M | Scene, ViewLayer | Updating Scene BVH | Copying BVH to device
Fra:1 Mem:24.64M (Peak 50.32M) | Time:00:00.55 | Mem:1.57M, Peak:1.86M | Scene, ViewLayer | Updating Mesh | Computing normals
Fra:1 Mem:25.32M (Peak 50.32M) | Time:00:00.55 | Mem:1.57M, Peak:1.86M | Scene, ViewLayer | Updating Mesh | Copying Mesh to device
Fra:1 Mem:25.32M (Peak 50.32M) | Time:00:00.56 | Mem:2.25M, Peak:2.25M | Scene, ViewLayer | Updating Objects Flags
Fra:1 Mem:25.32M (Peak 50.32M) | Time:00:00.56 | Mem:2.25M, Peak:2.25M | Scene, ViewLayer | Updating Primitive Offsets
Fra:1 Mem:25.32M (Peak 50.32M) | Time:00:00.56 | Mem:2.25M, Peak:2.25M | Scene, ViewLayer | Updating Images
Fra:1 Mem:25.32M (Peak 50.32M) | Time:00:00.56 | Mem:2.25M, Peak:2.25M | Scene, ViewLayer | Updating Images | Loading panel-normal.png
Fra:1 Mem:25.32M (Peak 50.32M) | Time:00:00.56 | Mem:2.25M, Peak:2.25M | Scene, ViewLayer | Updating Images | Loading white-basecolor.png
Fra:1 Mem:29.32M (Peak 50.32M) | Time:00:00.56 | Mem:2.25M, Peak:2.25M | Scene, ViewLayer | Updating Images | Loading paint-orm.png
Fra:1 Mem:41.33M (Peak 50.32M) | Time:00:00.58 | Mem:18.25M, Peak:18.25M | Scene, ViewLayer | Updating Camera Volume
Fra:1 Mem:41.33M (Peak 50.32M) | Time:00:00.58 | Mem:18.25M, Peak:18.25M | Scene, ViewLayer | Updating Lookup Tables
Fra:1 Mem:41.33M (Peak 50.32M) | Time:00:00.58 | Mem:18.33M, Peak:18.33M | Scene, ViewLayer | Updating Lights
Fra:1 Mem:41.33M (Peak 50.32M) | Time:00:00.58 | Mem:18.33M, Peak:18.33M | Scene, ViewLayer | Updating Lights | Computing tree
Fra:1 Mem:41.52M (Peak 50.32M) | Time:00:00.59 | Mem:18.52M, Peak:18.52M | Scene, ViewLayer | Updating Integrator
Fra:1 Mem:41.52M (Peak 50.32M) | Time:00:00.59 | Mem:18.52M, Peak:18.52M | Scene, ViewLayer | Updating Film
Fra:1 Mem:41.53M (Peak 50.32M) | Time:00:00.59 | Mem:18.44M, Peak:18.52M | Scene, ViewLayer | Updating Lookup Tables
Fra:1 Mem:41.53M (Peak 50.32M) | Time:00:00.59 | Mem:18.53M, Peak:18.53M | Scene, ViewLayer | Updating Baking
Fra:1 Mem:41.53M (Peak 50.32M) | Time:00:00.59 | Mem:18.53M, Peak:18.53M | Scene, ViewLayer | Updating Device | Writing constant memory
Fra:1 Mem:41.53M (Peak 50.32M) | Time:00:00.59 | Mem:18.53M, Peak:18.53M | Scene, ViewLayer | Loading denoising kernels (may take a few minutes the first time)
Fra:1 Mem:45.53M (Peak 50.32M) | Time:00:00.61 | Mem:370.53M, Peak:370.53M | Scene, ViewLayer | Sample 0/24
Fra:1 Mem:92.50M (Peak 92.50M) | Time:00:00.64 | Remaining:00:00.55 | Mem:417.51M, Peak:417.51M | Scene, ViewLayer | Sample 1/24
Fra:1 Mem:112.29M (Peak 141.95M) | Time:00:03.66 | Mem:417.51M, Peak:417.51M | Scene, ViewLayer | Sample 24/24
Fra:1 Mem:112.29M (Peak 141.95M) | Time:00:03.66 | Mem:417.51M, Peak:417.51M | Scene, ViewLayer | Finished
Saved: 'D:\vibe-coding-e\nova-swarm-forum-129-improvements-20260822\docs\fleet-art-v2\ships\05\surfaced.png'
Time: 00:03.88 (Saving: 00:00.09)

Info: Saved as "source.blend"
16:30:35 | INFO: Starting glTF 2.0 export
16:30:35 | INFO: Extracting primitive: Continuous pressure fuselage.002
16:30:35 | WARNING: More than one shader node tex image used for a texture. The resulting glTF sampler will behave like the first shader node tex image.
16:30:35 | WARNING: More than one shader node tex image used for a texture. The resulting glTF sampler will behave like the first shader node tex image.
16:30:35 | INFO: Primitives created: 6
16:30:35 | INFO: Finished glTF 2.0 export in 0.17634010314941406 s
Fra:1 Mem:24.11M (Peak 39.62M) | Time:00:00.18 | Mem:0.00M, Peak:0.00M | Scene, ViewLayer | Synchronizing object | Broad neutral key
Fra:1 Mem:24.12M (Peak 39.62M) | Time:00:00.18 | Mem:0.00M, Peak:0.00M | Scene, ViewLayer | Synchronizing object | Neutral fill
Fra:1 Mem:24.12M (Peak 39.62M) | Time:00:00.18 | Mem:0.00M, Peak:0.00M | Scene, ViewLayer | Synchronizing object | CrimsonBiteV2
Fra:1 Mem:25.82M (Peak 39.62M) | Time:00:00.19 | Mem:0.00M, Peak:0.00M | Scene, ViewLayer | Initializing
Fra:1 Mem:25.35M (Peak 39.62M) | Time:00:00.19 | Mem:0.00M, Peak:0.00M | Scene, ViewLayer | Waiting for render to start
Fra:1 Mem:25.35M (Peak 39.62M) | Time:00:00.19 | Mem:0.00M, Peak:0.00M | Scene, ViewLayer | Updating Scene
Fra:1 Mem:25.35M (Peak 39.62M) | Time:00:00.19 | Mem:0.00M, Peak:0.00M | Scene, ViewLayer | Updating Shaders
Fra:1 Mem:25.35M (Peak 39.62M) | Time:00:00.19 | Mem:0.00M, Peak:0.00M | Scene, ViewLayer | Loading render kernels (may take a few minutes the first time)
Fra:1 Mem:25.43M (Peak 52.72M) | Time:00:00.32 | Mem:0.01M, Peak:0.01M | Scene, ViewLayer | Updating Procedurals
Fra:1 Mem:25.43M (Peak 52.72M) | Time:00:00.32 | Mem:0.01M, Peak:0.01M | Scene, ViewLayer | Updating Background
Fra:1 Mem:25.43M (Peak 52.72M) | Time:00:00.32 | Mem:0.01M, Peak:0.01M | Scene, ViewLayer | Updating Camera
Fra:1 Mem:25.43M (Peak 52.72M) | Time:00:00.32 | Mem:0.01M, Peak:0.01M | Scene, ViewLayer | Updating Meshes Flags
Fra:1 Mem:25.43M (Peak 52.72M) | Time:00:00.32 | Mem:0.01M, Peak:0.01M | Scene, ViewLayer | Updating Objects
Fra:1 Mem:25.43M (Peak 52.72M) | Time:00:00.32 | Mem:0.01M, Peak:0.01M | Scene, ViewLayer | Updating Objects | Copying Transformations to device
Fra:1 Mem:25.44M (Peak 52.72M) | Time:00:00.32 | Mem:0.01M, Peak:0.01M | Scene, ViewLayer | Updating Particle Systems
Fra:1 Mem:25.44M (Peak 52.72M) | Time:00:00.32 | Mem:0.01M, Peak:0.01M | Scene, ViewLayer | Updating Particle Systems | Copying Particles to device
Fra:1 Mem:25.44M (Peak 52.72M) | Time:00:00.32 | Mem:0.01M, Peak:0.01M | Scene, ViewLayer | Updating Meshes
Fra:1 Mem:26.58M (Peak 52.72M) | Time:00:00.34 | Mem:0.01M, Peak:0.01M | Scene, ViewLayer | Updating Objects | Applying Static Transformations
Fra:1 Mem:26.58M (Peak 52.72M) | Time:00:00.34 | Mem:0.01M, Peak:0.01M | Scene, ViewLayer | Updating Mesh | Computing attributes
Fra:1 Mem:28.11M (Peak 52.72M) | Time:00:00.34 | Mem:0.01M, Peak:0.01M | Scene, ViewLayer | Updating Mesh | Copying Attributes to device
Fra:1 Mem:28.10M (Peak 52.72M) | Time:00:00.34 | Mem:1.54M, Peak:1.54M | Scene, ViewLayer | Updating Geometry BVH light 5/4 | Building BVH
Fra:1 Mem:28.11M (Peak 52.72M) | Time:00:00.34 | Mem:1.54M, Peak:1.54M | Scene, ViewLayer | Updating Geometry BVH Continuous pressure fuselage.002 4/4 | Building BVH
Fra:1 Mem:28.11M (Peak 52.72M) | Time:00:00.34 | Mem:1.54M, Peak:1.54M | Scene, ViewLayer | Updating Geometry BVH Continuous pressure fuselage.002 4/4 | Building OptiX acceleration structure
Fra:1 Mem:28.10M (Peak 52.72M) | Time:00:00.34 | Mem:2.03M, Peak:3.55M | Scene, ViewLayer | Updating Scene BVH | Building
Fra:1 Mem:28.11M (Peak 52.72M) | Time:00:00.34 | Mem:2.03M, Peak:3.55M | Scene, ViewLayer | Updating Scene BVH | Building OptiX acceleration structure
Fra:1 Mem:28.11M (Peak 52.72M) | Time:00:00.35 | Mem:2.03M, Peak:3.55M | Scene, ViewLayer | Updating Scene BVH | Copying BVH to device
Fra:1 Mem:28.11M (Peak 52.72M) | Time:00:00.35 | Mem:2.03M, Peak:3.55M | Scene, ViewLayer | Updating Mesh | Computing normals
Fra:1 Mem:28.72M (Peak 52.72M) | Time:00:00.35 | Mem:2.03M, Peak:3.55M | Scene, ViewLayer | Updating Mesh | Copying Mesh to device
Fra:1 Mem:28.72M (Peak 52.72M) | Time:00:00.35 | Mem:2.65M, Peak:3.55M | Scene, ViewLayer | Updating Objects Flags
Fra:1 Mem:28.72M (Peak 52.72M) | Time:00:00.35 | Mem:2.65M, Peak:3.55M | Scene, ViewLayer | Updating Primitive Offsets
Fra:1 Mem:28.72M (Peak 52.72M) | Time:00:00.35 | Mem:2.65M, Peak:3.55M | Scene, ViewLayer | Updating Images
Fra:1 Mem:28.72M (Peak 52.72M) | Time:00:00.35 | Mem:2.65M, Peak:3.55M | Scene, ViewLayer | Updating Images | Loading panel-normal.png
Fra:1 Mem:32.72M (Peak 52.72M) | Time:00:00.35 | Mem:2.65M, Peak:3.55M | Scene, ViewLayer | Updating Images | Loading white-basecolor.png
Fra:1 Mem:44.73M (Peak 52.72M) | Time:00:00.37 | Mem:18.65M, Peak:18.65M | Scene, ViewLayer | Updating Camera Volume
Fra:1 Mem:44.73M (Peak 52.72M) | Time:00:00.37 | Mem:18.65M, Peak:18.65M | Scene, ViewLayer | Updating Lookup Tables
Fra:1 Mem:44.73M (Peak 52.72M) | Time:00:00.37 | Mem:18.73M, Peak:18.73M | Scene, ViewLayer | Updating Lights
Fra:1 Mem:44.73M (Peak 52.72M) | Time:00:00.37 | Mem:18.73M, Peak:18.73M | Scene, ViewLayer | Updating Lights | Computing tree
Fra:1 Mem:44.99M (Peak 52.72M) | Time:00:00.38 | Mem:18.99M, Peak:18.99M | Scene, ViewLayer | Updating Integrator
Fra:1 Mem:44.99M (Peak 52.72M) | Time:00:00.38 | Mem:18.99M, Peak:18.99M | Scene, ViewLayer | Updating Film
Fra:1 Mem:45.00M (Peak 52.72M) | Time:00:00.38 | Mem:18.91M, Peak:18.99M | Scene, ViewLayer | Updating Lookup Tables
Fra:1 Mem:45.00M (Peak 52.72M) | Time:00:00.38 | Mem:18.99M, Peak:18.99M | Scene, ViewLayer | Updating Baking
Fra:1 Mem:45.00M (Peak 52.72M) | Time:00:00.38 | Mem:18.99M, Peak:18.99M | Scene, ViewLayer | Updating Device | Writing constant memory
Fra:1 Mem:45.00M (Peak 52.72M) | Time:00:00.38 | Mem:18.99M, Peak:18.99M | Scene, ViewLayer | Loading denoising kernels (may take a few minutes the first time)
Fra:1 Mem:49.00M (Peak 52.72M) | Time:00:00.40 | Mem:370.99M, Peak:370.99M | Scene, ViewLayer | Sample 0/24
Fra:1 Mem:125.00M (Peak 125.00M) | Time:00:00.44 | Remaining:00:00.93 | Mem:447.01M, Peak:447.01M | Scene, ViewLayer | Sample 1/24
Fra:1 Mem:157.01M (Peak 205.01M) | Time:00:05.58 | Mem:447.01M, Peak:447.01M | Scene, ViewLayer | Sample 24/24
Fra:1 Mem:157.01M (Peak 205.01M) | Time:00:05.58 | Mem:447.01M, Peak:447.01M | Scene, ViewLayer | Finished
Saved: 'D:\vibe-coding-e\nova-swarm-forum-129-improvements-20260822\docs\fleet-art-v2\ships\05\export\showroom.png'
Time: 00:05.85 (Saving: 00:00.14)

Fra:1 Mem:24.42M (Peak 24.42M) | Time:00:00.19 | Mem:0.00M, Peak:0.00M | Scene, ViewLayer | Synchronizing object | Broad neutral key
Fra:1 Mem:24.42M (Peak 24.42M) | Time:00:00.19 | Mem:0.00M, Peak:0.00M | Scene, ViewLayer | Synchronizing object | Neutral fill
Fra:1 Mem:25.82M (Peak 26.62M) | Time:00:00.21 | Mem:0.00M, Peak:0.00M | Scene, ViewLayer | Initializing
Fra:1 Mem:25.35M (Peak 26.62M) | Time:00:00.21 | Mem:0.00M, Peak:0.00M | Scene, ViewLayer | Waiting for render to start
Fra:1 Mem:25.35M (Peak 26.62M) | Time:00:00.21 | Mem:0.00M, Peak:0.00M | Scene, ViewLayer | Updating Scene
Fra:1 Mem:25.35M (Peak 26.62M) | Time:00:00.21 | Mem:0.00M, Peak:0.00M | Scene, ViewLayer | Updating Shaders
Fra:1 Mem:25.35M (Peak 26.62M) | Time:00:00.21 | Mem:0.00M, Peak:0.00M | Scene, ViewLayer | Loading render kernels (may take a few minutes the first time)
Fra:1 Mem:25.43M (Peak 52.72M) | Time:00:00.35 | Mem:0.01M, Peak:0.01M | Scene, ViewLayer | Updating Procedurals
Fra:1 Mem:25.43M (Peak 52.72M) | Time:00:00.35 | Mem:0.01M, Peak:0.01M | Scene, ViewLayer | Updating Background
Fra:1 Mem:25.43M (Peak 52.72M) | Time:00:00.35 | Mem:0.01M, Peak:0.01M | Scene, ViewLayer | Updating Camera
Fra:1 Mem:25.43M (Peak 52.72M) | Time:00:00.35 | Mem:0.01M, Peak:0.01M | Scene, ViewLayer | Updating Meshes Flags
Fra:1 Mem:25.43M (Peak 52.72M) | Time:00:00.35 | Mem:0.01M, Peak:0.01M | Scene, ViewLayer | Updating Objects
Fra:1 Mem:25.43M (Peak 52.72M) | Time:00:00.35 | Mem:0.01M, Peak:0.01M | Scene, ViewLayer | Updating Objects | Copying Transformations to device
Fra:1 Mem:25.44M (Peak 52.72M) | Time:00:00.35 | Mem:0.01M, Peak:0.01M | Scene, ViewLayer | Updating Particle Systems
Fra:1 Mem:25.44M (Peak 52.72M) | Time:00:00.35 | Mem:0.01M, Peak:0.01M | Scene, ViewLayer | Updating Particle Systems | Copying Particles to device
Fra:1 Mem:25.44M (Peak 52.72M) | Time:00:00.35 | Mem:0.01M, Peak:0.01M | Scene, ViewLayer | Updating Meshes
Fra:1 Mem:26.58M (Peak 52.72M) | Time:00:00.37 | Mem:0.01M, Peak:0.01M | Scene, ViewLayer | Updating Objects | Applying Static Transformations
Fra:1 Mem:26.58M (Peak 52.72M) | Time:00:00.37 | Mem:0.01M, Peak:0.01M | Scene, ViewLayer | Updating Mesh | Computing attributes
Fra:1 Mem:28.11M (Peak 52.72M) | Time:00:00.37 | Mem:0.01M, Peak:0.01M | Scene, ViewLayer | Updating Mesh | Copying Attributes to device
Fra:1 Mem:28.10M (Peak 52.72M) | Time:00:00.37 | Mem:1.54M, Peak:1.54M | Scene, ViewLayer | Updating Geometry BVH light 5/4 | Building BVH
Fra:1 Mem:28.11M (Peak 52.72M) | Time:00:00.37 | Mem:1.54M, Peak:1.54M | Scene, ViewLayer | Updating Geometry BVH Continuous pressure fuselage.002 4/4 | Building OptiX acceleration structure
Fra:1 Mem:28.10M (Peak 52.72M) | Time:00:00.37 | Mem:2.03M, Peak:3.55M | Scene, ViewLayer | Updating Scene BVH | Building
Fra:1 Mem:28.11M (Peak 52.72M) | Time:00:00.37 | Mem:2.03M, Peak:3.55M | Scene, ViewLayer | Updating Scene BVH | Building OptiX acceleration structure
Fra:1 Mem:28.11M (Peak 52.72M) | Time:00:00.37 | Mem:2.03M, Peak:3.55M | Scene, ViewLayer | Updating Scene BVH | Copying BVH to device
Fra:1 Mem:28.11M (Peak 52.72M) | Time:00:00.37 | Mem:2.03M, Peak:3.55M | Scene, ViewLayer | Updating Mesh | Computing normals
Fra:1 Mem:28.72M (Peak 52.72M) | Time:00:00.37 | Mem:2.03M, Peak:3.55M | Scene, ViewLayer | Updating Mesh | Copying Mesh to device
Fra:1 Mem:28.72M (Peak 52.72M) | Time:00:00.37 | Mem:2.65M, Peak:3.55M | Scene, ViewLayer | Updating Objects Flags
Fra:1 Mem:28.72M (Peak 52.72M) | Time:00:00.37 | Mem:2.65M, Peak:3.55M | Scene, ViewLayer | Updating Primitive Offsets
Fra:1 Mem:28.72M (Peak 52.72M) | Time:00:00.37 | Mem:2.65M, Peak:3.55M | Scene, ViewLayer | Updating Images
Fra:1 Mem:28.72M (Peak 52.72M) | Time:00:00.37 | Mem:2.65M, Peak:3.55M | Scene, ViewLayer | Updating Images | Loading panel-normal.png
Fra:1 Mem:32.72M (Peak 52.72M) | Time:00:00.37 | Mem:2.65M, Peak:3.55M | Scene, ViewLayer | Updating Images | Loading cobalt-basecolor.png
Fra:1 Mem:36.72M (Peak 52.72M) | Time:00:00.37 | Mem:2.65M, Peak:3.55M | Scene, ViewLayer | Updating Images | Loading white-basecolor.png
Fra:1 Mem:44.73M (Peak 52.72M) | Time:00:00.39 | Mem:18.65M, Peak:18.65M | Scene, ViewLayer | Updating Camera Volume
Fra:1 Mem:44.73M (Peak 52.72M) | Time:00:00.39 | Mem:18.65M, Peak:18.65M | Scene, ViewLayer | Updating Lookup Tables
Fra:1 Mem:44.73M (Peak 52.72M) | Time:00:00.39 | Mem:18.73M, Peak:18.73M | Scene, ViewLayer | Updating Lights
Fra:1 Mem:44.73M (Peak 52.72M) | Time:00:00.39 | Mem:18.73M, Peak:18.73M | Scene, ViewLayer | Updating Lights | Computing tree
Fra:1 Mem:44.99M (Peak 52.72M) | Time:00:00.40 | Mem:18.99M, Peak:18.99M | Scene, ViewLayer | Updating Integrator
Fra:1 Mem:44.99M (Peak 52.72M) | Time:00:00.40 | Mem:18.99M, Peak:18.99M | Scene, ViewLayer | Updating Film
Fra:1 Mem:45.00M (Peak 52.72M) | Time:00:00.40 | Mem:18.91M, Peak:18.99M | Scene, ViewLayer | Updating Lookup Tables
Fra:1 Mem:45.00M (Peak 52.72M) | Time:00:00.40 | Mem:18.99M, Peak:18.99M | Scene, ViewLayer | Updating Baking
Fra:1 Mem:45.00M (Peak 52.72M) | Time:00:00.40 | Mem:18.99M, Peak:18.99M | Scene, ViewLayer | Updating Device | Writing constant memory
Fra:1 Mem:45.00M (Peak 52.72M) | Time:00:00.40 | Mem:18.99M, Peak:18.99M | Scene, ViewLayer | Loading denoising kernels (may take a few minutes the first time)
Fra:1 Mem:49.00M (Peak 52.72M) | Time:00:00.43 | Mem:370.99M, Peak:370.99M | Scene, ViewLayer | Sample 0/24
Fra:1 Mem:68.00M (Peak 68.00M) | Time:00:00.45 | Remaining:00:00.47 | Mem:390.01M, Peak:390.01M | Scene, ViewLayer | Sample 1/24
Fra:1 Mem:76.01M (Peak 88.01M) | Time:00:01.81 | Mem:390.01M, Peak:390.01M | Scene, ViewLayer | Sample 24/24
Fra:1 Mem:76.01M (Peak 88.01M) | Time:00:01.81 | Mem:390.01M, Peak:390.01M | Scene, ViewLayer | Finished
Saved: 'D:\vibe-coding-e\nova-swarm-forum-129-improvements-20260822\docs\fleet-art-v2\ships\05\export\player.png'
Time: 00:02.03 (Saving: 00:00.05)


FLEET_V2_COMPLETE 5 Crimson Bite
Fra:1 Mem:28.57M (Peak 42.02M) | Time:00:00.21 | Mem:0.00M, Peak:0.00M | Scene, ViewLayer | Synchronizing object | Broad neutral key
Fra:1 Mem:28.57M (Peak 42.02M) | Time:00:00.21 | Mem:0.00M, Peak:0.00M | Scene, ViewLayer | Synchronizing object | Neutral fill
Fra:1 Mem:28.89M (Peak 42.02M) | Time:00:00.26 | Mem:0.00M, Peak:0.00M | Scene, ViewLayer | Synchronizing object | Continuous pressure fuselage
Fra:1 Mem:29.59M (Peak 42.02M) | Time:00:00.30 | Mem:0.00M, Peak:0.00M | Scene, ViewLayer | Synchronizing object | Cockpit integrated coaming
Fra:1 Mem:30.12M (Peak 42.02M) | Time:00:00.35 | Mem:0.00M, Peak:0.00M | Scene, ViewLayer | Synchronizing object | Pressure canopy glazing
Fra:1 Mem:30.12M (Peak 42.02M) | Time:00:00.35 | Mem:0.00M, Peak:0.00M | Scene, ViewLayer | Synchronizing object | Canopy lower frame
Fra:1 Mem:30.40M (Peak 42.02M) | Time:00:00.35 | Mem:0.00M, Peak:0.00M | Scene, ViewLayer | Synchronizing object | Canopy lower frame.001
Fra:1 Mem:30.40M (Peak 42.02M) | Time:00:00.35 | Mem:0.00M, Peak:0.00M | Scene, ViewLayer | Synchronizing object | Canopy pressure bow
Fra:1 Mem:30.44M (Peak 42.02M) | Time:00:00.35 | Mem:0.00M, Peak:0.00M | Scene, ViewLayer | Synchronizing object | Integrated lifting hull
Fra:1 Mem:30.45M (Peak 42.02M) | Time:00:00.35 | Mem:0.00M, Peak:0.00M | Scene, ViewLayer | Synchronizing object | Contoured expansion nozzle
Fra:1 Mem:30.46M (Peak 42.02M) | Time:00:00.35 | Mem:0.00M, Peak:0.00M | Scene, ViewLayer | Synchronizing object | Nozzle petal seam
Fra:1 Mem:30.51M (Peak 42.02M) | Time:00:00.35 | Mem:0.00M, Peak:0.00M | Scene, ViewLayer | Synchronizing object | Nozzle petal seam.001
Fra:1 Mem:30.57M (Peak 42.02M) | Time:00:00.35 | Mem:0.00M, Peak:0.00M | Scene, ViewLayer | Synchronizing object | Nozzle petal seam.002
Fra:1 Mem:30.56M (Peak 42.02M) | Time:00:00.35 | Mem:0.00M, Peak:0.00M | Scene, ViewLayer | Synchronizing object | Nozzle petal seam.003
Fra:1 Mem:30.55M (Peak 42.02M) | Time:00:00.35 | Mem:0.00M, Peak:0.00M | Scene, ViewLayer | Synchronizing object | Nozzle petal seam.004
Fra:1 Mem:30.56M (Peak 42.02M) | Time:00:00.35 | Mem:0.00M, Peak:0.00M | Scene, ViewLayer | Synchronizing object | Nozzle petal seam.005
Fra:1 Mem:30.56M (Peak 42.02M) | Time:00:00.35 | Mem:0.00M, Peak:0.00M | Scene, ViewLayer | Synchronizing object | Nozzle petal seam.006
Fra:1 Mem:30.54M (Peak 42.02M) | Time:00:00.35 | Mem:0.00M, Peak:0.00M | Scene, ViewLayer | Synchronizing object | Nozzle petal seam.007
Fra:1 Mem:30.54M (Peak 42.02M) | Time:00:00.35 | Mem:0.00M, Peak:0.00M | Scene, ViewLayer | Synchronizing object | Nozzle petal seam.008
Fra:1 Mem:30.54M (Peak 42.02M) | Time:00:00.35 | Mem:0.00M, Peak:0.00M | Scene, ViewLayer | Synchronizing object | Nozzle petal seam.009
Fra:1 Mem:30.54M (Peak 42.02M) | Time:00:00.35 | Mem:0.00M, Peak:0.00M | Scene, ViewLayer | Synchronizing object | Nozzle petal seam.010
Fra:1 Mem:30.55M (Peak 42.02M) | Time:00:00.35 | Mem:0.00M, Peak:0.00M | Scene, ViewLayer | Synchronizing object | Nozzle petal seam.011
Fra:1 Mem:30.55M (Peak 42.02M) | Time:00:00.35 | Mem:0.00M, Peak:0.00M | Scene, ViewLayer | Synchronizing object | Deep ion throat
Fra:1 Mem:30.55M (Peak 42.02M) | Time:00:00.35 | Mem:0.00M, Peak:0.00M | Scene, ViewLayer | Synchronizing object | Ventral access door
Fra:1 Mem:30.57M (Peak 42.02M) | Time:00:00.35 | Mem:0.00M, Peak:0.00M | Scene, ViewLayer | Synchronizing object | Deep intake duct
Fra:1 Mem:30.62M (Peak 42.02M) | Time:00:00.35 | Mem:0.00M, Peak:0.00M | Scene, ViewLayer | Synchronizing object | Flush cooling slot.001
Fra:1 Mem:30.65M (Peak 42.02M) | Time:00:00.36 | Mem:0.00M, Peak:0.00M | Scene, ViewLayer | Synchronizing object | Flush cooling slot.002
Fra:1 Mem:30.65M (Peak 42.02M) | Time:00:00.36 | Mem:0.00M, Peak:0.00M | Scene, ViewLayer | Synchronizing object | Articulated feather lifting vane
Fra:1 Mem:30.65M (Peak 42.02M) | Time:00:00.36 | Mem:0.00M, Peak:0.00M | Scene, ViewLayer | Synchronizing object | Articulated feather lifting vane.002
Fra:1 Mem:30.66M (Peak 42.02M) | Time:00:00.36 | Mem:0.00M, Peak:0.00M | Scene, ViewLayer | Synchronizing object | Contoured expansion nozzle.001
Fra:1 Mem:30.67M (Peak 42.02M) | Time:00:00.36 | Mem:0.00M, Peak:0.00M | Scene, ViewLayer | Synchronizing object | Nozzle petal seam.012
Fra:1 Mem:30.81M (Peak 42.02M) | Time:00:00.36 | Mem:0.00M, Peak:0.00M | Scene, ViewLayer | Synchronizing object | Nozzle petal seam.013
Fra:1 Mem:30.79M (Peak 42.02M) | Time:00:00.36 | Mem:0.00M, Peak:0.00M | Scene, ViewLayer | Synchronizing object | Nozzle petal seam.014
Fra:1 Mem:30.81M (Peak 42.02M) | Time:00:00.36 | Mem:0.00M, Peak:0.00M | Scene, ViewLayer | Synchronizing object | Nozzle petal seam.015
Fra:1 Mem:30.83M (Peak 42.02M) | Time:00:00.36 | Mem:0.00M, Peak:0.00M | Scene, ViewLayer | Synchronizing object | Nozzle petal seam.016
Fra:1 Mem:30.86M (Peak 42.02M) | Time:00:00.36 | Mem:0.00M, Peak:0.00M | Scene, ViewLayer | Synchronizing object | Nozzle petal seam.017
Fra:1 Mem:30.81M (Peak 42.02M) | Time:00:00.36 | Mem:0.00M, Peak:0.00M | Scene, ViewLayer | Synchronizing object | Nozzle petal seam.018
Fra:1 Mem:30.82M (Peak 42.02M) | Time:00:00.36 | Mem:0.00M, Peak:0.00M | Scene, ViewLayer | Synchronizing object | Nozzle petal seam.019
Fra:1 Mem:30.82M (Peak 42.02M) | Time:00:00.36 | Mem:0.00M, Peak:0.00M | Scene, ViewLayer | Synchronizing object | Nozzle petal seam.020
Fra:1 Mem:30.82M (Peak 42.02M) | Time:00:00.36 | Mem:0.00M, Peak:0.00M | Scene, ViewLayer | Synchronizing object | Nozzle petal seam.021
Fra:1 Mem:30.82M (Peak 42.02M) | Time:00:00.36 | Mem:0.00M, Peak:0.00M | Scene, ViewLayer | Synchronizing object | Nozzle petal seam.022
Fra:1 Mem:30.82M (Peak 42.02M) | Time:00:00.36 | Mem:0.00M, Peak:0.00M | Scene, ViewLayer | Synchronizing object | Nozzle petal seam.023
Fra:1 Mem:30.82M (Peak 42.02M) | Time:00:00.36 | Mem:0.00M, Peak:0.00M | Scene, ViewLayer | Synchronizing object | Deep ion throat.001
Fra:1 Mem:30.82M (Peak 42.02M) | Time:00:00.36 | Mem:0.00M, Peak:0.00M | Scene, ViewLayer | Synchronizing object | Flush cooling slot.003
Fra:1 Mem:30.84M (Peak 42.02M) | Time:00:00.36 | Mem:0.00M, Peak:0.00M | Scene, ViewLayer | Synchronizing object | Flush cooling slot.004
Fra:1 Mem:30.95M (Peak 42.02M) | Time:00:00.36 | Mem:0.00M, Peak:0.00M | Scene, ViewLayer | Synchronizing object | Flush cooling slot.005
Fra:1 Mem:30.91M (Peak 42.02M) | Time:00:00.36 | Mem:0.00M, Peak:0.00M | Scene, ViewLayer | Synchronizing object | Articulated feather lifting vane.003
Fra:1 Mem:30.93M (Peak 42.02M) | Time:00:00.36 | Mem:0.00M, Peak:0.00M | Scene, ViewLayer | Synchronizing object | Articulated feather lifting vane.004
Fra:1 Mem:30.93M (Peak 42.02M) | Time:00:00.36 | Mem:0.00M, Peak:0.00M | Scene, ViewLayer | Synchronizing object | Articulated feather lifting vane.005
Fra:1 Mem:31.00M (Peak 42.02M) | Time:00:00.36 | Mem:0.00M, Peak:0.00M | Scene, ViewLayer | Initializing
Fra:1 Mem:27.11M (Peak 42.02M) | Time:00:00.36 | Mem:0.00M, Peak:0.00M | Scene, ViewLayer | Waiting for render to start
Fra:1 Mem:27.11M (Peak 42.02M) | Time:00:00.36 | Mem:0.00M, Peak:0.00M | Scene, ViewLayer | Updating Scene
Fra:1 Mem:27.11M (Peak 42.02M) | Time:00:00.36 | Mem:0.00M, Peak:0.00M | Scene, ViewLayer | Updating Shaders
Fra:1 Mem:27.11M (Peak 42.02M) | Time:00:00.36 | Mem:0.00M, Peak:0.00M | Scene, ViewLayer | Loading render kernels (may take a few minutes the first time)
Fra:1 Mem:27.20M (Peak 54.49M) | Time:00:00.50 | Mem:0.01M, Peak:0.01M | Scene, ViewLayer | Updating Procedurals
Fra:1 Mem:27.20M (Peak 54.49M) | Time:00:00.50 | Mem:0.01M, Peak:0.01M | Scene, ViewLayer | Updating Background
Fra:1 Mem:27.20M (Peak 54.49M) | Time:00:00.50 | Mem:0.01M, Peak:0.01M | Scene, ViewLayer | Updating Camera
Fra:1 Mem:27.20M (Peak 54.49M) | Time:00:00.50 | Mem:0.01M, Peak:0.01M | Scene, ViewLayer | Updating Meshes Flags
Fra:1 Mem:27.20M (Peak 54.49M) | Time:00:00.50 | Mem:0.01M, Peak:0.01M | Scene, ViewLayer | Updating Objects
Fra:1 Mem:27.20M (Peak 54.49M) | Time:00:00.50 | Mem:0.01M, Peak:0.01M | Scene, ViewLayer | Updating Objects | Copying Transformations to device
Fra:1 Mem:27.21M (Peak 54.49M) | Time:00:00.50 | Mem:0.02M, Peak:0.02M | Scene, ViewLayer | Updating Particle Systems
Fra:1 Mem:27.21M (Peak 54.49M) | Time:00:00.50 | Mem:0.02M, Peak:0.02M | Scene, ViewLayer | Updating Particle Systems | Copying Particles to device
Fra:1 Mem:27.21M (Peak 54.49M) | Time:00:00.50 | Mem:0.02M, Peak:0.02M | Scene, ViewLayer | Updating Meshes
Fra:1 Mem:27.21M (Peak 54.49M) | Time:00:00.50 | Mem:0.02M, Peak:0.02M | Scene, ViewLayer | Updating Objects | Applying Static Transformations
Fra:1 Mem:27.21M (Peak 54.49M) | Time:00:00.50 | Mem:0.02M, Peak:0.02M | Scene, ViewLayer | Updating Mesh | Computing attributes
Fra:1 Mem:27.40M (Peak 54.49M) | Time:00:00.50 | Mem:0.02M, Peak:0.02M | Scene, ViewLayer | Updating Mesh | Copying Attributes to device
Fra:1 Mem:27.39M (Peak 54.49M) | Time:00:00.50 | Mem:0.20M, Peak:0.20M | Scene, ViewLayer | Updating Geometry BVH Broad neutral key 2/9 | Building BVH
Fra:1 Mem:27.39M (Peak 54.49M) | Time:00:00.50 | Mem:0.20M, Peak:0.20M | Scene, ViewLayer | Updating Geometry BVH Mesh 6/57 | Building BVH
Fra:1 Mem:27.39M (Peak 54.49M) | Time:00:00.50 | Mem:0.20M, Peak:0.20M | Scene, ViewLayer | Updating Geometry BVH Canopy pressure bow.003 9/57 | Building BVH
Fra:1 Mem:27.39M (Peak 54.49M) | Time:00:00.50 | Mem:0.20M, Peak:0.20M | Scene, ViewLayer | Updating Geometry BVH Integrated propulsion nacelle.006 11/57 | Building OptiX acceleration structure
Fra:1 Mem:27.39M (Peak 54.49M) | Time:00:00.50 | Mem:0.20M, Peak:0.20M | Scene, ViewLayer | Updating Geometry BVH Contoured expansion nozzle.014 12/57 | Building BVH
Fra:1 Mem:27.39M (Peak 54.49M) | Time:00:00.50 | Mem:0.20M, Peak:0.20M | Scene, ViewLayer | Updating Geometry BVH Contoured expansion nozzle.014 12/57 | Building OptiX acceleration structure
Fra:1 Mem:27.47M (Peak 54.49M) | Time:00:00.50 | Mem:0.20M, Peak:0.20M | Scene, ViewLayer | Updating Geometry BVH Nozzle petal seam.168 13/57 | Building OptiX acceleration structure
Fra:1 Mem:27.47M (Peak 54.49M) | Time:00:00.50 | Mem:0.25M, Peak:0.25M | Scene, ViewLayer | Updating Geometry BVH Nozzle petal seam.169 14/57 | Building BVH
Fra:1 Mem:27.47M (Peak 54.49M) | Time:00:00.50 | Mem:0.25M, Peak:0.25M | Scene, ViewLayer | Updating Geometry BVH Nozzle petal seam.169 14/57 | Building OptiX acceleration structure
Fra:1 Mem:27.70M (Peak 54.49M) | Time:00:00.50 | Mem:0.29M, Peak:0.29M | Scene, ViewLayer | Updating Geometry BVH Articulated feather lifting vane.005 57/57 | Building BVH
Fra:1 Mem:27.70M (Peak 54.49M) | Time:00:00.50 | Mem:0.29M, Peak:0.29M | Scene, ViewLayer | Updating Geometry BVH Articulated feather lifting vane.005 57/57 | Building OptiX acceleration structure
Fra:1 Mem:27.63M (Peak 54.49M) | Time:00:00.51 | Mem:0.54M, Peak:0.93M | Scene, ViewLayer | Updating Geometry BVH Nozzle petal seam.170 15/57 | Building BVH
Fra:1 Mem:27.63M (Peak 54.49M) | Time:00:00.51 | Mem:0.54M, Peak:0.93M | Scene, ViewLayer | Updating Geometry BVH Nozzle petal seam.170 15/57 | Building OptiX acceleration structure
Fra:1 Mem:27.63M (Peak 54.49M) | Time:00:00.51 | Mem:0.54M, Peak:0.93M | Scene, ViewLayer | Updating Geometry BVH Nozzle petal seam.171 16/57 | Building BVH
Fra:1 Mem:27.63M (Peak 54.49M) | Time:00:00.51 | Mem:0.54M, Peak:0.93M | Scene, ViewLayer | Updating Geometry BVH Nozzle petal seam.171 16/57 | Building OptiX acceleration structure
Fra:1 Mem:27.62M (Peak 54.49M) | Time:00:00.51 | Mem:0.54M, Peak:0.93M | Scene, ViewLayer | Updating Geometry BVH Nozzle petal seam.172 17/57 | Building BVH
Fra:1 Mem:27.62M (Peak 54.49M) | Time:00:00.51 | Mem:0.54M, Peak:0.93M | Scene, ViewLayer | Updating Geometry BVH Nozzle petal seam.172 17/57 | Building OptiX acceleration structure
Fra:1 Mem:27.62M (Peak 54.49M) | Time:00:00.51 | Mem:0.58M, Peak:0.93M | Scene, ViewLayer | Updating Geometry BVH Nozzle petal seam.173 18/57 | Building BVH
Fra:1 Mem:27.62M (Peak 54.49M) | Time:00:00.51 | Mem:0.58M, Peak:0.93M | Scene, ViewLayer | Updating Geometry BVH Nozzle petal seam.173 18/57 | Building OptiX acceleration structure
Fra:1 Mem:27.61M (Peak 54.49M) | Time:00:00.51 | Mem:0.55M, Peak:0.93M | Scene, ViewLayer | Updating Geometry BVH Nozzle petal seam.174 19/57 | Building BVH
Fra:1 Mem:27.61M (Peak 54.49M) | Time:00:00.51 | Mem:0.55M, Peak:0.93M | Scene, ViewLayer | Updating Geometry BVH Nozzle petal seam.174 19/57 | Building OptiX acceleration structure
Fra:1 Mem:27.61M (Peak 54.49M) | Time:00:00.51 | Mem:0.55M, Peak:0.93M | Scene, ViewLayer | Updating Geometry BVH Nozzle petal seam.175 20/57 | Building BVH
Fra:1 Mem:27.61M (Peak 54.49M) | Time:00:00.51 | Mem:0.55M, Peak:0.93M | Scene, ViewLayer | Updating Geometry BVH Nozzle petal seam.175 20/57 | Building OptiX acceleration structure
Fra:1 Mem:27.61M (Peak 54.49M) | Time:00:00.51 | Mem:0.55M, Peak:0.93M | Scene, ViewLayer | Updating Geometry BVH Nozzle petal seam.176 21/57 | Building BVH
Fra:1 Mem:27.61M (Peak 54.49M) | Time:00:00.51 | Mem:0.97M, Peak:0.97M | Scene, ViewLayer | Updating Geometry BVH Nozzle petal seam.176 21/57 | Building OptiX acceleration structure
Fra:1 Mem:27.53M (Peak 54.49M) | Time:00:00.51 | Mem:0.57M, Peak:0.97M | Scene, ViewLayer | Updating Geometry BVH Nozzle petal seam.177 22/57 | Building BVH
Fra:1 Mem:27.53M (Peak 54.49M) | Time:00:00.51 | Mem:0.57M, Peak:0.97M | Scene, ViewLayer | Updating Geometry BVH Nozzle petal seam.177 22/57 | Building OptiX acceleration structure
Fra:1 Mem:27.53M (Peak 54.49M) | Time:00:00.51 | Mem:0.57M, Peak:0.97M | Scene, ViewLayer | Updating Geometry BVH Nozzle petal seam.178 23/57 | Building BVH
Fra:1 Mem:27.53M (Peak 54.49M) | Time:00:00.51 | Mem:0.98M, Peak:0.98M | Scene, ViewLayer | Updating Geometry BVH Nozzle petal seam.178 23/57 | Building OptiX acceleration structure
Fra:1 Mem:27.41M (Peak 54.49M) | Time:00:00.52 | Mem:0.61M, Peak:1.09M | Scene, ViewLayer | Updating Geometry BVH Nozzle petal seam.179 24/57 | Building BVH
Fra:1 Mem:27.41M (Peak 54.49M) | Time:00:00.52 | Mem:0.62M, Peak:1.09M | Scene, ViewLayer | Updating Geometry BVH Nozzle petal seam.179 24/57 | Building OptiX acceleration structure
Fra:1 Mem:27.41M (Peak 54.49M) | Time:00:00.52 | Mem:0.61M, Peak:1.09M | Scene, ViewLayer | Updating Geometry BVH Deep ion throat.014 25/57 | Building BVH
Fra:1 Mem:27.41M (Peak 54.49M) | Time:00:00.52 | Mem:0.62M, Peak:1.09M | Scene, ViewLayer | Updating Geometry BVH Deep ion throat.014 25/57 | Building OptiX acceleration structure
Fra:1 Mem:27.42M (Peak 54.49M) | Time:00:00.52 | Mem:0.63M, Peak:1.09M | Scene, ViewLayer | Updating Geometry BVH Articulated feather lifting vane.004 56/57 | Building BVH
Fra:1 Mem:27.42M (Peak 54.49M) | Time:00:00.52 | Mem:0.64M, Peak:1.09M | Scene, ViewLayer | Updating Geometry BVH Articulated feather lifting vane.004 56/57 | Building OptiX acceleration structure
Fra:1 Mem:27.43M (Peak 54.49M) | Time:00:00.52 | Mem:0.64M, Peak:1.09M | Scene, ViewLayer | Updating Geometry BVH Deep intake duct.006 26/57 | Building BVH
Fra:1 Mem:27.43M (Peak 54.49M) | Time:00:00.52 | Mem:0.64M, Peak:1.09M | Scene, ViewLayer | Updating Geometry BVH Deep intake duct.006 26/57 | Building OptiX acceleration structure
Fra:1 Mem:27.43M (Peak 54.49M) | Time:00:00.52 | Mem:0.64M, Peak:1.09M | Scene, ViewLayer | Updating Geometry BVH Ventral access door.014 27/57 | Building BVH
Fra:1 Mem:27.43M (Peak 54.49M) | Time:00:00.52 | Mem:0.64M, Peak:1.09M | Scene, ViewLayer | Updating Geometry BVH Ventral access door.014 27/57 | Building OptiX acceleration structure
Fra:1 Mem:27.43M (Peak 54.49M) | Time:00:00.52 | Mem:0.65M, Peak:1.09M | Scene, ViewLayer | Updating Geometry BVH Flush cooling slot.018 28/57 | Building BVH
Fra:1 Mem:27.43M (Peak 54.49M) | Time:00:00.52 | Mem:0.66M, Peak:1.09M | Scene, ViewLayer | Updating Geometry BVH Flush cooling slot.018 28/57 | Building OptiX acceleration structure
Fra:1 Mem:27.43M (Peak 54.49M) | Time:00:00.52 | Mem:0.65M, Peak:1.09M | Scene, ViewLayer | Updating Geometry BVH Flush cooling slot.019 29/57 | Building BVH
Fra:1 Mem:27.43M (Peak 54.49M) | Time:00:00.52 | Mem:0.65M, Peak:1.09M | Scene, ViewLayer | Updating Geometry BVH Flush cooling slot.019 29/57 | Building OptiX acceleration structure
Fra:1 Mem:27.43M (Peak 54.49M) | Time:00:00.52 | Mem:0.65M, Peak:1.09M | Scene, ViewLayer | Updating Geometry BVH Flush cooling slot.020 30/57 | Building BVH
Fra:1 Mem:27.43M (Peak 54.49M) | Time:00:00.52 | Mem:0.66M, Peak:1.09M | Scene, ViewLayer | Updating Geometry BVH Flush cooling slot.020 30/57 | Building OptiX acceleration structure
Fra:1 Mem:27.43M (Peak 54.49M) | Time:00:00.52 | Mem:0.65M, Peak:1.09M | Scene, ViewLayer | Updating Geometry BVH Articulated feather lifting vane 31/57 | Building BVH
Fra:1 Mem:27.44M (Peak 54.49M) | Time:00:00.52 | Mem:0.66M, Peak:1.09M | Scene, ViewLayer | Updating Geometry BVH Articulated feather lifting vane 31/57 | Building OptiX acceleration structure
Fra:1 Mem:27.44M (Peak 54.49M) | Time:00:00.52 | Mem:0.67M, Peak:1.09M | Scene, ViewLayer | Updating Geometry BVH Articulated feather lifting vane.001 32/57 | Building BVH
Fra:1 Mem:27.44M (Peak 54.49M) | Time:00:00.52 | Mem:0.67M, Peak:1.09M | Scene, ViewLayer | Updating Geometry BVH Articulated feather lifting vane.001 32/57 | Building OptiX acceleration structure
Fra:1 Mem:27.45M (Peak 54.49M) | Time:00:00.52 | Mem:0.68M, Peak:1.09M | Scene, ViewLayer | Updating Geometry BVH Articulated feather lifting vane.002 33/57 | Building BVH
Fra:1 Mem:27.45M (Peak 54.49M) | Time:00:00.52 | Mem:0.68M, Peak:1.09M | Scene, ViewLayer | Updating Geometry BVH Articulated feather lifting vane.002 33/57 | Building OptiX acceleration structure
Fra:1 Mem:27.46M (Peak 54.49M) | Time:00:00.52 | Mem:0.69M, Peak:1.09M | Scene, ViewLayer | Updating Geometry BVH Integrated lifting hull.007 34/57 | Building BVH
Fra:1 Mem:27.46M (Peak 54.49M) | Time:00:00.52 | Mem:0.69M, Peak:1.09M | Scene, ViewLayer | Updating Geometry BVH Integrated lifting hull.007 34/57 | Building OptiX acceleration structure
Fra:1 Mem:27.47M (Peak 54.49M) | Time:00:00.52 | Mem:0.70M, Peak:1.09M | Scene, ViewLayer | Updating Geometry BVH Integrated propulsion nacelle.007 35/57 | Building BVH
Fra:1 Mem:27.47M (Peak 54.49M) | Time:00:00.52 | Mem:0.70M, Peak:1.09M | Scene, ViewLayer | Updating Geometry BVH Integrated propulsion nacelle.007 35/57 | Building OptiX acceleration structure
Fra:1 Mem:27.46M (Peak 54.49M) | Time:00:00.52 | Mem:0.72M, Peak:1.09M | Scene, ViewLayer | Updating Geometry BVH Contoured expansion nozzle.015 36/57 | Building BVH
Fra:1 Mem:27.46M (Peak 54.49M) | Time:00:00.52 | Mem:0.72M, Peak:1.09M | Scene, ViewLayer | Updating Geometry BVH Contoured expansion nozzle.015 36/57 | Building OptiX acceleration structure
Fra:1 Mem:27.45M (Peak 54.49M) | Time:00:00.52 | Mem:0.70M, Peak:1.09M | Scene, ViewLayer | Updating Geometry BVH Articulated feather lifting vane.003 55/57 | Building BVH
Fra:1 Mem:27.45M (Peak 54.49M) | Time:00:00.52 | Mem:0.72M, Peak:1.09M | Scene, ViewLayer | Updating Geometry BVH Articulated feather lifting vane.003 55/57 | Building OptiX acceleration structure
Fra:1 Mem:27.46M (Peak 54.49M) | Time:00:00.53 | Mem:0.71M, Peak:1.09M | Scene, ViewLayer | Updating Geometry BVH Nozzle petal seam.180 37/57 | Building BVH
Fra:1 Mem:27.46M (Peak 54.49M) | Time:00:00.53 | Mem:0.74M, Peak:1.09M | Scene, ViewLayer | Updating Geometry BVH Nozzle petal seam.180 37/57 | Building OptiX acceleration structure
Fra:1 Mem:27.45M (Peak 54.49M) | Time:00:00.53 | Mem:0.71M, Peak:1.09M | Scene, ViewLayer | Updating Geometry BVH Nozzle petal seam.181 38/57 | Building BVH
Fra:1 Mem:27.45M (Peak 54.49M) | Time:00:00.53 | Mem:0.72M, Peak:1.09M | Scene, ViewLayer | Updating Geometry BVH Nozzle petal seam.181 38/57 | Building OptiX acceleration structure
Fra:1 Mem:27.45M (Peak 54.49M) | Time:00:00.53 | Mem:0.71M, Peak:1.09M | Scene, ViewLayer | Updating Geometry BVH Nozzle petal seam.182 39/57 | Building BVH
Fra:1 Mem:27.45M (Peak 54.49M) | Time:00:00.53 | Mem:0.71M, Peak:1.09M | Scene, ViewLayer | Updating Geometry BVH Nozzle petal seam.182 39/57 | Building OptiX acceleration structure
Fra:1 Mem:27.45M (Peak 54.49M) | Time:00:00.53 | Mem:0.71M, Peak:1.09M | Scene, ViewLayer | Updating Geometry BVH Nozzle petal seam.183 40/57 | Building BVH
Fra:1 Mem:27.45M (Peak 54.49M) | Time:00:00.53 | Mem:0.72M, Peak:1.09M | Scene, ViewLayer | Updating Geometry BVH Nozzle petal seam.183 40/57 | Building OptiX acceleration structure
Fra:1 Mem:27.45M (Peak 54.49M) | Time:00:00.53 | Mem:0.71M, Peak:1.09M | Scene, ViewLayer | Updating Geometry BVH Nozzle petal seam.184 41/57 | Building BVH
Fra:1 Mem:27.45M (Peak 54.49M) | Time:00:00.53 | Mem:0.71M, Peak:1.09M | Scene, ViewLayer | Updating Geometry BVH Nozzle petal seam.184 41/57 | Building OptiX acceleration structure
Fra:1 Mem:27.45M (Peak 54.49M) | Time:00:00.53 | Mem:0.71M, Peak:1.09M | Scene, ViewLayer | Updating Geometry BVH Nozzle petal seam.185 42/57 | Building BVH
Fra:1 Mem:27.45M (Peak 54.49M) | Time:00:00.53 | Mem:0.74M, Peak:1.09M | Scene, ViewLayer | Updating Geometry BVH Nozzle petal seam.185 42/57 | Building OptiX acceleration structure
Fra:1 Mem:27.44M (Peak 54.49M) | Time:00:00.53 | Mem:0.71M, Peak:1.09M | Scene, ViewLayer | Updating Geometry BVH Nozzle petal seam.186 43/57 | Building BVH
Fra:1 Mem:27.44M (Peak 54.49M) | Time:00:00.53 | Mem:0.71M, Peak:1.09M | Scene, ViewLayer | Updating Geometry BVH Nozzle petal seam.186 43/57 | Building OptiX acceleration structure
Fra:1 Mem:27.43M (Peak 54.49M) | Time:00:00.53 | Mem:0.71M, Peak:1.09M | Scene, ViewLayer | Updating Geometry BVH Nozzle petal seam.187 44/57 | Building BVH
Fra:1 Mem:27.43M (Peak 54.49M) | Time:00:00.53 | Mem:0.72M, Peak:1.09M | Scene, ViewLayer | Updating Geometry BVH Nozzle petal seam.187 44/57 | Building OptiX acceleration structure
Fra:1 Mem:27.42M (Peak 54.49M) | Time:00:00.53 | Mem:0.71M, Peak:1.09M | Scene, ViewLayer | Updating Geometry BVH Nozzle petal seam.188 45/57 | Building BVH
Fra:1 Mem:27.42M (Peak 54.49M) | Time:00:00.53 | Mem:0.74M, Peak:1.09M | Scene, ViewLayer | Updating Geometry BVH Nozzle petal seam.188 45/57 | Building OptiX acceleration structure
Fra:1 Mem:27.41M (Peak 54.49M) | Time:00:00.53 | Mem:0.71M, Peak:1.09M | Scene, ViewLayer | Updating Geometry BVH Nozzle petal seam.189 46/57 | Building BVH
Fra:1 Mem:27.41M (Peak 54.49M) | Time:00:00.53 | Mem:0.74M, Peak:1.09M | Scene, ViewLayer | Updating Geometry BVH Nozzle petal seam.189 46/57 | Building OptiX acceleration structure
Fra:1 Mem:27.41M (Peak 54.49M) | Time:00:00.53 | Mem:0.71M, Peak:1.09M | Scene, ViewLayer | Updating Geometry BVH Nozzle petal seam.190 47/57 | Building BVH
Fra:1 Mem:27.41M (Peak 54.49M) | Time:00:00.53 | Mem:0.72M, Peak:1.09M | Scene, ViewLayer | Updating Geometry BVH Nozzle petal seam.190 47/57 | Building OptiX acceleration structure
Fra:1 Mem:27.40M (Peak 54.49M) | Time:00:00.53 | Mem:0.71M, Peak:1.09M | Scene, ViewLayer | Updating Geometry BVH Flush cooling slot.023 54/57 | Building BVH
Fra:1 Mem:27.40M (Peak 54.49M) | Time:00:00.53 | Mem:0.72M, Peak:1.09M | Scene, ViewLayer | Updating Geometry BVH Flush cooling slot.023 54/57 | Building OptiX acceleration structure
Fra:1 Mem:27.40M (Peak 54.49M) | Time:00:00.53 | Mem:0.71M, Peak:1.09M | Scene, ViewLayer | Updating Geometry BVH Nozzle petal seam.191 48/57 | Building BVH
Fra:1 Mem:27.40M (Peak 54.49M) | Time:00:00.53 | Mem:0.72M, Peak:1.09M | Scene, ViewLayer | Updating Geometry BVH Nozzle petal seam.191 48/57 | Building OptiX acceleration structure
Fra:1 Mem:27.40M (Peak 54.49M) | Time:00:00.54 | Mem:0.71M, Peak:1.09M | Scene, ViewLayer | Updating Geometry BVH Deep ion throat.015 49/57 | Building BVH
Fra:1 Mem:27.40M (Peak 54.49M) | Time:00:00.54 | Mem:0.71M, Peak:1.09M | Scene, ViewLayer | Updating Geometry BVH Deep ion throat.015 49/57 | Building OptiX acceleration structure
Fra:1 Mem:27.42M (Peak 54.49M) | Time:00:00.54 | Mem:0.73M, Peak:1.09M | Scene, ViewLayer | Updating Geometry BVH Deep intake duct.007 50/57 | Building BVH
Fra:1 Mem:27.42M (Peak 54.49M) | Time:00:00.54 | Mem:0.73M, Peak:1.09M | Scene, ViewLayer | Updating Geometry BVH Deep intake duct.007 50/57 | Building OptiX acceleration structure
Fra:1 Mem:27.42M (Peak 54.49M) | Time:00:00.54 | Mem:0.74M, Peak:1.09M | Scene, ViewLayer | Updating Geometry BVH Ventral access door.015 51/57 | Building BVH
Fra:1 Mem:27.42M (Peak 54.49M) | Time:00:00.54 | Mem:0.74M, Peak:1.09M | Scene, ViewLayer | Updating Geometry BVH Ventral access door.015 51/57 | Building OptiX acceleration structure
Fra:1 Mem:27.43M (Peak 54.49M) | Time:00:00.54 | Mem:0.74M, Peak:1.09M | Scene, ViewLayer | Updating Geometry BVH Flush cooling slot.021 52/57 | Building BVH
Fra:1 Mem:27.43M (Peak 54.49M) | Time:00:00.54 | Mem:0.75M, Peak:1.09M | Scene, ViewLayer | Updating Geometry BVH Flush cooling slot.021 52/57 | Building OptiX acceleration structure
Fra:1 Mem:27.43M (Peak 54.49M) | Time:00:00.54 | Mem:0.75M, Peak:1.09M | Scene, ViewLayer | Updating Geometry BVH Flush cooling slot.022 53/57 | Building BVH
Fra:1 Mem:27.43M (Peak 54.49M) | Time:00:00.54 | Mem:0.75M, Peak:1.09M | Scene, ViewLayer | Updating Geometry BVH Flush cooling slot.022 53/57 | Building OptiX acceleration structure
Fra:1 Mem:27.39M (Peak 54.49M) | Time:00:00.55 | Mem:0.74M, Peak:1.09M | Scene, ViewLayer | Updating Scene BVH | Building
Fra:1 Mem:27.39M (Peak 54.49M) | Time:00:00.55 | Mem:0.74M, Peak:1.09M | Scene, ViewLayer | Updating Scene BVH | Building OptiX acceleration structure
Fra:1 Mem:27.39M (Peak 54.49M) | Time:00:00.55 | Mem:0.75M, Peak:1.09M | Scene, ViewLayer | Updating Scene BVH | Copying BVH to device
Fra:1 Mem:27.39M (Peak 54.49M) | Time:00:00.55 | Mem:0.75M, Peak:1.09M | Scene, ViewLayer | Updating Mesh | Computing normals
Fra:1 Mem:28.05M (Peak 54.49M) | Time:00:00.55 | Mem:0.75M, Peak:1.09M | Scene, ViewLayer | Updating Mesh | Copying Mesh to device
Fra:1 Mem:28.05M (Peak 54.49M) | Time:00:00.55 | Mem:1.41M, Peak:1.41M | Scene, ViewLayer | Updating Objects Flags
Fra:1 Mem:28.05M (Peak 54.49M) | Time:00:00.55 | Mem:1.41M, Peak:1.41M | Scene, ViewLayer | Updating Primitive Offsets
Fra:1 Mem:28.05M (Peak 54.49M) | Time:00:00.55 | Mem:1.41M, Peak:1.41M | Scene, ViewLayer | Updating Images
Fra:1 Mem:28.05M (Peak 54.49M) | Time:00:00.55 | Mem:1.41M, Peak:1.41M | Scene, ViewLayer | Updating Camera Volume
Fra:1 Mem:28.05M (Peak 54.49M) | Time:00:00.55 | Mem:1.41M, Peak:1.41M | Scene, ViewLayer | Updating Lookup Tables
Fra:1 Mem:28.05M (Peak 54.49M) | Time:00:00.55 | Mem:1.50M, Peak:1.50M | Scene, ViewLayer | Updating Lights
Fra:1 Mem:28.05M (Peak 54.49M) | Time:00:00.55 | Mem:1.50M, Peak:1.50M | Scene, ViewLayer | Updating Lights | Computing tree
Fra:1 Mem:28.05M (Peak 54.49M) | Time:00:00.55 | Mem:1.50M, Peak:1.50M | Scene, ViewLayer | Updating Integrator
Fra:1 Mem:28.05M (Peak 54.49M) | Time:00:00.55 | Mem:1.50M, Peak:1.50M | Scene, ViewLayer | Updating Film
Fra:1 Mem:28.06M (Peak 54.49M) | Time:00:00.55 | Mem:1.42M, Peak:1.50M | Scene, ViewLayer | Updating Lookup Tables
Fra:1 Mem:28.06M (Peak 54.49M) | Time:00:00.55 | Mem:1.50M, Peak:1.50M | Scene, ViewLayer | Updating Baking
Fra:1 Mem:28.06M (Peak 54.49M) | Time:00:00.55 | Mem:1.50M, Peak:1.50M | Scene, ViewLayer | Updating Device | Writing constant memory
Fra:1 Mem:28.06M (Peak 54.49M) | Time:00:00.55 | Mem:1.50M, Peak:1.50M | Scene, ViewLayer | Loading denoising kernels (may take a few minutes the first time)
Fra:1 Mem:32.06M (Peak 54.49M) | Time:00:00.57 | Mem:353.50M, Peak:353.50M | Scene, ViewLayer | Sample 0/24
Fra:1 Mem:79.03M (Peak 79.03M) | Time:00:00.59 | Remaining:00:00.41 | Mem:400.47M, Peak:400.47M | Scene, ViewLayer | Sample 1/24
Fra:1 Mem:98.82M (Peak 128.48M) | Time:00:03.70 | Mem:400.48M, Peak:400.48M | Scene, ViewLayer | Sample 24/24
Fra:1 Mem:98.82M (Peak 128.48M) | Time:00:03.70 | Mem:400.48M, Peak:400.48M | Scene, ViewLayer | Finished
Saved: 'D:\vibe-coding-e\nova-swarm-forum-129-improvements-20260822\docs\fleet-art-v2\ships\26\clay.png'
Time: 00:03.91 (Saving: 00:00.09)

Fra:1 Mem:28.60M (Peak 28.60M) | Time:00:00.20 | Mem:0.00M, Peak:0.00M | Scene, ViewLayer | Synchronizing object | Broad neutral key
Fra:1 Mem:28.62M (Peak 28.62M) | Time:00:00.20 | Mem:0.00M, Peak:0.00M | Scene, ViewLayer | Synchronizing object | Neutral fill
Fra:1 Mem:28.92M (Peak 28.92M) | Time:00:00.26 | Mem:0.00M, Peak:0.00M | Scene, ViewLayer | Synchronizing object | Continuous pressure fuselage
Fra:1 Mem:29.62M (Peak 29.62M) | Time:00:00.31 | Mem:0.00M, Peak:0.00M | Scene, ViewLayer | Synchronizing object | Cockpit integrated coaming
Fra:1 Mem:30.15M (Peak 30.15M) | Time:00:00.37 | Mem:0.00M, Peak:0.00M | Scene, ViewLayer | Synchronizing object | Pressure canopy glazing
Fra:1 Mem:30.15M (Peak 30.15M) | Time:00:00.37 | Mem:0.00M, Peak:0.00M | Scene, ViewLayer | Synchronizing object | Canopy lower frame
Fra:1 Mem:30.39M (Peak 30.39M) | Time:00:00.37 | Mem:0.00M, Peak:0.00M | Scene, ViewLayer | Synchronizing object | Canopy lower frame.001
Fra:1 Mem:30.43M (Peak 30.43M) | Time:00:00.37 | Mem:0.00M, Peak:0.00M | Scene, ViewLayer | Synchronizing object | Canopy pressure bow
Fra:1 Mem:30.44M (Peak 30.44M) | Time:00:00.37 | Mem:0.00M, Peak:0.00M | Scene, ViewLayer | Synchronizing object | Integrated lifting hull
Fra:1 Mem:30.44M (Peak 30.44M) | Time:00:00.37 | Mem:0.00M, Peak:0.00M | Scene, ViewLayer | Synchronizing object | Nozzle petal seam
Fra:1 Mem:30.51M (Peak 30.51M) | Time:00:00.37 | Mem:0.00M, Peak:0.00M | Scene, ViewLayer | Synchronizing object | Nozzle petal seam.001
Fra:1 Mem:30.58M (Peak 30.58M) | Time:00:00.37 | Mem:0.00M, Peak:0.00M | Scene, ViewLayer | Synchronizing object | Nozzle petal seam.002
Fra:1 Mem:30.58M (Peak 30.58M) | Time:00:00.37 | Mem:0.00M, Peak:0.00M | Scene, ViewLayer | Synchronizing object | Nozzle petal seam.003
Fra:1 Mem:30.57M (Peak 30.58M) | Time:00:00.37 | Mem:0.00M, Peak:0.00M | Scene, ViewLayer | Synchronizing object | Nozzle petal seam.004
Fra:1 Mem:30.57M (Peak 30.58M) | Time:00:00.37 | Mem:0.00M, Peak:0.00M | Scene, ViewLayer | Synchronizing object | Nozzle petal seam.005
Fra:1 Mem:30.60M (Peak 30.60M) | Time:00:00.37 | Mem:0.00M, Peak:0.00M | Scene, ViewLayer | Synchronizing object | Nozzle petal seam.006
Fra:1 Mem:30.56M (Peak 30.60M) | Time:00:00.37 | Mem:0.00M, Peak:0.00M | Scene, ViewLayer | Synchronizing object | Nozzle petal seam.007
Fra:1 Mem:30.56M (Peak 30.60M) | Time:00:00.37 | Mem:0.00M, Peak:0.00M | Scene, ViewLayer | Synchronizing object | Nozzle petal seam.008
Fra:1 Mem:30.56M (Peak 30.60M) | Time:00:00.37 | Mem:0.00M, Peak:0.00M | Scene, ViewLayer | Synchronizing object | Nozzle petal seam.009
Fra:1 Mem:30.57M (Peak 30.60M) | Time:00:00.37 | Mem:0.00M, Peak:0.00M | Scene, ViewLayer | Synchronizing object | Nozzle petal seam.010
Fra:1 Mem:30.57M (Peak 30.60M) | Time:00:00.37 | Mem:0.00M, Peak:0.00M | Scene, ViewLayer | Synchronizing object | Nozzle petal seam.011
Fra:1 Mem:30.57M (Peak 30.60M) | Time:00:00.37 | Mem:0.00M, Peak:0.00M | Scene, ViewLayer | Synchronizing object | Deep ion throat
Fra:1 Mem:30.57M (Peak 30.60M) | Time:00:00.37 | Mem:0.00M, Peak:0.00M | Scene, ViewLayer | Synchronizing object | Ventral access door
Fra:1 Mem:30.57M (Peak 30.60M) | Time:00:00.37 | Mem:0.00M, Peak:0.00M | Scene, ViewLayer | Synchronizing object | Flush cooling slot
Fra:1 Mem:30.70M (Peak 30.70M) | Time:00:00.37 | Mem:0.00M, Peak:0.00M | Scene, ViewLayer | Synchronizing object | Flush cooling slot.001
Fra:1 Mem:30.66M (Peak 30.70M) | Time:00:00.37 | Mem:0.00M, Peak:0.00M | Scene, ViewLayer | Synchronizing object | Flush cooling slot.002
Fra:1 Mem:30.67M (Peak 30.70M) | Time:00:00.37 | Mem:0.00M, Peak:0.00M | Scene, ViewLayer | Synchronizing object | Articulated feather lifting vane
Fra:1 Mem:30.68M (Peak 30.70M) | Time:00:00.37 | Mem:0.00M, Peak:0.00M | Scene, ViewLayer | Synchronizing object | Articulated feather lifting vane.001
Fra:1 Mem:30.67M (Peak 30.70M) | Time:00:00.37 | Mem:0.00M, Peak:0.00M | Scene, ViewLayer | Synchronizing object | Articulated feather lifting vane.002
Fra:1 Mem:30.68M (Peak 30.70M) | Time:00:00.37 | Mem:0.00M, Peak:0.00M | Scene, ViewLayer | Synchronizing object | Nozzle petal seam.012
Fra:1 Mem:30.80M (Peak 30.80M) | Time:00:00.37 | Mem:0.00M, Peak:0.00M | Scene, ViewLayer | Synchronizing object | Integrated lifting hull.001
Fra:1 Mem:30.82M (Peak 30.82M) | Time:00:00.37 | Mem:0.00M, Peak:0.00M | Scene, ViewLayer | Synchronizing object | Nozzle petal seam.013
Fra:1 Mem:30.77M (Peak 30.82M) | Time:00:00.37 | Mem:0.00M, Peak:0.00M | Scene, ViewLayer | Synchronizing object | Integrated propulsion nacelle.001
Fra:1 Mem:30.80M (Peak 30.82M) | Time:00:00.37 | Mem:0.00M, Peak:0.00M | Scene, ViewLayer | Synchronizing object | Nozzle petal seam.014
Fra:1 Mem:30.82M (Peak 30.82M) | Time:00:00.37 | Mem:0.00M, Peak:0.00M | Scene, ViewLayer | Synchronizing object | Contoured expansion nozzle.001
Fra:1 Mem:30.85M (Peak 30.85M) | Time:00:00.37 | Mem:0.00M, Peak:0.00M | Scene, ViewLayer | Synchronizing object | Nozzle petal seam.015
Fra:1 Mem:30.82M (Peak 30.85M) | Time:00:00.37 | Mem:0.00M, Peak:0.00M | Scene, ViewLayer | Synchronizing object | Nozzle petal seam.016
Fra:1 Mem:30.83M (Peak 30.85M) | Time:00:00.37 | Mem:0.00M, Peak:0.00M | Scene, ViewLayer | Synchronizing object | Nozzle petal seam.017
Fra:1 Mem:30.83M (Peak 30.85M) | Time:00:00.37 | Mem:0.00M, Peak:0.00M | Scene, ViewLayer | Synchronizing object | Nozzle petal seam.018
Fra:1 Mem:30.82M (Peak 30.85M) | Time:00:00.37 | Mem:0.00M, Peak:0.00M | Scene, ViewLayer | Synchronizing object | Nozzle petal seam.019
Fra:1 Mem:30.82M (Peak 30.85M) | Time:00:00.37 | Mem:0.00M, Peak:0.00M | Scene, ViewLayer | Synchronizing object | Nozzle petal seam.020
Fra:1 Mem:30.82M (Peak 30.85M) | Time:00:00.37 | Mem:0.00M, Peak:0.00M | Scene, ViewLayer | Synchronizing object | Nozzle petal seam.021
Fra:1 Mem:30.82M (Peak 30.85M) | Time:00:00.37 | Mem:0.00M, Peak:0.00M | Scene, ViewLayer | Synchronizing object | Nozzle petal seam.022
Fra:1 Mem:30.82M (Peak 30.85M) | Time:00:00.37 | Mem:0.00M, Peak:0.00M | Scene, ViewLayer | Synchronizing object | Nozzle petal seam.023
Fra:1 Mem:30.83M (Peak 30.85M) | Time:00:00.37 | Mem:0.00M, Peak:0.00M | Scene, ViewLayer | Synchronizing object | Deep ion throat.001
Fra:1 Mem:30.83M (Peak 30.85M) | Time:00:00.37 | Mem:0.00M, Peak:0.00M | Scene, ViewLayer | Synchronizing object | Flush cooling slot.003
Fra:1 Mem:30.84M (Peak 30.85M) | Time:00:00.37 | Mem:0.00M, Peak:0.00M | Scene, ViewLayer | Synchronizing object | Flush cooling slot.004
Fra:1 Mem:30.92M (Peak 30.92M) | Time:00:00.37 | Mem:0.00M, Peak:0.00M | Scene, ViewLayer | Synchronizing object | Flush cooling slot.005
Fra:1 Mem:30.89M (Peak 30.92M) | Time:00:00.37 | Mem:0.00M, Peak:0.00M | Scene, ViewLayer | Synchronizing object | Articulated feather lifting vane.003
Fra:1 Mem:30.90M (Peak 30.92M) | Time:00:00.37 | Mem:0.00M, Peak:0.00M | Scene, ViewLayer | Synchronizing object | Articulated feather lifting vane.005
Fra:1 Mem:31.00M (Peak 31.00M) | Time:00:00.37 | Mem:0.00M, Peak:0.00M | Scene, ViewLayer | Initializing
Fra:1 Mem:27.11M (Peak 31.00M) | Time:00:00.38 | Mem:0.00M, Peak:0.00M | Scene, ViewLayer | Waiting for render to start
Fra:1 Mem:27.11M (Peak 31.00M) | Time:00:00.38 | Mem:0.00M, Peak:0.00M | Scene, ViewLayer | Updating Scene
Fra:1 Mem:27.11M (Peak 31.00M) | Time:00:00.38 | Mem:0.00M, Peak:0.00M | Scene, ViewLayer | Updating Shaders
Fra:1 Mem:27.11M (Peak 31.00M) | Time:00:00.38 | Mem:0.00M, Peak:0.00M | Scene, ViewLayer | Loading render kernels (may take a few minutes the first time)
Fra:1 Mem:27.20M (Peak 54.49M) | Time:00:00.55 | Mem:0.01M, Peak:0.01M | Scene, ViewLayer | Updating Procedurals
Fra:1 Mem:27.20M (Peak 54.49M) | Time:00:00.55 | Mem:0.01M, Peak:0.01M | Scene, ViewLayer | Updating Background
Fra:1 Mem:27.20M (Peak 54.49M) | Time:00:00.55 | Mem:0.01M, Peak:0.01M | Scene, ViewLayer | Updating Camera
Fra:1 Mem:27.20M (Peak 54.49M) | Time:00:00.55 | Mem:0.01M, Peak:0.01M | Scene, ViewLayer | Updating Meshes Flags
Fra:1 Mem:27.20M (Peak 54.49M) | Time:00:00.55 | Mem:0.01M, Peak:0.01M | Scene, ViewLayer | Updating Objects
Fra:1 Mem:27.20M (Peak 54.49M) | Time:00:00.55 | Mem:0.01M, Peak:0.01M | Scene, ViewLayer | Updating Objects | Copying Transformations to device
Fra:1 Mem:27.21M (Peak 54.49M) | Time:00:00.55 | Mem:0.02M, Peak:0.02M | Scene, ViewLayer | Updating Particle Systems
Fra:1 Mem:27.21M (Peak 54.49M) | Time:00:00.55 | Mem:0.02M, Peak:0.02M | Scene, ViewLayer | Updating Particle Systems | Copying Particles to device
Fra:1 Mem:27.21M (Peak 54.49M) | Time:00:00.55 | Mem:0.02M, Peak:0.02M | Scene, ViewLayer | Updating Meshes
Fra:1 Mem:27.21M (Peak 54.49M) | Time:00:00.55 | Mem:0.02M, Peak:0.02M | Scene, ViewLayer | Updating Objects | Applying Static Transformations
Fra:1 Mem:27.21M (Peak 54.49M) | Time:00:00.55 | Mem:0.02M, Peak:0.02M | Scene, ViewLayer | Updating Mesh | Computing attributes
Fra:1 Mem:27.40M (Peak 54.49M) | Time:00:00.55 | Mem:0.02M, Peak:0.02M | Scene, ViewLayer | Updating Mesh | Copying Attributes to device
Fra:1 Mem:27.39M (Peak 54.49M) | Time:00:00.55 | Mem:0.20M, Peak:0.20M | Scene, ViewLayer | Updating Geometry BVH Broad neutral key 2/1 | Building BVH
Fra:1 Mem:27.39M (Peak 54.49M) | Time:00:00.55 | Mem:0.20M, Peak:0.20M | Scene, ViewLayer | Updating Geometry BVH Contoured expansion nozzle.014 12/57 | Building BVH
Fra:1 Mem:27.39M (Peak 54.49M) | Time:00:00.55 | Mem:0.20M, Peak:0.20M | Scene, ViewLayer | Updating Geometry BVH Contoured expansion nozzle.014 12/57 | Building OptiX acceleration structure
Fra:1 Mem:27.39M (Peak 54.49M) | Time:00:00.55 | Mem:0.20M, Peak:0.20M | Scene, ViewLayer | Updating Geometry BVH Articulated feather lifting vane.005 57/57 | Building OptiX acceleration structure
Fra:1 Mem:27.48M (Peak 54.49M) | Time:00:00.55 | Mem:0.20M, Peak:0.20M | Scene, ViewLayer | Updating Geometry BVH Nozzle petal seam.168 13/57 | Building BVH
Fra:1 Mem:27.49M (Peak 54.49M) | Time:00:00.55 | Mem:0.20M, Peak:0.20M | Scene, ViewLayer | Updating Geometry BVH Nozzle petal seam.168 13/57 | Building OptiX acceleration structure
Fra:1 Mem:27.71M (Peak 54.49M) | Time:00:00.55 | Mem:0.25M, Peak:0.25M | Scene, ViewLayer | Updating Geometry BVH Nozzle petal seam.169 14/57 | Building BVH
Fra:1 Mem:27.71M (Peak 54.49M) | Time:00:00.55 | Mem:0.25M, Peak:0.25M | Scene, ViewLayer | Updating Geometry BVH Nozzle petal seam.169 14/57 | Building OptiX acceleration structure
Fra:1 Mem:27.71M (Peak 54.49M) | Time:00:00.55 | Mem:0.52M, Peak:0.53M | Scene, ViewLayer | Updating Geometry BVH Nozzle petal seam.170 15/57 | Building BVH
Fra:1 Mem:27.71M (Peak 54.49M) | Time:00:00.55 | Mem:0.54M, Peak:0.54M | Scene, ViewLayer | Updating Geometry BVH Nozzle petal seam.170 15/57 | Building OptiX acceleration structure
Fra:1 Mem:27.71M (Peak 54.49M) | Time:00:00.55 | Mem:0.53M, Peak:0.56M | Scene, ViewLayer | Updating Geometry BVH Nozzle petal seam.171 16/57 | Building BVH
Fra:1 Mem:27.71M (Peak 54.49M) | Time:00:00.55 | Mem:0.53M, Peak:0.56M | Scene, ViewLayer | Updating Geometry BVH Nozzle petal seam.171 16/57 | Building OptiX acceleration structure
Fra:1 Mem:27.63M (Peak 54.49M) | Time:00:00.55 | Mem:0.55M, Peak:0.94M | Scene, ViewLayer | Updating Geometry BVH Nozzle petal seam.172 17/57 | Building BVH
Fra:1 Mem:27.63M (Peak 54.49M) | Time:00:00.55 | Mem:0.55M, Peak:0.94M | Scene, ViewLayer | Updating Geometry BVH Nozzle petal seam.172 17/57 | Building OptiX acceleration structure
Fra:1 Mem:27.63M (Peak 54.49M) | Time:00:00.55 | Mem:0.55M, Peak:0.94M | Scene, ViewLayer | Updating Geometry BVH Nozzle petal seam.173 18/57 | Building BVH
Fra:1 Mem:27.63M (Peak 54.49M) | Time:00:00.55 | Mem:0.55M, Peak:0.94M | Scene, ViewLayer | Updating Geometry BVH Nozzle petal seam.173 18/57 | Building OptiX acceleration structure
Fra:1 Mem:27.63M (Peak 54.49M) | Time:00:00.55 | Mem:0.55M, Peak:0.94M | Scene, ViewLayer | Updating Geometry BVH Nozzle petal seam.174 19/57 | Building BVH
Fra:1 Mem:27.63M (Peak 54.49M) | Time:00:00.55 | Mem:0.55M, Peak:0.94M | Scene, ViewLayer | Updating Geometry BVH Nozzle petal seam.174 19/57 | Building OptiX acceleration structure
Fra:1 Mem:27.62M (Peak 54.49M) | Time:00:00.56 | Mem:0.55M, Peak:0.94M | Scene, ViewLayer | Updating Geometry BVH Nozzle petal seam.175 20/57 | Building BVH
Fra:1 Mem:27.62M (Peak 54.49M) | Time:00:00.56 | Mem:0.55M, Peak:0.94M | Scene, ViewLayer | Updating Geometry BVH Nozzle petal seam.175 20/57 | Building OptiX acceleration structure
Fra:1 Mem:27.61M (Peak 54.49M) | Time:00:00.56 | Mem:0.55M, Peak:0.94M | Scene, ViewLayer | Updating Geometry BVH Nozzle petal seam.176 21/57 | Building BVH
Fra:1 Mem:27.61M (Peak 54.49M) | Time:00:00.56 | Mem:0.73M, Peak:0.94M | Scene, ViewLayer | Updating Geometry BVH Nozzle petal seam.176 21/57 | Building OptiX acceleration structure
Fra:1 Mem:27.53M (Peak 54.49M) | Time:00:00.56 | Mem:0.57M, Peak:0.97M | Scene, ViewLayer | Updating Geometry BVH Nozzle petal seam.177 22/57 | Building BVH
Fra:1 Mem:27.53M (Peak 54.49M) | Time:00:00.56 | Mem:0.57M, Peak:0.97M | Scene, ViewLayer | Updating Geometry BVH Nozzle petal seam.177 22/57 | Building OptiX acceleration structure
Fra:1 Mem:27.41M (Peak 54.49M) | Time:00:00.56 | Mem:0.61M, Peak:1.09M | Scene, ViewLayer | Updating Geometry BVH Nozzle petal seam.178 23/57 | Building BVH
Fra:1 Mem:27.41M (Peak 54.49M) | Time:00:00.56 | Mem:0.61M, Peak:1.09M | Scene, ViewLayer | Updating Geometry BVH Nozzle petal seam.178 23/57 | Building OptiX acceleration structure
Fra:1 Mem:27.41M (Peak 54.49M) | Time:00:00.56 | Mem:0.61M, Peak:1.09M | Scene, ViewLayer | Updating Geometry BVH Nozzle petal seam.179 24/57 | Building BVH
Fra:1 Mem:27.41M (Peak 54.49M) | Time:00:00.56 | Mem:0.61M, Peak:1.09M | Scene, ViewLayer | Updating Geometry BVH Nozzle petal seam.179 24/57 | Building OptiX acceleration structure
Fra:1 Mem:27.40M (Peak 54.49M) | Time:00:00.56 | Mem:0.61M, Peak:1.09M | Scene, ViewLayer | Updating Geometry BVH Articulated feather lifting vane.004 56/57 | Building BVH
Fra:1 Mem:27.40M (Peak 54.49M) | Time:00:00.56 | Mem:0.61M, Peak:1.09M | Scene, ViewLayer | Updating Geometry BVH Articulated feather lifting vane.004 56/57 | Building OptiX acceleration structure
Fra:1 Mem:27.41M (Peak 54.49M) | Time:00:00.56 | Mem:0.62M, Peak:1.09M | Scene, ViewLayer | Updating Geometry BVH Deep ion throat.014 25/57 | Building BVH
Fra:1 Mem:27.41M (Peak 54.49M) | Time:00:00.56 | Mem:0.63M, Peak:1.09M | Scene, ViewLayer | Updating Geometry BVH Deep ion throat.014 25/57 | Building OptiX acceleration structure
Fra:1 Mem:27.43M (Peak 54.49M) | Time:00:00.56 | Mem:0.64M, Peak:1.09M | Scene, ViewLayer | Updating Geometry BVH Deep intake duct.006 26/57 | Building BVH
Fra:1 Mem:27.43M (Peak 54.49M) | Time:00:00.56 | Mem:0.65M, Peak:1.09M | Scene, ViewLayer | Updating Geometry BVH Deep intake duct.006 26/57 | Building OptiX acceleration structure
Fra:1 Mem:27.43M (Peak 54.49M) | Time:00:00.56 | Mem:0.64M, Peak:1.09M | Scene, ViewLayer | Updating Geometry BVH Ventral access door.014 27/57 | Building BVH
Fra:1 Mem:27.43M (Peak 54.49M) | Time:00:00.56 | Mem:0.64M, Peak:1.09M | Scene, ViewLayer | Updating Geometry BVH Ventral access door.014 27/57 | Building OptiX acceleration structure
Fra:1 Mem:27.43M (Peak 54.49M) | Time:00:00.56 | Mem:0.65M, Peak:1.09M | Scene, ViewLayer | Updating Geometry BVH Flush cooling slot.018 28/57 | Building BVH
Fra:1 Mem:27.43M (Peak 54.49M) | Time:00:00.56 | Mem:0.65M, Peak:1.09M | Scene, ViewLayer | Updating Geometry BVH Flush cooling slot.018 28/57 | Building OptiX acceleration structure
Fra:1 Mem:27.43M (Peak 54.49M) | Time:00:00.56 | Mem:0.65M, Peak:1.09M | Scene, ViewLayer | Updating Geometry BVH Flush cooling slot.019 29/57 | Building BVH
Fra:1 Mem:27.43M (Peak 54.49M) | Time:00:00.56 | Mem:0.65M, Peak:1.09M | Scene, ViewLayer | Updating Geometry BVH Flush cooling slot.019 29/57 | Building OptiX acceleration structure
Fra:1 Mem:27.43M (Peak 54.49M) | Time:00:00.56 | Mem:0.65M, Peak:1.09M | Scene, ViewLayer | Updating Geometry BVH Flush cooling slot.020 30/57 | Building BVH
Fra:1 Mem:27.43M (Peak 54.49M) | Time:00:00.56 | Mem:0.66M, Peak:1.09M | Scene, ViewLayer | Updating Geometry BVH Flush cooling slot.020 30/57 | Building OptiX acceleration structure
Fra:1 Mem:27.43M (Peak 54.49M) | Time:00:00.57 | Mem:0.65M, Peak:1.09M | Scene, ViewLayer | Updating Geometry BVH Articulated feather lifting vane 31/57 | Building BVH
Fra:1 Mem:27.44M (Peak 54.49M) | Time:00:00.57 | Mem:0.65M, Peak:1.09M | Scene, ViewLayer | Updating Geometry BVH Articulated feather lifting vane 31/57 | Building OptiX acceleration structure
Fra:1 Mem:27.44M (Peak 54.49M) | Time:00:00.57 | Mem:0.67M, Peak:1.09M | Scene, ViewLayer | Updating Geometry BVH Articulated feather lifting vane.001 32/57 | Building BVH
Fra:1 Mem:27.44M (Peak 54.49M) | Time:00:00.57 | Mem:0.67M, Peak:1.09M | Scene, ViewLayer | Updating Geometry BVH Articulated feather lifting vane.001 32/57 | Building OptiX acceleration structure
Fra:1 Mem:27.45M (Peak 54.49M) | Time:00:00.57 | Mem:0.68M, Peak:1.09M | Scene, ViewLayer | Updating Geometry BVH Articulated feather lifting vane.002 33/57 | Building BVH
Fra:1 Mem:27.45M (Peak 54.49M) | Time:00:00.57 | Mem:0.68M, Peak:1.09M | Scene, ViewLayer | Updating Geometry BVH Articulated feather lifting vane.002 33/57 | Building OptiX acceleration structure
Fra:1 Mem:27.46M (Peak 54.49M) | Time:00:00.57 | Mem:0.69M, Peak:1.09M | Scene, ViewLayer | Updating Geometry BVH Integrated lifting hull.007 34/57 | Building BVH
Fra:1 Mem:27.46M (Peak 54.49M) | Time:00:00.57 | Mem:0.69M, Peak:1.09M | Scene, ViewLayer | Updating Geometry BVH Integrated lifting hull.007 34/57 | Building OptiX acceleration structure
Fra:1 Mem:27.47M (Peak 54.49M) | Time:00:00.57 | Mem:0.70M, Peak:1.09M | Scene, ViewLayer | Updating Geometry BVH Integrated propulsion nacelle.007 35/57 | Building BVH
Fra:1 Mem:27.47M (Peak 54.49M) | Time:00:00.57 | Mem:0.71M, Peak:1.09M | Scene, ViewLayer | Updating Geometry BVH Integrated propulsion nacelle.007 35/57 | Building OptiX acceleration structure
Fra:1 Mem:27.47M (Peak 54.49M) | Time:00:00.57 | Mem:0.70M, Peak:1.09M | Scene, ViewLayer | Updating Geometry BVH Articulated feather lifting vane.003 55/57 | Building BVH
Fra:1 Mem:27.47M (Peak 54.49M) | Time:00:00.57 | Mem:0.70M, Peak:1.09M | Scene, ViewLayer | Updating Geometry BVH Articulated feather lifting vane.003 55/57 | Building OptiX acceleration structure
Fra:1 Mem:27.46M (Peak 54.49M) | Time:00:00.57 | Mem:0.70M, Peak:1.09M | Scene, ViewLayer | Updating Geometry BVH Contoured expansion nozzle.015 36/57 | Building BVH
Fra:1 Mem:27.46M (Peak 54.49M) | Time:00:00.57 | Mem:0.70M, Peak:1.09M | Scene, ViewLayer | Updating Geometry BVH Contoured expansion nozzle.015 36/57 | Building OptiX acceleration structure
Fra:1 Mem:27.46M (Peak 54.49M) | Time:00:00.57 | Mem:0.71M, Peak:1.09M | Scene, ViewLayer | Updating Geometry BVH Nozzle petal seam.180 37/57 | Building BVH
Fra:1 Mem:27.46M (Peak 54.49M) | Time:00:00.57 | Mem:0.71M, Peak:1.09M | Scene, ViewLayer | Updating Geometry BVH Nozzle petal seam.180 37/57 | Building OptiX acceleration structure
Fra:1 Mem:27.45M (Peak 54.49M) | Time:00:00.57 | Mem:0.71M, Peak:1.09M | Scene, ViewLayer | Updating Geometry BVH Nozzle petal seam.181 38/57 | Building BVH
Fra:1 Mem:27.45M (Peak 54.49M) | Time:00:00.57 | Mem:0.72M, Peak:1.09M | Scene, ViewLayer | Updating Geometry BVH Nozzle petal seam.181 38/57 | Building OptiX acceleration structure
Fra:1 Mem:27.45M (Peak 54.49M) | Time:00:00.58 | Mem:0.71M, Peak:1.09M | Scene, ViewLayer | Updating Geometry BVH Nozzle petal seam.182 39/57 | Building BVH
Fra:1 Mem:27.45M (Peak 54.49M) | Time:00:00.58 | Mem:0.72M, Peak:1.09M | Scene, ViewLayer | Updating Geometry BVH Nozzle petal seam.182 39/57 | Building OptiX acceleration structure
Fra:1 Mem:27.45M (Peak 54.49M) | Time:00:00.58 | Mem:0.71M, Peak:1.09M | Scene, ViewLayer | Updating Geometry BVH Nozzle petal seam.183 40/57 | Building BVH
Fra:1 Mem:27.45M (Peak 54.49M) | Time:00:00.58 | Mem:0.72M, Peak:1.09M | Scene, ViewLayer | Updating Geometry BVH Nozzle petal seam.183 40/57 | Building OptiX acceleration structure
Fra:1 Mem:27.45M (Peak 54.49M) | Time:00:00.58 | Mem:0.71M, Peak:1.09M | Scene, ViewLayer | Updating Geometry BVH Nozzle petal seam.184 41/57 | Building BVH
Fra:1 Mem:27.45M (Peak 54.49M) | Time:00:00.58 | Mem:0.74M, Peak:1.09M | Scene, ViewLayer | Updating Geometry BVH Nozzle petal seam.184 41/57 | Building OptiX acceleration structure
Fra:1 Mem:27.45M (Peak 54.49M) | Time:00:00.58 | Mem:0.71M, Peak:1.09M | Scene, ViewLayer | Updating Geometry BVH Nozzle petal seam.185 42/57 | Building BVH
Fra:1 Mem:27.45M (Peak 54.49M) | Time:00:00.58 | Mem:0.71M, Peak:1.09M | Scene, ViewLayer | Updating Geometry BVH Nozzle petal seam.185 42/57 | Building OptiX acceleration structure
Fra:1 Mem:27.44M (Peak 54.49M) | Time:00:00.58 | Mem:0.71M, Peak:1.09M | Scene, ViewLayer | Updating Geometry BVH Nozzle petal seam.186 43/57 | Building BVH
Fra:1 Mem:27.44M (Peak 54.49M) | Time:00:00.58 | Mem:0.71M, Peak:1.09M | Scene, ViewLayer | Updating Geometry BVH Nozzle petal seam.186 43/57 | Building OptiX acceleration structure
Fra:1 Mem:27.43M (Peak 54.49M) | Time:00:00.58 | Mem:0.71M, Peak:1.09M | Scene, ViewLayer | Updating Geometry BVH Nozzle petal seam.187 44/57 | Building BVH
Fra:1 Mem:27.43M (Peak 54.49M) | Time:00:00.58 | Mem:0.73M, Peak:1.09M | Scene, ViewLayer | Updating Geometry BVH Nozzle petal seam.187 44/57 | Building OptiX acceleration structure
Fra:1 Mem:27.42M (Peak 54.49M) | Time:00:00.58 | Mem:0.71M, Peak:1.09M | Scene, ViewLayer | Updating Geometry BVH Nozzle petal seam.188 45/57 | Building BVH
Fra:1 Mem:27.42M (Peak 54.49M) | Time:00:00.58 | Mem:0.72M, Peak:1.09M | Scene, ViewLayer | Updating Geometry BVH Nozzle petal seam.188 45/57 | Building OptiX acceleration structure
Fra:1 Mem:27.41M (Peak 54.49M) | Time:00:00.58 | Mem:0.71M, Peak:1.09M | Scene, ViewLayer | Updating Geometry BVH Nozzle petal seam.189 46/57 | Building BVH
Fra:1 Mem:27.41M (Peak 54.49M) | Time:00:00.58 | Mem:0.71M, Peak:1.09M | Scene, ViewLayer | Updating Geometry BVH Nozzle petal seam.189 46/57 | Building OptiX acceleration structure
Fra:1 Mem:27.40M (Peak 54.49M) | Time:00:00.58 | Mem:0.71M, Peak:1.09M | Scene, ViewLayer | Updating Geometry BVH Flush cooling slot.023 54/57 | Building BVH
Fra:1 Mem:27.40M (Peak 54.49M) | Time:00:00.58 | Mem:0.74M, Peak:1.09M | Scene, ViewLayer | Updating Geometry BVH Flush cooling slot.023 54/57 | Building OptiX acceleration structure
Fra:1 Mem:27.40M (Peak 54.49M) | Time:00:00.58 | Mem:0.71M, Peak:1.09M | Scene, ViewLayer | Updating Geometry BVH Nozzle petal seam.190 47/57 | Building BVH
Fra:1 Mem:27.40M (Peak 54.49M) | Time:00:00.58 | Mem:0.72M, Peak:1.09M | Scene, ViewLayer | Updating Geometry BVH Nozzle petal seam.190 47/57 | Building OptiX acceleration structure
Fra:1 Mem:27.40M (Peak 54.49M) | Time:00:00.59 | Mem:0.71M, Peak:1.09M | Scene, ViewLayer | Updating Geometry BVH Nozzle petal seam.191 48/57 | Building BVH
Fra:1 Mem:27.40M (Peak 54.49M) | Time:00:00.59 | Mem:0.71M, Peak:1.09M | Scene, ViewLayer | Updating Geometry BVH Nozzle petal seam.191 48/57 | Building OptiX acceleration structure
Fra:1 Mem:27.40M (Peak 54.49M) | Time:00:00.59 | Mem:0.71M, Peak:1.09M | Scene, ViewLayer | Updating Geometry BVH Deep ion throat.015 49/57 | Building BVH
Fra:1 Mem:27.40M (Peak 54.49M) | Time:00:00.59 | Mem:0.72M, Peak:1.09M | Scene, ViewLayer | Updating Geometry BVH Deep ion throat.015 49/57 | Building OptiX acceleration structure
Fra:1 Mem:27.42M (Peak 54.49M) | Time:00:00.59 | Mem:0.73M, Peak:1.09M | Scene, ViewLayer | Updating Geometry BVH Deep intake duct.007 50/57 | Building BVH
Fra:1 Mem:27.42M (Peak 54.49M) | Time:00:00.59 | Mem:0.73M, Peak:1.09M | Scene, ViewLayer | Updating Geometry BVH Deep intake duct.007 50/57 | Building OptiX acceleration structure
Fra:1 Mem:27.42M (Peak 54.49M) | Time:00:00.59 | Mem:0.74M, Peak:1.09M | Scene, ViewLayer | Updating Geometry BVH Ventral access door.015 51/57 | Building BVH
Fra:1 Mem:27.42M (Peak 54.49M) | Time:00:00.59 | Mem:0.74M, Peak:1.09M | Scene, ViewLayer | Updating Geometry BVH Ventral access door.015 51/57 | Building OptiX acceleration structure
Fra:1 Mem:27.43M (Peak 54.49M) | Time:00:00.59 | Mem:0.74M, Peak:1.09M | Scene, ViewLayer | Updating Geometry BVH Flush cooling slot.021 52/57 | Building BVH
Fra:1 Mem:27.43M (Peak 54.49M) | Time:00:00.59 | Mem:0.74M, Peak:1.09M | Scene, ViewLayer | Updating Geometry BVH Flush cooling slot.021 52/57 | Building OptiX acceleration structure
Fra:1 Mem:27.43M (Peak 54.49M) | Time:00:00.59 | Mem:0.75M, Peak:1.09M | Scene, ViewLayer | Updating Geometry BVH Flush cooling slot.022 53/57 | Building BVH
Fra:1 Mem:27.43M (Peak 54.49M) | Time:00:00.59 | Mem:0.75M, Peak:1.09M | Scene, ViewLayer | Updating Geometry BVH Flush cooling slot.022 53/57 | Building OptiX acceleration structure
Fra:1 Mem:27.39M (Peak 54.49M) | Time:00:00.60 | Mem:0.74M, Peak:1.09M | Scene, ViewLayer | Updating Scene BVH | Building
Fra:1 Mem:27.39M (Peak 54.49M) | Time:00:00.60 | Mem:0.74M, Peak:1.09M | Scene, ViewLayer | Updating Scene BVH | Building OptiX acceleration structure
Fra:1 Mem:27.39M (Peak 54.49M) | Time:00:00.60 | Mem:0.75M, Peak:1.09M | Scene, ViewLayer | Updating Scene BVH | Copying BVH to device
Fra:1 Mem:27.39M (Peak 54.49M) | Time:00:00.60 | Mem:0.75M, Peak:1.09M | Scene, ViewLayer | Updating Mesh | Computing normals
Fra:1 Mem:28.05M (Peak 54.49M) | Time:00:00.60 | Mem:0.75M, Peak:1.09M | Scene, ViewLayer | Updating Mesh | Copying Mesh to device
Fra:1 Mem:28.05M (Peak 54.49M) | Time:00:00.60 | Mem:1.41M, Peak:1.41M | Scene, ViewLayer | Updating Objects Flags
Fra:1 Mem:28.05M (Peak 54.49M) | Time:00:00.60 | Mem:1.41M, Peak:1.41M | Scene, ViewLayer | Updating Primitive Offsets
Fra:1 Mem:28.05M (Peak 54.49M) | Time:00:00.60 | Mem:1.41M, Peak:1.41M | Scene, ViewLayer | Updating Images
Fra:1 Mem:28.05M (Peak 54.49M) | Time:00:00.60 | Mem:1.41M, Peak:1.41M | Scene, ViewLayer | Updating Camera Volume
Fra:1 Mem:28.05M (Peak 54.49M) | Time:00:00.60 | Mem:1.41M, Peak:1.41M | Scene, ViewLayer | Updating Lookup Tables
Fra:1 Mem:28.05M (Peak 54.49M) | Time:00:00.60 | Mem:1.50M, Peak:1.50M | Scene, ViewLayer | Updating Lights
Fra:1 Mem:28.05M (Peak 54.49M) | Time:00:00.60 | Mem:1.50M, Peak:1.50M | Scene, ViewLayer | Updating Lights | Computing tree
Fra:1 Mem:28.05M (Peak 54.49M) | Time:00:00.60 | Mem:1.50M, Peak:1.50M | Scene, ViewLayer | Updating Integrator
Fra:1 Mem:28.05M (Peak 54.49M) | Time:00:00.60 | Mem:1.50M, Peak:1.50M | Scene, ViewLayer | Updating Film
Fra:1 Mem:28.06M (Peak 54.49M) | Time:00:00.60 | Mem:1.42M, Peak:1.50M | Scene, ViewLayer | Updating Lookup Tables
Fra:1 Mem:28.06M (Peak 54.49M) | Time:00:00.60 | Mem:1.50M, Peak:1.50M | Scene, ViewLayer | Updating Baking
Fra:1 Mem:28.06M (Peak 54.49M) | Time:00:00.60 | Mem:1.50M, Peak:1.50M | Scene, ViewLayer | Updating Device | Writing constant memory
Fra:1 Mem:28.06M (Peak 54.49M) | Time:00:00.60 | Mem:1.50M, Peak:1.50M | Scene, ViewLayer | Loading denoising kernels (may take a few minutes the first time)
Fra:1 Mem:32.06M (Peak 54.49M) | Time:00:00.62 | Mem:353.50M, Peak:353.50M | Scene, ViewLayer | Sample 0/24
Fra:1 Mem:79.03M (Peak 79.03M) | Time:00:00.64 | Remaining:00:00.43 | Mem:400.47M, Peak:400.47M | Scene, ViewLayer | Sample 1/24
Fra:1 Mem:98.82M (Peak 128.48M) | Time:00:03.34 | Mem:400.47M, Peak:400.47M | Scene, ViewLayer | Sample 24/24
Fra:1 Mem:98.82M (Peak 128.48M) | Time:00:03.34 | Mem:400.47M, Peak:400.47M | Scene, ViewLayer | Finished
Saved: 'D:\vibe-coding-e\nova-swarm-forum-129-improvements-20260822\docs\fleet-art-v2\ships\26\underside-clay.png'
Time: 00:03.52 (Saving: 00:00.08)

Fra:1 Mem:28.51M (Peak 28.51M) | Time:00:00.15 | Mem:0.00M, Peak:0.00M | Scene, ViewLayer | Synchronizing object | Broad neutral key
Fra:1 Mem:28.52M (Peak 28.52M) | Time:00:00.15 | Mem:0.00M, Peak:0.00M | Scene, ViewLayer | Synchronizing object | Neutral fill
Fra:1 Mem:28.84M (Peak 28.84M) | Time:00:00.19 | Mem:0.00M, Peak:0.00M | Scene, ViewLayer | Synchronizing object | Continuous pressure fuselage
Fra:1 Mem:29.69M (Peak 29.69M) | Time:00:00.23 | Mem:0.00M, Peak:0.00M | Scene, ViewLayer | Synchronizing object | Cockpit integrated coaming
Fra:1 Mem:30.22M (Peak 30.22M) | Time:00:00.27 | Mem:0.00M, Peak:0.00M | Scene, ViewLayer | Synchronizing object | Pressure canopy glazing
Fra:1 Mem:30.22M (Peak 30.22M) | Time:00:00.27 | Mem:0.00M, Peak:0.00M | Scene, ViewLayer | Synchronizing object | Canopy lower frame
Fra:1 Mem:30.50M (Peak 30.50M) | Time:00:00.27 | Mem:0.00M, Peak:0.00M | Scene, ViewLayer | Synchronizing object | Canopy lower frame.001
Fra:1 Mem:30.50M (Peak 30.50M) | Time:00:00.27 | Mem:0.00M, Peak:0.00M | Scene, ViewLayer | Synchronizing object | Canopy pressure bow
Fra:1 Mem:30.50M (Peak 30.50M) | Time:00:00.27 | Mem:0.00M, Peak:0.00M | Scene, ViewLayer | Synchronizing object | Integrated lifting hull
Fra:1 Mem:30.50M (Peak 30.50M) | Time:00:00.27 | Mem:0.00M, Peak:0.00M | Scene, ViewLayer | Synchronizing object | Nozzle petal seam
Fra:1 Mem:30.65M (Peak 30.65M) | Time:00:00.27 | Mem:0.00M, Peak:0.00M | Scene, ViewLayer | Synchronizing object | Nozzle petal seam.001
Fra:1 Mem:30.63M (Peak 30.65M) | Time:00:00.27 | Mem:0.00M, Peak:0.00M | Scene, ViewLayer | Synchronizing object | Nozzle petal seam.002
Fra:1 Mem:30.64M (Peak 30.65M) | Time:00:00.27 | Mem:0.00M, Peak:0.00M | Scene, ViewLayer | Synchronizing object | Nozzle petal seam.003
Fra:1 Mem:30.64M (Peak 30.65M) | Time:00:00.27 | Mem:0.00M, Peak:0.00M | Scene, ViewLayer | Synchronizing object | Nozzle petal seam.004
Fra:1 Mem:30.63M (Peak 30.65M) | Time:00:00.27 | Mem:0.00M, Peak:0.00M | Scene, ViewLayer | Synchronizing object | Nozzle petal seam.005
Fra:1 Mem:30.64M (Peak 30.65M) | Time:00:00.27 | Mem:0.00M, Peak:0.00M | Scene, ViewLayer | Synchronizing object | Nozzle petal seam.006
Fra:1 Mem:30.64M (Peak 30.65M) | Time:00:00.27 | Mem:0.00M, Peak:0.00M | Scene, ViewLayer | Synchronizing object | Nozzle petal seam.007
Fra:1 Mem:30.64M (Peak 30.65M) | Time:00:00.27 | Mem:0.00M, Peak:0.00M | Scene, ViewLayer | Synchronizing object | Nozzle petal seam.008
Fra:1 Mem:30.64M (Peak 30.65M) | Time:00:00.27 | Mem:0.00M, Peak:0.00M | Scene, ViewLayer | Synchronizing object | Nozzle petal seam.009
Fra:1 Mem:30.64M (Peak 30.65M) | Time:00:00.27 | Mem:0.00M, Peak:0.00M | Scene, ViewLayer | Synchronizing object | Nozzle petal seam.010
Fra:1 Mem:30.65M (Peak 30.65M) | Time:00:00.27 | Mem:0.00M, Peak:0.00M | Scene, ViewLayer | Synchronizing object | Nozzle petal seam.011
Fra:1 Mem:30.65M (Peak 30.65M) | Time:00:00.27 | Mem:0.00M, Peak:0.00M | Scene, ViewLayer | Synchronizing object | Deep ion throat
Fra:1 Mem:30.65M (Peak 30.65M) | Time:00:00.27 | Mem:0.00M, Peak:0.00M | Scene, ViewLayer | Synchronizing object | Deep intake duct
Fra:1 Mem:30.67M (Peak 30.67M) | Time:00:00.27 | Mem:0.00M, Peak:0.00M | Scene, ViewLayer | Synchronizing object | Flush cooling slot
Fra:1 Mem:30.73M (Peak 30.73M) | Time:00:00.27 | Mem:0.00M, Peak:0.00M | Scene, ViewLayer | Synchronizing object | Flush cooling slot.001
Fra:1 Mem:30.75M (Peak 30.75M) | Time:00:00.27 | Mem:0.00M, Peak:0.00M | Scene, ViewLayer | Synchronizing object | Flush cooling slot.002
Fra:1 Mem:30.75M (Peak 30.75M) | Time:00:00.27 | Mem:0.00M, Peak:0.00M | Scene, ViewLayer | Synchronizing object | Articulated feather lifting vane
Fra:1 Mem:30.74M (Peak 30.75M) | Time:00:00.27 | Mem:0.00M, Peak:0.00M | Scene, ViewLayer | Synchronizing object | Integrated propulsion nacelle.001
Fra:1 Mem:30.75M (Peak 30.75M) | Time:00:00.27 | Mem:0.00M, Peak:0.00M | Scene, ViewLayer | Synchronizing object | Nozzle petal seam.012
Fra:1 Mem:30.97M (Peak 30.97M) | Time:00:00.27 | Mem:0.00M, Peak:0.00M | Scene, ViewLayer | Synchronizing object | Nozzle petal seam.013
Fra:1 Mem:30.95M (Peak 30.97M) | Time:00:00.27 | Mem:0.00M, Peak:0.00M | Scene, ViewLayer | Synchronizing object | Nozzle petal seam.014
Fra:1 Mem:30.95M (Peak 30.97M) | Time:00:00.27 | Mem:0.00M, Peak:0.00M | Scene, ViewLayer | Synchronizing object | Nozzle petal seam.015
Fra:1 Mem:30.94M (Peak 30.97M) | Time:00:00.27 | Mem:0.00M, Peak:0.00M | Scene, ViewLayer | Synchronizing object | Nozzle petal seam.016
Fra:1 Mem:30.92M (Peak 30.97M) | Time:00:00.27 | Mem:0.00M, Peak:0.00M | Scene, ViewLayer | Synchronizing object | Nozzle petal seam.017
Fra:1 Mem:30.92M (Peak 30.97M) | Time:00:00.27 | Mem:0.00M, Peak:0.00M | Scene, ViewLayer | Synchronizing object | Nozzle petal seam.018
Fra:1 Mem:30.92M (Peak 30.97M) | Time:00:00.27 | Mem:0.00M, Peak:0.00M | Scene, ViewLayer | Synchronizing object | Nozzle petal seam.019
Fra:1 Mem:30.92M (Peak 30.97M) | Time:00:00.27 | Mem:0.00M, Peak:0.00M | Scene, ViewLayer | Synchronizing object | Nozzle petal seam.020
Fra:1 Mem:30.92M (Peak 30.97M) | Time:00:00.27 | Mem:0.00M, Peak:0.00M | Scene, ViewLayer | Synchronizing object | Nozzle petal seam.021
Fra:1 Mem:30.93M (Peak 30.97M) | Time:00:00.27 | Mem:0.00M, Peak:0.00M | Scene, ViewLayer | Synchronizing object | Nozzle petal seam.022
Fra:1 Mem:30.93M (Peak 30.97M) | Time:00:00.27 | Mem:0.00M, Peak:0.00M | Scene, ViewLayer | Synchronizing object | Nozzle petal seam.023
Fra:1 Mem:30.93M (Peak 30.97M) | Time:00:00.27 | Mem:0.00M, Peak:0.00M | Scene, ViewLayer | Synchronizing object | Deep ion throat.001
Fra:1 Mem:30.94M (Peak 30.97M) | Time:00:00.27 | Mem:0.00M, Peak:0.00M | Scene, ViewLayer | Synchronizing object | Deep intake duct.001
Fra:1 Mem:30.99M (Peak 30.99M) | Time:00:00.28 | Mem:0.00M, Peak:0.00M | Scene, ViewLayer | Synchronizing object | Flush cooling slot.003
Fra:1 Mem:31.04M (Peak 31.04M) | Time:00:00.28 | Mem:0.00M, Peak:0.00M | Scene, ViewLayer | Synchronizing object | Flush cooling slot.004
Fra:1 Mem:31.03M (Peak 31.04M) | Time:00:00.28 | Mem:0.00M, Peak:0.00M | Scene, ViewLayer | Synchronizing object | Flush cooling slot.005
Fra:1 Mem:31.03M (Peak 31.04M) | Time:00:00.28 | Mem:0.00M, Peak:0.00M | Scene, ViewLayer | Synchronizing object | Articulated feather lifting vane.003
Fra:1 Mem:31.05M (Peak 31.05M) | Time:00:00.28 | Mem:0.00M, Peak:0.00M | Scene, ViewLayer | Synchronizing object | Articulated feather lifting vane.005
Fra:1 Mem:31.12M (Peak 31.12M) | Time:00:00.28 | Mem:0.00M, Peak:0.00M | Scene, ViewLayer | Initializing
Fra:1 Mem:27.28M (Peak 31.12M) | Time:00:00.28 | Mem:0.00M, Peak:0.00M | Scene, ViewLayer | Waiting for render to start
Fra:1 Mem:27.28M (Peak 31.12M) | Time:00:00.28 | Mem:0.00M, Peak:0.00M | Scene, ViewLayer | Updating Scene
Fra:1 Mem:27.28M (Peak 31.12M) | Time:00:00.28 | Mem:0.00M, Peak:0.00M | Scene, ViewLayer | Updating Shaders
Fra:1 Mem:27.28M (Peak 31.12M) | Time:00:00.28 | Mem:0.00M, Peak:0.00M | Scene, ViewLayer | Loading render kernels (may take a few minutes the first time)
Fra:1 Mem:27.36M (Peak 54.65M) | Time:00:00.41 | Mem:0.01M, Peak:0.01M | Scene, ViewLayer | Updating Procedurals
Fra:1 Mem:27.36M (Peak 54.65M) | Time:00:00.41 | Mem:0.01M, Peak:0.01M | Scene, ViewLayer | Updating Background
Fra:1 Mem:27.36M (Peak 54.65M) | Time:00:00.41 | Mem:0.01M, Peak:0.01M | Scene, ViewLayer | Updating Camera
Fra:1 Mem:27.36M (Peak 54.65M) | Time:00:00.41 | Mem:0.01M, Peak:0.01M | Scene, ViewLayer | Updating Meshes Flags
Fra:1 Mem:27.36M (Peak 54.65M) | Time:00:00.41 | Mem:0.01M, Peak:0.01M | Scene, ViewLayer | Updating Objects
Fra:1 Mem:27.36M (Peak 54.65M) | Time:00:00.41 | Mem:0.01M, Peak:0.01M | Scene, ViewLayer | Updating Objects | Copying Transformations to device
Fra:1 Mem:27.38M (Peak 54.65M) | Time:00:00.41 | Mem:0.02M, Peak:0.02M | Scene, ViewLayer | Updating Particle Systems
Fra:1 Mem:27.38M (Peak 54.65M) | Time:00:00.41 | Mem:0.02M, Peak:0.02M | Scene, ViewLayer | Updating Particle Systems | Copying Particles to device
Fra:1 Mem:27.38M (Peak 54.65M) | Time:00:00.41 | Mem:0.02M, Peak:0.02M | Scene, ViewLayer | Updating Meshes
Fra:1 Mem:27.89M (Peak 54.65M) | Time:00:00.41 | Mem:0.02M, Peak:0.02M | Scene, ViewLayer | Updating Objects | Applying Static Transformations
Fra:1 Mem:27.89M (Peak 54.65M) | Time:00:00.41 | Mem:0.02M, Peak:0.02M | Scene, ViewLayer | Updating Mesh | Computing attributes
Fra:1 Mem:28.69M (Peak 54.65M) | Time:00:00.41 | Mem:0.03M, Peak:0.03M | Scene, ViewLayer | Updating Mesh | Copying Attributes to device
Fra:1 Mem:28.68M (Peak 54.65M) | Time:00:00.41 | Mem:0.82M, Peak:0.82M | Scene, ViewLayer | Updating Geometry BVH light 58/57 | Building BVH
Fra:1 Mem:28.68M (Peak 54.65M) | Time:00:00.41 | Mem:0.82M, Peak:0.82M | Scene, ViewLayer | Updating Geometry BVH Neutral fill 3/57 | Building BVH
Fra:1 Mem:28.68M (Peak 54.65M) | Time:00:00.41 | Mem:0.82M, Peak:0.82M | Scene, ViewLayer | Updating Geometry BVH Integrated propulsion nacelle.006 11/57 | Building OptiX acceleration structure
Fra:1 Mem:28.68M (Peak 54.65M) | Time:00:00.41 | Mem:0.82M, Peak:0.82M | Scene, ViewLayer | Updating Geometry BVH Nozzle petal seam.168 13/57 | Building BVH
Fra:1 Mem:28.68M (Peak 54.65M) | Time:00:00.41 | Mem:0.82M, Peak:0.82M | Scene, ViewLayer | Updating Geometry BVH Nozzle petal seam.168 13/57 | Building OptiX acceleration structure
Fra:1 Mem:28.68M (Peak 54.65M) | Time:00:00.41 | Mem:0.82M, Peak:0.82M | Scene, ViewLayer | Updating Geometry BVH Nozzle petal seam.169 14/57 | Building BVH
Fra:1 Mem:28.68M (Peak 54.65M) | Time:00:00.41 | Mem:0.82M, Peak:0.82M | Scene, ViewLayer | Updating Geometry BVH Nozzle petal seam.169 14/57 | Building OptiX acceleration structure
Fra:1 Mem:28.69M (Peak 54.65M) | Time:00:00.41 | Mem:0.82M, Peak:0.82M | Scene, ViewLayer | Updating Geometry BVH Articulated feather lifting vane.005 57/57 | Building BVH
Fra:1 Mem:28.69M (Peak 54.65M) | Time:00:00.41 | Mem:0.82M, Peak:0.82M | Scene, ViewLayer | Updating Geometry BVH Articulated feather lifting vane.005 57/57 | Building OptiX acceleration structure
Fra:1 Mem:29.00M (Peak 54.65M) | Time:00:00.42 | Mem:1.14M, Peak:1.14M | Scene, ViewLayer | Updating Geometry BVH Nozzle petal seam.170 15/57 | Building BVH
Fra:1 Mem:29.00M (Peak 54.65M) | Time:00:00.42 | Mem:1.17M, Peak:1.17M | Scene, ViewLayer | Updating Geometry BVH Nozzle petal seam.170 15/57 | Building OptiX acceleration structure
Fra:1 Mem:28.99M (Peak 54.65M) | Time:00:00.42 | Mem:1.14M, Peak:1.17M | Scene, ViewLayer | Updating Geometry BVH Nozzle petal seam.171 16/57 | Building BVH
Fra:1 Mem:28.99M (Peak 54.65M) | Time:00:00.42 | Mem:1.14M, Peak:1.17M | Scene, ViewLayer | Updating Geometry BVH Nozzle petal seam.171 16/57 | Building OptiX acceleration structure
Fra:1 Mem:28.99M (Peak 54.65M) | Time:00:00.42 | Mem:1.14M, Peak:1.17M | Scene, ViewLayer | Updating Geometry BVH Nozzle petal seam.172 17/57 | Building BVH
Fra:1 Mem:28.99M (Peak 54.65M) | Time:00:00.42 | Mem:1.14M, Peak:1.17M | Scene, ViewLayer | Updating Geometry BVH Nozzle petal seam.172 17/57 | Building OptiX acceleration structure
Fra:1 Mem:28.99M (Peak 54.65M) | Time:00:00.42 | Mem:1.14M, Peak:1.18M | Scene, ViewLayer | Updating Geometry BVH Nozzle petal seam.173 18/57 | Building BVH
Fra:1 Mem:28.99M (Peak 54.65M) | Time:00:00.42 | Mem:1.15M, Peak:1.18M | Scene, ViewLayer | Updating Geometry BVH Nozzle petal seam.173 18/57 | Building OptiX acceleration structure
Fra:1 Mem:28.99M (Peak 54.65M) | Time:00:00.42 | Mem:1.14M, Peak:1.18M | Scene, ViewLayer | Updating Geometry BVH Nozzle petal seam.174 19/57 | Building BVH
Fra:1 Mem:28.99M (Peak 54.65M) | Time:00:00.42 | Mem:1.33M, Peak:1.33M | Scene, ViewLayer | Updating Geometry BVH Nozzle petal seam.174 19/57 | Building OptiX acceleration structure
Fra:1 Mem:28.91M (Peak 54.65M) | Time:00:00.42 | Mem:1.17M, Peak:1.56M | Scene, ViewLayer | Updating Geometry BVH Nozzle petal seam.175 20/57 | Building BVH
Fra:1 Mem:28.91M (Peak 54.65M) | Time:00:00.42 | Mem:1.18M, Peak:1.56M | Scene, ViewLayer | Updating Geometry BVH Nozzle petal seam.175 20/57 | Building OptiX acceleration structure
Fra:1 Mem:28.90M (Peak 54.65M) | Time:00:00.42 | Mem:1.17M, Peak:1.56M | Scene, ViewLayer | Updating Geometry BVH Nozzle petal seam.176 21/57 | Building BVH
Fra:1 Mem:28.90M (Peak 54.65M) | Time:00:00.42 | Mem:1.18M, Peak:1.56M | Scene, ViewLayer | Updating Geometry BVH Nozzle petal seam.176 21/57 | Building OptiX acceleration structure
Fra:1 Mem:28.89M (Peak 54.65M) | Time:00:00.42 | Mem:1.17M, Peak:1.56M | Scene, ViewLayer | Updating Geometry BVH Articulated feather lifting vane.004 56/57 | Building BVH
Fra:1 Mem:28.89M (Peak 54.65M) | Time:00:00.42 | Mem:1.17M, Peak:1.56M | Scene, ViewLayer | Updating Geometry BVH Articulated feather lifting vane.004 56/57 | Building OptiX acceleration structure
Fra:1 Mem:28.82M (Peak 54.65M) | Time:00:00.42 | Mem:1.20M, Peak:1.59M | Scene, ViewLayer | Updating Geometry BVH Nozzle petal seam.177 22/57 | Building BVH
Fra:1 Mem:28.82M (Peak 54.65M) | Time:00:00.42 | Mem:1.20M, Peak:1.59M | Scene, ViewLayer | Updating Geometry BVH Nozzle petal seam.177 22/57 | Building OptiX acceleration structure
Fra:1 Mem:28.82M (Peak 54.65M) | Time:00:00.42 | Mem:1.20M, Peak:1.59M | Scene, ViewLayer | Updating Geometry BVH Nozzle petal seam.178 23/57 | Building BVH
Fra:1 Mem:28.82M (Peak 54.65M) | Time:00:00.42 | Mem:1.25M, Peak:1.59M | Scene, ViewLayer | Updating Geometry BVH Nozzle petal seam.178 23/57 | Building OptiX acceleration structure
Fra:1 Mem:28.70M (Peak 54.65M) | Time:00:00.42 | Mem:1.23M, Peak:1.71M | Scene, ViewLayer | Updating Geometry BVH Nozzle petal seam.179 24/57 | Building BVH
Fra:1 Mem:28.70M (Peak 54.65M) | Time:00:00.42 | Mem:1.24M, Peak:1.71M | Scene, ViewLayer | Updating Geometry BVH Nozzle petal seam.179 24/57 | Building OptiX acceleration structure
Fra:1 Mem:28.69M (Peak 54.65M) | Time:00:00.42 | Mem:1.23M, Peak:1.71M | Scene, ViewLayer | Updating Geometry BVH Deep ion throat.014 25/57 | Building BVH
Fra:1 Mem:28.69M (Peak 54.65M) | Time:00:00.42 | Mem:1.24M, Peak:1.71M | Scene, ViewLayer | Updating Geometry BVH Deep ion throat.014 25/57 | Building OptiX acceleration structure
Fra:1 Mem:28.71M (Peak 54.65M) | Time:00:00.42 | Mem:1.26M, Peak:1.71M | Scene, ViewLayer | Updating Geometry BVH Deep intake duct.006 26/57 | Building BVH
Fra:1 Mem:28.71M (Peak 54.65M) | Time:00:00.42 | Mem:1.26M, Peak:1.71M | Scene, ViewLayer | Updating Geometry BVH Deep intake duct.006 26/57 | Building OptiX acceleration structure
Fra:1 Mem:28.72M (Peak 54.65M) | Time:00:00.42 | Mem:1.26M, Peak:1.71M | Scene, ViewLayer | Updating Geometry BVH Ventral access door.014 27/57 | Building BVH
Fra:1 Mem:28.72M (Peak 54.65M) | Time:00:00.42 | Mem:1.26M, Peak:1.71M | Scene, ViewLayer | Updating Geometry BVH Ventral access door.014 27/57 | Building OptiX acceleration structure
Fra:1 Mem:28.72M (Peak 54.65M) | Time:00:00.42 | Mem:1.27M, Peak:1.71M | Scene, ViewLayer | Updating Geometry BVH Flush cooling slot.018 28/57 | Building BVH
Fra:1 Mem:28.72M (Peak 54.65M) | Time:00:00.42 | Mem:1.28M, Peak:1.71M | Scene, ViewLayer | Updating Geometry BVH Flush cooling slot.018 28/57 | Building OptiX acceleration structure
Fra:1 Mem:28.72M (Peak 54.65M) | Time:00:00.42 | Mem:1.27M, Peak:1.71M | Scene, ViewLayer | Updating Geometry BVH Flush cooling slot.019 29/57 | Building BVH
Fra:1 Mem:28.72M (Peak 54.65M) | Time:00:00.42 | Mem:1.27M, Peak:1.71M | Scene, ViewLayer | Updating Geometry BVH Flush cooling slot.019 29/57 | Building OptiX acceleration structure
Fra:1 Mem:28.72M (Peak 54.65M) | Time:00:00.43 | Mem:1.27M, Peak:1.71M | Scene, ViewLayer | Updating Geometry BVH Flush cooling slot.020 30/57 | Building BVH
Fra:1 Mem:28.72M (Peak 54.65M) | Time:00:00.43 | Mem:1.27M, Peak:1.71M | Scene, ViewLayer | Updating Geometry BVH Flush cooling slot.020 30/57 | Building OptiX acceleration structure
Fra:1 Mem:28.72M (Peak 54.65M) | Time:00:00.43 | Mem:1.27M, Peak:1.71M | Scene, ViewLayer | Updating Geometry BVH Articulated feather lifting vane 31/57 | Building BVH
Fra:1 Mem:28.72M (Peak 54.65M) | Time:00:00.43 | Mem:1.28M, Peak:1.71M | Scene, ViewLayer | Updating Geometry BVH Articulated feather lifting vane 31/57 | Building OptiX acceleration structure
Fra:1 Mem:28.73M (Peak 54.65M) | Time:00:00.43 | Mem:1.28M, Peak:1.71M | Scene, ViewLayer | Updating Geometry BVH Articulated feather lifting vane.001 32/57 | Building BVH
Fra:1 Mem:28.73M (Peak 54.65M) | Time:00:00.43 | Mem:1.31M, Peak:1.71M | Scene, ViewLayer | Updating Geometry BVH Articulated feather lifting vane.001 32/57 | Building OptiX acceleration structure
Fra:1 Mem:28.73M (Peak 54.65M) | Time:00:00.43 | Mem:1.29M, Peak:1.71M | Scene, ViewLayer | Updating Geometry BVH Articulated feather lifting vane.003 55/57 | Building BVH
Fra:1 Mem:28.73M (Peak 54.65M) | Time:00:00.43 | Mem:1.29M, Peak:1.71M | Scene, ViewLayer | Updating Geometry BVH Articulated feather lifting vane.003 55/57 | Building OptiX acceleration structure
Fra:1 Mem:28.74M (Peak 54.65M) | Time:00:00.43 | Mem:1.30M, Peak:1.71M | Scene, ViewLayer | Updating Geometry BVH Articulated feather lifting vane.002 33/57 | Building BVH
Fra:1 Mem:28.74M (Peak 54.65M) | Time:00:00.43 | Mem:1.31M, Peak:1.71M | Scene, ViewLayer | Updating Geometry BVH Articulated feather lifting vane.002 33/57 | Building OptiX acceleration structure
Fra:1 Mem:28.75M (Peak 54.65M) | Time:00:00.43 | Mem:1.31M, Peak:1.71M | Scene, ViewLayer | Updating Geometry BVH Integrated lifting hull.007 34/57 | Building BVH
Fra:1 Mem:28.75M (Peak 54.65M) | Time:00:00.43 | Mem:1.31M, Peak:1.71M | Scene, ViewLayer | Updating Geometry BVH Integrated lifting hull.007 34/57 | Building OptiX acceleration structure
Fra:1 Mem:28.76M (Peak 54.65M) | Time:00:00.43 | Mem:1.32M, Peak:1.71M | Scene, ViewLayer | Updating Geometry BVH Integrated propulsion nacelle.007 35/57 | Building BVH
Fra:1 Mem:28.76M (Peak 54.65M) | Time:00:00.43 | Mem:1.34M, Peak:1.71M | Scene, ViewLayer | Updating Geometry BVH Integrated propulsion nacelle.007 35/57 | Building OptiX acceleration structure
Fra:1 Mem:28.75M (Peak 54.65M) | Time:00:00.43 | Mem:1.32M, Peak:1.71M | Scene, ViewLayer | Updating Geometry BVH Contoured expansion nozzle.015 36/57 | Building BVH
Fra:1 Mem:28.75M (Peak 54.65M) | Time:00:00.43 | Mem:1.32M, Peak:1.71M | Scene, ViewLayer | Updating Geometry BVH Contoured expansion nozzle.015 36/57 | Building OptiX acceleration structure
Fra:1 Mem:28.75M (Peak 54.65M) | Time:00:00.43 | Mem:1.33M, Peak:1.71M | Scene, ViewLayer | Updating Geometry BVH Nozzle petal seam.180 37/57 | Building BVH
Fra:1 Mem:28.75M (Peak 54.65M) | Time:00:00.43 | Mem:1.34M, Peak:1.71M | Scene, ViewLayer | Updating Geometry BVH Nozzle petal seam.180 37/57 | Building OptiX acceleration structure
Fra:1 Mem:28.74M (Peak 54.65M) | Time:00:00.43 | Mem:1.33M, Peak:1.71M | Scene, ViewLayer | Updating Geometry BVH Nozzle petal seam.181 38/57 | Building BVH
Fra:1 Mem:28.74M (Peak 54.65M) | Time:00:00.43 | Mem:1.33M, Peak:1.71M | Scene, ViewLayer | Updating Geometry BVH Nozzle petal seam.181 38/57 | Building OptiX acceleration structure
Fra:1 Mem:28.74M (Peak 54.65M) | Time:00:00.43 | Mem:1.33M, Peak:1.71M | Scene, ViewLayer | Updating Geometry BVH Nozzle petal seam.182 39/57 | Building BVH
Fra:1 Mem:28.74M (Peak 54.65M) | Time:00:00.43 | Mem:1.33M, Peak:1.71M | Scene, ViewLayer | Updating Geometry BVH Nozzle petal seam.182 39/57 | Building OptiX acceleration structure
Fra:1 Mem:28.74M (Peak 54.65M) | Time:00:00.43 | Mem:1.33M, Peak:1.71M | Scene, ViewLayer | Updating Geometry BVH Nozzle petal seam.183 40/57 | Building BVH
Fra:1 Mem:28.74M (Peak 54.65M) | Time:00:00.43 | Mem:1.33M, Peak:1.71M | Scene, ViewLayer | Updating Geometry BVH Nozzle petal seam.183 40/57 | Building OptiX acceleration structure
Fra:1 Mem:28.74M (Peak 54.65M) | Time:00:00.43 | Mem:1.33M, Peak:1.71M | Scene, ViewLayer | Updating Geometry BVH Nozzle petal seam.184 41/57 | Building BVH
Fra:1 Mem:28.74M (Peak 54.65M) | Time:00:00.43 | Mem:1.34M, Peak:1.71M | Scene, ViewLayer | Updating Geometry BVH Nozzle petal seam.184 41/57 | Building OptiX acceleration structure
Fra:1 Mem:28.73M (Peak 54.65M) | Time:00:00.43 | Mem:1.33M, Peak:1.71M | Scene, ViewLayer | Updating Geometry BVH Nozzle petal seam.185 42/57 | Building BVH
Fra:1 Mem:28.73M (Peak 54.65M) | Time:00:00.43 | Mem:1.33M, Peak:1.71M | Scene, ViewLayer | Updating Geometry BVH Nozzle petal seam.185 42/57 | Building OptiX acceleration structure
Fra:1 Mem:28.73M (Peak 54.65M) | Time:00:00.43 | Mem:1.33M, Peak:1.71M | Scene, ViewLayer | Updating Geometry BVH Nozzle petal seam.186 43/57 | Building BVH
Fra:1 Mem:28.73M (Peak 54.65M) | Time:00:00.43 | Mem:1.34M, Peak:1.71M | Scene, ViewLayer | Updating Geometry BVH Nozzle petal seam.186 43/57 | Building OptiX acceleration structure
Fra:1 Mem:28.72M (Peak 54.65M) | Time:00:00.43 | Mem:1.32M, Peak:1.71M | Scene, ViewLayer | Updating Geometry BVH Flush cooling slot.023 54/57 | Building BVH
Fra:1 Mem:28.72M (Peak 54.65M) | Time:00:00.43 | Mem:1.35M, Peak:1.71M | Scene, ViewLayer | Updating Geometry BVH Flush cooling slot.023 54/57 | Building OptiX acceleration structure
Fra:1 Mem:28.71M (Peak 54.65M) | Time:00:00.43 | Mem:1.32M, Peak:1.71M | Scene, ViewLayer | Updating Geometry BVH Nozzle petal seam.187 44/57 | Building BVH
Fra:1 Mem:28.71M (Peak 54.65M) | Time:00:00.43 | Mem:1.33M, Peak:1.71M | Scene, ViewLayer | Updating Geometry BVH Nozzle petal seam.187 44/57 | Building OptiX acceleration structure
Fra:1 Mem:28.70M (Peak 54.65M) | Time:00:00.44 | Mem:1.32M, Peak:1.71M | Scene, ViewLayer | Updating Geometry BVH Nozzle petal seam.188 45/57 | Building BVH
Fra:1 Mem:28.70M (Peak 54.65M) | Time:00:00.44 | Mem:1.32M, Peak:1.71M | Scene, ViewLayer | Updating Geometry BVH Nozzle petal seam.188 45/57 | Building OptiX acceleration structure
Fra:1 Mem:28.69M (Peak 54.65M) | Time:00:00.44 | Mem:1.32M, Peak:1.71M | Scene, ViewLayer | Updating Geometry BVH Nozzle petal seam.189 46/57 | Building BVH
Fra:1 Mem:28.69M (Peak 54.65M) | Time:00:00.44 | Mem:1.34M, Peak:1.71M | Scene, ViewLayer | Updating Geometry BVH Nozzle petal seam.189 46/57 | Building OptiX acceleration structure
Fra:1 Mem:28.69M (Peak 54.65M) | Time:00:00.44 | Mem:1.33M, Peak:1.71M | Scene, ViewLayer | Updating Geometry BVH Nozzle petal seam.190 47/57 | Building BVH
Fra:1 Mem:28.69M (Peak 54.65M) | Time:00:00.44 | Mem:1.33M, Peak:1.71M | Scene, ViewLayer | Updating Geometry BVH Nozzle petal seam.190 47/57 | Building OptiX acceleration structure
Fra:1 Mem:28.69M (Peak 54.65M) | Time:00:00.44 | Mem:1.33M, Peak:1.71M | Scene, ViewLayer | Updating Geometry BVH Nozzle petal seam.191 48/57 | Building BVH
Fra:1 Mem:28.69M (Peak 54.65M) | Time:00:00.44 | Mem:1.33M, Peak:1.71M | Scene, ViewLayer | Updating Geometry BVH Nozzle petal seam.191 48/57 | Building OptiX acceleration structure
Fra:1 Mem:28.69M (Peak 54.65M) | Time:00:00.44 | Mem:1.33M, Peak:1.71M | Scene, ViewLayer | Updating Geometry BVH Deep ion throat.015 49/57 | Building BVH
Fra:1 Mem:28.69M (Peak 54.65M) | Time:00:00.44 | Mem:1.33M, Peak:1.71M | Scene, ViewLayer | Updating Geometry BVH Deep ion throat.015 49/57 | Building OptiX acceleration structure
Fra:1 Mem:28.71M (Peak 54.65M) | Time:00:00.44 | Mem:1.35M, Peak:1.71M | Scene, ViewLayer | Updating Geometry BVH Deep intake duct.007 50/57 | Building BVH
Fra:1 Mem:28.71M (Peak 54.65M) | Time:00:00.44 | Mem:1.35M, Peak:1.71M | Scene, ViewLayer | Updating Geometry BVH Deep intake duct.007 50/57 | Building OptiX acceleration structure
Fra:1 Mem:28.71M (Peak 54.65M) | Time:00:00.44 | Mem:1.35M, Peak:1.71M | Scene, ViewLayer | Updating Geometry BVH Ventral access door.015 51/57 | Building BVH
Fra:1 Mem:28.71M (Peak 54.65M) | Time:00:00.44 | Mem:1.36M, Peak:1.71M | Scene, ViewLayer | Updating Geometry BVH Ventral access door.015 51/57 | Building OptiX acceleration structure
Fra:1 Mem:28.72M (Peak 54.65M) | Time:00:00.44 | Mem:1.36M, Peak:1.71M | Scene, ViewLayer | Updating Geometry BVH Flush cooling slot.021 52/57 | Building BVH
Fra:1 Mem:28.72M (Peak 54.65M) | Time:00:00.44 | Mem:1.37M, Peak:1.71M | Scene, ViewLayer | Updating Geometry BVH Flush cooling slot.021 52/57 | Building OptiX acceleration structure
Fra:1 Mem:28.72M (Peak 54.65M) | Time:00:00.44 | Mem:1.36M, Peak:1.71M | Scene, ViewLayer | Updating Geometry BVH Flush cooling slot.022 53/57 | Building BVH
Fra:1 Mem:28.72M (Peak 54.65M) | Time:00:00.44 | Mem:1.37M, Peak:1.71M | Scene, ViewLayer | Updating Geometry BVH Flush cooling slot.022 53/57 | Building OptiX acceleration structure
Fra:1 Mem:28.68M (Peak 54.65M) | Time:00:00.45 | Mem:1.36M, Peak:1.71M | Scene, ViewLayer | Updating Scene BVH | Building
Fra:1 Mem:28.68M (Peak 54.65M) | Time:00:00.45 | Mem:1.36M, Peak:1.71M | Scene, ViewLayer | Updating Scene BVH | Building OptiX acceleration structure
Fra:1 Mem:28.68M (Peak 54.65M) | Time:00:00.45 | Mem:1.37M, Peak:1.71M | Scene, ViewLayer | Updating Scene BVH | Copying BVH to device
Fra:1 Mem:28.68M (Peak 54.65M) | Time:00:00.45 | Mem:1.37M, Peak:1.71M | Scene, ViewLayer | Updating Mesh | Computing normals
Fra:1 Mem:29.34M (Peak 54.65M) | Time:00:00.45 | Mem:1.37M, Peak:1.71M | Scene, ViewLayer | Updating Mesh | Copying Mesh to device
Fra:1 Mem:29.34M (Peak 54.65M) | Time:00:00.45 | Mem:2.03M, Peak:2.03M | Scene, ViewLayer | Updating Objects Flags
Fra:1 Mem:29.34M (Peak 54.65M) | Time:00:00.45 | Mem:2.03M, Peak:2.03M | Scene, ViewLayer | Updating Primitive Offsets
Fra:1 Mem:29.34M (Peak 54.65M) | Time:00:00.45 | Mem:2.03M, Peak:2.03M | Scene, ViewLayer | Updating Images
Fra:1 Mem:29.34M (Peak 54.65M) | Time:00:00.45 | Mem:2.03M, Peak:2.03M | Scene, ViewLayer | Updating Images | Loading panel-normal.png
Fra:1 Mem:33.34M (Peak 54.65M) | Time:00:00.45 | Mem:2.03M, Peak:2.03M | Scene, ViewLayer | Updating Images | Loading cobalt-basecolor.png
Fra:1 Mem:33.34M (Peak 54.65M) | Time:00:00.45 | Mem:2.03M, Peak:2.03M | Scene, ViewLayer | Updating Images | Loading paint-orm.png
Fra:1 Mem:45.35M (Peak 54.65M) | Time:00:00.47 | Mem:18.03M, Peak:18.03M | Scene, ViewLayer | Updating Camera Volume
Fra:1 Mem:45.35M (Peak 54.65M) | Time:00:00.47 | Mem:18.03M, Peak:18.03M | Scene, ViewLayer | Updating Lookup Tables
Fra:1 Mem:45.35M (Peak 54.65M) | Time:00:00.47 | Mem:18.11M, Peak:18.11M | Scene, ViewLayer | Updating Lights
Fra:1 Mem:45.36M (Peak 54.65M) | Time:00:00.47 | Mem:18.11M, Peak:18.11M | Scene, ViewLayer | Updating Lights | Computing tree
Fra:1 Mem:45.54M (Peak 54.65M) | Time:00:00.47 | Mem:18.30M, Peak:18.30M | Scene, ViewLayer | Updating Integrator
Fra:1 Mem:45.54M (Peak 54.65M) | Time:00:00.47 | Mem:18.30M, Peak:18.30M | Scene, ViewLayer | Updating Film
Fra:1 Mem:45.55M (Peak 54.65M) | Time:00:00.47 | Mem:18.22M, Peak:18.30M | Scene, ViewLayer | Updating Lookup Tables
Fra:1 Mem:45.55M (Peak 54.65M) | Time:00:00.47 | Mem:18.31M, Peak:18.31M | Scene, ViewLayer | Updating Baking
Fra:1 Mem:45.55M (Peak 54.65M) | Time:00:00.47 | Mem:18.31M, Peak:18.31M | Scene, ViewLayer | Updating Device | Writing constant memory
Fra:1 Mem:45.55M (Peak 54.65M) | Time:00:00.47 | Mem:18.31M, Peak:18.31M | Scene, ViewLayer | Loading denoising kernels (may take a few minutes the first time)
Fra:1 Mem:49.55M (Peak 54.65M) | Time:00:00.49 | Mem:370.31M, Peak:370.31M | Scene, ViewLayer | Sample 0/24
Fra:1 Mem:96.52M (Peak 96.52M) | Time:00:00.51 | Remaining:00:00.48 | Mem:417.29M, Peak:417.29M | Scene, ViewLayer | Sample 1/24
Fra:1 Mem:116.31M (Peak 145.97M) | Time:00:03.14 | Mem:417.29M, Peak:417.29M | Scene, ViewLayer | Sample 24/24
Fra:1 Mem:116.31M (Peak 145.97M) | Time:00:03.14 | Mem:417.29M, Peak:417.29M | Scene, ViewLayer | Finished
Saved: 'D:\vibe-coding-e\nova-swarm-forum-129-improvements-20260822\docs\fleet-art-v2\ships\26\surfaced.png'
Time: 00:03.31 (Saving: 00:00.08)

Info: Saved as "source.blend"
16:30:57 | INFO: Starting glTF 2.0 export
16:30:57 | INFO: Extracting primitive: Continuous pressure fuselage.003
16:30:57 | WARNING: More than one shader node tex image used for a texture. The resulting glTF sampler will behave like the first shader node tex image.
16:30:57 | WARNING: More than one shader node tex image used for a texture. The resulting glTF sampler will behave like the first shader node tex image.
16:30:57 | INFO: Primitives created: 6
16:30:57 | INFO: Finished glTF 2.0 export in 0.1649634838104248 s
Fra:1 Mem:28.28M (Peak 43.79M) | Time:00:00.12 | Mem:0.00M, Peak:0.00M | Scene, ViewLayer | Synchronizing object | Broad neutral key
Fra:1 Mem:28.28M (Peak 43.79M) | Time:00:00.12 | Mem:0.00M, Peak:0.00M | Scene, ViewLayer | Synchronizing object | PhaseSeraphV2
Fra:1 Mem:30.09M (Peak 43.79M) | Time:00:00.13 | Mem:0.00M, Peak:0.00M | Scene, ViewLayer | Initializing
Fra:1 Mem:29.61M (Peak 43.79M) | Time:00:00.13 | Mem:0.00M, Peak:0.00M | Scene, ViewLayer | Waiting for render to start
Fra:1 Mem:29.61M (Peak 43.79M) | Time:00:00.13 | Mem:0.00M, Peak:0.00M | Scene, ViewLayer | Updating Scene
Fra:1 Mem:29.61M (Peak 43.79M) | Time:00:00.13 | Mem:0.00M, Peak:0.00M | Scene, ViewLayer | Updating Shaders
Fra:1 Mem:29.61M (Peak 43.79M) | Time:00:00.13 | Mem:0.00M, Peak:0.00M | Scene, ViewLayer | Loading render kernels (may take a few minutes the first time)
Fra:1 Mem:29.70M (Peak 56.99M) | Time:00:00.23 | Mem:0.01M, Peak:0.01M | Scene, ViewLayer | Updating Procedurals
Fra:1 Mem:29.70M (Peak 56.99M) | Time:00:00.23 | Mem:0.01M, Peak:0.01M | Scene, ViewLayer | Updating Background
Fra:1 Mem:29.70M (Peak 56.99M) | Time:00:00.23 | Mem:0.01M, Peak:0.01M | Scene, ViewLayer | Updating Camera
Fra:1 Mem:29.70M (Peak 56.99M) | Time:00:00.23 | Mem:0.01M, Peak:0.01M | Scene, ViewLayer | Updating Meshes Flags
Fra:1 Mem:29.70M (Peak 56.99M) | Time:00:00.23 | Mem:0.01M, Peak:0.01M | Scene, ViewLayer | Updating Objects
Fra:1 Mem:29.70M (Peak 56.99M) | Time:00:00.23 | Mem:0.01M, Peak:0.01M | Scene, ViewLayer | Updating Objects | Copying Transformations to device
Fra:1 Mem:29.70M (Peak 56.99M) | Time:00:00.23 | Mem:0.01M, Peak:0.01M | Scene, ViewLayer | Updating Particle Systems
Fra:1 Mem:29.70M (Peak 56.99M) | Time:00:00.23 | Mem:0.01M, Peak:0.01M | Scene, ViewLayer | Updating Particle Systems | Copying Particles to device
Fra:1 Mem:29.70M (Peak 56.99M) | Time:00:00.23 | Mem:0.01M, Peak:0.01M | Scene, ViewLayer | Updating Meshes
Fra:1 Mem:30.86M (Peak 56.99M) | Time:00:00.25 | Mem:0.01M, Peak:0.01M | Scene, ViewLayer | Updating Objects | Applying Static Transformations
Fra:1 Mem:30.86M (Peak 56.99M) | Time:00:00.25 | Mem:0.01M, Peak:0.01M | Scene, ViewLayer | Updating Mesh | Computing attributes
Fra:1 Mem:32.43M (Peak 56.99M) | Time:00:00.25 | Mem:0.01M, Peak:0.01M | Scene, ViewLayer | Updating Mesh | Copying Attributes to device
Fra:1 Mem:32.43M (Peak 56.99M) | Time:00:00.25 | Mem:1.58M, Peak:1.58M | Scene, ViewLayer | Updating Geometry BVH light 5/4 | Building BVH
Fra:1 Mem:32.43M (Peak 56.99M) | Time:00:00.25 | Mem:1.58M, Peak:1.58M | Scene, ViewLayer | Updating Geometry BVH light 5/4 | Building OptiX acceleration structure
Fra:1 Mem:32.43M (Peak 56.99M) | Time:00:00.25 | Mem:1.58M, Peak:1.58M | Scene, ViewLayer | Updating Geometry BVH Continuous pressure fuselage.003 4/4 | Building BVH
Fra:1 Mem:32.43M (Peak 56.99M) | Time:00:00.25 | Mem:1.58M, Peak:1.58M | Scene, ViewLayer | Updating Geometry BVH Continuous pressure fuselage.003 4/4 | Building OptiX acceleration structure
Fra:1 Mem:32.43M (Peak 56.99M) | Time:00:00.25 | Mem:2.08M, Peak:3.64M | Scene, ViewLayer | Updating Scene BVH | Building
Fra:1 Mem:32.43M (Peak 56.99M) | Time:00:00.25 | Mem:2.08M, Peak:3.64M | Scene, ViewLayer | Updating Scene BVH | Building OptiX acceleration structure
Fra:1 Mem:32.43M (Peak 56.99M) | Time:00:00.25 | Mem:2.08M, Peak:3.64M | Scene, ViewLayer | Updating Scene BVH | Copying BVH to device
Fra:1 Mem:32.43M (Peak 56.99M) | Time:00:00.25 | Mem:2.08M, Peak:3.64M | Scene, ViewLayer | Updating Mesh | Computing normals
Fra:1 Mem:33.09M (Peak 56.99M) | Time:00:00.25 | Mem:2.08M, Peak:3.64M | Scene, ViewLayer | Updating Mesh | Copying Mesh to device
Fra:1 Mem:33.09M (Peak 56.99M) | Time:00:00.25 | Mem:2.74M, Peak:3.64M | Scene, ViewLayer | Updating Objects Flags
Fra:1 Mem:33.09M (Peak 56.99M) | Time:00:00.25 | Mem:2.74M, Peak:3.64M | Scene, ViewLayer | Updating Primitive Offsets
Fra:1 Mem:33.09M (Peak 56.99M) | Time:00:00.25 | Mem:2.74M, Peak:3.64M | Scene, ViewLayer | Updating Images
Fra:1 Mem:33.09M (Peak 56.99M) | Time:00:00.25 | Mem:2.74M, Peak:3.64M | Scene, ViewLayer | Updating Images | Loading panel-normal.png
Fra:1 Mem:37.09M (Peak 56.99M) | Time:00:00.25 | Mem:2.74M, Peak:3.64M | Scene, ViewLayer | Updating Images | Loading cobalt-basecolor.png
Fra:1 Mem:41.09M (Peak 56.99M) | Time:00:00.25 | Mem:2.74M, Peak:3.64M | Scene, ViewLayer | Updating Images | Loading paint-orm.png
Fra:1 Mem:49.10M (Peak 56.99M) | Time:00:00.27 | Mem:18.74M, Peak:18.74M | Scene, ViewLayer | Updating Camera Volume
Fra:1 Mem:49.10M (Peak 56.99M) | Time:00:00.27 | Mem:18.74M, Peak:18.74M | Scene, ViewLayer | Updating Lookup Tables
Fra:1 Mem:49.10M (Peak 56.99M) | Time:00:00.27 | Mem:18.82M, Peak:18.82M | Scene, ViewLayer | Updating Lights
Fra:1 Mem:49.10M (Peak 56.99M) | Time:00:00.27 | Mem:18.82M, Peak:18.82M | Scene, ViewLayer | Updating Lights | Computing tree
Fra:1 Mem:49.36M (Peak 56.99M) | Time:00:00.28 | Mem:19.09M, Peak:19.09M | Scene, ViewLayer | Updating Integrator
Fra:1 Mem:49.36M (Peak 56.99M) | Time:00:00.28 | Mem:19.09M, Peak:19.09M | Scene, ViewLayer | Updating Film
Fra:1 Mem:49.37M (Peak 56.99M) | Time:00:00.28 | Mem:19.00M, Peak:19.09M | Scene, ViewLayer | Updating Lookup Tables
Fra:1 Mem:49.37M (Peak 56.99M) | Time:00:00.28 | Mem:19.09M, Peak:19.09M | Scene, ViewLayer | Updating Baking
Fra:1 Mem:49.37M (Peak 56.99M) | Time:00:00.28 | Mem:19.09M, Peak:19.09M | Scene, ViewLayer | Updating Device | Writing constant memory
Fra:1 Mem:49.37M (Peak 56.99M) | Time:00:00.28 | Mem:19.09M, Peak:19.09M | Scene, ViewLayer | Loading denoising kernels (may take a few minutes the first time)
Fra:1 Mem:53.37M (Peak 56.99M) | Time:00:00.30 | Mem:371.09M, Peak:371.09M | Scene, ViewLayer | Sample 0/24
Fra:1 Mem:129.37M (Peak 129.37M) | Time:00:00.33 | Remaining:00:00.77 | Mem:447.10M, Peak:447.10M | Scene, ViewLayer | Sample 1/24
Fra:1 Mem:161.38M (Peak 209.38M) | Time:00:04.45 | Mem:447.11M, Peak:447.11M | Scene, ViewLayer | Sample 24/24
Fra:1 Mem:161.38M (Peak 209.38M) | Time:00:04.45 | Mem:447.11M, Peak:447.11M | Scene, ViewLayer | Finished
Saved: 'D:\vibe-coding-e\nova-swarm-forum-129-improvements-20260822\docs\fleet-art-v2\ships\26\export\showroom.png'
Time: 00:04.67 (Saving: 00:00.13)

Fra:1 Mem:28.59M (Peak 28.59M) | Time:00:00.15 | Mem:0.00M, Peak:0.00M | Scene, ViewLayer | Synchronizing object | Broad neutral key
Fra:1 Mem:28.59M (Peak 28.59M) | Time:00:00.15 | Mem:0.00M, Peak:0.00M | Scene, ViewLayer | Synchronizing object | PhaseSeraphV2
Fra:1 Mem:30.09M (Peak 31.84M) | Time:00:00.16 | Mem:0.00M, Peak:0.00M | Scene, ViewLayer | Initializing
Fra:1 Mem:29.61M (Peak 31.84M) | Time:00:00.16 | Mem:0.00M, Peak:0.00M | Scene, ViewLayer | Waiting for render to start
Fra:1 Mem:29.61M (Peak 31.84M) | Time:00:00.16 | Mem:0.00M, Peak:0.00M | Scene, ViewLayer | Updating Scene
Fra:1 Mem:29.61M (Peak 31.84M) | Time:00:00.16 | Mem:0.00M, Peak:0.00M | Scene, ViewLayer | Updating Shaders
Fra:1 Mem:29.61M (Peak 31.84M) | Time:00:00.16 | Mem:0.00M, Peak:0.00M | Scene, ViewLayer | Loading render kernels (may take a few minutes the first time)
Fra:1 Mem:29.70M (Peak 56.99M) | Time:00:00.28 | Mem:0.01M, Peak:0.01M | Scene, ViewLayer | Updating Procedurals
Fra:1 Mem:29.70M (Peak 56.99M) | Time:00:00.28 | Mem:0.01M, Peak:0.01M | Scene, ViewLayer | Updating Background
Fra:1 Mem:29.70M (Peak 56.99M) | Time:00:00.28 | Mem:0.01M, Peak:0.01M | Scene, ViewLayer | Updating Camera
Fra:1 Mem:29.70M (Peak 56.99M) | Time:00:00.28 | Mem:0.01M, Peak:0.01M | Scene, ViewLayer | Updating Meshes Flags
Fra:1 Mem:29.70M (Peak 56.99M) | Time:00:00.28 | Mem:0.01M, Peak:0.01M | Scene, ViewLayer | Updating Objects
Fra:1 Mem:29.70M (Peak 56.99M) | Time:00:00.28 | Mem:0.01M, Peak:0.01M | Scene, ViewLayer | Updating Objects | Copying Transformations to device
Fra:1 Mem:29.70M (Peak 56.99M) | Time:00:00.28 | Mem:0.01M, Peak:0.01M | Scene, ViewLayer | Updating Particle Systems
Fra:1 Mem:29.70M (Peak 56.99M) | Time:00:00.28 | Mem:0.01M, Peak:0.01M | Scene, ViewLayer | Updating Particle Systems | Copying Particles to device
Fra:1 Mem:29.70M (Peak 56.99M) | Time:00:00.28 | Mem:0.01M, Peak:0.01M | Scene, ViewLayer | Updating Meshes
Fra:1 Mem:30.86M (Peak 56.99M) | Time:00:00.30 | Mem:0.01M, Peak:0.01M | Scene, ViewLayer | Updating Objects | Applying Static Transformations
Fra:1 Mem:30.86M (Peak 56.99M) | Time:00:00.30 | Mem:0.01M, Peak:0.01M | Scene, ViewLayer | Updating Mesh | Computing attributes
Fra:1 Mem:32.43M (Peak 56.99M) | Time:00:00.30 | Mem:0.01M, Peak:0.01M | Scene, ViewLayer | Updating Mesh | Copying Attributes to device
Fra:1 Mem:32.43M (Peak 56.99M) | Time:00:00.30 | Mem:1.58M, Peak:1.58M | Scene, ViewLayer | Updating Geometry BVH light 5/4 | Building BVH
Fra:1 Mem:32.43M (Peak 56.99M) | Time:00:00.30 | Mem:1.58M, Peak:1.58M | Scene, ViewLayer | Updating Geometry BVH Broad neutral key 2/4 | Building OptiX acceleration structure
Fra:1 Mem:32.43M (Peak 56.99M) | Time:00:00.30 | Mem:1.58M, Peak:1.58M | Scene, ViewLayer | Updating Geometry BVH Neutral fill 3/4 | Building OptiX acceleration structure
Fra:1 Mem:32.43M (Peak 56.99M) | Time:00:00.30 | Mem:1.58M, Peak:1.58M | Scene, ViewLayer | Updating Geometry BVH Continuous pressure fuselage.003 4/4 | Building BVH
Fra:1 Mem:32.43M (Peak 56.99M) | Time:00:00.30 | Mem:1.58M, Peak:1.58M | Scene, ViewLayer | Updating Geometry BVH Continuous pressure fuselage.003 4/4 | Building OptiX acceleration structure
Fra:1 Mem:32.43M (Peak 56.99M) | Time:00:00.30 | Mem:2.08M, Peak:3.64M | Scene, ViewLayer | Updating Scene BVH | Building
Fra:1 Mem:32.43M (Peak 56.99M) | Time:00:00.30 | Mem:2.08M, Peak:3.64M | Scene, ViewLayer | Updating Scene BVH | Building OptiX acceleration structure
Fra:1 Mem:32.43M (Peak 56.99M) | Time:00:00.30 | Mem:2.08M, Peak:3.64M | Scene, ViewLayer | Updating Scene BVH | Copying BVH to device
Fra:1 Mem:32.43M (Peak 56.99M) | Time:00:00.30 | Mem:2.08M, Peak:3.64M | Scene, ViewLayer | Updating Mesh | Computing normals
Fra:1 Mem:33.09M (Peak 56.99M) | Time:00:00.30 | Mem:2.08M, Peak:3.64M | Scene, ViewLayer | Updating Mesh | Copying Mesh to device
Fra:1 Mem:33.09M (Peak 56.99M) | Time:00:00.30 | Mem:2.74M, Peak:3.64M | Scene, ViewLayer | Updating Objects Flags
Fra:1 Mem:33.09M (Peak 56.99M) | Time:00:00.30 | Mem:2.74M, Peak:3.64M | Scene, ViewLayer | Updating Primitive Offsets
Fra:1 Mem:33.09M (Peak 56.99M) | Time:00:00.30 | Mem:2.74M, Peak:3.64M | Scene, ViewLayer | Updating Images
Fra:1 Mem:33.09M (Peak 56.99M) | Time:00:00.30 | Mem:2.74M, Peak:3.64M | Scene, ViewLayer | Updating Images | Loading panel-normal.png
Fra:1 Mem:37.09M (Peak 56.99M) | Time:00:00.30 | Mem:2.74M, Peak:3.64M | Scene, ViewLayer | Updating Images | Loading cobalt-basecolor.png
Fra:1 Mem:41.09M (Peak 56.99M) | Time:00:00.30 | Mem:2.74M, Peak:3.64M | Scene, ViewLayer | Updating Images | Loading paint-orm.png
Fra:1 Mem:49.10M (Peak 56.99M) | Time:00:00.32 | Mem:18.74M, Peak:18.74M | Scene, ViewLayer | Updating Camera Volume
Fra:1 Mem:49.10M (Peak 56.99M) | Time:00:00.32 | Mem:18.74M, Peak:18.74M | Scene, ViewLayer | Updating Lookup Tables
Fra:1 Mem:49.10M (Peak 56.99M) | Time:00:00.32 | Mem:18.82M, Peak:18.82M | Scene, ViewLayer | Updating Lights
Fra:1 Mem:49.10M (Peak 56.99M) | Time:00:00.32 | Mem:18.82M, Peak:18.82M | Scene, ViewLayer | Updating Lights | Computing tree
Fra:1 Mem:49.36M (Peak 56.99M) | Time:00:00.33 | Mem:19.09M, Peak:19.09M | Scene, ViewLayer | Updating Integrator
Fra:1 Mem:49.36M (Peak 56.99M) | Time:00:00.33 | Mem:19.09M, Peak:19.09M | Scene, ViewLayer | Updating Film
Fra:1 Mem:49.37M (Peak 56.99M) | Time:00:00.33 | Mem:19.00M, Peak:19.09M | Scene, ViewLayer | Updating Lookup Tables
Fra:1 Mem:49.37M (Peak 56.99M) | Time:00:00.33 | Mem:19.09M, Peak:19.09M | Scene, ViewLayer | Updating Baking
Fra:1 Mem:49.37M (Peak 56.99M) | Time:00:00.33 | Mem:19.09M, Peak:19.09M | Scene, ViewLayer | Updating Device | Writing constant memory
Fra:1 Mem:49.37M (Peak 56.99M) | Time:00:00.33 | Mem:19.09M, Peak:19.09M | Scene, ViewLayer | Loading denoising kernels (may take a few minutes the first time)
Fra:1 Mem:53.37M (Peak 56.99M) | Time:00:00.35 | Mem:371.09M, Peak:371.09M | Scene, ViewLayer | Sample 0/24
Fra:1 Mem:72.37M (Peak 72.37M) | Time:00:00.37 | Remaining:00:00.34 | Mem:390.10M, Peak:390.10M | Scene, ViewLayer | Sample 1/24
Fra:1 Mem:80.38M (Peak 92.38M) | Time:00:01.64 | Mem:390.11M, Peak:390.11M | Scene, ViewLayer | Sample 24/24
Fra:1 Mem:80.38M (Peak 92.38M) | Time:00:01.64 | Mem:390.11M, Peak:390.11M | Scene, ViewLayer | Finished
Saved: 'D:\vibe-coding-e\nova-swarm-forum-129-improvements-20260822\docs\fleet-art-v2\ships\26\export\player.png'
Time: 00:01.80 (Saving: 00:00.04)


FLEET_V2_COMPLETE 26 Phase Seraph
Fra:1 Mem:32.97M (Peak 51.18M) | Time:00:00.15 | Mem:0.00M, Peak:0.00M | Scene, ViewLayer | Synchronizing object | Broad neutral key
Fra:1 Mem:32.97M (Peak 51.18M) | Time:00:00.15 | Mem:0.00M, Peak:0.00M | Scene, ViewLayer | Synchronizing object | Neutral fill
Fra:1 Mem:33.29M (Peak 51.18M) | Time:00:00.19 | Mem:0.00M, Peak:0.00M | Scene, ViewLayer | Synchronizing object | Continuous pressure fuselage
Fra:1 Mem:33.99M (Peak 51.18M) | Time:00:00.23 | Mem:0.00M, Peak:0.00M | Scene, ViewLayer | Synchronizing object | Cockpit integrated coaming
Fra:1 Mem:34.52M (Peak 51.18M) | Time:00:00.27 | Mem:0.00M, Peak:0.00M | Scene, ViewLayer | Synchronizing object | Pressure canopy glazing
Fra:1 Mem:34.52M (Peak 51.18M) | Time:00:00.27 | Mem:0.00M, Peak:0.00M | Scene, ViewLayer | Synchronizing object | Canopy lower frame
Fra:1 Mem:34.81M (Peak 51.18M) | Time:00:00.27 | Mem:0.00M, Peak:0.00M | Scene, ViewLayer | Synchronizing object | Canopy lower frame.001
Fra:1 Mem:34.80M (Peak 51.18M) | Time:00:00.27 | Mem:0.00M, Peak:0.00M | Scene, ViewLayer | Synchronizing object | Canopy pressure bow
Fra:1 Mem:34.84M (Peak 51.18M) | Time:00:00.27 | Mem:0.00M, Peak:0.00M | Scene, ViewLayer | Synchronizing object | Integrated lifting hull
Fra:1 Mem:34.86M (Peak 51.18M) | Time:00:00.27 | Mem:0.00M, Peak:0.00M | Scene, ViewLayer | Synchronizing object | Nozzle petal seam
Fra:1 Mem:34.90M (Peak 51.18M) | Time:00:00.27 | Mem:0.00M, Peak:0.00M | Scene, ViewLayer | Synchronizing object | Nozzle petal seam.001
Fra:1 Mem:34.97M (Peak 51.18M) | Time:00:00.27 | Mem:0.00M, Peak:0.00M | Scene, ViewLayer | Synchronizing object | Nozzle petal seam.002
Fra:1 Mem:34.97M (Peak 51.18M) | Time:00:00.27 | Mem:0.00M, Peak:0.00M | Scene, ViewLayer | Synchronizing object | Nozzle petal seam.003
Fra:1 Mem:34.97M (Peak 51.18M) | Time:00:00.27 | Mem:0.00M, Peak:0.00M | Scene, ViewLayer | Synchronizing object | Nozzle petal seam.004
Fra:1 Mem:34.97M (Peak 51.18M) | Time:00:00.27 | Mem:0.00M, Peak:0.00M | Scene, ViewLayer | Synchronizing object | Nozzle petal seam.005
Fra:1 Mem:34.97M (Peak 51.18M) | Time:00:00.27 | Mem:0.00M, Peak:0.00M | Scene, ViewLayer | Synchronizing object | Nozzle petal seam.006
Fra:1 Mem:34.95M (Peak 51.18M) | Time:00:00.27 | Mem:0.00M, Peak:0.00M | Scene, ViewLayer | Synchronizing object | Nozzle petal seam.007
Fra:1 Mem:34.96M (Peak 51.18M) | Time:00:00.27 | Mem:0.00M, Peak:0.00M | Scene, ViewLayer | Synchronizing object | Nozzle petal seam.008
Fra:1 Mem:34.96M (Peak 51.18M) | Time:00:00.27 | Mem:0.00M, Peak:0.00M | Scene, ViewLayer | Synchronizing object | Nozzle petal seam.009
Fra:1 Mem:34.96M (Peak 51.18M) | Time:00:00.27 | Mem:0.00M, Peak:0.00M | Scene, ViewLayer | Synchronizing object | Nozzle petal seam.010
Fra:1 Mem:34.96M (Peak 51.18M) | Time:00:00.27 | Mem:0.00M, Peak:0.00M | Scene, ViewLayer | Synchronizing object | Nozzle petal seam.011
Fra:1 Mem:34.96M (Peak 51.18M) | Time:00:00.27 | Mem:0.00M, Peak:0.00M | Scene, ViewLayer | Synchronizing object | Deep ion throat
Fra:1 Mem:34.96M (Peak 51.18M) | Time:00:00.27 | Mem:0.00M, Peak:0.00M | Scene, ViewLayer | Synchronizing object | Ventral access door
Fra:1 Mem:34.97M (Peak 51.18M) | Time:00:00.27 | Mem:0.00M, Peak:0.00M | Scene, ViewLayer | Synchronizing object | Flush cooling slot
Fra:1 Mem:35.10M (Peak 51.18M) | Time:00:00.27 | Mem:0.00M, Peak:0.00M | Scene, ViewLayer | Synchronizing object | Flush cooling slot.001
Fra:1 Mem:35.04M (Peak 51.18M) | Time:00:00.27 | Mem:0.00M, Peak:0.00M | Scene, ViewLayer | Synchronizing object | Flush cooling slot.002
Fra:1 Mem:35.07M (Peak 51.18M) | Time:00:00.27 | Mem:0.00M, Peak:0.00M | Scene, ViewLayer | Synchronizing object | Continuous shield crescent
Fra:1 Mem:35.07M (Peak 51.18M) | Time:00:00.27 | Mem:0.00M, Peak:0.00M | Scene, ViewLayer | Synchronizing object | Recessed shield field slit
Fra:1 Mem:35.10M (Peak 51.18M) | Time:00:00.27 | Mem:0.00M, Peak:0.00M | Scene, ViewLayer | Synchronizing object | Recessed shield field slit.001
Fra:1 Mem:35.19M (Peak 51.18M) | Time:00:00.27 | Mem:0.00M, Peak:0.00M | Scene, ViewLayer | Synchronizing object | Recessed shield field slit.002
Fra:1 Mem:35.26M (Peak 51.18M) | Time:00:00.27 | Mem:0.00M, Peak:0.00M | Scene, ViewLayer | Synchronizing object | Recessed shield field slit.003
Fra:1 Mem:35.23M (Peak 51.18M) | Time:00:00.27 | Mem:0.00M, Peak:0.00M | Scene, ViewLayer | Synchronizing object | Integrated lifting hull.001
Fra:1 Mem:35.17M (Peak 51.18M) | Time:00:00.27 | Mem:0.00M, Peak:0.00M | Scene, ViewLayer | Synchronizing object | Integrated propulsion nacelle.001
Fra:1 Mem:35.20M (Peak 51.18M) | Time:00:00.27 | Mem:0.00M, Peak:0.00M | Scene, ViewLayer | Synchronizing object | Nozzle petal seam.012
Fra:1 Mem:35.31M (Peak 51.18M) | Time:00:00.27 | Mem:0.00M, Peak:0.00M | Scene, ViewLayer | Synchronizing object | Nozzle petal seam.013
Fra:1 Mem:35.29M (Peak 51.18M) | Time:00:00.27 | Mem:0.00M, Peak:0.00M | Scene, ViewLayer | Synchronizing object | Nozzle petal seam.014
Fra:1 Mem:35.29M (Peak 51.18M) | Time:00:00.27 | Mem:0.00M, Peak:0.00M | Scene, ViewLayer | Synchronizing object | Nozzle petal seam.015
Fra:1 Mem:35.28M (Peak 51.18M) | Time:00:00.27 | Mem:0.00M, Peak:0.00M | Scene, ViewLayer | Synchronizing object | Nozzle petal seam.016
Fra:1 Mem:35.28M (Peak 51.18M) | Time:00:00.27 | Mem:0.00M, Peak:0.00M | Scene, ViewLayer | Synchronizing object | Nozzle petal seam.017
Fra:1 Mem:35.28M (Peak 51.18M) | Time:00:00.27 | Mem:0.00M, Peak:0.00M | Scene, ViewLayer | Synchronizing object | Nozzle petal seam.018
Fra:1 Mem:35.28M (Peak 51.18M) | Time:00:00.27 | Mem:0.00M, Peak:0.00M | Scene, ViewLayer | Synchronizing object | Nozzle petal seam.019
Fra:1 Mem:35.35M (Peak 51.18M) | Time:00:00.27 | Mem:0.00M, Peak:0.00M | Scene, ViewLayer | Synchronizing object | Nozzle petal seam.020
Fra:1 Mem:35.28M (Peak 51.18M) | Time:00:00.27 | Mem:0.00M, Peak:0.00M | Scene, ViewLayer | Synchronizing object | Nozzle petal seam.021
Fra:1 Mem:35.28M (Peak 51.18M) | Time:00:00.27 | Mem:0.00M, Peak:0.00M | Scene, ViewLayer | Synchronizing object | Nozzle petal seam.022
Fra:1 Mem:35.28M (Peak 51.18M) | Time:00:00.27 | Mem:0.00M, Peak:0.00M | Scene, ViewLayer | Synchronizing object | Nozzle petal seam.023
Fra:1 Mem:35.28M (Peak 51.18M) | Time:00:00.27 | Mem:0.00M, Peak:0.00M | Scene, ViewLayer | Synchronizing object | Deep ion throat.001
Fra:1 Mem:35.28M (Peak 51.18M) | Time:00:00.27 | Mem:0.00M, Peak:0.00M | Scene, ViewLayer | Synchronizing object | Ventral access door.001
Fra:1 Mem:35.29M (Peak 51.18M) | Time:00:00.27 | Mem:0.00M, Peak:0.00M | Scene, ViewLayer | Synchronizing object | Flush cooling slot.003
Fra:1 Mem:35.42M (Peak 51.18M) | Time:00:00.27 | Mem:0.00M, Peak:0.00M | Scene, ViewLayer | Synchronizing object | Flush cooling slot.004
Fra:1 Mem:35.36M (Peak 51.18M) | Time:00:00.27 | Mem:0.00M, Peak:0.00M | Scene, ViewLayer | Synchronizing object | Flush cooling slot.005
Fra:1 Mem:35.39M (Peak 51.18M) | Time:00:00.27 | Mem:0.00M, Peak:0.00M | Scene, ViewLayer | Synchronizing object | Continuous shield crescent.001
Fra:1 Mem:35.38M (Peak 51.18M) | Time:00:00.27 | Mem:0.00M, Peak:0.00M | Scene, ViewLayer | Synchronizing object | Recessed shield field slit.004
Fra:1 Mem:35.49M (Peak 51.18M) | Time:00:00.27 | Mem:0.00M, Peak:0.00M | Scene, ViewLayer | Synchronizing object | Recessed shield field slit.005
Fra:1 Mem:35.53M (Peak 51.18M) | Time:00:00.27 | Mem:0.00M, Peak:0.00M | Scene, ViewLayer | Synchronizing object | Recessed shield field slit.006
Fra:1 Mem:35.55M (Peak 51.18M) | Time:00:00.27 | Mem:0.00M, Peak:0.00M | Scene, ViewLayer | Synchronizing object | Recessed shield field slit.007
Fra:1 Mem:35.49M (Peak 51.18M) | Time:00:00.27 | Mem:0.00M, Peak:0.00M | Scene, ViewLayer | Initializing
Fra:1 Mem:31.43M (Peak 51.18M) | Time:00:00.28 | Mem:0.00M, Peak:0.00M | Scene, ViewLayer | Waiting for render to start
Fra:1 Mem:31.43M (Peak 51.18M) | Time:00:00.28 | Mem:0.00M, Peak:0.00M | Scene, ViewLayer | Updating Scene
Fra:1 Mem:31.43M (Peak 51.18M) | Time:00:00.28 | Mem:0.00M, Peak:0.00M | Scene, ViewLayer | Updating Shaders
Fra:1 Mem:31.43M (Peak 51.18M) | Time:00:00.28 | Mem:0.00M, Peak:0.00M | Scene, ViewLayer | Loading render kernels (may take a few minutes the first time)
Fra:1 Mem:31.52M (Peak 58.81M) | Time:00:00.39 | Mem:0.01M, Peak:0.01M | Scene, ViewLayer | Updating Procedurals
Fra:1 Mem:31.52M (Peak 58.81M) | Time:00:00.39 | Mem:0.01M, Peak:0.01M | Scene, ViewLayer | Updating Background
Fra:1 Mem:31.52M (Peak 58.81M) | Time:00:00.39 | Mem:0.01M, Peak:0.01M | Scene, ViewLayer | Updating Camera
Fra:1 Mem:31.52M (Peak 58.81M) | Time:00:00.39 | Mem:0.01M, Peak:0.01M | Scene, ViewLayer | Updating Meshes Flags
Fra:1 Mem:31.52M (Peak 58.81M) | Time:00:00.39 | Mem:0.01M, Peak:0.01M | Scene, ViewLayer | Updating Objects
Fra:1 Mem:31.52M (Peak 58.81M) | Time:00:00.39 | Mem:0.01M, Peak:0.01M | Scene, ViewLayer | Updating Objects | Copying Transformations to device
Fra:1 Mem:31.53M (Peak 58.81M) | Time:00:00.39 | Mem:0.02M, Peak:0.02M | Scene, ViewLayer | Updating Particle Systems
Fra:1 Mem:31.53M (Peak 58.81M) | Time:00:00.39 | Mem:0.02M, Peak:0.02M | Scene, ViewLayer | Updating Particle Systems | Copying Particles to device
Fra:1 Mem:31.53M (Peak 58.81M) | Time:00:00.39 | Mem:0.02M, Peak:0.02M | Scene, ViewLayer | Updating Meshes
Fra:1 Mem:31.53M (Peak 58.81M) | Time:00:00.39 | Mem:0.02M, Peak:0.02M | Scene, ViewLayer | Updating Objects | Applying Static Transformations
Fra:1 Mem:31.53M (Peak 58.81M) | Time:00:00.39 | Mem:0.02M, Peak:0.02M | Scene, ViewLayer | Updating Mesh | Computing attributes
Fra:1 Mem:31.73M (Peak 58.81M) | Time:00:00.39 | Mem:0.03M, Peak:0.03M | Scene, ViewLayer | Updating Mesh | Copying Attributes to device
Fra:1 Mem:31.73M (Peak 58.81M) | Time:00:00.39 | Mem:0.22M, Peak:0.22M | Scene, ViewLayer | Updating Geometry BVH Broad neutral key 2/4 | Building BVH
Fra:1 Mem:31.73M (Peak 58.81M) | Time:00:00.39 | Mem:0.22M, Peak:0.22M | Scene, ViewLayer | Updating Geometry BVH Contoured expansion nozzle.018 12/61 | Building BVH
Fra:1 Mem:31.73M (Peak 58.81M) | Time:00:00.39 | Mem:0.22M, Peak:0.22M | Scene, ViewLayer | Updating Geometry BVH Integrated propulsion nacelle.008 11/61 | Building OptiX acceleration structure
Fra:1 Mem:31.83M (Peak 58.81M) | Time:00:00.39 | Mem:0.22M, Peak:0.22M | Scene, ViewLayer | Updating Geometry BVH Nozzle petal seam.216 13/61 | Building BVH
Fra:1 Mem:31.83M (Peak 58.81M) | Time:00:00.39 | Mem:0.22M, Peak:0.22M | Scene, ViewLayer | Updating Geometry BVH Nozzle petal seam.216 13/61 | Building OptiX acceleration structure
Fra:1 Mem:31.91M (Peak 58.81M) | Time:00:00.39 | Mem:0.27M, Peak:0.27M | Scene, ViewLayer | Updating Geometry BVH Nozzle petal seam.217 14/61 | Building BVH
Fra:1 Mem:31.91M (Peak 58.81M) | Time:00:00.39 | Mem:0.27M, Peak:0.27M | Scene, ViewLayer | Updating Geometry BVH Nozzle petal seam.217 14/61 | Building OptiX acceleration structure
Fra:1 Mem:31.92M (Peak 58.81M) | Time:00:00.39 | Mem:0.28M, Peak:0.28M | Scene, ViewLayer | Updating Geometry BVH Recessed shield field slit.007 61/61 | Building BVH
Fra:1 Mem:31.92M (Peak 58.81M) | Time:00:00.39 | Mem:0.28M, Peak:0.28M | Scene, ViewLayer | Updating Geometry BVH Recessed shield field slit.007 61/61 | Building OptiX acceleration structure
Fra:1 Mem:32.04M (Peak 58.81M) | Time:00:00.39 | Mem:0.54M, Peak:0.57M | Scene, ViewLayer | Updating Geometry BVH Nozzle petal seam.218 15/61 | Building BVH
Fra:1 Mem:32.04M (Peak 58.81M) | Time:00:00.39 | Mem:0.54M, Peak:0.57M | Scene, ViewLayer | Updating Geometry BVH Nozzle petal seam.218 15/61 | Building OptiX acceleration structure
Fra:1 Mem:32.04M (Peak 58.81M) | Time:00:00.39 | Mem:0.54M, Peak:0.57M | Scene, ViewLayer | Updating Geometry BVH Nozzle petal seam.219 16/61 | Building BVH
Fra:1 Mem:32.04M (Peak 58.81M) | Time:00:00.39 | Mem:0.95M, Peak:0.95M | Scene, ViewLayer | Updating Geometry BVH Nozzle petal seam.219 16/61 | Building OptiX acceleration structure
Fra:1 Mem:31.96M (Peak 58.81M) | Time:00:00.39 | Mem:0.56M, Peak:0.95M | Scene, ViewLayer | Updating Geometry BVH Nozzle petal seam.220 17/61 | Building BVH
Fra:1 Mem:31.96M (Peak 58.81M) | Time:00:00.39 | Mem:0.56M, Peak:0.95M | Scene, ViewLayer | Updating Geometry BVH Nozzle petal seam.220 17/61 | Building OptiX acceleration structure
Fra:1 Mem:31.96M (Peak 58.81M) | Time:00:00.39 | Mem:0.56M, Peak:0.95M | Scene, ViewLayer | Updating Geometry BVH Recessed shield field slit.006 60/61 | Building BVH
Fra:1 Mem:31.96M (Peak 58.81M) | Time:00:00.39 | Mem:0.56M, Peak:0.95M | Scene, ViewLayer | Updating Geometry BVH Recessed shield field slit.006 60/61 | Building OptiX acceleration structure
Fra:1 Mem:31.96M (Peak 58.81M) | Time:00:00.39 | Mem:0.56M, Peak:0.95M | Scene, ViewLayer | Updating Geometry BVH Nozzle petal seam.221 18/61 | Building BVH
Fra:1 Mem:31.96M (Peak 58.81M) | Time:00:00.39 | Mem:0.60M, Peak:0.95M | Scene, ViewLayer | Updating Geometry BVH Nozzle petal seam.221 18/61 | Building OptiX acceleration structure
Fra:1 Mem:31.94M (Peak 58.81M) | Time:00:00.39 | Mem:0.56M, Peak:0.95M | Scene, ViewLayer | Updating Geometry BVH Nozzle petal seam.222 19/61 | Building BVH
Fra:1 Mem:31.94M (Peak 58.81M) | Time:00:00.39 | Mem:0.56M, Peak:0.95M | Scene, ViewLayer | Updating Geometry BVH Nozzle petal seam.222 19/61 | Building OptiX acceleration structure
Fra:1 Mem:31.94M (Peak 58.81M) | Time:00:00.39 | Mem:0.56M, Peak:0.95M | Scene, ViewLayer | Updating Geometry BVH Nozzle petal seam.223 20/61 | Building BVH
Fra:1 Mem:31.94M (Peak 58.81M) | Time:00:00.39 | Mem:0.97M, Peak:0.97M | Scene, ViewLayer | Updating Geometry BVH Nozzle petal seam.223 20/61 | Building OptiX acceleration structure
Fra:1 Mem:31.82M (Peak 58.81M) | Time:00:00.39 | Mem:0.60M, Peak:1.08M | Scene, ViewLayer | Updating Geometry BVH Nozzle petal seam.224 21/61 | Building BVH
Fra:1 Mem:31.82M (Peak 58.81M) | Time:00:00.39 | Mem:0.60M, Peak:1.08M | Scene, ViewLayer | Updating Geometry BVH Nozzle petal seam.224 21/61 | Building OptiX acceleration structure
Fra:1 Mem:31.82M (Peak 58.81M) | Time:00:00.39 | Mem:0.60M, Peak:1.08M | Scene, ViewLayer | Updating Geometry BVH Nozzle petal seam.225 22/61 | Building BVH
Fra:1 Mem:31.82M (Peak 58.81M) | Time:00:00.39 | Mem:0.61M, Peak:1.08M | Scene, ViewLayer | Updating Geometry BVH Nozzle petal seam.225 22/61 | Building OptiX acceleration structure
Fra:1 Mem:31.81M (Peak 58.81M) | Time:00:00.39 | Mem:0.60M, Peak:1.08M | Scene, ViewLayer | Updating Geometry BVH Nozzle petal seam.226 23/61 | Building BVH
Fra:1 Mem:31.81M (Peak 58.81M) | Time:00:00.39 | Mem:0.78M, Peak:1.08M | Scene, ViewLayer | Updating Geometry BVH Nozzle petal seam.226 23/61 | Building OptiX acceleration structure
Fra:1 Mem:31.73M (Peak 58.81M) | Time:00:00.40 | Mem:0.62M, Peak:1.08M | Scene, ViewLayer | Updating Geometry BVH Nozzle petal seam.227 24/61 | Building BVH
Fra:1 Mem:31.73M (Peak 58.81M) | Time:00:00.40 | Mem:0.62M, Peak:1.08M | Scene, ViewLayer | Updating Geometry BVH Nozzle petal seam.227 24/61 | Building OptiX acceleration structure
Fra:1 Mem:31.73M (Peak 58.81M) | Time:00:00.40 | Mem:0.62M, Peak:1.08M | Scene, ViewLayer | Updating Geometry BVH Deep ion throat.018 25/61 | Building BVH
Fra:1 Mem:31.73M (Peak 58.81M) | Time:00:00.40 | Mem:0.63M, Peak:1.08M | Scene, ViewLayer | Updating Geometry BVH Deep ion throat.018 25/61 | Building OptiX acceleration structure
Fra:1 Mem:31.75M (Peak 58.81M) | Time:00:00.40 | Mem:0.64M, Peak:1.08M | Scene, ViewLayer | Updating Geometry BVH Deep intake duct.008 26/61 | Building BVH
Fra:1 Mem:31.75M (Peak 58.81M) | Time:00:00.40 | Mem:0.65M, Peak:1.08M | Scene, ViewLayer | Updating Geometry BVH Deep intake duct.008 26/61 | Building OptiX acceleration structure
Fra:1 Mem:31.75M (Peak 58.81M) | Time:00:00.40 | Mem:0.65M, Peak:1.08M | Scene, ViewLayer | Updating Geometry BVH Ventral access door.018 27/61 | Building BVH
Fra:1 Mem:31.75M (Peak 58.81M) | Time:00:00.40 | Mem:0.65M, Peak:1.08M | Scene, ViewLayer | Updating Geometry BVH Ventral access door.018 27/61 | Building OptiX acceleration structure
Fra:1 Mem:31.76M (Peak 58.81M) | Time:00:00.40 | Mem:0.65M, Peak:1.08M | Scene, ViewLayer | Updating Geometry BVH Flush cooling slot.024 28/61 | Building BVH
Fra:1 Mem:31.76M (Peak 58.81M) | Time:00:00.40 | Mem:0.65M, Peak:1.08M | Scene, ViewLayer | Updating Geometry BVH Flush cooling slot.024 28/61 | Building OptiX acceleration structure
Fra:1 Mem:31.76M (Peak 58.81M) | Time:00:00.40 | Mem:0.66M, Peak:1.08M | Scene, ViewLayer | Updating Geometry BVH Recessed shield field slit.005 59/61 | Building BVH
Fra:1 Mem:31.76M (Peak 58.81M) | Time:00:00.40 | Mem:0.66M, Peak:1.08M | Scene, ViewLayer | Updating Geometry BVH Recessed shield field slit.005 59/61 | Building OptiX acceleration structure
Fra:1 Mem:31.76M (Peak 58.81M) | Time:00:00.40 | Mem:0.66M, Peak:1.08M | Scene, ViewLayer | Updating Geometry BVH Flush cooling slot.025 29/61 | Building BVH
Fra:1 Mem:31.76M (Peak 58.81M) | Time:00:00.40 | Mem:0.66M, Peak:1.08M | Scene, ViewLayer | Updating Geometry BVH Flush cooling slot.025 29/61 | Building OptiX acceleration structure
Fra:1 Mem:31.76M (Peak 58.81M) | Time:00:00.40 | Mem:0.66M, Peak:1.08M | Scene, ViewLayer | Updating Geometry BVH Flush cooling slot.026 30/61 | Building BVH
Fra:1 Mem:31.76M (Peak 58.81M) | Time:00:00.40 | Mem:0.66M, Peak:1.08M | Scene, ViewLayer | Updating Geometry BVH Flush cooling slot.026 30/61 | Building OptiX acceleration structure
Fra:1 Mem:31.76M (Peak 58.81M) | Time:00:00.40 | Mem:0.66M, Peak:1.08M | Scene, ViewLayer | Updating Geometry BVH Continuous shield crescent 31/61 | Building BVH
Fra:1 Mem:31.76M (Peak 58.81M) | Time:00:00.40 | Mem:0.67M, Peak:1.08M | Scene, ViewLayer | Updating Geometry BVH Continuous shield crescent 31/61 | Building OptiX acceleration structure
Fra:1 Mem:31.80M (Peak 58.81M) | Time:00:00.40 | Mem:0.71M, Peak:1.08M | Scene, ViewLayer | Updating Geometry BVH Recessed shield field slit 32/61 | Building BVH
Fra:1 Mem:31.80M (Peak 58.81M) | Time:00:00.40 | Mem:0.71M, Peak:1.08M | Scene, ViewLayer | Updating Geometry BVH Recessed shield field slit 32/61 | Building OptiX acceleration structure
Fra:1 Mem:31.80M (Peak 58.81M) | Time:00:00.40 | Mem:0.70M, Peak:1.08M | Scene, ViewLayer | Updating Geometry BVH Recessed shield field slit.001 33/61 | Building BVH
Fra:1 Mem:31.80M (Peak 58.81M) | Time:00:00.40 | Mem:0.70M, Peak:1.08M | Scene, ViewLayer | Updating Geometry BVH Recessed shield field slit.001 33/61 | Building OptiX acceleration structure
Fra:1 Mem:31.80M (Peak 58.81M) | Time:00:00.40 | Mem:0.70M, Peak:1.08M | Scene, ViewLayer | Updating Geometry BVH Recessed shield field slit.002 34/61 | Building BVH
Fra:1 Mem:31.80M (Peak 58.81M) | Time:00:00.40 | Mem:0.70M, Peak:1.08M | Scene, ViewLayer | Updating Geometry BVH Recessed shield field slit.002 34/61 | Building OptiX acceleration structure
Fra:1 Mem:31.80M (Peak 58.81M) | Time:00:00.40 | Mem:0.70M, Peak:1.08M | Scene, ViewLayer | Updating Geometry BVH Recessed shield field slit.003 35/61 | Building BVH
Fra:1 Mem:31.80M (Peak 58.81M) | Time:00:00.40 | Mem:0.76M, Peak:1.08M | Scene, ViewLayer | Updating Geometry BVH Recessed shield field slit.003 35/61 | Building OptiX acceleration structure
Fra:1 Mem:31.78M (Peak 58.81M) | Time:00:00.40 | Mem:0.71M, Peak:1.08M | Scene, ViewLayer | Updating Geometry BVH Integrated lifting hull.009 36/61 | Building BVH
Fra:1 Mem:31.78M (Peak 58.81M) | Time:00:00.40 | Mem:0.71M, Peak:1.08M | Scene, ViewLayer | Updating Geometry BVH Integrated lifting hull.009 36/61 | Building OptiX acceleration structure
Fra:1 Mem:31.79M (Peak 58.81M) | Time:00:00.40 | Mem:0.71M, Peak:1.08M | Scene, ViewLayer | Updating Geometry BVH Integrated propulsion nacelle.009 37/61 | Building BVH
Fra:1 Mem:31.79M (Peak 58.81M) | Time:00:00.40 | Mem:0.73M, Peak:1.08M | Scene, ViewLayer | Updating Geometry BVH Integrated propulsion nacelle.009 37/61 | Building OptiX acceleration structure
Fra:1 Mem:31.79M (Peak 58.81M) | Time:00:00.40 | Mem:0.71M, Peak:1.08M | Scene, ViewLayer | Updating Geometry BVH Contoured expansion nozzle.019 38/61 | Building BVH
Fra:1 Mem:31.79M (Peak 58.81M) | Time:00:00.40 | Mem:0.72M, Peak:1.08M | Scene, ViewLayer | Updating Geometry BVH Contoured expansion nozzle.019 38/61 | Building OptiX acceleration structure
Fra:1 Mem:31.79M (Peak 58.81M) | Time:00:00.40 | Mem:0.72M, Peak:1.08M | Scene, ViewLayer | Updating Geometry BVH Nozzle petal seam.228 39/61 | Building BVH
Fra:1 Mem:31.79M (Peak 58.81M) | Time:00:00.40 | Mem:0.73M, Peak:1.08M | Scene, ViewLayer | Updating Geometry BVH Nozzle petal seam.228 39/61 | Building OptiX acceleration structure
Fra:1 Mem:31.79M (Peak 58.81M) | Time:00:00.41 | Mem:0.72M, Peak:1.08M | Scene, ViewLayer | Updating Geometry BVH Recessed shield field slit.004 58/61 | Building BVH
Fra:1 Mem:31.79M (Peak 58.81M) | Time:00:00.41 | Mem:0.72M, Peak:1.08M | Scene, ViewLayer | Updating Geometry BVH Recessed shield field slit.004 58/61 | Building OptiX acceleration structure
Fra:1 Mem:31.79M (Peak 58.81M) | Time:00:00.41 | Mem:0.72M, Peak:1.08M | Scene, ViewLayer | Updating Geometry BVH Nozzle petal seam.229 40/61 | Building BVH
Fra:1 Mem:31.79M (Peak 58.81M) | Time:00:00.41 | Mem:0.73M, Peak:1.08M | Scene, ViewLayer | Updating Geometry BVH Nozzle petal seam.229 40/61 | Building OptiX acceleration structure
Fra:1 Mem:31.79M (Peak 58.81M) | Time:00:00.41 | Mem:0.72M, Peak:1.08M | Scene, ViewLayer | Updating Geometry BVH Nozzle petal seam.230 41/61 | Building BVH
Fra:1 Mem:31.79M (Peak 58.81M) | Time:00:00.41 | Mem:0.72M, Peak:1.08M | Scene, ViewLayer | Updating Geometry BVH Nozzle petal seam.230 41/61 | Building OptiX acceleration structure
Fra:1 Mem:31.76M (Peak 58.81M) | Time:00:00.41 | Mem:0.71M, Peak:1.08M | Scene, ViewLayer | Updating Geometry BVH Nozzle petal seam.231 42/61 | Building BVH
Fra:1 Mem:31.76M (Peak 58.81M) | Time:00:00.41 | Mem:0.72M, Peak:1.08M | Scene, ViewLayer | Updating Geometry BVH Nozzle petal seam.231 42/61 | Building OptiX acceleration structure
Fra:1 Mem:31.76M (Peak 58.81M) | Time:00:00.41 | Mem:0.71M, Peak:1.08M | Scene, ViewLayer | Updating Geometry BVH Nozzle petal seam.232 43/61 | Building BVH
Fra:1 Mem:31.76M (Peak 58.81M) | Time:00:00.41 | Mem:0.72M, Peak:1.08M | Scene, ViewLayer | Updating Geometry BVH Nozzle petal seam.232 43/61 | Building OptiX acceleration structure
Fra:1 Mem:31.76M (Peak 58.81M) | Time:00:00.41 | Mem:0.71M, Peak:1.08M | Scene, ViewLayer | Updating Geometry BVH Nozzle petal seam.233 44/61 | Building BVH
Fra:1 Mem:31.76M (Peak 58.81M) | Time:00:00.41 | Mem:0.71M, Peak:1.08M | Scene, ViewLayer | Updating Geometry BVH Nozzle petal seam.233 44/61 | Building OptiX acceleration structure
Fra:1 Mem:31.76M (Peak 58.81M) | Time:00:00.41 | Mem:0.72M, Peak:1.08M | Scene, ViewLayer | Updating Geometry BVH Nozzle petal seam.234 45/61 | Building BVH
Fra:1 Mem:31.76M (Peak 58.81M) | Time:00:00.41 | Mem:0.72M, Peak:1.08M | Scene, ViewLayer | Updating Geometry BVH Nozzle petal seam.234 45/61 | Building OptiX acceleration structure
Fra:1 Mem:31.76M (Peak 58.81M) | Time:00:00.41 | Mem:0.72M, Peak:1.08M | Scene, ViewLayer | Updating Geometry BVH Nozzle petal seam.235 46/61 | Building BVH
Fra:1 Mem:31.76M (Peak 58.81M) | Time:00:00.41 | Mem:0.73M, Peak:1.08M | Scene, ViewLayer | Updating Geometry BVH Nozzle petal seam.235 46/61 | Building OptiX acceleration structure
Fra:1 Mem:31.75M (Peak 58.81M) | Time:00:00.41 | Mem:0.71M, Peak:1.08M | Scene, ViewLayer | Updating Geometry BVH Nozzle petal seam.236 47/61 | Building BVH
Fra:1 Mem:31.75M (Peak 58.81M) | Time:00:00.41 | Mem:0.71M, Peak:1.08M | Scene, ViewLayer | Updating Geometry BVH Nozzle petal seam.236 47/61 | Building OptiX acceleration structure
Fra:1 Mem:31.74M (Peak 58.81M) | Time:00:00.41 | Mem:0.72M, Peak:1.08M | Scene, ViewLayer | Updating Geometry BVH Nozzle petal seam.237 48/61 | Building BVH
Fra:1 Mem:31.74M (Peak 58.81M) | Time:00:00.41 | Mem:0.73M, Peak:1.08M | Scene, ViewLayer | Updating Geometry BVH Nozzle petal seam.237 48/61 | Building OptiX acceleration structure
Fra:1 Mem:31.73M (Peak 58.81M) | Time:00:00.41 | Mem:0.72M, Peak:1.08M | Scene, ViewLayer | Updating Geometry BVH Nozzle petal seam.238 49/61 | Building BVH
Fra:1 Mem:31.73M (Peak 58.81M) | Time:00:00.41 | Mem:0.72M, Peak:1.08M | Scene, ViewLayer | Updating Geometry BVH Nozzle petal seam.238 49/61 | Building OptiX acceleration structure
Fra:1 Mem:31.73M (Peak 58.81M) | Time:00:00.41 | Mem:0.72M, Peak:1.08M | Scene, ViewLayer | Updating Geometry BVH Nozzle petal seam.239 50/61 | Building BVH
Fra:1 Mem:31.73M (Peak 58.81M) | Time:00:00.41 | Mem:0.73M, Peak:1.08M | Scene, ViewLayer | Updating Geometry BVH Nozzle petal seam.239 50/61 | Building OptiX acceleration structure
Fra:1 Mem:31.73M (Peak 58.81M) | Time:00:00.41 | Mem:0.72M, Peak:1.08M | Scene, ViewLayer | Updating Geometry BVH Continuous shield crescent.001 57/61 | Building BVH
Fra:1 Mem:31.73M (Peak 58.81M) | Time:00:00.41 | Mem:0.73M, Peak:1.08M | Scene, ViewLayer | Updating Geometry BVH Continuous shield crescent.001 57/61 | Building OptiX acceleration structure
Fra:1 Mem:31.77M (Peak 58.81M) | Time:00:00.41 | Mem:0.76M, Peak:1.08M | Scene, ViewLayer | Updating Geometry BVH Deep ion throat.019 51/61 | Building BVH
Fra:1 Mem:31.77M (Peak 58.81M) | Time:00:00.41 | Mem:0.77M, Peak:1.08M | Scene, ViewLayer | Updating Geometry BVH Deep ion throat.019 51/61 | Building OptiX acceleration structure
Fra:1 Mem:31.79M (Peak 58.81M) | Time:00:00.41 | Mem:0.78M, Peak:1.08M | Scene, ViewLayer | Updating Geometry BVH Deep intake duct.009 52/61 | Building BVH
Fra:1 Mem:31.79M (Peak 58.81M) | Time:00:00.41 | Mem:0.79M, Peak:1.08M | Scene, ViewLayer | Updating Geometry BVH Deep intake duct.009 52/61 | Building OptiX acceleration structure
Fra:1 Mem:31.79M (Peak 58.81M) | Time:00:00.41 | Mem:0.79M, Peak:1.08M | Scene, ViewLayer | Updating Geometry BVH Ventral access door.019 53/61 | Building BVH
Fra:1 Mem:31.79M (Peak 58.81M) | Time:00:00.41 | Mem:0.79M, Peak:1.08M | Scene, ViewLayer | Updating Geometry BVH Ventral access door.019 53/61 | Building OptiX acceleration structure
Fra:1 Mem:31.80M (Peak 58.81M) | Time:00:00.41 | Mem:0.79M, Peak:1.08M | Scene, ViewLayer | Updating Geometry BVH Flush cooling slot.027 54/61 | Building BVH
Fra:1 Mem:31.80M (Peak 58.81M) | Time:00:00.41 | Mem:0.79M, Peak:1.08M | Scene, ViewLayer | Updating Geometry BVH Flush cooling slot.027 54/61 | Building OptiX acceleration structure
Fra:1 Mem:31.80M (Peak 58.81M) | Time:00:00.41 | Mem:0.80M, Peak:1.08M | Scene, ViewLayer | Updating Geometry BVH Flush cooling slot.028 55/61 | Building BVH
Fra:1 Mem:31.80M (Peak 58.81M) | Time:00:00.41 | Mem:0.80M, Peak:1.08M | Scene, ViewLayer | Updating Geometry BVH Flush cooling slot.028 55/61 | Building OptiX acceleration structure
Fra:1 Mem:31.80M (Peak 58.81M) | Time:00:00.42 | Mem:0.80M, Peak:1.08M | Scene, ViewLayer | Updating Geometry BVH Flush cooling slot.029 56/61 | Building BVH
Fra:1 Mem:31.80M (Peak 58.81M) | Time:00:00.42 | Mem:0.80M, Peak:1.08M | Scene, ViewLayer | Updating Geometry BVH Flush cooling slot.029 56/61 | Building OptiX acceleration structure
Fra:1 Mem:31.73M (Peak 58.81M) | Time:00:00.42 | Mem:0.78M, Peak:1.08M | Scene, ViewLayer | Updating Scene BVH | Building
Fra:1 Mem:31.73M (Peak 58.81M) | Time:00:00.42 | Mem:0.78M, Peak:1.08M | Scene, ViewLayer | Updating Scene BVH | Building OptiX acceleration structure
Fra:1 Mem:31.73M (Peak 58.81M) | Time:00:00.42 | Mem:0.79M, Peak:1.08M | Scene, ViewLayer | Updating Scene BVH | Copying BVH to device
Fra:1 Mem:31.73M (Peak 58.81M) | Time:00:00.42 | Mem:0.79M, Peak:1.08M | Scene, ViewLayer | Updating Mesh | Computing normals
Fra:1 Mem:32.43M (Peak 58.81M) | Time:00:00.42 | Mem:0.79M, Peak:1.08M | Scene, ViewLayer | Updating Mesh | Copying Mesh to device
Fra:1 Mem:32.43M (Peak 58.81M) | Time:00:00.42 | Mem:1.50M, Peak:1.50M | Scene, ViewLayer | Updating Objects Flags
Fra:1 Mem:32.43M (Peak 58.81M) | Time:00:00.42 | Mem:1.50M, Peak:1.50M | Scene, ViewLayer | Updating Primitive Offsets
Fra:1 Mem:32.43M (Peak 58.81M) | Time:00:00.42 | Mem:1.50M, Peak:1.50M | Scene, ViewLayer | Updating Images
Fra:1 Mem:32.43M (Peak 58.81M) | Time:00:00.42 | Mem:1.50M, Peak:1.50M | Scene, ViewLayer | Updating Camera Volume
Fra:1 Mem:32.43M (Peak 58.81M) | Time:00:00.42 | Mem:1.50M, Peak:1.50M | Scene, ViewLayer | Updating Lookup Tables
Fra:1 Mem:32.43M (Peak 58.81M) | Time:00:00.43 | Mem:1.58M, Peak:1.58M | Scene, ViewLayer | Updating Lights
Fra:1 Mem:32.43M (Peak 58.81M) | Time:00:00.43 | Mem:1.58M, Peak:1.58M | Scene, ViewLayer | Updating Lights | Computing tree
Fra:1 Mem:32.43M (Peak 58.81M) | Time:00:00.43 | Mem:1.58M, Peak:1.58M | Scene, ViewLayer | Updating Integrator
Fra:1 Mem:32.43M (Peak 58.81M) | Time:00:00.43 | Mem:1.58M, Peak:1.58M | Scene, ViewLayer | Updating Film
Fra:1 Mem:32.44M (Peak 58.81M) | Time:00:00.43 | Mem:1.50M, Peak:1.58M | Scene, ViewLayer | Updating Lookup Tables
Fra:1 Mem:32.44M (Peak 58.81M) | Time:00:00.43 | Mem:1.58M, Peak:1.58M | Scene, ViewLayer | Updating Baking
Fra:1 Mem:32.44M (Peak 58.81M) | Time:00:00.43 | Mem:1.58M, Peak:1.58M | Scene, ViewLayer | Updating Device | Writing constant memory
Fra:1 Mem:32.44M (Peak 58.81M) | Time:00:00.43 | Mem:1.58M, Peak:1.58M | Scene, ViewLayer | Loading denoising kernels (may take a few minutes the first time)
Fra:1 Mem:36.44M (Peak 58.81M) | Time:00:00.44 | Mem:353.59M, Peak:353.59M | Scene, ViewLayer | Sample 0/24
Fra:1 Mem:83.41M (Peak 83.41M) | Time:00:00.46 | Remaining:00:00.35 | Mem:400.55M, Peak:400.55M | Scene, ViewLayer | Sample 1/24
Fra:1 Mem:103.20M (Peak 132.86M) | Time:00:03.02 | Mem:400.56M, Peak:400.56M | Scene, ViewLayer | Sample 24/24
Fra:1 Mem:103.20M (Peak 132.86M) | Time:00:03.02 | Mem:400.56M, Peak:400.56M | Scene, ViewLayer | Finished
Saved: 'D:\vibe-coding-e\nova-swarm-forum-129-improvements-20260822\docs\fleet-art-v2\ships\28\clay.png'
Time: 00:03.19 (Saving: 00:00.09)

Fra:1 Mem:33.00M (Peak 33.00M) | Time:00:00.13 | Mem:0.00M, Peak:0.00M | Scene, ViewLayer | Synchronizing object | Broad neutral key
Fra:1 Mem:33.01M (Peak 33.01M) | Time:00:00.13 | Mem:0.00M, Peak:0.00M | Scene, ViewLayer | Synchronizing object | Neutral fill
Fra:1 Mem:33.33M (Peak 33.33M) | Time:00:00.18 | Mem:0.00M, Peak:0.00M | Scene, ViewLayer | Synchronizing object | Continuous pressure fuselage
Fra:1 Mem:34.03M (Peak 34.03M) | Time:00:00.22 | Mem:0.00M, Peak:0.00M | Scene, ViewLayer | Synchronizing object | Cockpit integrated coaming
Fra:1 Mem:34.56M (Peak 34.56M) | Time:00:00.25 | Mem:0.00M, Peak:0.00M | Scene, ViewLayer | Synchronizing object | Pressure canopy glazing
Fra:1 Mem:34.56M (Peak 34.56M) | Time:00:00.25 | Mem:0.00M, Peak:0.00M | Scene, ViewLayer | Synchronizing object | Canopy lower frame
Fra:1 Mem:34.80M (Peak 34.80M) | Time:00:00.25 | Mem:0.00M, Peak:0.00M | Scene, ViewLayer | Synchronizing object | Canopy lower frame.001
Fra:1 Mem:34.84M (Peak 34.84M) | Time:00:00.25 | Mem:0.00M, Peak:0.00M | Scene, ViewLayer | Synchronizing object | Canopy pressure bow
Fra:1 Mem:34.88M (Peak 34.88M) | Time:00:00.25 | Mem:0.00M, Peak:0.00M | Scene, ViewLayer | Synchronizing object | Integrated lifting hull
Fra:1 Mem:34.89M (Peak 34.89M) | Time:00:00.25 | Mem:0.00M, Peak:0.00M | Scene, ViewLayer | Synchronizing object | Nozzle petal seam
Fra:1 Mem:35.00M (Peak 35.00M) | Time:00:00.25 | Mem:0.00M, Peak:0.00M | Scene, ViewLayer | Synchronizing object | Nozzle petal seam.001
Fra:1 Mem:34.99M (Peak 35.00M) | Time:00:00.25 | Mem:0.00M, Peak:0.00M | Scene, ViewLayer | Synchronizing object | Nozzle petal seam.002
Fra:1 Mem:34.98M (Peak 35.00M) | Time:00:00.25 | Mem:0.00M, Peak:0.00M | Scene, ViewLayer | Synchronizing object | Nozzle petal seam.003
Fra:1 Mem:34.99M (Peak 35.00M) | Time:00:00.25 | Mem:0.00M, Peak:0.00M | Scene, ViewLayer | Synchronizing object | Nozzle petal seam.004
Fra:1 Mem:35.00M (Peak 35.00M) | Time:00:00.25 | Mem:0.00M, Peak:0.00M | Scene, ViewLayer | Synchronizing object | Nozzle petal seam.005
Fra:1 Mem:35.01M (Peak 35.01M) | Time:00:00.25 | Mem:0.00M, Peak:0.00M | Scene, ViewLayer | Synchronizing object | Nozzle petal seam.006
Fra:1 Mem:34.97M (Peak 35.01M) | Time:00:00.25 | Mem:0.00M, Peak:0.00M | Scene, ViewLayer | Synchronizing object | Nozzle petal seam.007
Fra:1 Mem:34.98M (Peak 35.01M) | Time:00:00.25 | Mem:0.00M, Peak:0.00M | Scene, ViewLayer | Synchronizing object | Nozzle petal seam.008
Fra:1 Mem:34.98M (Peak 35.01M) | Time:00:00.26 | Mem:0.00M, Peak:0.00M | Scene, ViewLayer | Synchronizing object | Nozzle petal seam.009
Fra:1 Mem:34.98M (Peak 35.01M) | Time:00:00.26 | Mem:0.00M, Peak:0.00M | Scene, ViewLayer | Synchronizing object | Nozzle petal seam.010
Fra:1 Mem:34.98M (Peak 35.01M) | Time:00:00.26 | Mem:0.00M, Peak:0.00M | Scene, ViewLayer | Synchronizing object | Nozzle petal seam.011
Fra:1 Mem:34.98M (Peak 35.01M) | Time:00:00.26 | Mem:0.00M, Peak:0.00M | Scene, ViewLayer | Synchronizing object | Deep ion throat
Fra:1 Mem:34.98M (Peak 35.01M) | Time:00:00.26 | Mem:0.00M, Peak:0.00M | Scene, ViewLayer | Synchronizing object | Flush cooling slot
Fra:1 Mem:35.11M (Peak 35.11M) | Time:00:00.26 | Mem:0.00M, Peak:0.00M | Scene, ViewLayer | Synchronizing object | Flush cooling slot.001
Fra:1 Mem:35.08M (Peak 35.11M) | Time:00:00.26 | Mem:0.00M, Peak:0.00M | Scene, ViewLayer | Synchronizing object | Flush cooling slot.002
Fra:1 Mem:35.08M (Peak 35.11M) | Time:00:00.26 | Mem:0.00M, Peak:0.00M | Scene, ViewLayer | Synchronizing object | Continuous shield crescent
Fra:1 Mem:35.10M (Peak 35.11M) | Time:00:00.26 | Mem:0.00M, Peak:0.00M | Scene, ViewLayer | Synchronizing object | Recessed shield field slit
Fra:1 Mem:35.10M (Peak 35.11M) | Time:00:00.26 | Mem:0.00M, Peak:0.00M | Scene, ViewLayer | Synchronizing object | Recessed shield field slit.001
Fra:1 Mem:35.19M (Peak 35.19M) | Time:00:00.26 | Mem:0.00M, Peak:0.00M | Scene, ViewLayer | Synchronizing object | Recessed shield field slit.002
Fra:1 Mem:35.26M (Peak 35.26M) | Time:00:00.26 | Mem:0.00M, Peak:0.00M | Scene, ViewLayer | Synchronizing object | Recessed shield field slit.003
Fra:1 Mem:35.28M (Peak 35.28M) | Time:00:00.26 | Mem:0.00M, Peak:0.00M | Scene, ViewLayer | Synchronizing object | Integrated lifting hull.001
Fra:1 Mem:35.19M (Peak 35.28M) | Time:00:00.26 | Mem:0.00M, Peak:0.00M | Scene, ViewLayer | Synchronizing object | Nozzle petal seam.012
Fra:1 Mem:35.31M (Peak 35.31M) | Time:00:00.26 | Mem:0.00M, Peak:0.00M | Scene, ViewLayer | Synchronizing object | Nozzle petal seam.013
Fra:1 Mem:35.28M (Peak 35.31M) | Time:00:00.26 | Mem:0.00M, Peak:0.00M | Scene, ViewLayer | Synchronizing object | Nozzle petal seam.014
Fra:1 Mem:35.29M (Peak 35.31M) | Time:00:00.26 | Mem:0.00M, Peak:0.00M | Scene, ViewLayer | Synchronizing object | Nozzle petal seam.015
Fra:1 Mem:35.28M (Peak 35.31M) | Time:00:00.26 | Mem:0.00M, Peak:0.00M | Scene, ViewLayer | Synchronizing object | Nozzle petal seam.016
Fra:1 Mem:35.32M (Peak 35.32M) | Time:00:00.26 | Mem:0.00M, Peak:0.00M | Scene, ViewLayer | Synchronizing object | Nozzle petal seam.017
Fra:1 Mem:35.28M (Peak 35.32M) | Time:00:00.26 | Mem:0.00M, Peak:0.00M | Scene, ViewLayer | Synchronizing object | Nozzle petal seam.018
Fra:1 Mem:35.33M (Peak 35.33M) | Time:00:00.26 | Mem:0.00M, Peak:0.00M | Scene, ViewLayer | Synchronizing object | Nozzle petal seam.019
Fra:1 Mem:35.28M (Peak 35.33M) | Time:00:00.26 | Mem:0.00M, Peak:0.00M | Scene, ViewLayer | Synchronizing object | Nozzle petal seam.020
Fra:1 Mem:35.28M (Peak 35.33M) | Time:00:00.26 | Mem:0.00M, Peak:0.00M | Scene, ViewLayer | Synchronizing object | Nozzle petal seam.021
Fra:1 Mem:35.28M (Peak 35.33M) | Time:00:00.26 | Mem:0.00M, Peak:0.00M | Scene, ViewLayer | Synchronizing object | Nozzle petal seam.022
Fra:1 Mem:35.28M (Peak 35.33M) | Time:00:00.26 | Mem:0.00M, Peak:0.00M | Scene, ViewLayer | Synchronizing object | Nozzle petal seam.023
Fra:1 Mem:35.29M (Peak 35.33M) | Time:00:00.26 | Mem:0.00M, Peak:0.00M | Scene, ViewLayer | Synchronizing object | Deep ion throat.001
Fra:1 Mem:35.29M (Peak 35.33M) | Time:00:00.26 | Mem:0.00M, Peak:0.00M | Scene, ViewLayer | Synchronizing object | Flush cooling slot.003
Fra:1 Mem:35.38M (Peak 35.38M) | Time:00:00.26 | Mem:0.00M, Peak:0.00M | Scene, ViewLayer | Synchronizing object | Flush cooling slot.004
Fra:1 Mem:35.38M (Peak 35.38M) | Time:00:00.26 | Mem:0.00M, Peak:0.00M | Scene, ViewLayer | Synchronizing object | Flush cooling slot.005
Fra:1 Mem:35.39M (Peak 35.39M) | Time:00:00.26 | Mem:0.00M, Peak:0.00M | Scene, ViewLayer | Synchronizing object | Continuous shield crescent.001
Fra:1 Mem:35.39M (Peak 35.39M) | Time:00:00.26 | Mem:0.00M, Peak:0.00M | Scene, ViewLayer | Synchronizing object | Recessed shield field slit.004
Fra:1 Mem:35.41M (Peak 35.41M) | Time:00:00.26 | Mem:0.00M, Peak:0.00M | Scene, ViewLayer | Synchronizing object | Recessed shield field slit.005
Fra:1 Mem:35.50M (Peak 35.50M) | Time:00:00.26 | Mem:0.00M, Peak:0.00M | Scene, ViewLayer | Synchronizing object | Recessed shield field slit.006
Fra:1 Mem:35.60M (Peak 35.60M) | Time:00:00.26 | Mem:0.00M, Peak:0.00M | Scene, ViewLayer | Synchronizing object | Recessed shield field slit.007
Fra:1 Mem:35.49M (Peak 35.60M) | Time:00:00.26 | Mem:0.00M, Peak:0.00M | Scene, ViewLayer | Initializing
Fra:1 Mem:31.43M (Peak 35.60M) | Time:00:00.26 | Mem:0.00M, Peak:0.00M | Scene, ViewLayer | Waiting for render to start
Fra:1 Mem:31.43M (Peak 35.60M) | Time:00:00.26 | Mem:0.00M, Peak:0.00M | Scene, ViewLayer | Updating Scene
Fra:1 Mem:31.43M (Peak 35.60M) | Time:00:00.26 | Mem:0.00M, Peak:0.00M | Scene, ViewLayer | Updating Shaders
Fra:1 Mem:31.43M (Peak 35.60M) | Time:00:00.26 | Mem:0.00M, Peak:0.00M | Scene, ViewLayer | Loading render kernels (may take a few minutes the first time)
Fra:1 Mem:31.52M (Peak 58.81M) | Time:00:00.36 | Mem:0.01M, Peak:0.01M | Scene, ViewLayer | Updating Procedurals
Fra:1 Mem:31.52M (Peak 58.81M) | Time:00:00.36 | Mem:0.01M, Peak:0.01M | Scene, ViewLayer | Updating Background
Fra:1 Mem:31.52M (Peak 58.81M) | Time:00:00.36 | Mem:0.01M, Peak:0.01M | Scene, ViewLayer | Updating Camera
Fra:1 Mem:31.52M (Peak 58.81M) | Time:00:00.36 | Mem:0.01M, Peak:0.01M | Scene, ViewLayer | Updating Meshes Flags
Fra:1 Mem:31.52M (Peak 58.81M) | Time:00:00.36 | Mem:0.01M, Peak:0.01M | Scene, ViewLayer | Updating Objects
Fra:1 Mem:31.52M (Peak 58.81M) | Time:00:00.36 | Mem:0.01M, Peak:0.01M | Scene, ViewLayer | Updating Objects | Copying Transformations to device
Fra:1 Mem:31.53M (Peak 58.81M) | Time:00:00.36 | Mem:0.02M, Peak:0.02M | Scene, ViewLayer | Updating Particle Systems
Fra:1 Mem:31.53M (Peak 58.81M) | Time:00:00.36 | Mem:0.02M, Peak:0.02M | Scene, ViewLayer | Updating Particle Systems | Copying Particles to device
Fra:1 Mem:31.53M (Peak 58.81M) | Time:00:00.36 | Mem:0.02M, Peak:0.02M | Scene, ViewLayer | Updating Meshes
Fra:1 Mem:31.53M (Peak 58.81M) | Time:00:00.36 | Mem:0.02M, Peak:0.02M | Scene, ViewLayer | Updating Objects | Applying Static Transformations
Fra:1 Mem:31.53M (Peak 58.81M) | Time:00:00.36 | Mem:0.02M, Peak:0.02M | Scene, ViewLayer | Updating Mesh | Computing attributes
Fra:1 Mem:31.73M (Peak 58.81M) | Time:00:00.36 | Mem:0.03M, Peak:0.03M | Scene, ViewLayer | Updating Mesh | Copying Attributes to device
Fra:1 Mem:31.73M (Peak 58.81M) | Time:00:00.36 | Mem:0.22M, Peak:0.22M | Scene, ViewLayer | Updating Geometry BVH Broad neutral key 2/1 | Building BVH
Fra:1 Mem:31.73M (Peak 58.81M) | Time:00:00.36 | Mem:0.22M, Peak:0.22M | Scene, ViewLayer | Updating Geometry BVH Contoured expansion nozzle.018 12/61 | Building OptiX acceleration structure
Fra:1 Mem:31.73M (Peak 58.81M) | Time:00:00.36 | Mem:0.22M, Peak:0.22M | Scene, ViewLayer | Updating Geometry BVH Nozzle petal seam.216 13/61 | Building BVH
Fra:1 Mem:31.73M (Peak 58.81M) | Time:00:00.36 | Mem:0.22M, Peak:0.22M | Scene, ViewLayer | Updating Geometry BVH Nozzle petal seam.216 13/61 | Building OptiX acceleration structure
Fra:1 Mem:32.03M (Peak 58.81M) | Time:00:00.36 | Mem:0.29M, Peak:0.29M | Scene, ViewLayer | Updating Geometry BVH Recessed shield field slit.007 61/61 | Building BVH
Fra:1 Mem:32.04M (Peak 58.81M) | Time:00:00.36 | Mem:0.30M, Peak:0.30M | Scene, ViewLayer | Updating Geometry BVH Recessed shield field slit.007 61/61 | Building OptiX acceleration structure
Fra:1 Mem:32.04M (Peak 58.81M) | Time:00:00.36 | Mem:0.34M, Peak:0.34M | Scene, ViewLayer | Updating Geometry BVH Nozzle petal seam.217 14/61 | Building BVH
Fra:1 Mem:32.04M (Peak 58.81M) | Time:00:00.36 | Mem:0.34M, Peak:0.34M | Scene, ViewLayer | Updating Geometry BVH Nozzle petal seam.217 14/61 | Building OptiX acceleration structure
Fra:1 Mem:32.04M (Peak 58.81M) | Time:00:00.36 | Mem:0.53M, Peak:0.54M | Scene, ViewLayer | Updating Geometry BVH Nozzle petal seam.218 15/61 | Building BVH
Fra:1 Mem:32.04M (Peak 58.81M) | Time:00:00.36 | Mem:0.95M, Peak:0.95M | Scene, ViewLayer | Updating Geometry BVH Nozzle petal seam.218 15/61 | Building OptiX acceleration structure
Fra:1 Mem:31.92M (Peak 58.81M) | Time:00:00.36 | Mem:0.57M, Peak:1.05M | Scene, ViewLayer | Updating Geometry BVH Nozzle petal seam.219 16/61 | Building BVH
Fra:1 Mem:31.92M (Peak 58.81M) | Time:00:00.36 | Mem:0.59M, Peak:1.05M | Scene, ViewLayer | Updating Geometry BVH Nozzle petal seam.219 16/61 | Building OptiX acceleration structure
Fra:1 Mem:31.91M (Peak 58.81M) | Time:00:00.36 | Mem:0.58M, Peak:1.05M | Scene, ViewLayer | Updating Geometry BVH Nozzle petal seam.220 17/61 | Building BVH
Fra:1 Mem:31.91M (Peak 58.81M) | Time:00:00.36 | Mem:0.58M, Peak:1.05M | Scene, ViewLayer | Updating Geometry BVH Nozzle petal seam.220 17/61 | Building OptiX acceleration structure
Fra:1 Mem:31.83M (Peak 58.81M) | Time:00:00.36 | Mem:0.60M, Peak:1.05M | Scene, ViewLayer | Updating Geometry BVH Nozzle petal seam.221 18/61 | Building BVH
Fra:1 Mem:31.83M (Peak 58.81M) | Time:00:00.36 | Mem:0.60M, Peak:1.05M | Scene, ViewLayer | Updating Geometry BVH Nozzle petal seam.221 18/61 | Building OptiX acceleration structure
Fra:1 Mem:31.83M (Peak 58.81M) | Time:00:00.36 | Mem:0.60M, Peak:1.05M | Scene, ViewLayer | Updating Geometry BVH Nozzle petal seam.222 19/61 | Building BVH
Fra:1 Mem:31.83M (Peak 58.81M) | Time:00:00.36 | Mem:0.63M, Peak:1.05M | Scene, ViewLayer | Updating Geometry BVH Nozzle petal seam.222 19/61 | Building OptiX acceleration structure
Fra:1 Mem:31.83M (Peak 58.81M) | Time:00:00.36 | Mem:0.60M, Peak:1.05M | Scene, ViewLayer | Updating Geometry BVH Nozzle petal seam.223 20/61 | Building BVH
Fra:1 Mem:31.83M (Peak 58.81M) | Time:00:00.36 | Mem:1.01M, Peak:1.05M | Scene, ViewLayer | Updating Geometry BVH Nozzle petal seam.223 20/61 | Building OptiX acceleration structure
Fra:1 Mem:31.75M (Peak 58.81M) | Time:00:00.36 | Mem:0.62M, Peak:1.05M | Scene, ViewLayer | Updating Geometry BVH Nozzle petal seam.224 21/61 | Building BVH
Fra:1 Mem:31.75M (Peak 58.81M) | Time:00:00.36 | Mem:0.62M, Peak:1.05M | Scene, ViewLayer | Updating Geometry BVH Nozzle petal seam.224 21/61 | Building OptiX acceleration structure
Fra:1 Mem:31.75M (Peak 58.81M) | Time:00:00.36 | Mem:0.62M, Peak:1.05M | Scene, ViewLayer | Updating Geometry BVH Recessed shield field slit.006 60/61 | Building BVH
Fra:1 Mem:31.75M (Peak 58.81M) | Time:00:00.36 | Mem:0.62M, Peak:1.05M | Scene, ViewLayer | Updating Geometry BVH Recessed shield field slit.006 60/61 | Building OptiX acceleration structure
Fra:1 Mem:31.75M (Peak 58.81M) | Time:00:00.37 | Mem:0.62M, Peak:1.05M | Scene, ViewLayer | Updating Geometry BVH Nozzle petal seam.225 22/61 | Building BVH
Fra:1 Mem:31.75M (Peak 58.81M) | Time:00:00.37 | Mem:0.62M, Peak:1.05M | Scene, ViewLayer | Updating Geometry BVH Nozzle petal seam.225 22/61 | Building OptiX acceleration structure
Fra:1 Mem:31.74M (Peak 58.81M) | Time:00:00.37 | Mem:0.62M, Peak:1.05M | Scene, ViewLayer | Updating Geometry BVH Nozzle petal seam.226 23/61 | Building BVH
Fra:1 Mem:31.74M (Peak 58.81M) | Time:00:00.37 | Mem:0.66M, Peak:1.05M | Scene, ViewLayer | Updating Geometry BVH Nozzle petal seam.226 23/61 | Building OptiX acceleration structure
Fra:1 Mem:31.73M (Peak 58.81M) | Time:00:00.37 | Mem:0.62M, Peak:1.05M | Scene, ViewLayer | Updating Geometry BVH Nozzle petal seam.227 24/61 | Building BVH
Fra:1 Mem:31.73M (Peak 58.81M) | Time:00:00.37 | Mem:0.62M, Peak:1.05M | Scene, ViewLayer | Updating Geometry BVH Nozzle petal seam.227 24/61 | Building OptiX acceleration structure
Fra:1 Mem:31.73M (Peak 58.81M) | Time:00:00.37 | Mem:0.62M, Peak:1.05M | Scene, ViewLayer | Updating Geometry BVH Deep ion throat.018 25/61 | Building BVH
Fra:1 Mem:31.73M (Peak 58.81M) | Time:00:00.37 | Mem:0.62M, Peak:1.05M | Scene, ViewLayer | Updating Geometry BVH Deep ion throat.018 25/61 | Building OptiX acceleration structure
Fra:1 Mem:31.75M (Peak 58.81M) | Time:00:00.37 | Mem:0.64M, Peak:1.05M | Scene, ViewLayer | Updating Geometry BVH Deep intake duct.008 26/61 | Building BVH
Fra:1 Mem:31.75M (Peak 58.81M) | Time:00:00.37 | Mem:0.65M, Peak:1.05M | Scene, ViewLayer | Updating Geometry BVH Deep intake duct.008 26/61 | Building OptiX acceleration structure
Fra:1 Mem:31.75M (Peak 58.81M) | Time:00:00.37 | Mem:0.65M, Peak:1.05M | Scene, ViewLayer | Updating Geometry BVH Ventral access door.018 27/61 | Building BVH
Fra:1 Mem:31.75M (Peak 58.81M) | Time:00:00.37 | Mem:0.65M, Peak:1.05M | Scene, ViewLayer | Updating Geometry BVH Ventral access door.018 27/61 | Building OptiX acceleration structure
Fra:1 Mem:31.76M (Peak 58.81M) | Time:00:00.37 | Mem:0.65M, Peak:1.05M | Scene, ViewLayer | Updating Geometry BVH Flush cooling slot.024 28/61 | Building BVH
Fra:1 Mem:31.76M (Peak 58.81M) | Time:00:00.37 | Mem:0.65M, Peak:1.05M | Scene, ViewLayer | Updating Geometry BVH Flush cooling slot.024 28/61 | Building OptiX acceleration structure
Fra:1 Mem:31.76M (Peak 58.81M) | Time:00:00.37 | Mem:0.66M, Peak:1.05M | Scene, ViewLayer | Updating Geometry BVH Flush cooling slot.025 29/61 | Building BVH
Fra:1 Mem:31.76M (Peak 58.81M) | Time:00:00.37 | Mem:0.66M, Peak:1.05M | Scene, ViewLayer | Updating Geometry BVH Flush cooling slot.025 29/61 | Building OptiX acceleration structure
Fra:1 Mem:31.76M (Peak 58.81M) | Time:00:00.37 | Mem:0.66M, Peak:1.05M | Scene, ViewLayer | Updating Geometry BVH Flush cooling slot.026 30/61 | Building BVH
Fra:1 Mem:31.76M (Peak 58.81M) | Time:00:00.37 | Mem:0.66M, Peak:1.05M | Scene, ViewLayer | Updating Geometry BVH Flush cooling slot.026 30/61 | Building OptiX acceleration structure
Fra:1 Mem:31.76M (Peak 58.81M) | Time:00:00.37 | Mem:0.66M, Peak:1.05M | Scene, ViewLayer | Updating Geometry BVH Continuous shield crescent 31/61 | Building BVH
Fra:1 Mem:31.76M (Peak 58.81M) | Time:00:00.37 | Mem:0.66M, Peak:1.05M | Scene, ViewLayer | Updating Geometry BVH Continuous shield crescent 31/61 | Building OptiX acceleration structure
Fra:1 Mem:31.80M (Peak 58.81M) | Time:00:00.37 | Mem:0.70M, Peak:1.05M | Scene, ViewLayer | Updating Geometry BVH Recessed shield field slit 32/61 | Building BVH
Fra:1 Mem:31.80M (Peak 58.81M) | Time:00:00.37 | Mem:0.70M, Peak:1.05M | Scene, ViewLayer | Updating Geometry BVH Recessed shield field slit 32/61 | Building OptiX acceleration structure
Fra:1 Mem:31.80M (Peak 58.81M) | Time:00:00.37 | Mem:0.70M, Peak:1.05M | Scene, ViewLayer | Updating Geometry BVH Recessed shield field slit.005 59/61 | Building BVH
Fra:1 Mem:31.80M (Peak 58.81M) | Time:00:00.37 | Mem:0.70M, Peak:1.05M | Scene, ViewLayer | Updating Geometry BVH Recessed shield field slit.005 59/61 | Building OptiX acceleration structure
Fra:1 Mem:31.80M (Peak 58.81M) | Time:00:00.37 | Mem:0.70M, Peak:1.05M | Scene, ViewLayer | Updating Geometry BVH Recessed shield field slit.001 33/61 | Building BVH
Fra:1 Mem:31.80M (Peak 58.81M) | Time:00:00.37 | Mem:0.71M, Peak:1.05M | Scene, ViewLayer | Updating Geometry BVH Recessed shield field slit.001 33/61 | Building OptiX acceleration structure
Fra:1 Mem:31.80M (Peak 58.81M) | Time:00:00.37 | Mem:0.70M, Peak:1.05M | Scene, ViewLayer | Updating Geometry BVH Recessed shield field slit.002 34/61 | Building BVH
Fra:1 Mem:31.80M (Peak 58.81M) | Time:00:00.37 | Mem:0.71M, Peak:1.05M | Scene, ViewLayer | Updating Geometry BVH Recessed shield field slit.002 34/61 | Building OptiX acceleration structure
Fra:1 Mem:31.80M (Peak 58.81M) | Time:00:00.37 | Mem:0.70M, Peak:1.05M | Scene, ViewLayer | Updating Geometry BVH Recessed shield field slit.003 35/61 | Building BVH
Fra:1 Mem:31.80M (Peak 58.81M) | Time:00:00.37 | Mem:0.76M, Peak:1.05M | Scene, ViewLayer | Updating Geometry BVH Recessed shield field slit.003 35/61 | Building OptiX acceleration structure
Fra:1 Mem:31.78M (Peak 58.81M) | Time:00:00.37 | Mem:0.70M, Peak:1.05M | Scene, ViewLayer | Updating Geometry BVH Integrated lifting hull.009 36/61 | Building BVH
Fra:1 Mem:31.78M (Peak 58.81M) | Time:00:00.37 | Mem:0.70M, Peak:1.05M | Scene, ViewLayer | Updating Geometry BVH Integrated lifting hull.009 36/61 | Building OptiX acceleration structure
Fra:1 Mem:31.79M (Peak 58.81M) | Time:00:00.37 | Mem:0.71M, Peak:1.05M | Scene, ViewLayer | Updating Geometry BVH Integrated propulsion nacelle.009 37/61 | Building BVH
Fra:1 Mem:31.79M (Peak 58.81M) | Time:00:00.37 | Mem:0.72M, Peak:1.05M | Scene, ViewLayer | Updating Geometry BVH Integrated propulsion nacelle.009 37/61 | Building OptiX acceleration structure
Fra:1 Mem:31.79M (Peak 58.81M) | Time:00:00.38 | Mem:0.71M, Peak:1.05M | Scene, ViewLayer | Updating Geometry BVH Contoured expansion nozzle.019 38/61 | Building BVH
Fra:1 Mem:31.79M (Peak 58.81M) | Time:00:00.38 | Mem:0.72M, Peak:1.05M | Scene, ViewLayer | Updating Geometry BVH Contoured expansion nozzle.019 38/61 | Building OptiX acceleration structure
Fra:1 Mem:31.79M (Peak 58.81M) | Time:00:00.38 | Mem:0.72M, Peak:1.05M | Scene, ViewLayer | Updating Geometry BVH Nozzle petal seam.228 39/61 | Building BVH
Fra:1 Mem:31.79M (Peak 58.81M) | Time:00:00.38 | Mem:0.73M, Peak:1.05M | Scene, ViewLayer | Updating Geometry BVH Nozzle petal seam.228 39/61 | Building OptiX acceleration structure
Fra:1 Mem:31.79M (Peak 58.81M) | Time:00:00.38 | Mem:0.72M, Peak:1.05M | Scene, ViewLayer | Updating Geometry BVH Nozzle petal seam.229 40/61 | Building BVH
Fra:1 Mem:31.79M (Peak 58.81M) | Time:00:00.38 | Mem:0.72M, Peak:1.05M | Scene, ViewLayer | Updating Geometry BVH Nozzle petal seam.229 40/61 | Building OptiX acceleration structure
Fra:1 Mem:31.79M (Peak 58.81M) | Time:00:00.38 | Mem:0.72M, Peak:1.05M | Scene, ViewLayer | Updating Geometry BVH Nozzle petal seam.230 41/61 | Building BVH
Fra:1 Mem:31.79M (Peak 58.81M) | Time:00:00.38 | Mem:0.76M, Peak:1.05M | Scene, ViewLayer | Updating Geometry BVH Nozzle petal seam.230 41/61 | Building OptiX acceleration structure
Fra:1 Mem:31.76M (Peak 58.81M) | Time:00:00.38 | Mem:0.71M, Peak:1.05M | Scene, ViewLayer | Updating Geometry BVH Nozzle petal seam.231 42/61 | Building BVH
Fra:1 Mem:31.76M (Peak 58.81M) | Time:00:00.38 | Mem:0.71M, Peak:1.05M | Scene, ViewLayer | Updating Geometry BVH Nozzle petal seam.231 42/61 | Building OptiX acceleration structure
Fra:1 Mem:31.76M (Peak 58.81M) | Time:00:00.38 | Mem:0.71M, Peak:1.05M | Scene, ViewLayer | Updating Geometry BVH Nozzle petal seam.232 43/61 | Building BVH
Fra:1 Mem:31.76M (Peak 58.81M) | Time:00:00.38 | Mem:0.72M, Peak:1.05M | Scene, ViewLayer | Updating Geometry BVH Nozzle petal seam.232 43/61 | Building OptiX acceleration structure
Fra:1 Mem:31.76M (Peak 58.81M) | Time:00:00.38 | Mem:0.71M, Peak:1.05M | Scene, ViewLayer | Updating Geometry BVH Recessed shield field slit.004 58/61 | Building BVH
Fra:1 Mem:31.76M (Peak 58.81M) | Time:00:00.38 | Mem:0.71M, Peak:1.05M | Scene, ViewLayer | Updating Geometry BVH Recessed shield field slit.004 58/61 | Building OptiX acceleration structure
Fra:1 Mem:31.76M (Peak 58.81M) | Time:00:00.38 | Mem:0.71M, Peak:1.05M | Scene, ViewLayer | Updating Geometry BVH Nozzle petal seam.233 44/61 | Building BVH
Fra:1 Mem:31.76M (Peak 58.81M) | Time:00:00.38 | Mem:0.72M, Peak:1.05M | Scene, ViewLayer | Updating Geometry BVH Nozzle petal seam.233 44/61 | Building OptiX acceleration structure
Fra:1 Mem:31.76M (Peak 58.81M) | Time:00:00.38 | Mem:0.72M, Peak:1.05M | Scene, ViewLayer | Updating Geometry BVH Nozzle petal seam.234 45/61 | Building BVH
Fra:1 Mem:31.76M (Peak 58.81M) | Time:00:00.38 | Mem:0.72M, Peak:1.05M | Scene, ViewLayer | Updating Geometry BVH Nozzle petal seam.234 45/61 | Building OptiX acceleration structure
Fra:1 Mem:31.76M (Peak 58.81M) | Time:00:00.38 | Mem:0.72M, Peak:1.05M | Scene, ViewLayer | Updating Geometry BVH Nozzle petal seam.235 46/61 | Building BVH
Fra:1 Mem:31.76M (Peak 58.81M) | Time:00:00.38 | Mem:0.73M, Peak:1.05M | Scene, ViewLayer | Updating Geometry BVH Nozzle petal seam.235 46/61 | Building OptiX acceleration structure
Fra:1 Mem:31.75M (Peak 58.81M) | Time:00:00.38 | Mem:0.71M, Peak:1.05M | Scene, ViewLayer | Updating Geometry BVH Nozzle petal seam.236 47/61 | Building BVH
Fra:1 Mem:31.75M (Peak 58.81M) | Time:00:00.38 | Mem:0.73M, Peak:1.05M | Scene, ViewLayer | Updating Geometry BVH Nozzle petal seam.236 47/61 | Building OptiX acceleration structure
Fra:1 Mem:31.74M (Peak 58.81M) | Time:00:00.38 | Mem:0.72M, Peak:1.05M | Scene, ViewLayer | Updating Geometry BVH Nozzle petal seam.237 48/61 | Building BVH
Fra:1 Mem:31.74M (Peak 58.81M) | Time:00:00.38 | Mem:0.72M, Peak:1.05M | Scene, ViewLayer | Updating Geometry BVH Nozzle petal seam.237 48/61 | Building OptiX acceleration structure
Fra:1 Mem:31.73M (Peak 58.81M) | Time:00:00.38 | Mem:0.72M, Peak:1.05M | Scene, ViewLayer | Updating Geometry BVH Nozzle petal seam.238 49/61 | Building BVH
Fra:1 Mem:31.73M (Peak 58.81M) | Time:00:00.38 | Mem:0.72M, Peak:1.05M | Scene, ViewLayer | Updating Geometry BVH Nozzle petal seam.238 49/61 | Building OptiX acceleration structure
Fra:1 Mem:31.73M (Peak 58.81M) | Time:00:00.38 | Mem:0.72M, Peak:1.05M | Scene, ViewLayer | Updating Geometry BVH Nozzle petal seam.239 50/61 | Building BVH
Fra:1 Mem:31.73M (Peak 58.81M) | Time:00:00.38 | Mem:0.72M, Peak:1.05M | Scene, ViewLayer | Updating Geometry BVH Nozzle petal seam.239 50/61 | Building OptiX acceleration structure
Fra:1 Mem:31.73M (Peak 58.81M) | Time:00:00.38 | Mem:0.72M, Peak:1.05M | Scene, ViewLayer | Updating Geometry BVH Deep ion throat.019 51/61 | Building BVH
Fra:1 Mem:31.73M (Peak 58.81M) | Time:00:00.38 | Mem:0.73M, Peak:1.05M | Scene, ViewLayer | Updating Geometry BVH Deep ion throat.019 51/61 | Building OptiX acceleration structure
Fra:1 Mem:31.75M (Peak 58.81M) | Time:00:00.38 | Mem:0.74M, Peak:1.05M | Scene, ViewLayer | Updating Geometry BVH Deep intake duct.009 52/61 | Building BVH
Fra:1 Mem:31.75M (Peak 58.81M) | Time:00:00.38 | Mem:0.75M, Peak:1.05M | Scene, ViewLayer | Updating Geometry BVH Deep intake duct.009 52/61 | Building OptiX acceleration structure
Fra:1 Mem:31.75M (Peak 58.81M) | Time:00:00.38 | Mem:0.75M, Peak:1.05M | Scene, ViewLayer | Updating Geometry BVH Ventral access door.019 53/61 | Building BVH
Fra:1 Mem:31.75M (Peak 58.81M) | Time:00:00.38 | Mem:0.75M, Peak:1.05M | Scene, ViewLayer | Updating Geometry BVH Ventral access door.019 53/61 | Building OptiX acceleration structure
Fra:1 Mem:31.76M (Peak 58.81M) | Time:00:00.38 | Mem:0.76M, Peak:1.05M | Scene, ViewLayer | Updating Geometry BVH Flush cooling slot.027 54/61 | Building BVH
Fra:1 Mem:31.76M (Peak 58.81M) | Time:00:00.38 | Mem:0.76M, Peak:1.05M | Scene, ViewLayer | Updating Geometry BVH Flush cooling slot.027 54/61 | Building OptiX acceleration structure
Fra:1 Mem:31.76M (Peak 58.81M) | Time:00:00.38 | Mem:0.76M, Peak:1.05M | Scene, ViewLayer | Updating Geometry BVH Continuous shield crescent.001 57/61 | Building BVH
Fra:1 Mem:31.76M (Peak 58.81M) | Time:00:00.38 | Mem:0.76M, Peak:1.05M | Scene, ViewLayer | Updating Geometry BVH Continuous shield crescent.001 57/61 | Building OptiX acceleration structure
Fra:1 Mem:31.80M (Peak 58.81M) | Time:00:00.38 | Mem:0.80M, Peak:1.05M | Scene, ViewLayer | Updating Geometry BVH Flush cooling slot.028 55/61 | Building BVH
Fra:1 Mem:31.80M (Peak 58.81M) | Time:00:00.38 | Mem:0.80M, Peak:1.05M | Scene, ViewLayer | Updating Geometry BVH Flush cooling slot.028 55/61 | Building OptiX acceleration structure
Fra:1 Mem:31.80M (Peak 58.81M) | Time:00:00.39 | Mem:0.80M, Peak:1.05M | Scene, ViewLayer | Updating Geometry BVH Flush cooling slot.029 56/61 | Building BVH
Fra:1 Mem:31.80M (Peak 58.81M) | Time:00:00.39 | Mem:0.80M, Peak:1.05M | Scene, ViewLayer | Updating Geometry BVH Flush cooling slot.029 56/61 | Building OptiX acceleration structure
Fra:1 Mem:31.73M (Peak 58.81M) | Time:00:00.39 | Mem:0.78M, Peak:1.05M | Scene, ViewLayer | Updating Scene BVH | Building
Fra:1 Mem:31.73M (Peak 58.81M) | Time:00:00.39 | Mem:0.78M, Peak:1.05M | Scene, ViewLayer | Updating Scene BVH | Building OptiX acceleration structure
Fra:1 Mem:31.73M (Peak 58.81M) | Time:00:00.39 | Mem:0.79M, Peak:1.05M | Scene, ViewLayer | Updating Scene BVH | Copying BVH to device
Fra:1 Mem:31.73M (Peak 58.81M) | Time:00:00.39 | Mem:0.79M, Peak:1.05M | Scene, ViewLayer | Updating Mesh | Computing normals
Fra:1 Mem:32.43M (Peak 58.81M) | Time:00:00.39 | Mem:0.79M, Peak:1.05M | Scene, ViewLayer | Updating Mesh | Copying Mesh to device
Fra:1 Mem:32.43M (Peak 58.81M) | Time:00:00.39 | Mem:1.50M, Peak:1.50M | Scene, ViewLayer | Updating Objects Flags
Fra:1 Mem:32.43M (Peak 58.81M) | Time:00:00.39 | Mem:1.50M, Peak:1.50M | Scene, ViewLayer | Updating Primitive Offsets
Fra:1 Mem:32.43M (Peak 58.81M) | Time:00:00.39 | Mem:1.50M, Peak:1.50M | Scene, ViewLayer | Updating Images
Fra:1 Mem:32.43M (Peak 58.81M) | Time:00:00.39 | Mem:1.50M, Peak:1.50M | Scene, ViewLayer | Updating Camera Volume
Fra:1 Mem:32.43M (Peak 58.81M) | Time:00:00.39 | Mem:1.50M, Peak:1.50M | Scene, ViewLayer | Updating Lookup Tables
Fra:1 Mem:32.43M (Peak 58.81M) | Time:00:00.39 | Mem:1.58M, Peak:1.58M | Scene, ViewLayer | Updating Lights
Fra:1 Mem:32.43M (Peak 58.81M) | Time:00:00.39 | Mem:1.58M, Peak:1.58M | Scene, ViewLayer | Updating Lights | Computing tree
Fra:1 Mem:32.43M (Peak 58.81M) | Time:00:00.39 | Mem:1.58M, Peak:1.58M | Scene, ViewLayer | Updating Integrator
Fra:1 Mem:32.43M (Peak 58.81M) | Time:00:00.39 | Mem:1.58M, Peak:1.58M | Scene, ViewLayer | Updating Film
Fra:1 Mem:32.44M (Peak 58.81M) | Time:00:00.39 | Mem:1.50M, Peak:1.58M | Scene, ViewLayer | Updating Lookup Tables
Fra:1 Mem:32.44M (Peak 58.81M) | Time:00:00.39 | Mem:1.58M, Peak:1.58M | Scene, ViewLayer | Updating Baking
Fra:1 Mem:32.44M (Peak 58.81M) | Time:00:00.39 | Mem:1.58M, Peak:1.58M | Scene, ViewLayer | Updating Device | Writing constant memory
Fra:1 Mem:32.44M (Peak 58.81M) | Time:00:00.40 | Mem:1.58M, Peak:1.58M | Scene, ViewLayer | Loading denoising kernels (may take a few minutes the first time)
Fra:1 Mem:36.44M (Peak 58.81M) | Time:00:00.41 | Mem:353.59M, Peak:353.59M | Scene, ViewLayer | Sample 0/24
Fra:1 Mem:83.41M (Peak 83.41M) | Time:00:00.43 | Remaining:00:00.40 | Mem:400.55M, Peak:400.55M | Scene, ViewLayer | Sample 1/24
Fra:1 Mem:103.20M (Peak 132.86M) | Time:00:02.95 | Mem:400.56M, Peak:400.56M | Scene, ViewLayer | Sample 24/24
Fra:1 Mem:103.20M (Peak 132.86M) | Time:00:02.95 | Mem:400.56M, Peak:400.56M | Scene, ViewLayer | Finished
Saved: 'D:\vibe-coding-e\nova-swarm-forum-129-improvements-20260822\docs\fleet-art-v2\ships\28\underside-clay.png'
Time: 00:03.13 (Saving: 00:00.10)

Fra:1 Mem:32.92M (Peak 32.92M) | Time:00:00.15 | Mem:0.00M, Peak:0.00M | Scene, ViewLayer | Synchronizing object | Broad neutral key
Fra:1 Mem:32.92M (Peak 32.92M) | Time:00:00.15 | Mem:0.00M, Peak:0.00M | Scene, ViewLayer | Synchronizing object | Neutral fill
Fra:1 Mem:33.24M (Peak 33.24M) | Time:00:00.19 | Mem:0.00M, Peak:0.00M | Scene, ViewLayer | Synchronizing object | Continuous pressure fuselage
Fra:1 Mem:34.09M (Peak 34.09M) | Time:00:00.22 | Mem:0.00M, Peak:0.00M | Scene, ViewLayer | Synchronizing object | Cockpit integrated coaming
Fra:1 Mem:34.62M (Peak 34.62M) | Time:00:00.26 | Mem:0.00M, Peak:0.00M | Scene, ViewLayer | Synchronizing object | Pressure canopy glazing
Fra:1 Mem:34.62M (Peak 34.62M) | Time:00:00.26 | Mem:0.00M, Peak:0.00M | Scene, ViewLayer | Synchronizing object | Canopy lower frame
Fra:1 Mem:34.86M (Peak 34.86M) | Time:00:00.26 | Mem:0.00M, Peak:0.00M | Scene, ViewLayer | Synchronizing object | Canopy lower frame.001
Fra:1 Mem:34.91M (Peak 34.91M) | Time:00:00.26 | Mem:0.00M, Peak:0.00M | Scene, ViewLayer | Synchronizing object | Canopy pressure bow
Fra:1 Mem:34.91M (Peak 34.91M) | Time:00:00.26 | Mem:0.00M, Peak:0.00M | Scene, ViewLayer | Synchronizing object | Integrated lifting hull
Fra:1 Mem:34.94M (Peak 34.94M) | Time:00:00.26 | Mem:0.00M, Peak:0.00M | Scene, ViewLayer | Synchronizing object | Nozzle petal seam
Fra:1 Mem:35.02M (Peak 35.02M) | Time:00:00.26 | Mem:0.00M, Peak:0.00M | Scene, ViewLayer | Synchronizing object | Nozzle petal seam.001
Fra:1 Mem:35.08M (Peak 35.08M) | Time:00:00.26 | Mem:0.00M, Peak:0.00M | Scene, ViewLayer | Synchronizing object | Nozzle petal seam.002
Fra:1 Mem:35.06M (Peak 35.08M) | Time:00:00.26 | Mem:0.00M, Peak:0.00M | Scene, ViewLayer | Synchronizing object | Nozzle petal seam.003
Fra:1 Mem:35.05M (Peak 35.08M) | Time:00:00.26 | Mem:0.00M, Peak:0.00M | Scene, ViewLayer | Synchronizing object | Nozzle petal seam.004
Fra:1 Mem:35.07M (Peak 35.08M) | Time:00:00.26 | Mem:0.00M, Peak:0.00M | Scene, ViewLayer | Synchronizing object | Nozzle petal seam.005
Fra:1 Mem:35.05M (Peak 35.08M) | Time:00:00.26 | Mem:0.00M, Peak:0.00M | Scene, ViewLayer | Synchronizing object | Nozzle petal seam.006
Fra:1 Mem:35.05M (Peak 35.08M) | Time:00:00.26 | Mem:0.00M, Peak:0.00M | Scene, ViewLayer | Synchronizing object | Nozzle petal seam.007
Fra:1 Mem:35.06M (Peak 35.08M) | Time:00:00.26 | Mem:0.00M, Peak:0.00M | Scene, ViewLayer | Synchronizing object | Nozzle petal seam.008
Fra:1 Mem:35.06M (Peak 35.08M) | Time:00:00.26 | Mem:0.00M, Peak:0.00M | Scene, ViewLayer | Synchronizing object | Nozzle petal seam.009
Fra:1 Mem:35.06M (Peak 35.08M) | Time:00:00.26 | Mem:0.00M, Peak:0.00M | Scene, ViewLayer | Synchronizing object | Nozzle petal seam.010
Fra:1 Mem:35.06M (Peak 35.08M) | Time:00:00.26 | Mem:0.00M, Peak:0.00M | Scene, ViewLayer | Synchronizing object | Nozzle petal seam.011
Fra:1 Mem:35.06M (Peak 35.08M) | Time:00:00.26 | Mem:0.00M, Peak:0.00M | Scene, ViewLayer | Synchronizing object | Deep ion throat
Fra:1 Mem:35.06M (Peak 35.08M) | Time:00:00.26 | Mem:0.00M, Peak:0.00M | Scene, ViewLayer | Synchronizing object | Ventral access door
Fra:1 Mem:35.07M (Peak 35.08M) | Time:00:00.26 | Mem:0.00M, Peak:0.00M | Scene, ViewLayer | Synchronizing object | Flush cooling slot
Fra:1 Mem:35.20M (Peak 35.20M) | Time:00:00.26 | Mem:0.00M, Peak:0.00M | Scene, ViewLayer | Synchronizing object | Flush cooling slot.001
Fra:1 Mem:35.17M (Peak 35.20M) | Time:00:00.26 | Mem:0.00M, Peak:0.00M | Scene, ViewLayer | Synchronizing object | Flush cooling slot.002
Fra:1 Mem:35.19M (Peak 35.20M) | Time:00:00.26 | Mem:0.00M, Peak:0.00M | Scene, ViewLayer | Synchronizing object | Continuous shield crescent
Fra:1 Mem:35.16M (Peak 35.20M) | Time:00:00.26 | Mem:0.00M, Peak:0.00M | Scene, ViewLayer | Synchronizing object | Recessed shield field slit
Fra:1 Mem:35.19M (Peak 35.20M) | Time:00:00.26 | Mem:0.00M, Peak:0.00M | Scene, ViewLayer | Synchronizing object | Recessed shield field slit.001
Fra:1 Mem:35.28M (Peak 35.28M) | Time:00:00.26 | Mem:0.00M, Peak:0.00M | Scene, ViewLayer | Synchronizing object | Recessed shield field slit.002
Fra:1 Mem:35.37M (Peak 35.37M) | Time:00:00.26 | Mem:0.00M, Peak:0.00M | Scene, ViewLayer | Synchronizing object | Recessed shield field slit.003
Fra:1 Mem:35.23M (Peak 35.37M) | Time:00:00.26 | Mem:0.00M, Peak:0.00M | Scene, ViewLayer | Synchronizing object | Integrated lifting hull.001
Fra:1 Mem:35.27M (Peak 35.37M) | Time:00:00.26 | Mem:0.00M, Peak:0.00M | Scene, ViewLayer | Synchronizing object | Contoured expansion nozzle.001
Fra:1 Mem:35.33M (Peak 35.37M) | Time:00:00.26 | Mem:0.00M, Peak:0.00M | Scene, ViewLayer | Synchronizing object | Nozzle petal seam.012
Fra:1 Mem:35.36M (Peak 35.37M) | Time:00:00.26 | Mem:0.00M, Peak:0.00M | Scene, ViewLayer | Synchronizing object | Nozzle petal seam.013
Fra:1 Mem:35.38M (Peak 35.38M) | Time:00:00.26 | Mem:0.00M, Peak:0.00M | Scene, ViewLayer | Synchronizing object | Nozzle petal seam.014
Fra:1 Mem:35.37M (Peak 35.38M) | Time:00:00.26 | Mem:0.00M, Peak:0.00M | Scene, ViewLayer | Synchronizing object | Nozzle petal seam.015
Fra:1 Mem:35.38M (Peak 35.38M) | Time:00:00.26 | Mem:0.00M, Peak:0.00M | Scene, ViewLayer | Synchronizing object | Nozzle petal seam.016
Fra:1 Mem:35.39M (Peak 35.39M) | Time:00:00.26 | Mem:0.00M, Peak:0.00M | Scene, ViewLayer | Synchronizing object | Nozzle petal seam.017
Fra:1 Mem:35.37M (Peak 35.39M) | Time:00:00.26 | Mem:0.00M, Peak:0.00M | Scene, ViewLayer | Synchronizing object | Nozzle petal seam.018
Fra:1 Mem:35.38M (Peak 35.39M) | Time:00:00.26 | Mem:0.00M, Peak:0.00M | Scene, ViewLayer | Synchronizing object | Nozzle petal seam.019
Fra:1 Mem:35.38M (Peak 35.39M) | Time:00:00.26 | Mem:0.00M, Peak:0.00M | Scene, ViewLayer | Synchronizing object | Nozzle petal seam.020
Fra:1 Mem:35.48M (Peak 35.48M) | Time:00:00.26 | Mem:0.00M, Peak:0.00M | Scene, ViewLayer | Synchronizing object | Nozzle petal seam.021
Fra:1 Mem:35.40M (Peak 35.48M) | Time:00:00.26 | Mem:0.00M, Peak:0.00M | Scene, ViewLayer | Synchronizing object | Nozzle petal seam.022
Fra:1 Mem:35.40M (Peak 35.48M) | Time:00:00.26 | Mem:0.00M, Peak:0.00M | Scene, ViewLayer | Synchronizing object | Nozzle petal seam.023
Fra:1 Mem:35.40M (Peak 35.48M) | Time:00:00.26 | Mem:0.00M, Peak:0.00M | Scene, ViewLayer | Synchronizing object | Deep ion throat.001
Fra:1 Mem:35.40M (Peak 35.48M) | Time:00:00.26 | Mem:0.00M, Peak:0.00M | Scene, ViewLayer | Synchronizing object | Deep intake duct.001
Fra:1 Mem:35.47M (Peak 35.48M) | Time:00:00.26 | Mem:0.00M, Peak:0.00M | Scene, ViewLayer | Synchronizing object | Flush cooling slot.003
Fra:1 Mem:35.50M (Peak 35.50M) | Time:00:00.26 | Mem:0.00M, Peak:0.00M | Scene, ViewLayer | Synchronizing object | Flush cooling slot.004
Fra:1 Mem:35.50M (Peak 35.50M) | Time:00:00.26 | Mem:0.00M, Peak:0.00M | Scene, ViewLayer | Synchronizing object | Flush cooling slot.005
Fra:1 Mem:35.50M (Peak 35.50M) | Time:00:00.26 | Mem:0.00M, Peak:0.00M | Scene, ViewLayer | Synchronizing object | Continuous shield crescent.001
Fra:1 Mem:35.51M (Peak 35.51M) | Time:00:00.26 | Mem:0.00M, Peak:0.00M | Scene, ViewLayer | Synchronizing object | Recessed shield field slit.004
Fra:1 Mem:35.52M (Peak 35.52M) | Time:00:00.26 | Mem:0.00M, Peak:0.00M | Scene, ViewLayer | Synchronizing object | Recessed shield field slit.005
Fra:1 Mem:35.61M (Peak 35.61M) | Time:00:00.26 | Mem:0.00M, Peak:0.00M | Scene, ViewLayer | Synchronizing object | Recessed shield field slit.006
Fra:1 Mem:35.71M (Peak 35.71M) | Time:00:00.26 | Mem:0.00M, Peak:0.00M | Scene, ViewLayer | Synchronizing object | Recessed shield field slit.007
Fra:1 Mem:35.63M (Peak 35.71M) | Time:00:00.26 | Mem:0.00M, Peak:0.00M | Scene, ViewLayer | Initializing
Fra:1 Mem:31.61M (Peak 35.71M) | Time:00:00.26 | Mem:0.00M, Peak:0.00M | Scene, ViewLayer | Waiting for render to start
Fra:1 Mem:31.61M (Peak 35.71M) | Time:00:00.26 | Mem:0.00M, Peak:0.00M | Scene, ViewLayer | Updating Scene
Fra:1 Mem:31.61M (Peak 35.71M) | Time:00:00.26 | Mem:0.00M, Peak:0.00M | Scene, ViewLayer | Updating Shaders
Fra:1 Mem:31.61M (Peak 35.71M) | Time:00:00.26 | Mem:0.00M, Peak:0.00M | Scene, ViewLayer | Loading render kernels (may take a few minutes the first time)
Fra:1 Mem:31.70M (Peak 58.98M) | Time:00:00.37 | Mem:0.01M, Peak:0.01M | Scene, ViewLayer | Updating Procedurals
Fra:1 Mem:31.70M (Peak 58.98M) | Time:00:00.37 | Mem:0.01M, Peak:0.01M | Scene, ViewLayer | Updating Background
Fra:1 Mem:31.70M (Peak 58.98M) | Time:00:00.37 | Mem:0.01M, Peak:0.01M | Scene, ViewLayer | Updating Camera
Fra:1 Mem:31.70M (Peak 58.98M) | Time:00:00.37 | Mem:0.01M, Peak:0.01M | Scene, ViewLayer | Updating Meshes Flags
Fra:1 Mem:31.70M (Peak 58.98M) | Time:00:00.37 | Mem:0.01M, Peak:0.01M | Scene, ViewLayer | Updating Objects
Fra:1 Mem:31.70M (Peak 58.98M) | Time:00:00.37 | Mem:0.01M, Peak:0.01M | Scene, ViewLayer | Updating Objects | Copying Transformations to device
Fra:1 Mem:31.71M (Peak 58.98M) | Time:00:00.37 | Mem:0.02M, Peak:0.02M | Scene, ViewLayer | Updating Particle Systems
Fra:1 Mem:31.71M (Peak 58.98M) | Time:00:00.37 | Mem:0.02M, Peak:0.02M | Scene, ViewLayer | Updating Particle Systems | Copying Particles to device
Fra:1 Mem:31.71M (Peak 58.98M) | Time:00:00.37 | Mem:0.02M, Peak:0.02M | Scene, ViewLayer | Updating Meshes
Fra:1 Mem:32.26M (Peak 58.98M) | Time:00:00.37 | Mem:0.02M, Peak:0.02M | Scene, ViewLayer | Updating Objects | Applying Static Transformations
Fra:1 Mem:32.26M (Peak 58.98M) | Time:00:00.37 | Mem:0.02M, Peak:0.02M | Scene, ViewLayer | Updating Mesh | Computing attributes
Fra:1 Mem:33.12M (Peak 58.98M) | Time:00:00.38 | Mem:0.03M, Peak:0.03M | Scene, ViewLayer | Updating Mesh | Copying Attributes to device
Fra:1 Mem:33.11M (Peak 58.98M) | Time:00:00.38 | Mem:0.88M, Peak:0.88M | Scene, ViewLayer | Updating Geometry BVH light 62/61 | Building BVH
Fra:1 Mem:33.11M (Peak 58.98M) | Time:00:00.38 | Mem:0.88M, Peak:0.88M | Scene, ViewLayer | Updating Geometry BVH Mesh 6/61 | Building BVH
Fra:1 Mem:33.11M (Peak 58.98M) | Time:00:00.38 | Mem:0.88M, Peak:0.88M | Scene, ViewLayer | Updating Geometry BVH Integrated propulsion nacelle.008 11/61 | Building OptiX acceleration structure
Fra:1 Mem:33.32M (Peak 58.98M) | Time:00:00.38 | Mem:0.92M, Peak:0.92M | Scene, ViewLayer | Updating Geometry BVH Nozzle petal seam.216 13/61 | Building BVH
Fra:1 Mem:33.32M (Peak 58.98M) | Time:00:00.38 | Mem:0.92M, Peak:0.92M | Scene, ViewLayer | Updating Geometry BVH Nozzle petal seam.216 13/61 | Building OptiX acceleration structure
Fra:1 Mem:33.42M (Peak 58.98M) | Time:00:00.38 | Mem:0.93M, Peak:0.93M | Scene, ViewLayer | Updating Geometry BVH Recessed shield field slit.007 61/61 | Building BVH
Fra:1 Mem:33.42M (Peak 58.98M) | Time:00:00.38 | Mem:1.00M, Peak:1.00M | Scene, ViewLayer | Updating Geometry BVH Recessed shield field slit.007 61/61 | Building OptiX acceleration structure
Fra:1 Mem:33.42M (Peak 58.98M) | Time:00:00.38 | Mem:1.03M, Peak:1.03M | Scene, ViewLayer | Updating Geometry BVH Nozzle petal seam.217 14/61 | Building BVH
Fra:1 Mem:33.42M (Peak 58.98M) | Time:00:00.38 | Mem:1.03M, Peak:1.03M | Scene, ViewLayer | Updating Geometry BVH Nozzle petal seam.217 14/61 | Building OptiX acceleration structure
Fra:1 Mem:33.34M (Peak 58.98M) | Time:00:00.38 | Mem:1.21M, Peak:1.61M | Scene, ViewLayer | Updating Geometry BVH Nozzle petal seam.218 15/61 | Building BVH
Fra:1 Mem:33.34M (Peak 58.98M) | Time:00:00.38 | Mem:1.22M, Peak:1.61M | Scene, ViewLayer | Updating Geometry BVH Nozzle petal seam.218 15/61 | Building OptiX acceleration structure
Fra:1 Mem:33.34M (Peak 58.98M) | Time:00:00.38 | Mem:1.21M, Peak:1.61M | Scene, ViewLayer | Updating Geometry BVH Nozzle petal seam.219 16/61 | Building BVH
Fra:1 Mem:33.34M (Peak 58.98M) | Time:00:00.38 | Mem:1.21M, Peak:1.61M | Scene, ViewLayer | Updating Geometry BVH Nozzle petal seam.219 16/61 | Building OptiX acceleration structure
Fra:1 Mem:33.34M (Peak 58.98M) | Time:00:00.38 | Mem:1.21M, Peak:1.61M | Scene, ViewLayer | Updating Geometry BVH Nozzle petal seam.220 17/61 | Building BVH
Fra:1 Mem:33.34M (Peak 58.98M) | Time:00:00.38 | Mem:1.23M, Peak:1.61M | Scene, ViewLayer | Updating Geometry BVH Nozzle petal seam.220 17/61 | Building OptiX acceleration structure
Fra:1 Mem:33.34M (Peak 58.98M) | Time:00:00.38 | Mem:1.22M, Peak:1.61M | Scene, ViewLayer | Updating Geometry BVH Nozzle petal seam.221 18/61 | Building BVH
Fra:1 Mem:33.34M (Peak 58.98M) | Time:00:00.38 | Mem:1.27M, Peak:1.61M | Scene, ViewLayer | Updating Geometry BVH Nozzle petal seam.221 18/61 | Building OptiX acceleration structure
Fra:1 Mem:33.21M (Peak 58.98M) | Time:00:00.38 | Mem:1.26M, Peak:1.74M | Scene, ViewLayer | Updating Geometry BVH Nozzle petal seam.222 19/61 | Building BVH
Fra:1 Mem:33.21M (Peak 58.98M) | Time:00:00.38 | Mem:1.29M, Peak:1.74M | Scene, ViewLayer | Updating Geometry BVH Nozzle petal seam.222 19/61 | Building OptiX acceleration structure
Fra:1 Mem:33.20M (Peak 58.98M) | Time:00:00.38 | Mem:1.25M, Peak:1.74M | Scene, ViewLayer | Updating Geometry BVH Nozzle petal seam.223 20/61 | Building BVH
Fra:1 Mem:33.20M (Peak 58.98M) | Time:00:00.38 | Mem:1.25M, Peak:1.74M | Scene, ViewLayer | Updating Geometry BVH Nozzle petal seam.223 20/61 | Building OptiX acceleration structure
Fra:1 Mem:33.20M (Peak 58.98M) | Time:00:00.38 | Mem:1.25M, Peak:1.74M | Scene, ViewLayer | Updating Geometry BVH Nozzle petal seam.224 21/61 | Building BVH
Fra:1 Mem:33.20M (Peak 58.98M) | Time:00:00.38 | Mem:1.27M, Peak:1.74M | Scene, ViewLayer | Updating Geometry BVH Nozzle petal seam.224 21/61 | Building OptiX acceleration structure
Fra:1 Mem:33.19M (Peak 58.98M) | Time:00:00.38 | Mem:1.26M, Peak:1.74M | Scene, ViewLayer | Updating Geometry BVH Nozzle petal seam.225 22/61 | Building BVH
Fra:1 Mem:33.19M (Peak 58.98M) | Time:00:00.38 | Mem:1.44M, Peak:1.74M | Scene, ViewLayer | Updating Geometry BVH Nozzle petal seam.225 22/61 | Building OptiX acceleration structure
Fra:1 Mem:33.11M (Peak 58.98M) | Time:00:00.38 | Mem:1.28M, Peak:1.74M | Scene, ViewLayer | Updating Geometry BVH Nozzle petal seam.226 23/61 | Building BVH
Fra:1 Mem:33.11M (Peak 58.98M) | Time:00:00.38 | Mem:1.28M, Peak:1.74M | Scene, ViewLayer | Updating Geometry BVH Nozzle petal seam.226 23/61 | Building OptiX acceleration structure
Fra:1 Mem:33.11M (Peak 58.98M) | Time:00:00.38 | Mem:1.28M, Peak:1.74M | Scene, ViewLayer | Updating Geometry BVH Nozzle petal seam.227 24/61 | Building BVH
Fra:1 Mem:33.11M (Peak 58.98M) | Time:00:00.39 | Mem:1.28M, Peak:1.74M | Scene, ViewLayer | Updating Geometry BVH Nozzle petal seam.227 24/61 | Building OptiX acceleration structure
Fra:1 Mem:33.11M (Peak 58.98M) | Time:00:00.39 | Mem:1.28M, Peak:1.74M | Scene, ViewLayer | Updating Geometry BVH Deep ion throat.018 25/61 | Building BVH
Fra:1 Mem:33.11M (Peak 58.98M) | Time:00:00.39 | Mem:1.28M, Peak:1.74M | Scene, ViewLayer | Updating Geometry BVH Deep ion throat.018 25/61 | Building OptiX acceleration structure
Fra:1 Mem:33.13M (Peak 58.98M) | Time:00:00.39 | Mem:1.30M, Peak:1.74M | Scene, ViewLayer | Updating Geometry BVH Recessed shield field slit.006 60/61 | Building BVH
Fra:1 Mem:33.13M (Peak 58.98M) | Time:00:00.39 | Mem:1.30M, Peak:1.74M | Scene, ViewLayer | Updating Geometry BVH Recessed shield field slit.006 60/61 | Building OptiX acceleration structure
Fra:1 Mem:33.13M (Peak 58.98M) | Time:00:00.39 | Mem:1.30M, Peak:1.74M | Scene, ViewLayer | Updating Geometry BVH Deep intake duct.008 26/61 | Building BVH
Fra:1 Mem:33.13M (Peak 58.98M) | Time:00:00.39 | Mem:1.30M, Peak:1.74M | Scene, ViewLayer | Updating Geometry BVH Deep intake duct.008 26/61 | Building OptiX acceleration structure
Fra:1 Mem:33.14M (Peak 58.98M) | Time:00:00.39 | Mem:1.30M, Peak:1.74M | Scene, ViewLayer | Updating Geometry BVH Ventral access door.018 27/61 | Building BVH
Fra:1 Mem:33.14M (Peak 58.98M) | Time:00:00.39 | Mem:1.31M, Peak:1.74M | Scene, ViewLayer | Updating Geometry BVH Ventral access door.018 27/61 | Building OptiX acceleration structure
Fra:1 Mem:33.14M (Peak 58.98M) | Time:00:00.39 | Mem:1.31M, Peak:1.74M | Scene, ViewLayer | Updating Geometry BVH Flush cooling slot.024 28/61 | Building BVH
Fra:1 Mem:33.14M (Peak 58.98M) | Time:00:00.39 | Mem:1.32M, Peak:1.74M | Scene, ViewLayer | Updating Geometry BVH Flush cooling slot.024 28/61 | Building OptiX acceleration structure
Fra:1 Mem:33.14M (Peak 58.98M) | Time:00:00.39 | Mem:1.31M, Peak:1.74M | Scene, ViewLayer | Updating Geometry BVH Flush cooling slot.025 29/61 | Building BVH
Fra:1 Mem:33.14M (Peak 58.98M) | Time:00:00.39 | Mem:1.32M, Peak:1.74M | Scene, ViewLayer | Updating Geometry BVH Flush cooling slot.025 29/61 | Building OptiX acceleration structure
Fra:1 Mem:33.14M (Peak 58.98M) | Time:00:00.39 | Mem:1.32M, Peak:1.74M | Scene, ViewLayer | Updating Geometry BVH Flush cooling slot.026 30/61 | Building BVH
Fra:1 Mem:33.14M (Peak 58.98M) | Time:00:00.39 | Mem:1.32M, Peak:1.74M | Scene, ViewLayer | Updating Geometry BVH Flush cooling slot.026 30/61 | Building OptiX acceleration structure
Fra:1 Mem:33.14M (Peak 58.98M) | Time:00:00.39 | Mem:1.32M, Peak:1.74M | Scene, ViewLayer | Updating Geometry BVH Continuous shield crescent 31/61 | Building BVH
Fra:1 Mem:33.14M (Peak 58.98M) | Time:00:00.39 | Mem:1.32M, Peak:1.74M | Scene, ViewLayer | Updating Geometry BVH Continuous shield crescent 31/61 | Building OptiX acceleration structure
Fra:1 Mem:33.18M (Peak 58.98M) | Time:00:00.39 | Mem:1.36M, Peak:1.74M | Scene, ViewLayer | Updating Geometry BVH Recessed shield field slit 32/61 | Building BVH
Fra:1 Mem:33.18M (Peak 58.98M) | Time:00:00.39 | Mem:1.36M, Peak:1.74M | Scene, ViewLayer | Updating Geometry BVH Recessed shield field slit 32/61 | Building OptiX acceleration structure
Fra:1 Mem:33.18M (Peak 58.98M) | Time:00:00.39 | Mem:1.36M, Peak:1.74M | Scene, ViewLayer | Updating Geometry BVH Recessed shield field slit.001 33/61 | Building BVH
Fra:1 Mem:33.18M (Peak 58.98M) | Time:00:00.39 | Mem:1.36M, Peak:1.74M | Scene, ViewLayer | Updating Geometry BVH Recessed shield field slit.001 33/61 | Building OptiX acceleration structure
Fra:1 Mem:33.18M (Peak 58.98M) | Time:00:00.39 | Mem:1.36M, Peak:1.74M | Scene, ViewLayer | Updating Geometry BVH Recessed shield field slit.002 34/61 | Building BVH
Fra:1 Mem:33.18M (Peak 58.98M) | Time:00:00.39 | Mem:1.37M, Peak:1.74M | Scene, ViewLayer | Updating Geometry BVH Recessed shield field slit.002 34/61 | Building OptiX acceleration structure
Fra:1 Mem:33.18M (Peak 58.98M) | Time:00:00.39 | Mem:1.36M, Peak:1.74M | Scene, ViewLayer | Updating Geometry BVH Recessed shield field slit.003 35/61 | Building BVH
Fra:1 Mem:33.18M (Peak 58.98M) | Time:00:00.39 | Mem:1.42M, Peak:1.74M | Scene, ViewLayer | Updating Geometry BVH Recessed shield field slit.003 35/61 | Building OptiX acceleration structure
Fra:1 Mem:33.16M (Peak 58.98M) | Time:00:00.39 | Mem:1.35M, Peak:1.74M | Scene, ViewLayer | Updating Geometry BVH Integrated lifting hull.009 36/61 | Building BVH
Fra:1 Mem:33.16M (Peak 58.98M) | Time:00:00.39 | Mem:1.36M, Peak:1.74M | Scene, ViewLayer | Updating Geometry BVH Integrated lifting hull.009 36/61 | Building OptiX acceleration structure
Fra:1 Mem:33.17M (Peak 58.98M) | Time:00:00.39 | Mem:1.37M, Peak:1.74M | Scene, ViewLayer | Updating Geometry BVH Recessed shield field slit.005 59/61 | Building BVH
Fra:1 Mem:33.17M (Peak 58.98M) | Time:00:00.39 | Mem:1.37M, Peak:1.74M | Scene, ViewLayer | Updating Geometry BVH Recessed shield field slit.005 59/61 | Building OptiX acceleration structure
Fra:1 Mem:33.17M (Peak 58.98M) | Time:00:00.39 | Mem:1.37M, Peak:1.74M | Scene, ViewLayer | Updating Geometry BVH Integrated propulsion nacelle.009 37/61 | Building BVH
Fra:1 Mem:33.17M (Peak 58.98M) | Time:00:00.39 | Mem:1.37M, Peak:1.74M | Scene, ViewLayer | Updating Geometry BVH Integrated propulsion nacelle.009 37/61 | Building OptiX acceleration structure
Fra:1 Mem:33.17M (Peak 58.98M) | Time:00:00.39 | Mem:1.37M, Peak:1.74M | Scene, ViewLayer | Updating Geometry BVH Contoured expansion nozzle.019 38/61 | Building BVH
Fra:1 Mem:33.17M (Peak 58.98M) | Time:00:00.39 | Mem:1.38M, Peak:1.74M | Scene, ViewLayer | Updating Geometry BVH Contoured expansion nozzle.019 38/61 | Building OptiX acceleration structure
Fra:1 Mem:33.18M (Peak 58.98M) | Time:00:00.39 | Mem:1.38M, Peak:1.74M | Scene, ViewLayer | Updating Geometry BVH Nozzle petal seam.228 39/61 | Building BVH
Fra:1 Mem:33.18M (Peak 58.98M) | Time:00:00.39 | Mem:1.38M, Peak:1.74M | Scene, ViewLayer | Updating Geometry BVH Nozzle petal seam.228 39/61 | Building OptiX acceleration structure
Fra:1 Mem:33.18M (Peak 58.98M) | Time:00:00.40 | Mem:1.38M, Peak:1.74M | Scene, ViewLayer | Updating Geometry BVH Nozzle petal seam.229 40/61 | Building BVH
Fra:1 Mem:33.18M (Peak 58.98M) | Time:00:00.40 | Mem:1.38M, Peak:1.74M | Scene, ViewLayer | Updating Geometry BVH Nozzle petal seam.229 40/61 | Building OptiX acceleration structure
Fra:1 Mem:33.18M (Peak 58.98M) | Time:00:00.40 | Mem:1.38M, Peak:1.74M | Scene, ViewLayer | Updating Geometry BVH Nozzle petal seam.230 41/61 | Building BVH
Fra:1 Mem:33.18M (Peak 58.98M) | Time:00:00.40 | Mem:1.42M, Peak:1.74M | Scene, ViewLayer | Updating Geometry BVH Nozzle petal seam.230 41/61 | Building OptiX acceleration structure
Fra:1 Mem:33.14M (Peak 58.98M) | Time:00:00.40 | Mem:1.37M, Peak:1.74M | Scene, ViewLayer | Updating Geometry BVH Nozzle petal seam.231 42/61 | Building BVH
Fra:1 Mem:33.14M (Peak 58.98M) | Time:00:00.40 | Mem:1.37M, Peak:1.74M | Scene, ViewLayer | Updating Geometry BVH Nozzle petal seam.231 42/61 | Building OptiX acceleration structure
Fra:1 Mem:33.14M (Peak 58.98M) | Time:00:00.40 | Mem:1.37M, Peak:1.74M | Scene, ViewLayer | Updating Geometry BVH Nozzle petal seam.232 43/61 | Building BVH
Fra:1 Mem:33.14M (Peak 58.98M) | Time:00:00.40 | Mem:1.38M, Peak:1.74M | Scene, ViewLayer | Updating Geometry BVH Nozzle petal seam.232 43/61 | Building OptiX acceleration structure
Fra:1 Mem:33.14M (Peak 58.98M) | Time:00:00.40 | Mem:1.37M, Peak:1.74M | Scene, ViewLayer | Updating Geometry BVH Nozzle petal seam.233 44/61 | Building BVH
Fra:1 Mem:33.14M (Peak 58.98M) | Time:00:00.40 | Mem:1.38M, Peak:1.74M | Scene, ViewLayer | Updating Geometry BVH Nozzle petal seam.233 44/61 | Building OptiX acceleration structure
Fra:1 Mem:33.14M (Peak 58.98M) | Time:00:00.40 | Mem:1.37M, Peak:1.74M | Scene, ViewLayer | Updating Geometry BVH Nozzle petal seam.234 45/61 | Building BVH
Fra:1 Mem:33.14M (Peak 58.98M) | Time:00:00.40 | Mem:1.38M, Peak:1.74M | Scene, ViewLayer | Updating Geometry BVH Nozzle petal seam.234 45/61 | Building OptiX acceleration structure
Fra:1 Mem:33.14M (Peak 58.98M) | Time:00:00.40 | Mem:1.37M, Peak:1.74M | Scene, ViewLayer | Updating Geometry BVH Nozzle petal seam.235 46/61 | Building BVH
Fra:1 Mem:33.14M (Peak 58.98M) | Time:00:00.40 | Mem:1.37M, Peak:1.74M | Scene, ViewLayer | Updating Geometry BVH Nozzle petal seam.235 46/61 | Building OptiX acceleration structure
Fra:1 Mem:33.13M (Peak 58.98M) | Time:00:00.40 | Mem:1.37M, Peak:1.74M | Scene, ViewLayer | Updating Geometry BVH Nozzle petal seam.236 47/61 | Building BVH
Fra:1 Mem:33.13M (Peak 58.98M) | Time:00:00.40 | Mem:1.38M, Peak:1.74M | Scene, ViewLayer | Updating Geometry BVH Nozzle petal seam.236 47/61 | Building OptiX acceleration structure
Fra:1 Mem:33.13M (Peak 58.98M) | Time:00:00.40 | Mem:1.37M, Peak:1.74M | Scene, ViewLayer | Updating Geometry BVH Recessed shield field slit.004 58/61 | Building BVH
Fra:1 Mem:33.13M (Peak 58.98M) | Time:00:00.40 | Mem:1.39M, Peak:1.74M | Scene, ViewLayer | Updating Geometry BVH Recessed shield field slit.004 58/61 | Building OptiX acceleration structure
Fra:1 Mem:33.12M (Peak 58.98M) | Time:00:00.40 | Mem:1.38M, Peak:1.74M | Scene, ViewLayer | Updating Geometry BVH Nozzle petal seam.237 48/61 | Building BVH
Fra:1 Mem:33.12M (Peak 58.98M) | Time:00:00.40 | Mem:1.39M, Peak:1.74M | Scene, ViewLayer | Updating Geometry BVH Nozzle petal seam.237 48/61 | Building OptiX acceleration structure
Fra:1 Mem:33.11M (Peak 58.98M) | Time:00:00.40 | Mem:1.38M, Peak:1.74M | Scene, ViewLayer | Updating Geometry BVH Nozzle petal seam.238 49/61 | Building BVH
Fra:1 Mem:33.11M (Peak 58.98M) | Time:00:00.40 | Mem:1.38M, Peak:1.74M | Scene, ViewLayer | Updating Geometry BVH Nozzle petal seam.238 49/61 | Building OptiX acceleration structure
Fra:1 Mem:33.11M (Peak 58.98M) | Time:00:00.40 | Mem:1.38M, Peak:1.74M | Scene, ViewLayer | Updating Geometry BVH Nozzle petal seam.239 50/61 | Building BVH
Fra:1 Mem:33.11M (Peak 58.98M) | Time:00:00.40 | Mem:1.39M, Peak:1.74M | Scene, ViewLayer | Updating Geometry BVH Nozzle petal seam.239 50/61 | Building OptiX acceleration structure
Fra:1 Mem:33.11M (Peak 58.98M) | Time:00:00.40 | Mem:1.38M, Peak:1.74M | Scene, ViewLayer | Updating Geometry BVH Deep ion throat.019 51/61 | Building BVH
Fra:1 Mem:33.11M (Peak 58.98M) | Time:00:00.40 | Mem:1.39M, Peak:1.74M | Scene, ViewLayer | Updating Geometry BVH Deep ion throat.019 51/61 | Building OptiX acceleration structure
Fra:1 Mem:33.13M (Peak 58.98M) | Time:00:00.40 | Mem:1.40M, Peak:1.74M | Scene, ViewLayer | Updating Geometry BVH Deep intake duct.009 52/61 | Building BVH
Fra:1 Mem:33.13M (Peak 58.98M) | Time:00:00.40 | Mem:1.40M, Peak:1.74M | Scene, ViewLayer | Updating Geometry BVH Deep intake duct.009 52/61 | Building OptiX acceleration structure
Fra:1 Mem:33.14M (Peak 58.98M) | Time:00:00.40 | Mem:1.41M, Peak:1.74M | Scene, ViewLayer | Updating Geometry BVH Ventral access door.019 53/61 | Building BVH
Fra:1 Mem:33.14M (Peak 58.98M) | Time:00:00.40 | Mem:1.41M, Peak:1.74M | Scene, ViewLayer | Updating Geometry BVH Ventral access door.019 53/61 | Building OptiX acceleration structure
Fra:1 Mem:33.14M (Peak 58.98M) | Time:00:00.40 | Mem:1.41M, Peak:1.74M | Scene, ViewLayer | Updating Geometry BVH Flush cooling slot.027 54/61 | Building BVH
Fra:1 Mem:33.14M (Peak 58.98M) | Time:00:00.40 | Mem:1.42M, Peak:1.74M | Scene, ViewLayer | Updating Geometry BVH Flush cooling slot.027 54/61 | Building OptiX acceleration structure
Fra:1 Mem:33.14M (Peak 58.98M) | Time:00:00.40 | Mem:1.42M, Peak:1.74M | Scene, ViewLayer | Updating Geometry BVH Flush cooling slot.028 55/61 | Building BVH
Fra:1 Mem:33.14M (Peak 58.98M) | Time:00:00.40 | Mem:1.42M, Peak:1.74M | Scene, ViewLayer | Updating Geometry BVH Flush cooling slot.028 55/61 | Building OptiX acceleration structure
Fra:1 Mem:33.14M (Peak 58.98M) | Time:00:00.40 | Mem:1.42M, Peak:1.74M | Scene, ViewLayer | Updating Geometry BVH Flush cooling slot.029 56/61 | Building BVH
Fra:1 Mem:33.14M (Peak 58.98M) | Time:00:00.40 | Mem:1.42M, Peak:1.74M | Scene, ViewLayer | Updating Geometry BVH Flush cooling slot.029 56/61 | Building OptiX acceleration structure
Fra:1 Mem:33.14M (Peak 58.98M) | Time:00:00.41 | Mem:1.42M, Peak:1.74M | Scene, ViewLayer | Updating Geometry BVH Continuous shield crescent.001 57/61 | Building BVH
Fra:1 Mem:33.14M (Peak 58.98M) | Time:00:00.41 | Mem:1.43M, Peak:1.74M | Scene, ViewLayer | Updating Geometry BVH Continuous shield crescent.001 57/61 | Building OptiX acceleration structure
Fra:1 Mem:33.11M (Peak 58.98M) | Time:00:00.41 | Mem:1.44M, Peak:1.74M | Scene, ViewLayer | Updating Scene BVH | Building
Fra:1 Mem:33.11M (Peak 58.98M) | Time:00:00.41 | Mem:1.44M, Peak:1.74M | Scene, ViewLayer | Updating Scene BVH | Building OptiX acceleration structure
Fra:1 Mem:33.11M (Peak 58.98M) | Time:00:00.41 | Mem:1.45M, Peak:1.74M | Scene, ViewLayer | Updating Scene BVH | Copying BVH to device
Fra:1 Mem:33.11M (Peak 58.98M) | Time:00:00.41 | Mem:1.45M, Peak:1.74M | Scene, ViewLayer | Updating Mesh | Computing normals
Fra:1 Mem:33.81M (Peak 58.98M) | Time:00:00.41 | Mem:1.45M, Peak:1.74M | Scene, ViewLayer | Updating Mesh | Copying Mesh to device
Fra:1 Mem:33.81M (Peak 58.98M) | Time:00:00.41 | Mem:2.16M, Peak:2.16M | Scene, ViewLayer | Updating Objects Flags
Fra:1 Mem:33.81M (Peak 58.98M) | Time:00:00.41 | Mem:2.16M, Peak:2.16M | Scene, ViewLayer | Updating Primitive Offsets
Fra:1 Mem:33.81M (Peak 58.98M) | Time:00:00.41 | Mem:2.16M, Peak:2.16M | Scene, ViewLayer | Updating Images
Fra:1 Mem:33.81M (Peak 58.98M) | Time:00:00.41 | Mem:2.16M, Peak:2.16M | Scene, ViewLayer | Updating Images | Loading panel-normal.png
Fra:1 Mem:37.81M (Peak 58.98M) | Time:00:00.41 | Mem:2.16M, Peak:2.16M | Scene, ViewLayer | Updating Images | Loading cobalt-basecolor.png
Fra:1 Mem:37.81M (Peak 58.98M) | Time:00:00.41 | Mem:2.16M, Peak:2.16M | Scene, ViewLayer | Updating Images | Loading paint-orm.png
Fra:1 Mem:49.83M (Peak 58.98M) | Time:00:00.43 | Mem:18.16M, Peak:18.16M | Scene, ViewLayer | Updating Camera Volume
Fra:1 Mem:49.83M (Peak 58.98M) | Time:00:00.43 | Mem:18.16M, Peak:18.16M | Scene, ViewLayer | Updating Lookup Tables
Fra:1 Mem:49.83M (Peak 58.98M) | Time:00:00.43 | Mem:18.24M, Peak:18.24M | Scene, ViewLayer | Updating Lights
Fra:1 Mem:49.83M (Peak 58.98M) | Time:00:00.43 | Mem:18.24M, Peak:18.24M | Scene, ViewLayer | Updating Lights | Computing tree
Fra:1 Mem:50.04M (Peak 58.98M) | Time:00:00.44 | Mem:18.45M, Peak:18.45M | Scene, ViewLayer | Updating Integrator
Fra:1 Mem:50.04M (Peak 58.98M) | Time:00:00.44 | Mem:18.45M, Peak:18.45M | Scene, ViewLayer | Updating Film
Fra:1 Mem:50.04M (Peak 58.98M) | Time:00:00.44 | Mem:18.37M, Peak:18.45M | Scene, ViewLayer | Updating Lookup Tables
Fra:1 Mem:50.04M (Peak 58.98M) | Time:00:00.44 | Mem:18.46M, Peak:18.46M | Scene, ViewLayer | Updating Baking
Fra:1 Mem:50.04M (Peak 58.98M) | Time:00:00.44 | Mem:18.46M, Peak:18.46M | Scene, ViewLayer | Updating Device | Writing constant memory
Fra:1 Mem:50.05M (Peak 58.98M) | Time:00:00.44 | Mem:18.46M, Peak:18.46M | Scene, ViewLayer | Loading denoising kernels (may take a few minutes the first time)
Fra:1 Mem:54.05M (Peak 58.98M) | Time:00:00.46 | Mem:370.46M, Peak:370.46M | Scene, ViewLayer | Sample 0/24
Fra:1 Mem:101.02M (Peak 101.02M) | Time:00:00.48 | Remaining:00:00.48 | Mem:417.44M, Peak:417.44M | Scene, ViewLayer | Sample 1/24
Fra:1 Mem:120.80M (Peak 150.47M) | Time:00:03.02 | Mem:417.44M, Peak:417.44M | Scene, ViewLayer | Sample 24/24
Fra:1 Mem:120.80M (Peak 150.47M) | Time:00:03.02 | Mem:417.44M, Peak:417.44M | Scene, ViewLayer | Finished
Saved: 'D:\vibe-coding-e\nova-swarm-forum-129-improvements-20260822\docs\fleet-art-v2\ships\28\surfaced.png'
Time: 00:03.22 (Saving: 00:00.10)

Info: Saved as "source.blend"
16:31:15 | INFO: Starting glTF 2.0 export
16:31:15 | INFO: Extracting primitive: Continuous pressure fuselage.004
16:31:15 | WARNING: More than one shader node tex image used for a texture. The resulting glTF sampler will behave like the first shader node tex image.
16:31:15 | WARNING: More than one shader node tex image used for a texture. The resulting glTF sampler will behave like the first shader node tex image.
16:31:15 | INFO: Primitives created: 6
16:31:15 | INFO: Finished glTF 2.0 export in 0.18929433822631836 s
Fra:1 Mem:32.58M (Peak 48.08M) | Time:00:00.13 | Mem:0.00M, Peak:0.00M | Scene, ViewLayer | Synchronizing object | Broad neutral key
Fra:1 Mem:32.58M (Peak 48.08M) | Time:00:00.13 | Mem:0.00M, Peak:0.00M | Scene, ViewLayer | Synchronizing object | AegisCometV2
Fra:1 Mem:34.49M (Peak 48.08M) | Time:00:00.14 | Mem:0.00M, Peak:0.00M | Scene, ViewLayer | Initializing
Fra:1 Mem:34.02M (Peak 48.08M) | Time:00:00.14 | Mem:0.00M, Peak:0.00M | Scene, ViewLayer | Waiting for render to start
Fra:1 Mem:34.02M (Peak 48.08M) | Time:00:00.14 | Mem:0.00M, Peak:0.00M | Scene, ViewLayer | Updating Scene
Fra:1 Mem:34.02M (Peak 48.08M) | Time:00:00.14 | Mem:0.00M, Peak:0.00M | Scene, ViewLayer | Updating Shaders
Fra:1 Mem:34.02M (Peak 48.08M) | Time:00:00.14 | Mem:0.00M, Peak:0.00M | Scene, ViewLayer | Loading render kernels (may take a few minutes the first time)
Fra:1 Mem:34.10M (Peak 61.39M) | Time:00:00.26 | Mem:0.01M, Peak:0.01M | Scene, ViewLayer | Updating Procedurals
Fra:1 Mem:34.10M (Peak 61.39M) | Time:00:00.26 | Mem:0.01M, Peak:0.01M | Scene, ViewLayer | Updating Background
Fra:1 Mem:34.10M (Peak 61.39M) | Time:00:00.26 | Mem:0.01M, Peak:0.01M | Scene, ViewLayer | Updating Camera
Fra:1 Mem:34.10M (Peak 61.39M) | Time:00:00.26 | Mem:0.01M, Peak:0.01M | Scene, ViewLayer | Updating Meshes Flags
Fra:1 Mem:34.10M (Peak 61.39M) | Time:00:00.26 | Mem:0.01M, Peak:0.01M | Scene, ViewLayer | Updating Objects
Fra:1 Mem:34.10M (Peak 61.39M) | Time:00:00.26 | Mem:0.01M, Peak:0.01M | Scene, ViewLayer | Updating Objects | Copying Transformations to device
Fra:1 Mem:34.10M (Peak 61.39M) | Time:00:00.26 | Mem:0.01M, Peak:0.01M | Scene, ViewLayer | Updating Particle Systems
Fra:1 Mem:34.10M (Peak 61.39M) | Time:00:00.26 | Mem:0.01M, Peak:0.01M | Scene, ViewLayer | Updating Particle Systems | Copying Particles to device
Fra:1 Mem:34.10M (Peak 61.39M) | Time:00:00.26 | Mem:0.01M, Peak:0.01M | Scene, ViewLayer | Updating Meshes
Fra:1 Mem:35.31M (Peak 61.39M) | Time:00:00.27 | Mem:0.01M, Peak:0.01M | Scene, ViewLayer | Updating Objects | Applying Static Transformations
Fra:1 Mem:35.31M (Peak 61.39M) | Time:00:00.27 | Mem:0.01M, Peak:0.01M | Scene, ViewLayer | Updating Mesh | Computing attributes
Fra:1 Mem:36.94M (Peak 61.39M) | Time:00:00.27 | Mem:0.01M, Peak:0.01M | Scene, ViewLayer | Updating Mesh | Copying Attributes to device
Fra:1 Mem:36.94M (Peak 61.39M) | Time:00:00.28 | Mem:1.65M, Peak:1.65M | Scene, ViewLayer | Updating Geometry BVH light 5/4 | Building BVH
Fra:1 Mem:36.94M (Peak 61.39M) | Time:00:00.28 | Mem:1.65M, Peak:1.65M | Scene, ViewLayer | Updating Geometry BVH Neutral fill 3/4 | Building BVH
Fra:1 Mem:36.94M (Peak 61.39M) | Time:00:00.28 | Mem:1.65M, Peak:1.65M | Scene, ViewLayer | Updating Geometry BVH Continuous pressure fuselage.004 4/4 | Building BVH
Fra:1 Mem:36.94M (Peak 61.39M) | Time:00:00.28 | Mem:1.65M, Peak:1.65M | Scene, ViewLayer | Updating Geometry BVH Continuous pressure fuselage.004 4/4 | Building OptiX acceleration structure
Fra:1 Mem:36.94M (Peak 61.39M) | Time:00:00.28 | Mem:2.17M, Peak:3.80M | Scene, ViewLayer | Updating Scene BVH | Building
Fra:1 Mem:36.94M (Peak 61.39M) | Time:00:00.28 | Mem:2.17M, Peak:3.80M | Scene, ViewLayer | Updating Scene BVH | Building OptiX acceleration structure
Fra:1 Mem:36.94M (Peak 61.39M) | Time:00:00.28 | Mem:2.17M, Peak:3.80M | Scene, ViewLayer | Updating Scene BVH | Copying BVH to device
Fra:1 Mem:36.94M (Peak 61.39M) | Time:00:00.28 | Mem:2.17M, Peak:3.80M | Scene, ViewLayer | Updating Mesh | Computing normals
Fra:1 Mem:37.64M (Peak 61.39M) | Time:00:00.28 | Mem:2.17M, Peak:3.80M | Scene, ViewLayer | Updating Mesh | Copying Mesh to device
Fra:1 Mem:37.64M (Peak 61.39M) | Time:00:00.28 | Mem:2.87M, Peak:3.80M | Scene, ViewLayer | Updating Objects Flags
Fra:1 Mem:37.64M (Peak 61.39M) | Time:00:00.28 | Mem:2.87M, Peak:3.80M | Scene, ViewLayer | Updating Primitive Offsets
Fra:1 Mem:37.64M (Peak 61.39M) | Time:00:00.28 | Mem:2.87M, Peak:3.80M | Scene, ViewLayer | Updating Images
Fra:1 Mem:37.64M (Peak 61.39M) | Time:00:00.28 | Mem:2.87M, Peak:3.80M | Scene, ViewLayer | Updating Images | Loading panel-normal.png
Fra:1 Mem:41.64M (Peak 61.39M) | Time:00:00.28 | Mem:2.87M, Peak:3.80M | Scene, ViewLayer | Updating Images | Loading cobalt-basecolor.png
Fra:1 Mem:45.64M (Peak 61.39M) | Time:00:00.28 | Mem:2.87M, Peak:3.80M | Scene, ViewLayer | Updating Images | Loading paint-orm.png
Fra:1 Mem:53.66M (Peak 61.39M) | Time:00:00.30 | Mem:18.87M, Peak:18.87M | Scene, ViewLayer | Updating Camera Volume
Fra:1 Mem:53.66M (Peak 61.39M) | Time:00:00.30 | Mem:18.87M, Peak:18.87M | Scene, ViewLayer | Updating Lookup Tables
Fra:1 Mem:53.66M (Peak 61.39M) | Time:00:00.30 | Mem:18.95M, Peak:18.95M | Scene, ViewLayer | Updating Lights
Fra:1 Mem:53.66M (Peak 61.39M) | Time:00:00.30 | Mem:18.95M, Peak:18.95M | Scene, ViewLayer | Updating Lights | Computing tree
Fra:1 Mem:53.95M (Peak 61.39M) | Time:00:00.31 | Mem:19.24M, Peak:19.24M | Scene, ViewLayer | Updating Integrator
Fra:1 Mem:53.95M (Peak 61.39M) | Time:00:00.31 | Mem:19.24M, Peak:19.24M | Scene, ViewLayer | Updating Film
Fra:1 Mem:53.95M (Peak 61.39M) | Time:00:00.31 | Mem:19.16M, Peak:19.24M | Scene, ViewLayer | Updating Lookup Tables
Fra:1 Mem:53.95M (Peak 61.39M) | Time:00:00.31 | Mem:19.25M, Peak:19.25M | Scene, ViewLayer | Updating Baking
Fra:1 Mem:53.95M (Peak 61.39M) | Time:00:00.31 | Mem:19.25M, Peak:19.25M | Scene, ViewLayer | Updating Device | Writing constant memory
Fra:1 Mem:53.95M (Peak 61.39M) | Time:00:00.31 | Mem:19.25M, Peak:19.25M | Scene, ViewLayer | Loading denoising kernels (may take a few minutes the first time)
Fra:1 Mem:57.95M (Peak 61.39M) | Time:00:00.32 | Mem:371.25M, Peak:371.25M | Scene, ViewLayer | Sample 0/24
Fra:1 Mem:133.96M (Peak 133.96M) | Time:00:00.36 | Remaining:00:00.75 | Mem:447.26M, Peak:447.26M | Scene, ViewLayer | Sample 1/24
Fra:1 Mem:165.96M (Peak 213.96M) | Time:00:04.64 | Mem:447.26M, Peak:447.26M | Scene, ViewLayer | Sample 24/24
Fra:1 Mem:165.96M (Peak 213.96M) | Time:00:04.64 | Mem:447.26M, Peak:447.26M | Scene, ViewLayer | Finished
Saved: 'D:\vibe-coding-e\nova-swarm-forum-129-improvements-20260822\docs\fleet-art-v2\ships\28\export\showroom.png'
Time: 00:04.85 (Saving: 00:00.12)

Fra:1 Mem:32.90M (Peak 32.90M) | Time:00:00.14 | Mem:0.00M, Peak:0.00M | Scene, ViewLayer | Synchronizing object | Broad neutral key
Fra:1 Mem:32.90M (Peak 32.90M) | Time:00:00.14 | Mem:0.00M, Peak:0.00M | Scene, ViewLayer | Synchronizing object | AegisCometV2
Fra:1 Mem:34.49M (Peak 36.32M) | Time:00:00.14 | Mem:0.00M, Peak:0.00M | Scene, ViewLayer | Initializing
Fra:1 Mem:34.02M (Peak 36.32M) | Time:00:00.14 | Mem:0.00M, Peak:0.00M | Scene, ViewLayer | Waiting for render to start
Fra:1 Mem:34.02M (Peak 36.32M) | Time:00:00.14 | Mem:0.00M, Peak:0.00M | Scene, ViewLayer | Updating Scene
Fra:1 Mem:34.02M (Peak 36.32M) | Time:00:00.14 | Mem:0.00M, Peak:0.00M | Scene, ViewLayer | Updating Shaders
Fra:1 Mem:34.02M (Peak 36.32M) | Time:00:00.14 | Mem:0.00M, Peak:0.00M | Scene, ViewLayer | Loading render kernels (may take a few minutes the first time)
Fra:1 Mem:34.10M (Peak 61.39M) | Time:00:00.26 | Mem:0.01M, Peak:0.01M | Scene, ViewLayer | Updating Procedurals
Fra:1 Mem:34.10M (Peak 61.39M) | Time:00:00.26 | Mem:0.01M, Peak:0.01M | Scene, ViewLayer | Updating Background
Fra:1 Mem:34.10M (Peak 61.39M) | Time:00:00.26 | Mem:0.01M, Peak:0.01M | Scene, ViewLayer | Updating Camera
Fra:1 Mem:34.10M (Peak 61.39M) | Time:00:00.26 | Mem:0.01M, Peak:0.01M | Scene, ViewLayer | Updating Meshes Flags
Fra:1 Mem:34.10M (Peak 61.39M) | Time:00:00.26 | Mem:0.01M, Peak:0.01M | Scene, ViewLayer | Updating Objects
Fra:1 Mem:34.10M (Peak 61.39M) | Time:00:00.26 | Mem:0.01M, Peak:0.01M | Scene, ViewLayer | Updating Objects | Copying Transformations to device
Fra:1 Mem:34.10M (Peak 61.39M) | Time:00:00.26 | Mem:0.01M, Peak:0.01M | Scene, ViewLayer | Updating Particle Systems
Fra:1 Mem:34.10M (Peak 61.39M) | Time:00:00.26 | Mem:0.01M, Peak:0.01M | Scene, ViewLayer | Updating Particle Systems | Copying Particles to device
Fra:1 Mem:34.10M (Peak 61.39M) | Time:00:00.26 | Mem:0.01M, Peak:0.01M | Scene, ViewLayer | Updating Meshes
Fra:1 Mem:35.31M (Peak 61.39M) | Time:00:00.28 | Mem:0.01M, Peak:0.01M | Scene, ViewLayer | Updating Objects | Applying Static Transformations
Fra:1 Mem:35.31M (Peak 61.39M) | Time:00:00.28 | Mem:0.01M, Peak:0.01M | Scene, ViewLayer | Updating Mesh | Computing attributes
Fra:1 Mem:36.94M (Peak 61.39M) | Time:00:00.28 | Mem:0.01M, Peak:0.01M | Scene, ViewLayer | Updating Mesh | Copying Attributes to device
Fra:1 Mem:36.94M (Peak 61.39M) | Time:00:00.28 | Mem:1.65M, Peak:1.65M | Scene, ViewLayer | Updating Geometry BVH light 5/4 | Building BVH
Fra:1 Mem:36.94M (Peak 61.39M) | Time:00:00.28 | Mem:1.65M, Peak:1.65M | Scene, ViewLayer | Updating Geometry BVH Neutral fill 3/4 | Building OptiX acceleration structure
Fra:1 Mem:36.94M (Peak 61.39M) | Time:00:00.28 | Mem:1.65M, Peak:1.65M | Scene, ViewLayer | Updating Geometry BVH Continuous pressure fuselage.004 4/4 | Building BVH
Fra:1 Mem:36.94M (Peak 61.39M) | Time:00:00.28 | Mem:1.65M, Peak:1.65M | Scene, ViewLayer | Updating Geometry BVH Continuous pressure fuselage.004 4/4 | Building OptiX acceleration structure
Fra:1 Mem:36.94M (Peak 61.39M) | Time:00:00.28 | Mem:2.17M, Peak:3.80M | Scene, ViewLayer | Updating Scene BVH | Building
Fra:1 Mem:36.94M (Peak 61.39M) | Time:00:00.28 | Mem:2.17M, Peak:3.80M | Scene, ViewLayer | Updating Scene BVH | Building OptiX acceleration structure
Fra:1 Mem:36.94M (Peak 61.39M) | Time:00:00.29 | Mem:2.17M, Peak:3.80M | Scene, ViewLayer | Updating Scene BVH | Copying BVH to device
Fra:1 Mem:36.94M (Peak 61.39M) | Time:00:00.29 | Mem:2.17M, Peak:3.80M | Scene, ViewLayer | Updating Mesh | Computing normals
Fra:1 Mem:37.64M (Peak 61.39M) | Time:00:00.29 | Mem:2.17M, Peak:3.80M | Scene, ViewLayer | Updating Mesh | Copying Mesh to device
Fra:1 Mem:37.64M (Peak 61.39M) | Time:00:00.29 | Mem:2.87M, Peak:3.80M | Scene, ViewLayer | Updating Objects Flags
Fra:1 Mem:37.64M (Peak 61.39M) | Time:00:00.29 | Mem:2.87M, Peak:3.80M | Scene, ViewLayer | Updating Primitive Offsets
Fra:1 Mem:37.64M (Peak 61.39M) | Time:00:00.29 | Mem:2.87M, Peak:3.80M | Scene, ViewLayer | Updating Images
Fra:1 Mem:37.64M (Peak 61.39M) | Time:00:00.29 | Mem:2.87M, Peak:3.80M | Scene, ViewLayer | Updating Images | Loading panel-normal.png
Fra:1 Mem:41.64M (Peak 61.39M) | Time:00:00.29 | Mem:2.87M, Peak:3.80M | Scene, ViewLayer | Updating Images | Loading cobalt-basecolor.png
Fra:1 Mem:45.64M (Peak 61.39M) | Time:00:00.29 | Mem:2.87M, Peak:3.80M | Scene, ViewLayer | Updating Images | Loading white-basecolor.png
Fra:1 Mem:49.64M (Peak 61.39M) | Time:00:00.29 | Mem:2.87M, Peak:3.80M | Scene, ViewLayer | Updating Images | Loading paint-orm.png
Fra:1 Mem:53.66M (Peak 61.39M) | Time:00:00.31 | Mem:18.87M, Peak:18.87M | Scene, ViewLayer | Updating Camera Volume
Fra:1 Mem:53.66M (Peak 61.39M) | Time:00:00.31 | Mem:18.87M, Peak:18.87M | Scene, ViewLayer | Updating Lookup Tables
Fra:1 Mem:53.66M (Peak 61.39M) | Time:00:00.31 | Mem:18.95M, Peak:18.95M | Scene, ViewLayer | Updating Lights
Fra:1 Mem:53.66M (Peak 61.39M) | Time:00:00.31 | Mem:18.95M, Peak:18.95M | Scene, ViewLayer | Updating Lights | Computing tree
Fra:1 Mem:53.95M (Peak 61.39M) | Time:00:00.32 | Mem:19.24M, Peak:19.24M | Scene, ViewLayer | Updating Integrator
Fra:1 Mem:53.95M (Peak 61.39M) | Time:00:00.32 | Mem:19.24M, Peak:19.24M | Scene, ViewLayer | Updating Film
Fra:1 Mem:53.95M (Peak 61.39M) | Time:00:00.32 | Mem:19.16M, Peak:19.24M | Scene, ViewLayer | Updating Lookup Tables
Fra:1 Mem:53.95M (Peak 61.39M) | Time:00:00.32 | Mem:19.25M, Peak:19.25M | Scene, ViewLayer | Updating Baking
Fra:1 Mem:53.95M (Peak 61.39M) | Time:00:00.32 | Mem:19.25M, Peak:19.25M | Scene, ViewLayer | Updating Device | Writing constant memory
Fra:1 Mem:53.95M (Peak 61.39M) | Time:00:00.32 | Mem:19.25M, Peak:19.25M | Scene, ViewLayer | Loading denoising kernels (may take a few minutes the first time)
Fra:1 Mem:57.95M (Peak 61.39M) | Time:00:00.33 | Mem:371.25M, Peak:371.25M | Scene, ViewLayer | Sample 0/24
Fra:1 Mem:76.96M (Peak 76.96M) | Time:00:00.35 | Remaining:00:00.34 | Mem:390.26M, Peak:390.26M | Scene, ViewLayer | Sample 1/24
Fra:1 Mem:84.96M (Peak 96.96M) | Time:00:01.51 | Mem:390.26M, Peak:390.26M | Scene, ViewLayer | Sample 24/24
Fra:1 Mem:84.96M (Peak 96.96M) | Time:00:01.51 | Mem:390.26M, Peak:390.26M | Scene, ViewLayer | Finished
Saved: 'D:\vibe-coding-e\nova-swarm-forum-129-improvements-20260822\docs\fleet-art-v2\ships\28\export\player.png'
Time: 00:01.65 (Saving: 00:00.04)


FLEET_V2_COMPLETE 28 Aegis Comet
Fra:1 Mem:37.89M (Peak 50.92M) | Time:00:00.16 | Mem:0.00M, Peak:0.00M | Scene, ViewLayer | Synchronizing object | Broad neutral key
Fra:1 Mem:37.89M (Peak 50.92M) | Time:00:00.16 | Mem:0.00M, Peak:0.00M | Scene, ViewLayer | Synchronizing object | Neutral fill
Fra:1 Mem:38.21M (Peak 50.92M) | Time:00:00.21 | Mem:0.00M, Peak:0.00M | Scene, ViewLayer | Synchronizing object | Continuous pressure fuselage
Fra:1 Mem:38.91M (Peak 50.92M) | Time:00:00.25 | Mem:0.00M, Peak:0.00M | Scene, ViewLayer | Synchronizing object | Cockpit integrated coaming
Fra:1 Mem:39.44M (Peak 50.92M) | Time:00:00.28 | Mem:0.00M, Peak:0.00M | Scene, ViewLayer | Synchronizing object | Pressure canopy glazing
Fra:1 Mem:39.44M (Peak 50.92M) | Time:00:00.28 | Mem:0.00M, Peak:0.00M | Scene, ViewLayer | Synchronizing object | Canopy lower frame
Fra:1 Mem:39.69M (Peak 50.92M) | Time:00:00.28 | Mem:0.00M, Peak:0.00M | Scene, ViewLayer | Synchronizing object | Canopy lower frame.001
Fra:1 Mem:39.72M (Peak 50.92M) | Time:00:00.28 | Mem:0.00M, Peak:0.00M | Scene, ViewLayer | Synchronizing object | Canopy pressure bow
Fra:1 Mem:39.76M (Peak 50.92M) | Time:00:00.28 | Mem:0.00M, Peak:0.00M | Scene, ViewLayer | Synchronizing object | Integrated lifting hull
Fra:1 Mem:39.78M (Peak 50.92M) | Time:00:00.28 | Mem:0.00M, Peak:0.00M | Scene, ViewLayer | Synchronizing object | Nozzle petal seam
Fra:1 Mem:39.80M (Peak 50.92M) | Time:00:00.28 | Mem:0.00M, Peak:0.00M | Scene, ViewLayer | Synchronizing object | Nozzle petal seam.001
Fra:1 Mem:39.89M (Peak 50.92M) | Time:00:00.28 | Mem:0.00M, Peak:0.00M | Scene, ViewLayer | Synchronizing object | Nozzle petal seam.002
Fra:1 Mem:39.89M (Peak 50.92M) | Time:00:00.28 | Mem:0.00M, Peak:0.00M | Scene, ViewLayer | Synchronizing object | Nozzle petal seam.003
Fra:1 Mem:39.88M (Peak 50.92M) | Time:00:00.28 | Mem:0.00M, Peak:0.00M | Scene, ViewLayer | Synchronizing object | Nozzle petal seam.004
Fra:1 Mem:39.88M (Peak 50.92M) | Time:00:00.28 | Mem:0.00M, Peak:0.00M | Scene, ViewLayer | Synchronizing object | Nozzle petal seam.005
Fra:1 Mem:39.90M (Peak 50.92M) | Time:00:00.28 | Mem:0.00M, Peak:0.00M | Scene, ViewLayer | Synchronizing object | Nozzle petal seam.006
Fra:1 Mem:39.87M (Peak 50.92M) | Time:00:00.28 | Mem:0.00M, Peak:0.00M | Scene, ViewLayer | Synchronizing object | Nozzle petal seam.007
Fra:1 Mem:39.87M (Peak 50.92M) | Time:00:00.28 | Mem:0.00M, Peak:0.00M | Scene, ViewLayer | Synchronizing object | Nozzle petal seam.008
Fra:1 Mem:39.87M (Peak 50.92M) | Time:00:00.28 | Mem:0.00M, Peak:0.00M | Scene, ViewLayer | Synchronizing object | Nozzle petal seam.009
Fra:1 Mem:39.87M (Peak 50.92M) | Time:00:00.28 | Mem:0.00M, Peak:0.00M | Scene, ViewLayer | Synchronizing object | Nozzle petal seam.010
Fra:1 Mem:39.88M (Peak 50.92M) | Time:00:00.28 | Mem:0.00M, Peak:0.00M | Scene, ViewLayer | Synchronizing object | Nozzle petal seam.011
Fra:1 Mem:39.88M (Peak 50.92M) | Time:00:00.28 | Mem:0.00M, Peak:0.00M | Scene, ViewLayer | Synchronizing object | Deep ion throat
Fra:1 Mem:39.88M (Peak 50.92M) | Time:00:00.28 | Mem:0.00M, Peak:0.00M | Scene, ViewLayer | Synchronizing object | Flush cooling slot
Fra:1 Mem:40.01M (Peak 50.92M) | Time:00:00.28 | Mem:0.00M, Peak:0.00M | Scene, ViewLayer | Synchronizing object | Flush cooling slot.001
Fra:1 Mem:39.97M (Peak 50.92M) | Time:00:00.28 | Mem:0.00M, Peak:0.00M | Scene, ViewLayer | Synchronizing object | Flush cooling slot.002
Fra:1 Mem:40.06M (Peak 50.92M) | Time:00:00.29 | Mem:0.00M, Peak:0.00M | Scene, ViewLayer | Synchronizing object | Blended structural fairing
Fra:1 Mem:40.28M (Peak 50.92M) | Time:00:00.30 | Mem:0.00M, Peak:0.00M | Scene, ViewLayer | Synchronizing object | Launch guide
Fra:1 Mem:40.28M (Peak 50.92M) | Time:00:00.30 | Mem:0.00M, Peak:0.00M | Scene, ViewLayer | Synchronizing object | Launch bay aperture
Fra:1 Mem:40.53M (Peak 50.92M) | Time:00:00.31 | Mem:0.00M, Peak:0.00M | Scene, ViewLayer | Synchronizing object | Blended structural fairing.002
Fra:1 Mem:40.55M (Peak 50.92M) | Time:00:00.31 | Mem:0.00M, Peak:0.00M | Scene, ViewLayer | Synchronizing object | Launch bay aperture.001
Fra:1 Mem:40.62M (Peak 50.92M) | Time:00:00.31 | Mem:0.00M, Peak:0.00M | Scene, ViewLayer | Synchronizing object | Launch guide.001
Fra:1 Mem:40.77M (Peak 50.92M) | Time:00:00.32 | Mem:0.00M, Peak:0.00M | Scene, ViewLayer | Synchronizing object | Blended structural fairing.003
Fra:1 Mem:40.77M (Peak 50.92M) | Time:00:00.32 | Mem:0.00M, Peak:0.00M | Scene, ViewLayer | Synchronizing object | Launch guide.002
Fra:1 Mem:40.92M (Peak 50.92M) | Time:00:00.32 | Mem:0.00M, Peak:0.00M | Scene, ViewLayer | Synchronizing object | Integrated lifting hull.001
Fra:1 Mem:40.90M (Peak 50.92M) | Time:00:00.32 | Mem:0.00M, Peak:0.00M | Scene, ViewLayer | Synchronizing object | Nozzle petal seam.012
Fra:1 Mem:40.98M (Peak 50.92M) | Time:00:00.32 | Mem:0.00M, Peak:0.00M | Scene, ViewLayer | Synchronizing object | Nozzle petal seam.013
Fra:1 Mem:41.05M (Peak 50.92M) | Time:00:00.32 | Mem:0.00M, Peak:0.00M | Scene, ViewLayer | Synchronizing object | Nozzle petal seam.014
Fra:1 Mem:41.04M (Peak 50.92M) | Time:00:00.32 | Mem:0.00M, Peak:0.00M | Scene, ViewLayer | Synchronizing object | Nozzle petal seam.015
Fra:1 Mem:41.03M (Peak 50.92M) | Time:00:00.32 | Mem:0.00M, Peak:0.00M | Scene, ViewLayer | Synchronizing object | Nozzle petal seam.016
Fra:1 Mem:41.03M (Peak 50.92M) | Time:00:00.32 | Mem:0.00M, Peak:0.00M | Scene, ViewLayer | Synchronizing object | Nozzle petal seam.017
Fra:1 Mem:41.04M (Peak 50.92M) | Time:00:00.32 | Mem:0.00M, Peak:0.00M | Scene, ViewLayer | Synchronizing object | Nozzle petal seam.018
Fra:1 Mem:41.05M (Peak 50.92M) | Time:00:00.32 | Mem:0.00M, Peak:0.00M | Scene, ViewLayer | Synchronizing object | Nozzle petal seam.019
Fra:1 Mem:41.02M (Peak 50.92M) | Time:00:00.32 | Mem:0.00M, Peak:0.00M | Scene, ViewLayer | Synchronizing object | Nozzle petal seam.020
Fra:1 Mem:41.02M (Peak 50.92M) | Time:00:00.32 | Mem:0.00M, Peak:0.00M | Scene, ViewLayer | Synchronizing object | Nozzle petal seam.021
Fra:1 Mem:41.02M (Peak 50.92M) | Time:00:00.32 | Mem:0.00M, Peak:0.00M | Scene, ViewLayer | Synchronizing object | Nozzle petal seam.022
Fra:1 Mem:41.03M (Peak 50.92M) | Time:00:00.32 | Mem:0.00M, Peak:0.00M | Scene, ViewLayer | Synchronizing object | Nozzle petal seam.023
Fra:1 Mem:41.03M (Peak 50.92M) | Time:00:00.32 | Mem:0.00M, Peak:0.00M | Scene, ViewLayer | Synchronizing object | Deep ion throat.001
Fra:1 Mem:41.03M (Peak 50.92M) | Time:00:00.32 | Mem:0.00M, Peak:0.00M | Scene, ViewLayer | Synchronizing object | Flush cooling slot.003
Fra:1 Mem:41.18M (Peak 50.92M) | Time:00:00.32 | Mem:0.00M, Peak:0.00M | Scene, ViewLayer | Synchronizing object | Flush cooling slot.004
Fra:1 Mem:41.13M (Peak 50.92M) | Time:00:00.32 | Mem:0.00M, Peak:0.00M | Scene, ViewLayer | Synchronizing object | Flush cooling slot.005
Fra:1 Mem:41.21M (Peak 50.92M) | Time:00:00.33 | Mem:0.00M, Peak:0.00M | Scene, ViewLayer | Synchronizing object | Blended structural fairing.004
Fra:1 Mem:41.43M (Peak 50.92M) | Time:00:00.34 | Mem:0.00M, Peak:0.00M | Scene, ViewLayer | Synchronizing object | Blended structural fairing.005
Fra:1 Mem:41.43M (Peak 50.92M) | Time:00:00.34 | Mem:0.00M, Peak:0.00M | Scene, ViewLayer | Synchronizing object | Launch bay aperture.003
Fra:1 Mem:41.47M (Peak 50.92M) | Time:00:00.34 | Mem:0.00M, Peak:0.00M | Scene, ViewLayer | Synchronizing object | Launch guide.003
Fra:1 Mem:41.68M (Peak 50.92M) | Time:00:00.35 | Mem:0.00M, Peak:0.00M | Scene, ViewLayer | Synchronizing object | Blended structural fairing.006
Fra:1 Mem:41.68M (Peak 50.92M) | Time:00:00.35 | Mem:0.00M, Peak:0.00M | Scene, ViewLayer | Synchronizing object | Launch guide.004
Fra:1 Mem:41.92M (Peak 50.92M) | Time:00:00.36 | Mem:0.00M, Peak:0.00M | Scene, ViewLayer | Synchronizing object | Blended structural fairing.007
Fra:1 Mem:41.92M (Peak 50.92M) | Time:00:00.36 | Mem:0.00M, Peak:0.00M | Scene, ViewLayer | Synchronizing object | Launch guide.005
Fra:1 Mem:42.08M (Peak 50.92M) | Time:00:00.36 | Mem:0.00M, Peak:0.00M | Scene, ViewLayer | Initializing
Fra:1 Mem:36.55M (Peak 50.92M) | Time:00:00.36 | Mem:0.00M, Peak:0.00M | Scene, ViewLayer | Waiting for render to start
Fra:1 Mem:36.55M (Peak 50.92M) | Time:00:00.36 | Mem:0.00M, Peak:0.00M | Scene, ViewLayer | Updating Scene
Fra:1 Mem:36.55M (Peak 50.92M) | Time:00:00.36 | Mem:0.00M, Peak:0.00M | Scene, ViewLayer | Updating Shaders
Fra:1 Mem:36.55M (Peak 50.92M) | Time:00:00.36 | Mem:0.00M, Peak:0.00M | Scene, ViewLayer | Loading render kernels (may take a few minutes the first time)
Fra:1 Mem:36.63M (Peak 63.93M) | Time:00:00.47 | Mem:0.01M, Peak:0.01M | Scene, ViewLayer | Updating Procedurals
Fra:1 Mem:36.63M (Peak 63.93M) | Time:00:00.47 | Mem:0.01M, Peak:0.01M | Scene, ViewLayer | Updating Background
Fra:1 Mem:36.63M (Peak 63.93M) | Time:00:00.47 | Mem:0.01M, Peak:0.01M | Scene, ViewLayer | Updating Camera
Fra:1 Mem:36.63M (Peak 63.93M) | Time:00:00.47 | Mem:0.01M, Peak:0.01M | Scene, ViewLayer | Updating Meshes Flags
Fra:1 Mem:36.63M (Peak 63.93M) | Time:00:00.47 | Mem:0.01M, Peak:0.01M | Scene, ViewLayer | Updating Objects
Fra:1 Mem:36.63M (Peak 63.93M) | Time:00:00.47 | Mem:0.01M, Peak:0.01M | Scene, ViewLayer | Updating Objects | Copying Transformations to device
Fra:1 Mem:36.65M (Peak 63.93M) | Time:00:00.47 | Mem:0.02M, Peak:0.02M | Scene, ViewLayer | Updating Particle Systems
Fra:1 Mem:36.65M (Peak 63.93M) | Time:00:00.47 | Mem:0.02M, Peak:0.02M | Scene, ViewLayer | Updating Particle Systems | Copying Particles to device
Fra:1 Mem:36.65M (Peak 63.93M) | Time:00:00.47 | Mem:0.02M, Peak:0.02M | Scene, ViewLayer | Updating Meshes
Fra:1 Mem:36.65M (Peak 63.93M) | Time:00:00.47 | Mem:0.02M, Peak:0.02M | Scene, ViewLayer | Updating Objects | Applying Static Transformations
Fra:1 Mem:36.65M (Peak 63.93M) | Time:00:00.47 | Mem:0.02M, Peak:0.02M | Scene, ViewLayer | Updating Mesh | Computing attributes
Fra:1 Mem:36.92M (Peak 63.93M) | Time:00:00.47 | Mem:0.03M, Peak:0.03M | Scene, ViewLayer | Updating Mesh | Copying Attributes to device
Fra:1 Mem:36.91M (Peak 63.93M) | Time:00:00.47 | Mem:0.28M, Peak:0.28M | Scene, ViewLayer | Updating Geometry BVH Neutral fill 3/71 | Building BVH
Fra:1 Mem:36.91M (Peak 63.93M) | Time:00:00.47 | Mem:0.28M, Peak:0.28M | Scene, ViewLayer | Updating Geometry BVH Integrated propulsion nacelle.010 11/71 | Building OptiX acceleration structure
Fra:1 Mem:36.91M (Peak 63.93M) | Time:00:00.47 | Mem:0.28M, Peak:0.28M | Scene, ViewLayer | Updating Geometry BVH Nozzle petal seam.264 13/71 | Building BVH
Fra:1 Mem:36.91M (Peak 63.93M) | Time:00:00.47 | Mem:0.28M, Peak:0.28M | Scene, ViewLayer | Updating Geometry BVH Contoured expansion nozzle.022 12/71 | Building OptiX acceleration structure
Fra:1 Mem:37.04M (Peak 63.93M) | Time:00:00.47 | Mem:0.28M, Peak:0.28M | Scene, ViewLayer | Updating Geometry BVH Launch guide.005 71/71 | Building BVH
Fra:1 Mem:37.04M (Peak 63.93M) | Time:00:00.47 | Mem:0.28M, Peak:0.28M | Scene, ViewLayer | Updating Geometry BVH Launch guide.005 71/71 | Building OptiX acceleration structure
Fra:1 Mem:37.14M (Peak 63.93M) | Time:00:00.47 | Mem:0.36M, Peak:0.36M | Scene, ViewLayer | Updating Geometry BVH Nozzle petal seam.265 14/71 | Building OptiX acceleration structure
Fra:1 Mem:37.22M (Peak 63.93M) | Time:00:00.47 | Mem:0.60M, Peak:0.65M | Scene, ViewLayer | Updating Geometry BVH Nozzle petal seam.266 15/71 | Building BVH
Fra:1 Mem:37.22M (Peak 63.93M) | Time:00:00.47 | Mem:1.01M, Peak:1.01M | Scene, ViewLayer | Updating Geometry BVH Nozzle petal seam.266 15/71 | Building OptiX acceleration structure
Fra:1 Mem:37.10M (Peak 63.93M) | Time:00:00.47 | Mem:0.63M, Peak:1.11M | Scene, ViewLayer | Updating Geometry BVH Nozzle petal seam.267 16/71 | Building BVH
Fra:1 Mem:37.10M (Peak 63.93M) | Time:00:00.47 | Mem:0.64M, Peak:1.11M | Scene, ViewLayer | Updating Geometry BVH Nozzle petal seam.267 16/71 | Building OptiX acceleration structure
Fra:1 Mem:37.10M (Peak 63.93M) | Time:00:00.47 | Mem:0.63M, Peak:1.11M | Scene, ViewLayer | Updating Geometry BVH Nozzle petal seam.268 17/71 | Building BVH
Fra:1 Mem:37.10M (Peak 63.93M) | Time:00:00.47 | Mem:0.67M, Peak:1.11M | Scene, ViewLayer | Updating Geometry BVH Nozzle petal seam.268 17/71 | Building OptiX acceleration structure
Fra:1 Mem:37.09M (Peak 63.93M) | Time:00:00.48 | Mem:0.63M, Peak:1.11M | Scene, ViewLayer | Updating Geometry BVH Nozzle petal seam.269 18/71 | Building BVH
Fra:1 Mem:37.09M (Peak 63.93M) | Time:00:00.48 | Mem:0.82M, Peak:1.11M | Scene, ViewLayer | Updating Geometry BVH Nozzle petal seam.269 18/71 | Building OptiX acceleration structure
Fra:1 Mem:37.01M (Peak 63.93M) | Time:00:00.48 | Mem:0.65M, Peak:1.11M | Scene, ViewLayer | Updating Geometry BVH Nozzle petal seam.270 19/71 | Building BVH
Fra:1 Mem:37.01M (Peak 63.93M) | Time:00:00.48 | Mem:0.69M, Peak:1.11M | Scene, ViewLayer | Updating Geometry BVH Nozzle petal seam.270 19/71 | Building OptiX acceleration structure
Fra:1 Mem:37.01M (Peak 63.93M) | Time:00:00.48 | Mem:0.66M, Peak:1.11M | Scene, ViewLayer | Updating Geometry BVH Nozzle petal seam.271 20/71 | Building BVH
Fra:1 Mem:37.01M (Peak 63.93M) | Time:00:00.48 | Mem:0.69M, Peak:1.11M | Scene, ViewLayer | Updating Geometry BVH Nozzle petal seam.271 20/71 | Building OptiX acceleration structure
Fra:1 Mem:37.00M (Peak 63.93M) | Time:00:00.48 | Mem:0.65M, Peak:1.11M | Scene, ViewLayer | Updating Geometry BVH Nozzle petal seam.272 21/71 | Building BVH
Fra:1 Mem:37.00M (Peak 63.93M) | Time:00:00.48 | Mem:0.66M, Peak:1.11M | Scene, ViewLayer | Updating Geometry BVH Nozzle petal seam.272 21/71 | Building OptiX acceleration structure
Fra:1 Mem:37.00M (Peak 63.93M) | Time:00:00.48 | Mem:0.66M, Peak:1.11M | Scene, ViewLayer | Updating Geometry BVH Nozzle petal seam.273 22/71 | Building BVH
Fra:1 Mem:37.00M (Peak 63.93M) | Time:00:00.48 | Mem:0.66M, Peak:1.11M | Scene, ViewLayer | Updating Geometry BVH Nozzle petal seam.273 22/71 | Building OptiX acceleration structure
Fra:1 Mem:37.00M (Peak 63.93M) | Time:00:00.48 | Mem:0.66M, Peak:1.11M | Scene, ViewLayer | Updating Geometry BVH Nozzle petal seam.274 23/71 | Building BVH
Fra:1 Mem:37.00M (Peak 63.93M) | Time:00:00.48 | Mem:0.66M, Peak:1.11M | Scene, ViewLayer | Updating Geometry BVH Nozzle petal seam.274 23/71 | Building OptiX acceleration structure
Fra:1 Mem:37.00M (Peak 63.93M) | Time:00:00.48 | Mem:0.66M, Peak:1.11M | Scene, ViewLayer | Updating Geometry BVH Launch bay aperture.005 70/71 | Building BVH
Fra:1 Mem:37.00M (Peak 63.93M) | Time:00:00.48 | Mem:0.66M, Peak:1.11M | Scene, ViewLayer | Updating Geometry BVH Launch bay aperture.005 70/71 | Building OptiX acceleration structure
Fra:1 Mem:37.00M (Peak 63.93M) | Time:00:00.48 | Mem:0.67M, Peak:1.11M | Scene, ViewLayer | Updating Geometry BVH Nozzle petal seam.275 24/71 | Building BVH
Fra:1 Mem:37.00M (Peak 63.93M) | Time:00:00.48 | Mem:0.67M, Peak:1.11M | Scene, ViewLayer | Updating Geometry BVH Nozzle petal seam.275 24/71 | Building OptiX acceleration structure
Fra:1 Mem:36.92M (Peak 63.93M) | Time:00:00.48 | Mem:0.69M, Peak:1.11M | Scene, ViewLayer | Updating Geometry BVH Deep ion throat.022 25/71 | Building BVH
Fra:1 Mem:36.92M (Peak 63.93M) | Time:00:00.48 | Mem:0.69M, Peak:1.11M | Scene, ViewLayer | Updating Geometry BVH Deep ion throat.022 25/71 | Building OptiX acceleration structure
Fra:1 Mem:36.94M (Peak 63.93M) | Time:00:00.48 | Mem:0.71M, Peak:1.11M | Scene, ViewLayer | Updating Geometry BVH Deep intake duct.010 26/71 | Building BVH
Fra:1 Mem:36.94M (Peak 63.93M) | Time:00:00.48 | Mem:0.71M, Peak:1.11M | Scene, ViewLayer | Updating Geometry BVH Deep intake duct.010 26/71 | Building OptiX acceleration structure
Fra:1 Mem:36.94M (Peak 63.93M) | Time:00:00.48 | Mem:0.71M, Peak:1.11M | Scene, ViewLayer | Updating Geometry BVH Ventral access door.022 27/71 | Building BVH
Fra:1 Mem:36.94M (Peak 63.93M) | Time:00:00.48 | Mem:0.72M, Peak:1.11M | Scene, ViewLayer | Updating Geometry BVH Ventral access door.022 27/71 | Building OptiX acceleration structure
Fra:1 Mem:36.95M (Peak 63.93M) | Time:00:00.48 | Mem:0.72M, Peak:1.11M | Scene, ViewLayer | Updating Geometry BVH Flush cooling slot.030 28/71 | Building BVH
Fra:1 Mem:36.95M (Peak 63.93M) | Time:00:00.48 | Mem:0.72M, Peak:1.11M | Scene, ViewLayer | Updating Geometry BVH Flush cooling slot.030 28/71 | Building OptiX acceleration structure
Fra:1 Mem:36.95M (Peak 63.93M) | Time:00:00.48 | Mem:0.72M, Peak:1.11M | Scene, ViewLayer | Updating Geometry BVH Flush cooling slot.031 29/71 | Building BVH
Fra:1 Mem:36.95M (Peak 63.93M) | Time:00:00.48 | Mem:0.72M, Peak:1.11M | Scene, ViewLayer | Updating Geometry BVH Flush cooling slot.031 29/71 | Building OptiX acceleration structure
Fra:1 Mem:36.95M (Peak 63.93M) | Time:00:00.48 | Mem:0.72M, Peak:1.11M | Scene, ViewLayer | Updating Geometry BVH Flush cooling slot.032 30/71 | Building BVH
Fra:1 Mem:36.95M (Peak 63.93M) | Time:00:00.48 | Mem:0.73M, Peak:1.11M | Scene, ViewLayer | Updating Geometry BVH Flush cooling slot.032 30/71 | Building OptiX acceleration structure
Fra:1 Mem:36.95M (Peak 63.93M) | Time:00:00.48 | Mem:0.72M, Peak:1.11M | Scene, ViewLayer | Updating Geometry BVH Mesh 31/71 | Building BVH
Fra:1 Mem:36.95M (Peak 63.93M) | Time:00:00.48 | Mem:0.73M, Peak:1.11M | Scene, ViewLayer | Updating Geometry BVH Mesh 31/71 | Building OptiX acceleration structure
Fra:1 Mem:36.98M (Peak 63.93M) | Time:00:00.48 | Mem:0.76M, Peak:1.11M | Scene, ViewLayer | Updating Geometry BVH Mesh 32/71 | Building BVH
Fra:1 Mem:36.98M (Peak 63.93M) | Time:00:00.48 | Mem:0.77M, Peak:1.11M | Scene, ViewLayer | Updating Geometry BVH Mesh 32/71 | Building OptiX acceleration structure
Fra:1 Mem:37.02M (Peak 63.93M) | Time:00:00.49 | Mem:0.79M, Peak:1.11M | Scene, ViewLayer | Updating Geometry BVH Launch bay aperture 33/71 | Building BVH
Fra:1 Mem:37.02M (Peak 63.93M) | Time:00:00.49 | Mem:0.80M, Peak:1.11M | Scene, ViewLayer | Updating Geometry BVH Launch bay aperture 33/71 | Building OptiX acceleration structure
Fra:1 Mem:37.02M (Peak 63.93M) | Time:00:00.49 | Mem:0.80M, Peak:1.11M | Scene, ViewLayer | Updating Geometry BVH Launch guide 34/71 | Building BVH
Fra:1 Mem:37.02M (Peak 63.93M) | Time:00:00.49 | Mem:0.83M, Peak:1.11M | Scene, ViewLayer | Updating Geometry BVH Launch guide 34/71 | Building OptiX acceleration structure
Fra:1 Mem:37.02M (Peak 63.93M) | Time:00:00.49 | Mem:0.80M, Peak:1.11M | Scene, ViewLayer | Updating Geometry BVH Mesh 69/71 | Building BVH
Fra:1 Mem:37.02M (Peak 63.93M) | Time:00:00.49 | Mem:0.80M, Peak:1.11M | Scene, ViewLayer | Updating Geometry BVH Mesh 69/71 | Building OptiX acceleration structure
Fra:1 Mem:37.05M (Peak 63.93M) | Time:00:00.49 | Mem:0.83M, Peak:1.11M | Scene, ViewLayer | Updating Geometry BVH Mesh 35/71 | Building BVH
Fra:1 Mem:37.05M (Peak 63.93M) | Time:00:00.49 | Mem:0.89M, Peak:1.11M | Scene, ViewLayer | Updating Geometry BVH Mesh 35/71 | Building OptiX acceleration structure
Fra:1 Mem:37.06M (Peak 63.93M) | Time:00:00.49 | Mem:0.86M, Peak:1.11M | Scene, ViewLayer | Updating Geometry BVH Launch bay aperture.001 36/71 | Building BVH
Fra:1 Mem:37.06M (Peak 63.93M) | Time:00:00.49 | Mem:0.88M, Peak:1.11M | Scene, ViewLayer | Updating Geometry BVH Launch bay aperture.001 36/71 | Building OptiX acceleration structure
Fra:1 Mem:37.07M (Peak 63.93M) | Time:00:00.49 | Mem:0.87M, Peak:1.11M | Scene, ViewLayer | Updating Geometry BVH Launch guide.001 37/71 | Building BVH
Fra:1 Mem:37.07M (Peak 63.93M) | Time:00:00.49 | Mem:0.89M, Peak:1.11M | Scene, ViewLayer | Updating Geometry BVH Launch guide.001 37/71 | Building OptiX acceleration structure
Fra:1 Mem:37.06M (Peak 63.93M) | Time:00:00.49 | Mem:0.87M, Peak:1.11M | Scene, ViewLayer | Updating Geometry BVH Mesh 38/71 | Building BVH
Fra:1 Mem:37.06M (Peak 63.93M) | Time:00:00.49 | Mem:0.87M, Peak:1.11M | Scene, ViewLayer | Updating Geometry BVH Mesh 38/71 | Building OptiX acceleration structure
Fra:1 Mem:37.09M (Peak 63.93M) | Time:00:00.49 | Mem:0.90M, Peak:1.11M | Scene, ViewLayer | Updating Geometry BVH Launch bay aperture.002 39/71 | Building BVH
Fra:1 Mem:37.09M (Peak 63.93M) | Time:00:00.49 | Mem:0.91M, Peak:1.11M | Scene, ViewLayer | Updating Geometry BVH Launch bay aperture.002 39/71 | Building OptiX acceleration structure
Fra:1 Mem:37.10M (Peak 63.93M) | Time:00:00.49 | Mem:0.91M, Peak:1.11M | Scene, ViewLayer | Updating Geometry BVH Launch guide.002 40/71 | Building BVH
Fra:1 Mem:37.10M (Peak 63.93M) | Time:00:00.49 | Mem:0.92M, Peak:1.11M | Scene, ViewLayer | Updating Geometry BVH Launch guide.002 40/71 | Building OptiX acceleration structure
Fra:1 Mem:37.10M (Peak 63.93M) | Time:00:00.49 | Mem:0.91M, Peak:1.11M | Scene, ViewLayer | Updating Geometry BVH Integrated lifting hull.011 41/71 | Building BVH
Fra:1 Mem:37.10M (Peak 63.93M) | Time:00:00.49 | Mem:0.99M, Peak:1.11M | Scene, ViewLayer | Updating Geometry BVH Integrated lifting hull.011 41/71 | Building OptiX acceleration structure
Fra:1 Mem:37.08M (Peak 63.93M) | Time:00:00.49 | Mem:0.93M, Peak:1.11M | Scene, ViewLayer | Updating Geometry BVH Integrated propulsion nacelle.011 42/71 | Building BVH
Fra:1 Mem:37.08M (Peak 63.93M) | Time:00:00.49 | Mem:1.11M, Peak:1.11M | Scene, ViewLayer | Updating Geometry BVH Integrated propulsion nacelle.011 42/71 | Building OptiX acceleration structure
Fra:1 Mem:37.05M (Peak 63.93M) | Time:00:00.49 | Mem:0.95M, Peak:1.11M | Scene, ViewLayer | Updating Geometry BVH Contoured expansion nozzle.023 43/71 | Building BVH
Fra:1 Mem:37.05M (Peak 63.93M) | Time:00:00.49 | Mem:0.96M, Peak:1.11M | Scene, ViewLayer | Updating Geometry BVH Contoured expansion nozzle.023 43/71 | Building OptiX acceleration structure
Fra:1 Mem:37.05M (Peak 63.93M) | Time:00:00.49 | Mem:0.95M, Peak:1.11M | Scene, ViewLayer | Updating Geometry BVH Nozzle petal seam.276 44/71 | Building BVH
Fra:1 Mem:37.05M (Peak 63.93M) | Time:00:00.49 | Mem:0.96M, Peak:1.11M | Scene, ViewLayer | Updating Geometry BVH Nozzle petal seam.276 44/71 | Building OptiX acceleration structure
Fra:1 Mem:37.05M (Peak 63.93M) | Time:00:00.49 | Mem:0.95M, Peak:1.11M | Scene, ViewLayer | Updating Geometry BVH Nozzle petal seam.277 45/71 | Building BVH
Fra:1 Mem:37.05M (Peak 63.93M) | Time:00:00.49 | Mem:1.03M, Peak:1.11M | Scene, ViewLayer | Updating Geometry BVH Nozzle petal seam.277 45/71 | Building OptiX acceleration structure
Fra:1 Mem:37.02M (Peak 63.93M) | Time:00:00.49 | Mem:0.96M, Peak:1.13M | Scene, ViewLayer | Updating Geometry BVH Launch guide.004 68/71 | Building BVH
Fra:1 Mem:37.02M (Peak 63.93M) | Time:00:00.49 | Mem:0.96M, Peak:1.13M | Scene, ViewLayer | Updating Geometry BVH Launch guide.004 68/71 | Building OptiX acceleration structure
Fra:1 Mem:36.99M (Peak 63.93M) | Time:00:00.50 | Mem:0.97M, Peak:1.14M | Scene, ViewLayer | Updating Geometry BVH Nozzle petal seam.278 46/71 | Building BVH
Fra:1 Mem:36.99M (Peak 63.93M) | Time:00:00.50 | Mem:0.97M, Peak:1.14M | Scene, ViewLayer | Updating Geometry BVH Nozzle petal seam.278 46/71 | Building OptiX acceleration structure
Fra:1 Mem:36.98M (Peak 63.93M) | Time:00:00.50 | Mem:0.97M, Peak:1.14M | Scene, ViewLayer | Updating Geometry BVH Nozzle petal seam.279 47/71 | Building BVH
Fra:1 Mem:36.98M (Peak 63.93M) | Time:00:00.50 | Mem:0.97M, Peak:1.14M | Scene, ViewLayer | Updating Geometry BVH Nozzle petal seam.279 47/71 | Building OptiX acceleration structure
Fra:1 Mem:36.98M (Peak 63.93M) | Time:00:00.50 | Mem:0.97M, Peak:1.14M | Scene, ViewLayer | Updating Geometry BVH Nozzle petal seam.280 48/71 | Building BVH
Fra:1 Mem:36.98M (Peak 63.93M) | Time:00:00.50 | Mem:0.97M, Peak:1.14M | Scene, ViewLayer | Updating Geometry BVH Nozzle petal seam.280 48/71 | Building OptiX acceleration structure
Fra:1 Mem:36.95M (Peak 63.93M) | Time:00:00.50 | Mem:0.98M, Peak:1.15M | Scene, ViewLayer | Updating Geometry BVH Nozzle petal seam.281 49/71 | Building BVH
Fra:1 Mem:36.95M (Peak 63.93M) | Time:00:00.50 | Mem:0.99M, Peak:1.15M | Scene, ViewLayer | Updating Geometry BVH Nozzle petal seam.281 49/71 | Building OptiX acceleration structure
Fra:1 Mem:36.94M (Peak 63.93M) | Time:00:00.50 | Mem:0.98M, Peak:1.15M | Scene, ViewLayer | Updating Geometry BVH Nozzle petal seam.282 50/71 | Building BVH
Fra:1 Mem:36.94M (Peak 63.93M) | Time:00:00.50 | Mem:0.98M, Peak:1.15M | Scene, ViewLayer | Updating Geometry BVH Nozzle petal seam.282 50/71 | Building OptiX acceleration structure
Fra:1 Mem:36.94M (Peak 63.93M) | Time:00:00.50 | Mem:0.98M, Peak:1.15M | Scene, ViewLayer | Updating Geometry BVH Nozzle petal seam.283 51/71 | Building BVH
Fra:1 Mem:36.94M (Peak 63.93M) | Time:00:00.50 | Mem:1.01M, Peak:1.15M | Scene, ViewLayer | Updating Geometry BVH Nozzle petal seam.283 51/71 | Building OptiX acceleration structure
Fra:1 Mem:36.93M (Peak 63.93M) | Time:00:00.50 | Mem:0.98M, Peak:1.15M | Scene, ViewLayer | Updating Geometry BVH Nozzle petal seam.284 52/71 | Building BVH
Fra:1 Mem:36.93M (Peak 63.93M) | Time:00:00.50 | Mem:0.98M, Peak:1.15M | Scene, ViewLayer | Updating Geometry BVH Nozzle petal seam.284 52/71 | Building OptiX acceleration structure
Fra:1 Mem:36.92M (Peak 63.93M) | Time:00:00.50 | Mem:0.98M, Peak:1.15M | Scene, ViewLayer | Updating Geometry BVH Nozzle petal seam.285 53/71 | Building BVH
Fra:1 Mem:36.92M (Peak 63.93M) | Time:00:00.50 | Mem:1.02M, Peak:1.15M | Scene, ViewLayer | Updating Geometry BVH Nozzle petal seam.285 53/71 | Building OptiX acceleration structure
Fra:1 Mem:36.91M (Peak 63.93M) | Time:00:00.50 | Mem:0.98M, Peak:1.15M | Scene, ViewLayer | Updating Geometry BVH Nozzle petal seam.286 54/71 | Building BVH
Fra:1 Mem:36.91M (Peak 63.93M) | Time:00:00.50 | Mem:0.99M, Peak:1.15M | Scene, ViewLayer | Updating Geometry BVH Nozzle petal seam.286 54/71 | Building OptiX acceleration structure
Fra:1 Mem:36.91M (Peak 63.93M) | Time:00:00.50 | Mem:0.98M, Peak:1.15M | Scene, ViewLayer | Updating Geometry BVH Nozzle petal seam.287 55/71 | Building BVH
Fra:1 Mem:36.91M (Peak 63.93M) | Time:00:00.50 | Mem:0.99M, Peak:1.15M | Scene, ViewLayer | Updating Geometry BVH Nozzle petal seam.287 55/71 | Building OptiX acceleration structure
Fra:1 Mem:36.91M (Peak 63.93M) | Time:00:00.50 | Mem:0.99M, Peak:1.15M | Scene, ViewLayer | Updating Geometry BVH Deep ion throat.023 56/71 | Building BVH
Fra:1 Mem:36.91M (Peak 63.93M) | Time:00:00.50 | Mem:0.99M, Peak:1.15M | Scene, ViewLayer | Updating Geometry BVH Deep ion throat.023 56/71 | Building OptiX acceleration structure
Fra:1 Mem:36.93M (Peak 63.93M) | Time:00:00.50 | Mem:1.01M, Peak:1.15M | Scene, ViewLayer | Updating Geometry BVH Launch bay aperture.004 67/71 | Building BVH
Fra:1 Mem:36.93M (Peak 63.93M) | Time:00:00.50 | Mem:1.01M, Peak:1.15M | Scene, ViewLayer | Updating Geometry BVH Launch bay aperture.004 67/71 | Building OptiX acceleration structure
Fra:1 Mem:36.94M (Peak 63.93M) | Time:00:00.51 | Mem:1.02M, Peak:1.15M | Scene, ViewLayer | Updating Geometry BVH Deep intake duct.011 57/71 | Building BVH
Fra:1 Mem:36.94M (Peak 63.93M) | Time:00:00.51 | Mem:1.02M, Peak:1.15M | Scene, ViewLayer | Updating Geometry BVH Deep intake duct.011 57/71 | Building OptiX acceleration structure
Fra:1 Mem:36.94M (Peak 63.93M) | Time:00:00.51 | Mem:1.02M, Peak:1.15M | Scene, ViewLayer | Updating Geometry BVH Ventral access door.023 58/71 | Building BVH
Fra:1 Mem:36.94M (Peak 63.93M) | Time:00:00.51 | Mem:1.03M, Peak:1.15M | Scene, ViewLayer | Updating Geometry BVH Ventral access door.023 58/71 | Building OptiX acceleration structure
Fra:1 Mem:36.95M (Peak 63.93M) | Time:00:00.51 | Mem:1.03M, Peak:1.15M | Scene, ViewLayer | Updating Geometry BVH Flush cooling slot.033 59/71 | Building BVH
Fra:1 Mem:36.95M (Peak 63.93M) | Time:00:00.51 | Mem:1.04M, Peak:1.15M | Scene, ViewLayer | Updating Geometry BVH Flush cooling slot.033 59/71 | Building OptiX acceleration structure
Fra:1 Mem:36.95M (Peak 63.93M) | Time:00:00.51 | Mem:1.03M, Peak:1.15M | Scene, ViewLayer | Updating Geometry BVH Flush cooling slot.034 60/71 | Building BVH
Fra:1 Mem:36.95M (Peak 63.93M) | Time:00:00.51 | Mem:1.04M, Peak:1.15M | Scene, ViewLayer | Updating Geometry BVH Flush cooling slot.034 60/71 | Building OptiX acceleration structure
Fra:1 Mem:36.95M (Peak 63.93M) | Time:00:00.51 | Mem:1.03M, Peak:1.15M | Scene, ViewLayer | Updating Geometry BVH Flush cooling slot.035 61/71 | Building BVH
Fra:1 Mem:36.95M (Peak 63.93M) | Time:00:00.51 | Mem:1.03M, Peak:1.15M | Scene, ViewLayer | Updating Geometry BVH Flush cooling slot.035 61/71 | Building OptiX acceleration structure
Fra:1 Mem:36.95M (Peak 63.93M) | Time:00:00.51 | Mem:1.03M, Peak:1.15M | Scene, ViewLayer | Updating Geometry BVH Mesh 62/71 | Building BVH
Fra:1 Mem:36.95M (Peak 63.93M) | Time:00:00.51 | Mem:1.04M, Peak:1.15M | Scene, ViewLayer | Updating Geometry BVH Mesh 62/71 | Building OptiX acceleration structure
Fra:1 Mem:36.98M (Peak 63.93M) | Time:00:00.51 | Mem:1.07M, Peak:1.15M | Scene, ViewLayer | Updating Geometry BVH Mesh 63/71 | Building BVH
Fra:1 Mem:36.98M (Peak 63.93M) | Time:00:00.51 | Mem:1.07M, Peak:1.15M | Scene, ViewLayer | Updating Geometry BVH Mesh 63/71 | Building OptiX acceleration structure
Fra:1 Mem:37.02M (Peak 63.93M) | Time:00:00.51 | Mem:1.10M, Peak:1.15M | Scene, ViewLayer | Updating Geometry BVH Launch bay aperture.003 64/71 | Building BVH
Fra:1 Mem:37.02M (Peak 63.93M) | Time:00:00.51 | Mem:1.10M, Peak:1.15M | Scene, ViewLayer | Updating Geometry BVH Launch bay aperture.003 64/71 | Building OptiX acceleration structure
Fra:1 Mem:37.02M (Peak 63.93M) | Time:00:00.51 | Mem:1.11M, Peak:1.15M | Scene, ViewLayer | Updating Geometry BVH Launch guide.003 65/71 | Building BVH
Fra:1 Mem:37.02M (Peak 63.93M) | Time:00:00.51 | Mem:1.12M, Peak:1.15M | Scene, ViewLayer | Updating Geometry BVH Launch guide.003 65/71 | Building OptiX acceleration structure
Fra:1 Mem:37.02M (Peak 63.93M) | Time:00:00.51 | Mem:1.13M, Peak:1.15M | Scene, ViewLayer | Updating Geometry BVH Mesh 66/71 | Building BVH
Fra:1 Mem:37.03M (Peak 63.93M) | Time:00:00.51 | Mem:1.17M, Peak:1.17M | Scene, ViewLayer | Updating Geometry BVH Mesh 66/71 | Building OptiX acceleration structure
Fra:1 Mem:36.91M (Peak 63.93M) | Time:00:00.52 | Mem:1.16M, Peak:1.33M | Scene, ViewLayer | Updating Scene BVH | Building
Fra:1 Mem:36.91M (Peak 63.93M) | Time:00:00.52 | Mem:1.16M, Peak:1.33M | Scene, ViewLayer | Updating Scene BVH | Building OptiX acceleration structure
Fra:1 Mem:36.91M (Peak 63.93M) | Time:00:00.52 | Mem:1.17M, Peak:1.33M | Scene, ViewLayer | Updating Scene BVH | Copying BVH to device
Fra:1 Mem:36.91M (Peak 63.93M) | Time:00:00.52 | Mem:1.17M, Peak:1.33M | Scene, ViewLayer | Updating Mesh | Computing normals
Fra:1 Mem:37.94M (Peak 63.93M) | Time:00:00.52 | Mem:1.17M, Peak:1.33M | Scene, ViewLayer | Updating Mesh | Copying Mesh to device
Fra:1 Mem:37.94M (Peak 63.93M) | Time:00:00.52 | Mem:2.20M, Peak:2.20M | Scene, ViewLayer | Updating Objects Flags
Fra:1 Mem:37.94M (Peak 63.93M) | Time:00:00.52 | Mem:2.20M, Peak:2.20M | Scene, ViewLayer | Updating Primitive Offsets
Fra:1 Mem:37.94M (Peak 63.93M) | Time:00:00.52 | Mem:2.20M, Peak:2.20M | Scene, ViewLayer | Updating Images
Fra:1 Mem:37.94M (Peak 63.93M) | Time:00:00.52 | Mem:2.20M, Peak:2.20M | Scene, ViewLayer | Updating Camera Volume
Fra:1 Mem:37.94M (Peak 63.93M) | Time:00:00.52 | Mem:2.20M, Peak:2.20M | Scene, ViewLayer | Updating Lookup Tables
Fra:1 Mem:37.94M (Peak 63.93M) | Time:00:00.52 | Mem:2.28M, Peak:2.28M | Scene, ViewLayer | Updating Lights
Fra:1 Mem:37.94M (Peak 63.93M) | Time:00:00.52 | Mem:2.28M, Peak:2.28M | Scene, ViewLayer | Updating Lights | Computing tree
Fra:1 Mem:37.94M (Peak 63.93M) | Time:00:00.52 | Mem:2.28M, Peak:2.28M | Scene, ViewLayer | Updating Integrator
Fra:1 Mem:37.94M (Peak 63.93M) | Time:00:00.52 | Mem:2.28M, Peak:2.28M | Scene, ViewLayer | Updating Film
Fra:1 Mem:37.94M (Peak 63.93M) | Time:00:00.52 | Mem:2.20M, Peak:2.28M | Scene, ViewLayer | Updating Lookup Tables
Fra:1 Mem:37.94M (Peak 63.93M) | Time:00:00.52 | Mem:2.29M, Peak:2.29M | Scene, ViewLayer | Updating Baking
Fra:1 Mem:37.94M (Peak 63.93M) | Time:00:00.52 | Mem:2.29M, Peak:2.29M | Scene, ViewLayer | Updating Device | Writing constant memory
Fra:1 Mem:37.95M (Peak 63.93M) | Time:00:00.52 | Mem:2.29M, Peak:2.29M | Scene, ViewLayer | Loading denoising kernels (may take a few minutes the first time)
Fra:1 Mem:41.95M (Peak 63.93M) | Time:00:00.54 | Mem:354.29M, Peak:354.29M | Scene, ViewLayer | Sample 0/24
Fra:1 Mem:88.92M (Peak 88.92M) | Time:00:00.56 | Remaining:00:00.42 | Mem:401.26M, Peak:401.26M | Scene, ViewLayer | Sample 1/24
Fra:1 Mem:108.70M (Peak 138.37M) | Time:00:03.25 | Mem:401.26M, Peak:401.26M | Scene, ViewLayer | Sample 24/24
Fra:1 Mem:108.70M (Peak 138.37M) | Time:00:03.25 | Mem:401.26M, Peak:401.26M | Scene, ViewLayer | Finished
Saved: 'D:\vibe-coding-e\nova-swarm-forum-129-improvements-20260822\docs\fleet-art-v2\ships\30\clay.png'
Time: 00:03.44 (Saving: 00:00.10)

Fra:1 Mem:37.92M (Peak 37.92M) | Time:00:00.17 | Mem:0.00M, Peak:0.00M | Scene, ViewLayer | Synchronizing object | Broad neutral key
Fra:1 Mem:37.93M (Peak 37.93M) | Time:00:00.17 | Mem:0.00M, Peak:0.00M | Scene, ViewLayer | Synchronizing object | Neutral fill
Fra:1 Mem:38.24M (Peak 38.24M) | Time:00:00.22 | Mem:0.00M, Peak:0.00M | Scene, ViewLayer | Synchronizing object | Continuous pressure fuselage
Fra:1 Mem:38.95M (Peak 38.95M) | Time:00:00.26 | Mem:0.00M, Peak:0.00M | Scene, ViewLayer | Synchronizing object | Cockpit integrated coaming
Fra:1 Mem:39.47M (Peak 39.47M) | Time:00:00.31 | Mem:0.00M, Peak:0.00M | Scene, ViewLayer | Synchronizing object | Pressure canopy glazing
Fra:1 Mem:39.47M (Peak 39.47M) | Time:00:00.31 | Mem:0.00M, Peak:0.00M | Scene, ViewLayer | Synchronizing object | Canopy lower frame
Fra:1 Mem:39.72M (Peak 39.72M) | Time:00:00.31 | Mem:0.00M, Peak:0.00M | Scene, ViewLayer | Synchronizing object | Canopy lower frame.001
Fra:1 Mem:39.76M (Peak 39.76M) | Time:00:00.31 | Mem:0.00M, Peak:0.00M | Scene, ViewLayer | Synchronizing object | Canopy pressure bow
Fra:1 Mem:39.76M (Peak 39.76M) | Time:00:00.31 | Mem:0.00M, Peak:0.00M | Scene, ViewLayer | Synchronizing object | Integrated lifting hull
Fra:1 Mem:39.79M (Peak 39.79M) | Time:00:00.31 | Mem:0.00M, Peak:0.00M | Scene, ViewLayer | Synchronizing object | Contoured expansion nozzle
Fra:1 Mem:39.83M (Peak 39.83M) | Time:00:00.31 | Mem:0.00M, Peak:0.00M | Scene, ViewLayer | Synchronizing object | Nozzle petal seam
Fra:1 Mem:39.91M (Peak 39.91M) | Time:00:00.31 | Mem:0.00M, Peak:0.00M | Scene, ViewLayer | Synchronizing object | Nozzle petal seam.001
Fra:1 Mem:39.89M (Peak 39.91M) | Time:00:00.31 | Mem:0.00M, Peak:0.00M | Scene, ViewLayer | Synchronizing object | Nozzle petal seam.002
Fra:1 Mem:39.90M (Peak 39.91M) | Time:00:00.31 | Mem:0.00M, Peak:0.00M | Scene, ViewLayer | Synchronizing object | Nozzle petal seam.003
Fra:1 Mem:39.89M (Peak 39.91M) | Time:00:00.31 | Mem:0.00M, Peak:0.00M | Scene, ViewLayer | Synchronizing object | Nozzle petal seam.004
Fra:1 Mem:39.90M (Peak 39.91M) | Time:00:00.31 | Mem:0.00M, Peak:0.00M | Scene, ViewLayer | Synchronizing object | Nozzle petal seam.005
Fra:1 Mem:39.89M (Peak 39.91M) | Time:00:00.31 | Mem:0.00M, Peak:0.00M | Scene, ViewLayer | Synchronizing object | Nozzle petal seam.006
Fra:1 Mem:39.89M (Peak 39.91M) | Time:00:00.31 | Mem:0.00M, Peak:0.00M | Scene, ViewLayer | Synchronizing object | Nozzle petal seam.007
Fra:1 Mem:39.89M (Peak 39.91M) | Time:00:00.31 | Mem:0.00M, Peak:0.00M | Scene, ViewLayer | Synchronizing object | Nozzle petal seam.008
Fra:1 Mem:39.89M (Peak 39.91M) | Time:00:00.31 | Mem:0.00M, Peak:0.00M | Scene, ViewLayer | Synchronizing object | Nozzle petal seam.009
Fra:1 Mem:39.89M (Peak 39.91M) | Time:00:00.31 | Mem:0.00M, Peak:0.00M | Scene, ViewLayer | Synchronizing object | Nozzle petal seam.010
Fra:1 Mem:39.90M (Peak 39.91M) | Time:00:00.31 | Mem:0.00M, Peak:0.00M | Scene, ViewLayer | Synchronizing object | Nozzle petal seam.011
Fra:1 Mem:39.90M (Peak 39.91M) | Time:00:00.31 | Mem:0.00M, Peak:0.00M | Scene, ViewLayer | Synchronizing object | Deep ion throat
Fra:1 Mem:39.90M (Peak 39.91M) | Time:00:00.31 | Mem:0.00M, Peak:0.00M | Scene, ViewLayer | Synchronizing object | Ventral access door
Fra:1 Mem:39.96M (Peak 39.96M) | Time:00:00.31 | Mem:0.00M, Peak:0.00M | Scene, ViewLayer | Synchronizing object | Flush cooling slot
Fra:1 Mem:40.03M (Peak 40.03M) | Time:00:00.31 | Mem:0.00M, Peak:0.00M | Scene, ViewLayer | Synchronizing object | Flush cooling slot.001
Fra:1 Mem:40.00M (Peak 40.03M) | Time:00:00.31 | Mem:0.00M, Peak:0.00M | Scene, ViewLayer | Synchronizing object | Flush cooling slot.002
Fra:1 Mem:40.08M (Peak 40.08M) | Time:00:00.32 | Mem:0.00M, Peak:0.00M | Scene, ViewLayer | Synchronizing object | Blended structural fairing
Fra:1 Mem:40.30M (Peak 40.30M) | Time:00:00.33 | Mem:0.00M, Peak:0.00M | Scene, ViewLayer | Synchronizing object | Blended structural fairing.001
Fra:1 Mem:40.30M (Peak 40.30M) | Time:00:00.33 | Mem:0.00M, Peak:0.00M | Scene, ViewLayer | Synchronizing object | Launch guide
Fra:1 Mem:40.54M (Peak 40.54M) | Time:00:00.35 | Mem:0.00M, Peak:0.00M | Scene, ViewLayer | Synchronizing object | Blended structural fairing.002
Fra:1 Mem:40.56M (Peak 40.56M) | Time:00:00.35 | Mem:0.00M, Peak:0.00M | Scene, ViewLayer | Synchronizing object | Launch guide.001
Fra:1 Mem:40.79M (Peak 40.79M) | Time:00:00.36 | Mem:0.00M, Peak:0.00M | Scene, ViewLayer | Synchronizing object | Blended structural fairing.003
Fra:1 Mem:40.79M (Peak 40.79M) | Time:00:00.36 | Mem:0.00M, Peak:0.00M | Scene, ViewLayer | Synchronizing object | Launch guide.002
Fra:1 Mem:40.93M (Peak 40.93M) | Time:00:00.36 | Mem:0.00M, Peak:0.00M | Scene, ViewLayer | Synchronizing object | Integrated lifting hull.001
Fra:1 Mem:40.93M (Peak 40.93M) | Time:00:00.36 | Mem:0.00M, Peak:0.00M | Scene, ViewLayer | Synchronizing object | Contoured expansion nozzle.001
Fra:1 Mem:40.96M (Peak 40.96M) | Time:00:00.36 | Mem:0.00M, Peak:0.00M | Scene, ViewLayer | Synchronizing object | Nozzle petal seam.012
Fra:1 Mem:41.05M (Peak 41.05M) | Time:00:00.36 | Mem:0.00M, Peak:0.00M | Scene, ViewLayer | Synchronizing object | Nozzle petal seam.013
Fra:1 Mem:41.04M (Peak 41.05M) | Time:00:00.36 | Mem:0.00M, Peak:0.00M | Scene, ViewLayer | Synchronizing object | Nozzle petal seam.014
Fra:1 Mem:41.03M (Peak 41.05M) | Time:00:00.36 | Mem:0.00M, Peak:0.00M | Scene, ViewLayer | Synchronizing object | Nozzle petal seam.015
Fra:1 Mem:41.03M (Peak 41.05M) | Time:00:00.36 | Mem:0.00M, Peak:0.00M | Scene, ViewLayer | Synchronizing object | Nozzle petal seam.016
Fra:1 Mem:41.07M (Peak 41.07M) | Time:00:00.36 | Mem:0.00M, Peak:0.00M | Scene, ViewLayer | Synchronizing object | Nozzle petal seam.017
Fra:1 Mem:41.02M (Peak 41.07M) | Time:00:00.36 | Mem:0.00M, Peak:0.00M | Scene, ViewLayer | Synchronizing object | Nozzle petal seam.018
Fra:1 Mem:41.02M (Peak 41.07M) | Time:00:00.36 | Mem:0.00M, Peak:0.00M | Scene, ViewLayer | Synchronizing object | Nozzle petal seam.019
Fra:1 Mem:41.02M (Peak 41.07M) | Time:00:00.36 | Mem:0.00M, Peak:0.00M | Scene, ViewLayer | Synchronizing object | Nozzle petal seam.020
Fra:1 Mem:41.03M (Peak 41.07M) | Time:00:00.36 | Mem:0.00M, Peak:0.00M | Scene, ViewLayer | Synchronizing object | Nozzle petal seam.021
Fra:1 Mem:41.03M (Peak 41.07M) | Time:00:00.36 | Mem:0.00M, Peak:0.00M | Scene, ViewLayer | Synchronizing object | Nozzle petal seam.022
Fra:1 Mem:41.03M (Peak 41.07M) | Time:00:00.36 | Mem:0.00M, Peak:0.00M | Scene, ViewLayer | Synchronizing object | Nozzle petal seam.023
Fra:1 Mem:41.03M (Peak 41.07M) | Time:00:00.36 | Mem:0.00M, Peak:0.00M | Scene, ViewLayer | Synchronizing object | Deep ion throat.001
Fra:1 Mem:41.03M (Peak 41.07M) | Time:00:00.36 | Mem:0.00M, Peak:0.00M | Scene, ViewLayer | Synchronizing object | Ventral access door.001
Fra:1 Mem:41.04M (Peak 41.07M) | Time:00:00.36 | Mem:0.00M, Peak:0.00M | Scene, ViewLayer | Synchronizing object | Flush cooling slot.003
Fra:1 Mem:41.16M (Peak 41.16M) | Time:00:00.36 | Mem:0.00M, Peak:0.00M | Scene, ViewLayer | Synchronizing object | Flush cooling slot.004
Fra:1 Mem:41.13M (Peak 41.16M) | Time:00:00.36 | Mem:0.00M, Peak:0.00M | Scene, ViewLayer | Synchronizing object | Flush cooling slot.005
Fra:1 Mem:41.21M (Peak 41.21M) | Time:00:00.38 | Mem:0.00M, Peak:0.00M | Scene, ViewLayer | Synchronizing object | Blended structural fairing.004
Fra:1 Mem:41.43M (Peak 41.43M) | Time:00:00.39 | Mem:0.00M, Peak:0.00M | Scene, ViewLayer | Synchronizing object | Blended structural fairing.005
Fra:1 Mem:41.43M (Peak 41.43M) | Time:00:00.39 | Mem:0.00M, Peak:0.00M | Scene, ViewLayer | Synchronizing object | Launch guide.003
Fra:1 Mem:41.68M (Peak 41.68M) | Time:00:00.40 | Mem:0.00M, Peak:0.00M | Scene, ViewLayer | Synchronizing object | Blended structural fairing.006
Fra:1 Mem:41.68M (Peak 41.68M) | Time:00:00.40 | Mem:0.00M, Peak:0.00M | Scene, ViewLayer | Synchronizing object | Launch bay aperture.004
Fra:1 Mem:41.92M (Peak 41.92M) | Time:00:00.41 | Mem:0.00M, Peak:0.00M | Scene, ViewLayer | Synchronizing object | Blended structural fairing.007
Fra:1 Mem:41.92M (Peak 41.92M) | Time:00:00.41 | Mem:0.00M, Peak:0.00M | Scene, ViewLayer | Synchronizing object | Launch guide.005
Fra:1 Mem:42.08M (Peak 42.08M) | Time:00:00.41 | Mem:0.00M, Peak:0.00M | Scene, ViewLayer | Initializing
Fra:1 Mem:36.55M (Peak 42.08M) | Time:00:00.42 | Mem:0.00M, Peak:0.00M | Scene, ViewLayer | Waiting for render to start
Fra:1 Mem:36.55M (Peak 42.08M) | Time:00:00.42 | Mem:0.00M, Peak:0.00M | Scene, ViewLayer | Updating Scene
Fra:1 Mem:36.55M (Peak 42.08M) | Time:00:00.42 | Mem:0.00M, Peak:0.00M | Scene, ViewLayer | Updating Shaders
Fra:1 Mem:36.55M (Peak 42.08M) | Time:00:00.42 | Mem:0.00M, Peak:0.00M | Scene, ViewLayer | Loading render kernels (may take a few minutes the first time)
Fra:1 Mem:36.63M (Peak 63.93M) | Time:00:00.54 | Mem:0.01M, Peak:0.01M | Scene, ViewLayer | Updating Procedurals
Fra:1 Mem:36.63M (Peak 63.93M) | Time:00:00.54 | Mem:0.01M, Peak:0.01M | Scene, ViewLayer | Updating Background
Fra:1 Mem:36.63M (Peak 63.93M) | Time:00:00.54 | Mem:0.01M, Peak:0.01M | Scene, ViewLayer | Updating Camera
Fra:1 Mem:36.63M (Peak 63.93M) | Time:00:00.54 | Mem:0.01M, Peak:0.01M | Scene, ViewLayer | Updating Meshes Flags
Fra:1 Mem:36.63M (Peak 63.93M) | Time:00:00.54 | Mem:0.01M, Peak:0.01M | Scene, ViewLayer | Updating Objects
Fra:1 Mem:36.63M (Peak 63.93M) | Time:00:00.54 | Mem:0.01M, Peak:0.01M | Scene, ViewLayer | Updating Objects | Copying Transformations to device
Fra:1 Mem:36.65M (Peak 63.93M) | Time:00:00.54 | Mem:0.02M, Peak:0.02M | Scene, ViewLayer | Updating Particle Systems
Fra:1 Mem:36.65M (Peak 63.93M) | Time:00:00.54 | Mem:0.02M, Peak:0.02M | Scene, ViewLayer | Updating Particle Systems | Copying Particles to device
Fra:1 Mem:36.65M (Peak 63.93M) | Time:00:00.54 | Mem:0.02M, Peak:0.02M | Scene, ViewLayer | Updating Meshes
Fra:1 Mem:36.65M (Peak 63.93M) | Time:00:00.54 | Mem:0.02M, Peak:0.02M | Scene, ViewLayer | Updating Objects | Applying Static Transformations
Fra:1 Mem:36.65M (Peak 63.93M) | Time:00:00.54 | Mem:0.02M, Peak:0.02M | Scene, ViewLayer | Updating Mesh | Computing attributes
Fra:1 Mem:36.92M (Peak 63.93M) | Time:00:00.54 | Mem:0.03M, Peak:0.03M | Scene, ViewLayer | Updating Mesh | Copying Attributes to device
Fra:1 Mem:36.91M (Peak 63.93M) | Time:00:00.54 | Mem:0.28M, Peak:0.28M | Scene, ViewLayer | Updating Geometry BVH light 72/71 | Building BVH
Fra:1 Mem:36.91M (Peak 63.93M) | Time:00:00.54 | Mem:0.28M, Peak:0.28M | Scene, ViewLayer | Updating Geometry BVH Canopy pressure bow.005 9/71 | Building BVH
Fra:1 Mem:36.91M (Peak 63.93M) | Time:00:00.54 | Mem:0.28M, Peak:0.28M | Scene, ViewLayer | Updating Geometry BVH Contoured expansion nozzle.022 12/71 | Building OptiX acceleration structure
Fra:1 Mem:37.00M (Peak 63.93M) | Time:00:00.54 | Mem:0.33M, Peak:0.33M | Scene, ViewLayer | Updating Geometry BVH Nozzle petal seam.264 13/71 | Building BVH
Fra:1 Mem:37.00M (Peak 63.93M) | Time:00:00.54 | Mem:0.33M, Peak:0.33M | Scene, ViewLayer | Updating Geometry BVH Launch guide.005 71/71 | Building OptiX acceleration structure
Fra:1 Mem:37.00M (Peak 63.93M) | Time:00:00.54 | Mem:0.33M, Peak:0.33M | Scene, ViewLayer | Updating Geometry BVH Nozzle petal seam.265 14/71 | Building BVH
Fra:1 Mem:37.00M (Peak 63.93M) | Time:00:00.54 | Mem:0.33M, Peak:0.33M | Scene, ViewLayer | Updating Geometry BVH Nozzle petal seam.265 14/71 | Building OptiX acceleration structure
Fra:1 Mem:37.22M (Peak 63.93M) | Time:00:00.54 | Mem:0.60M, Peak:0.61M | Scene, ViewLayer | Updating Geometry BVH Nozzle petal seam.266 15/71 | Building BVH
Fra:1 Mem:37.22M (Peak 63.93M) | Time:00:00.54 | Mem:1.01M, Peak:1.01M | Scene, ViewLayer | Updating Geometry BVH Nozzle petal seam.266 15/71 | Building OptiX acceleration structure
Fra:1 Mem:37.14M (Peak 63.93M) | Time:00:00.54 | Mem:0.62M, Peak:1.01M | Scene, ViewLayer | Updating Geometry BVH Nozzle petal seam.267 16/71 | Building BVH
Fra:1 Mem:37.14M (Peak 63.93M) | Time:00:00.54 | Mem:0.63M, Peak:1.01M | Scene, ViewLayer | Updating Geometry BVH Nozzle petal seam.267 16/71 | Building OptiX acceleration structure
Fra:1 Mem:37.14M (Peak 63.93M) | Time:00:00.54 | Mem:0.62M, Peak:1.01M | Scene, ViewLayer | Updating Geometry BVH Nozzle petal seam.268 17/71 | Building BVH
Fra:1 Mem:37.14M (Peak 63.93M) | Time:00:00.54 | Mem:0.62M, Peak:1.01M | Scene, ViewLayer | Updating Geometry BVH Nozzle petal seam.268 17/71 | Building OptiX acceleration structure
Fra:1 Mem:37.13M (Peak 63.93M) | Time:00:00.54 | Mem:0.62M, Peak:1.01M | Scene, ViewLayer | Updating Geometry BVH Nozzle petal seam.269 18/71 | Building BVH
Fra:1 Mem:37.13M (Peak 63.93M) | Time:00:00.54 | Mem:0.67M, Peak:1.01M | Scene, ViewLayer | Updating Geometry BVH Nozzle petal seam.269 18/71 | Building OptiX acceleration structure
Fra:1 Mem:37.01M (Peak 63.93M) | Time:00:00.54 | Mem:0.65M, Peak:1.13M | Scene, ViewLayer | Updating Geometry BVH Nozzle petal seam.270 19/71 | Building BVH
Fra:1 Mem:37.01M (Peak 63.93M) | Time:00:00.54 | Mem:0.65M, Peak:1.13M | Scene, ViewLayer | Updating Geometry BVH Nozzle petal seam.270 19/71 | Building OptiX acceleration structure
Fra:1 Mem:37.01M (Peak 63.93M) | Time:00:00.54 | Mem:0.65M, Peak:1.13M | Scene, ViewLayer | Updating Geometry BVH Launch bay aperture.005 70/71 | Building BVH
Fra:1 Mem:37.01M (Peak 63.93M) | Time:00:00.54 | Mem:0.65M, Peak:1.13M | Scene, ViewLayer | Updating Geometry BVH Launch bay aperture.005 70/71 | Building OptiX acceleration structure
Fra:1 Mem:37.01M (Peak 63.93M) | Time:00:00.54 | Mem:0.66M, Peak:1.13M | Scene, ViewLayer | Updating Geometry BVH Nozzle petal seam.271 20/71 | Building BVH
Fra:1 Mem:37.01M (Peak 63.93M) | Time:00:00.54 | Mem:0.67M, Peak:1.13M | Scene, ViewLayer | Updating Geometry BVH Nozzle petal seam.271 20/71 | Building OptiX acceleration structure
Fra:1 Mem:37.01M (Peak 63.93M) | Time:00:00.55 | Mem:0.66M, Peak:1.13M | Scene, ViewLayer | Updating Geometry BVH Nozzle petal seam.272 21/71 | Building BVH
Fra:1 Mem:37.01M (Peak 63.93M) | Time:00:00.55 | Mem:0.66M, Peak:1.13M | Scene, ViewLayer | Updating Geometry BVH Nozzle petal seam.272 21/71 | Building OptiX acceleration structure
Fra:1 Mem:37.00M (Peak 63.93M) | Time:00:00.55 | Mem:0.67M, Peak:1.13M | Scene, ViewLayer | Updating Geometry BVH Nozzle petal seam.273 22/71 | Building BVH
Fra:1 Mem:37.00M (Peak 63.93M) | Time:00:00.55 | Mem:0.68M, Peak:1.13M | Scene, ViewLayer | Updating Geometry BVH Nozzle petal seam.273 22/71 | Building OptiX acceleration structure
Fra:1 Mem:37.00M (Peak 63.93M) | Time:00:00.55 | Mem:0.67M, Peak:1.13M | Scene, ViewLayer | Updating Geometry BVH Nozzle petal seam.274 23/71 | Building BVH
Fra:1 Mem:37.00M (Peak 63.93M) | Time:00:00.55 | Mem:0.67M, Peak:1.13M | Scene, ViewLayer | Updating Geometry BVH Nozzle petal seam.274 23/71 | Building OptiX acceleration structure
Fra:1 Mem:37.00M (Peak 63.93M) | Time:00:00.55 | Mem:0.67M, Peak:1.13M | Scene, ViewLayer | Updating Geometry BVH Nozzle petal seam.275 24/71 | Building BVH
Fra:1 Mem:37.00M (Peak 63.93M) | Time:00:00.55 | Mem:1.08M, Peak:1.13M | Scene, ViewLayer | Updating Geometry BVH Nozzle petal seam.275 24/71 | Building OptiX acceleration structure
Fra:1 Mem:36.92M (Peak 63.93M) | Time:00:00.55 | Mem:0.69M, Peak:1.13M | Scene, ViewLayer | Updating Geometry BVH Deep ion throat.022 25/71 | Building BVH
Fra:1 Mem:36.92M (Peak 63.93M) | Time:00:00.55 | Mem:0.69M, Peak:1.13M | Scene, ViewLayer | Updating Geometry BVH Deep ion throat.022 25/71 | Building OptiX acceleration structure
Fra:1 Mem:36.94M (Peak 63.93M) | Time:00:00.55 | Mem:0.71M, Peak:1.13M | Scene, ViewLayer | Updating Geometry BVH Deep intake duct.010 26/71 | Building BVH
Fra:1 Mem:36.94M (Peak 63.93M) | Time:00:00.55 | Mem:0.71M, Peak:1.13M | Scene, ViewLayer | Updating Geometry BVH Deep intake duct.010 26/71 | Building OptiX acceleration structure
Fra:1 Mem:36.94M (Peak 63.93M) | Time:00:00.55 | Mem:0.71M, Peak:1.13M | Scene, ViewLayer | Updating Geometry BVH Ventral access door.022 27/71 | Building BVH
Fra:1 Mem:36.94M (Peak 63.93M) | Time:00:00.55 | Mem:0.71M, Peak:1.13M | Scene, ViewLayer | Updating Geometry BVH Ventral access door.022 27/71 | Building OptiX acceleration structure
Fra:1 Mem:36.95M (Peak 63.93M) | Time:00:00.55 | Mem:0.72M, Peak:1.13M | Scene, ViewLayer | Updating Geometry BVH Flush cooling slot.030 28/71 | Building BVH
Fra:1 Mem:36.95M (Peak 63.93M) | Time:00:00.55 | Mem:0.72M, Peak:1.13M | Scene, ViewLayer | Updating Geometry BVH Flush cooling slot.030 28/71 | Building OptiX acceleration structure
Fra:1 Mem:36.95M (Peak 63.93M) | Time:00:00.55 | Mem:0.72M, Peak:1.13M | Scene, ViewLayer | Updating Geometry BVH Flush cooling slot.031 29/71 | Building BVH
Fra:1 Mem:36.95M (Peak 63.93M) | Time:00:00.55 | Mem:0.73M, Peak:1.13M | Scene, ViewLayer | Updating Geometry BVH Flush cooling slot.031 29/71 | Building OptiX acceleration structure
Fra:1 Mem:36.95M (Peak 63.93M) | Time:00:00.55 | Mem:0.72M, Peak:1.13M | Scene, ViewLayer | Updating Geometry BVH Flush cooling slot.032 30/71 | Building BVH
Fra:1 Mem:36.95M (Peak 63.93M) | Time:00:00.55 | Mem:0.73M, Peak:1.13M | Scene, ViewLayer | Updating Geometry BVH Flush cooling slot.032 30/71 | Building OptiX acceleration structure
Fra:1 Mem:36.94M (Peak 63.93M) | Time:00:00.55 | Mem:0.72M, Peak:1.13M | Scene, ViewLayer | Updating Geometry BVH Mesh 69/71 | Building BVH
Fra:1 Mem:36.94M (Peak 63.93M) | Time:00:00.55 | Mem:0.73M, Peak:1.13M | Scene, ViewLayer | Updating Geometry BVH Mesh 69/71 | Building OptiX acceleration structure
Fra:1 Mem:36.98M (Peak 63.93M) | Time:00:00.55 | Mem:0.76M, Peak:1.13M | Scene, ViewLayer | Updating Geometry BVH Mesh 31/71 | Building BVH
Fra:1 Mem:36.98M (Peak 63.93M) | Time:00:00.55 | Mem:0.76M, Peak:1.13M | Scene, ViewLayer | Updating Geometry BVH Mesh 31/71 | Building OptiX acceleration structure
Fra:1 Mem:37.01M (Peak 63.93M) | Time:00:00.55 | Mem:0.79M, Peak:1.13M | Scene, ViewLayer | Updating Geometry BVH Mesh 32/71 | Building BVH
Fra:1 Mem:37.01M (Peak 63.93M) | Time:00:00.55 | Mem:0.80M, Peak:1.13M | Scene, ViewLayer | Updating Geometry BVH Mesh 32/71 | Building OptiX acceleration structure
Fra:1 Mem:37.04M (Peak 63.93M) | Time:00:00.55 | Mem:0.82M, Peak:1.13M | Scene, ViewLayer | Updating Geometry BVH Launch bay aperture 33/71 | Building BVH
Fra:1 Mem:37.04M (Peak 63.93M) | Time:00:00.55 | Mem:0.83M, Peak:1.13M | Scene, ViewLayer | Updating Geometry BVH Launch bay aperture 33/71 | Building OptiX acceleration structure
Fra:1 Mem:37.05M (Peak 63.93M) | Time:00:00.55 | Mem:0.83M, Peak:1.13M | Scene, ViewLayer | Updating Geometry BVH Launch guide 34/71 | Building BVH
Fra:1 Mem:37.05M (Peak 63.93M) | Time:00:00.55 | Mem:0.83M, Peak:1.13M | Scene, ViewLayer | Updating Geometry BVH Launch guide 34/71 | Building OptiX acceleration structure
Fra:1 Mem:37.05M (Peak 63.93M) | Time:00:00.55 | Mem:0.83M, Peak:1.13M | Scene, ViewLayer | Updating Geometry BVH Mesh 35/71 | Building BVH
Fra:1 Mem:37.05M (Peak 63.93M) | Time:00:00.55 | Mem:0.83M, Peak:1.13M | Scene, ViewLayer | Updating Geometry BVH Mesh 35/71 | Building OptiX acceleration structure
Fra:1 Mem:37.06M (Peak 63.93M) | Time:00:00.56 | Mem:0.86M, Peak:1.13M | Scene, ViewLayer | Updating Geometry BVH Launch bay aperture.001 36/71 | Building BVH
Fra:1 Mem:37.06M (Peak 63.93M) | Time:00:00.56 | Mem:0.88M, Peak:1.13M | Scene, ViewLayer | Updating Geometry BVH Launch bay aperture.001 36/71 | Building OptiX acceleration structure
Fra:1 Mem:37.07M (Peak 63.93M) | Time:00:00.56 | Mem:0.87M, Peak:1.13M | Scene, ViewLayer | Updating Geometry BVH Launch guide.001 37/71 | Building BVH
Fra:1 Mem:37.07M (Peak 63.93M) | Time:00:00.56 | Mem:0.89M, Peak:1.13M | Scene, ViewLayer | Updating Geometry BVH Launch guide.001 37/71 | Building OptiX acceleration structure
Fra:1 Mem:37.06M (Peak 63.93M) | Time:00:00.56 | Mem:0.87M, Peak:1.13M | Scene, ViewLayer | Updating Geometry BVH Mesh 38/71 | Building BVH
Fra:1 Mem:37.06M (Peak 63.93M) | Time:00:00.56 | Mem:0.87M, Peak:1.13M | Scene, ViewLayer | Updating Geometry BVH Mesh 38/71 | Building OptiX acceleration structure
Fra:1 Mem:37.09M (Peak 63.93M) | Time:00:00.56 | Mem:0.90M, Peak:1.13M | Scene, ViewLayer | Updating Geometry BVH Launch bay aperture.002 39/71 | Building BVH
Fra:1 Mem:37.09M (Peak 63.93M) | Time:00:00.56 | Mem:0.91M, Peak:1.13M | Scene, ViewLayer | Updating Geometry BVH Launch bay aperture.002 39/71 | Building OptiX acceleration structure
Fra:1 Mem:37.10M (Peak 63.93M) | Time:00:00.56 | Mem:0.91M, Peak:1.13M | Scene, ViewLayer | Updating Geometry BVH Launch guide.002 40/71 | Building BVH
Fra:1 Mem:37.10M (Peak 63.93M) | Time:00:00.56 | Mem:0.91M, Peak:1.13M | Scene, ViewLayer | Updating Geometry BVH Launch guide.002 40/71 | Building OptiX acceleration structure
Fra:1 Mem:37.10M (Peak 63.93M) | Time:00:00.56 | Mem:0.91M, Peak:1.13M | Scene, ViewLayer | Updating Geometry BVH Integrated lifting hull.011 41/71 | Building BVH
Fra:1 Mem:37.10M (Peak 63.93M) | Time:00:00.56 | Mem:1.08M, Peak:1.13M | Scene, ViewLayer | Updating Geometry BVH Integrated lifting hull.011 41/71 | Building OptiX acceleration structure
Fra:1 Mem:37.08M (Peak 63.93M) | Time:00:00.56 | Mem:0.93M, Peak:1.13M | Scene, ViewLayer | Updating Geometry BVH Launch guide.004 68/71 | Building BVH
Fra:1 Mem:37.08M (Peak 63.93M) | Time:00:00.56 | Mem:1.01M, Peak:1.13M | Scene, ViewLayer | Updating Geometry BVH Launch guide.004 68/71 | Building OptiX acceleration structure
Fra:1 Mem:37.05M (Peak 63.93M) | Time:00:00.56 | Mem:0.94M, Peak:1.13M | Scene, ViewLayer | Updating Geometry BVH Integrated propulsion nacelle.011 42/71 | Building BVH
Fra:1 Mem:37.05M (Peak 63.93M) | Time:00:00.56 | Mem:1.12M, Peak:1.13M | Scene, ViewLayer | Updating Geometry BVH Integrated propulsion nacelle.011 42/71 | Building OptiX acceleration structure
Fra:1 Mem:37.02M (Peak 63.93M) | Time:00:00.56 | Mem:0.96M, Peak:1.13M | Scene, ViewLayer | Updating Geometry BVH Contoured expansion nozzle.023 43/71 | Building BVH
Fra:1 Mem:37.02M (Peak 63.93M) | Time:00:00.56 | Mem:0.97M, Peak:1.13M | Scene, ViewLayer | Updating Geometry BVH Contoured expansion nozzle.023 43/71 | Building OptiX acceleration structure
Fra:1 Mem:37.02M (Peak 63.93M) | Time:00:00.56 | Mem:0.96M, Peak:1.13M | Scene, ViewLayer | Updating Geometry BVH Nozzle petal seam.276 44/71 | Building BVH
Fra:1 Mem:37.02M (Peak 63.93M) | Time:00:00.56 | Mem:0.97M, Peak:1.13M | Scene, ViewLayer | Updating Geometry BVH Nozzle petal seam.276 44/71 | Building OptiX acceleration structure
Fra:1 Mem:37.02M (Peak 63.93M) | Time:00:00.56 | Mem:0.96M, Peak:1.13M | Scene, ViewLayer | Updating Geometry BVH Nozzle petal seam.277 45/71 | Building BVH
Fra:1 Mem:37.02M (Peak 63.93M) | Time:00:00.56 | Mem:1.04M, Peak:1.13M | Scene, ViewLayer | Updating Geometry BVH Nozzle petal seam.277 45/71 | Building OptiX acceleration structure
Fra:1 Mem:36.99M (Peak 63.93M) | Time:00:00.56 | Mem:0.97M, Peak:1.14M | Scene, ViewLayer | Updating Geometry BVH Nozzle petal seam.278 46/71 | Building BVH
Fra:1 Mem:36.99M (Peak 63.93M) | Time:00:00.56 | Mem:0.97M, Peak:1.14M | Scene, ViewLayer | Updating Geometry BVH Nozzle petal seam.278 46/71 | Building OptiX acceleration structure
Fra:1 Mem:36.98M (Peak 63.93M) | Time:00:00.56 | Mem:0.97M, Peak:1.14M | Scene, ViewLayer | Updating Geometry BVH Nozzle petal seam.279 47/71 | Building BVH
Fra:1 Mem:36.98M (Peak 63.93M) | Time:00:00.56 | Mem:0.97M, Peak:1.14M | Scene, ViewLayer | Updating Geometry BVH Nozzle petal seam.279 47/71 | Building OptiX acceleration structure
Fra:1 Mem:36.98M (Peak 63.93M) | Time:00:00.56 | Mem:0.97M, Peak:1.14M | Scene, ViewLayer | Updating Geometry BVH Nozzle petal seam.280 48/71 | Building BVH
Fra:1 Mem:36.98M (Peak 63.93M) | Time:00:00.56 | Mem:1.15M, Peak:1.15M | Scene, ViewLayer | Updating Geometry BVH Nozzle petal seam.280 48/71 | Building OptiX acceleration structure
Fra:1 Mem:36.95M (Peak 63.93M) | Time:00:00.56 | Mem:0.98M, Peak:1.15M | Scene, ViewLayer | Updating Geometry BVH Nozzle petal seam.281 49/71 | Building BVH
Fra:1 Mem:36.95M (Peak 63.93M) | Time:00:00.56 | Mem:0.99M, Peak:1.15M | Scene, ViewLayer | Updating Geometry BVH Nozzle petal seam.281 49/71 | Building OptiX acceleration structure
Fra:1 Mem:36.94M (Peak 63.93M) | Time:00:00.57 | Mem:0.98M, Peak:1.15M | Scene, ViewLayer | Updating Geometry BVH Nozzle petal seam.282 50/71 | Building BVH
Fra:1 Mem:36.94M (Peak 63.93M) | Time:00:00.57 | Mem:0.98M, Peak:1.15M | Scene, ViewLayer | Updating Geometry BVH Nozzle petal seam.282 50/71 | Building OptiX acceleration structure
Fra:1 Mem:36.94M (Peak 63.93M) | Time:00:00.57 | Mem:0.98M, Peak:1.15M | Scene, ViewLayer | Updating Geometry BVH Nozzle petal seam.283 51/71 | Building BVH
Fra:1 Mem:36.94M (Peak 63.93M) | Time:00:00.57 | Mem:0.99M, Peak:1.15M | Scene, ViewLayer | Updating Geometry BVH Nozzle petal seam.283 51/71 | Building OptiX acceleration structure
Fra:1 Mem:36.93M (Peak 63.93M) | Time:00:00.57 | Mem:0.98M, Peak:1.15M | Scene, ViewLayer | Updating Geometry BVH Nozzle petal seam.284 52/71 | Building BVH
Fra:1 Mem:36.93M (Peak 63.93M) | Time:00:00.57 | Mem:0.98M, Peak:1.15M | Scene, ViewLayer | Updating Geometry BVH Nozzle petal seam.284 52/71 | Building OptiX acceleration structure
Fra:1 Mem:36.93M (Peak 63.93M) | Time:00:00.57 | Mem:0.98M, Peak:1.15M | Scene, ViewLayer | Updating Geometry BVH Launch bay aperture.004 67/71 | Building BVH
Fra:1 Mem:36.93M (Peak 63.93M) | Time:00:00.57 | Mem:0.99M, Peak:1.15M | Scene, ViewLayer | Updating Geometry BVH Launch bay aperture.004 67/71 | Building OptiX acceleration structure
Fra:1 Mem:36.93M (Peak 63.93M) | Time:00:00.57 | Mem:0.99M, Peak:1.15M | Scene, ViewLayer | Updating Geometry BVH Nozzle petal seam.285 53/71 | Building BVH
Fra:1 Mem:36.93M (Peak 63.93M) | Time:00:00.57 | Mem:0.99M, Peak:1.15M | Scene, ViewLayer | Updating Geometry BVH Nozzle petal seam.285 53/71 | Building OptiX acceleration structure
Fra:1 Mem:36.92M (Peak 63.93M) | Time:00:00.57 | Mem:0.99M, Peak:1.15M | Scene, ViewLayer | Updating Geometry BVH Nozzle petal seam.286 54/71 | Building BVH
Fra:1 Mem:36.92M (Peak 63.93M) | Time:00:00.57 | Mem:1.00M, Peak:1.15M | Scene, ViewLayer | Updating Geometry BVH Nozzle petal seam.286 54/71 | Building OptiX acceleration structure
Fra:1 Mem:36.92M (Peak 63.93M) | Time:00:00.57 | Mem:0.99M, Peak:1.15M | Scene, ViewLayer | Updating Geometry BVH Nozzle petal seam.287 55/71 | Building BVH
Fra:1 Mem:36.92M (Peak 63.93M) | Time:00:00.57 | Mem:0.99M, Peak:1.15M | Scene, ViewLayer | Updating Geometry BVH Nozzle petal seam.287 55/71 | Building OptiX acceleration structure
Fra:1 Mem:36.92M (Peak 63.93M) | Time:00:00.57 | Mem:1.00M, Peak:1.15M | Scene, ViewLayer | Updating Geometry BVH Deep ion throat.023 56/71 | Building BVH
Fra:1 Mem:36.92M (Peak 63.93M) | Time:00:00.57 | Mem:1.00M, Peak:1.15M | Scene, ViewLayer | Updating Geometry BVH Deep ion throat.023 56/71 | Building OptiX acceleration structure
Fra:1 Mem:36.94M (Peak 63.93M) | Time:00:00.57 | Mem:1.02M, Peak:1.15M | Scene, ViewLayer | Updating Geometry BVH Deep intake duct.011 57/71 | Building BVH
Fra:1 Mem:36.94M (Peak 63.93M) | Time:00:00.57 | Mem:1.02M, Peak:1.15M | Scene, ViewLayer | Updating Geometry BVH Deep intake duct.011 57/71 | Building OptiX acceleration structure
Fra:1 Mem:36.94M (Peak 63.93M) | Time:00:00.57 | Mem:1.02M, Peak:1.15M | Scene, ViewLayer | Updating Geometry BVH Ventral access door.023 58/71 | Building BVH
Fra:1 Mem:36.94M (Peak 63.93M) | Time:00:00.57 | Mem:1.03M, Peak:1.15M | Scene, ViewLayer | Updating Geometry BVH Ventral access door.023 58/71 | Building OptiX acceleration structure
Fra:1 Mem:36.95M (Peak 63.93M) | Time:00:00.57 | Mem:1.03M, Peak:1.15M | Scene, ViewLayer | Updating Geometry BVH Flush cooling slot.033 59/71 | Building BVH
Fra:1 Mem:36.95M (Peak 63.93M) | Time:00:00.57 | Mem:1.04M, Peak:1.15M | Scene, ViewLayer | Updating Geometry BVH Flush cooling slot.033 59/71 | Building OptiX acceleration structure
Fra:1 Mem:36.95M (Peak 63.93M) | Time:00:00.57 | Mem:1.03M, Peak:1.15M | Scene, ViewLayer | Updating Geometry BVH Flush cooling slot.034 60/71 | Building BVH
Fra:1 Mem:36.95M (Peak 63.93M) | Time:00:00.57 | Mem:1.04M, Peak:1.15M | Scene, ViewLayer | Updating Geometry BVH Flush cooling slot.034 60/71 | Building OptiX acceleration structure
Fra:1 Mem:36.95M (Peak 63.93M) | Time:00:00.57 | Mem:1.03M, Peak:1.15M | Scene, ViewLayer | Updating Geometry BVH Flush cooling slot.035 61/71 | Building BVH
Fra:1 Mem:36.95M (Peak 63.93M) | Time:00:00.57 | Mem:1.03M, Peak:1.15M | Scene, ViewLayer | Updating Geometry BVH Flush cooling slot.035 61/71 | Building OptiX acceleration structure
Fra:1 Mem:36.95M (Peak 63.93M) | Time:00:00.57 | Mem:1.03M, Peak:1.15M | Scene, ViewLayer | Updating Geometry BVH Mesh 62/71 | Building BVH
Fra:1 Mem:36.95M (Peak 63.93M) | Time:00:00.57 | Mem:1.04M, Peak:1.15M | Scene, ViewLayer | Updating Geometry BVH Mesh 62/71 | Building OptiX acceleration structure
Fra:1 Mem:36.98M (Peak 63.93M) | Time:00:00.57 | Mem:1.07M, Peak:1.15M | Scene, ViewLayer | Updating Geometry BVH Mesh 63/71 | Building BVH
Fra:1 Mem:36.98M (Peak 63.93M) | Time:00:00.57 | Mem:1.09M, Peak:1.15M | Scene, ViewLayer | Updating Geometry BVH Mesh 63/71 | Building OptiX acceleration structure
Fra:1 Mem:37.01M (Peak 63.93M) | Time:00:00.57 | Mem:1.10M, Peak:1.15M | Scene, ViewLayer | Updating Geometry BVH Mesh 66/71 | Building BVH
Fra:1 Mem:37.01M (Peak 63.93M) | Time:00:00.57 | Mem:1.10M, Peak:1.15M | Scene, ViewLayer | Updating Geometry BVH Mesh 66/71 | Building OptiX acceleration structure
Fra:1 Mem:37.04M (Peak 63.93M) | Time:00:00.57 | Mem:1.13M, Peak:1.15M | Scene, ViewLayer | Updating Geometry BVH Launch bay aperture.003 64/71 | Building BVH
Fra:1 Mem:37.04M (Peak 63.93M) | Time:00:00.57 | Mem:1.14M, Peak:1.15M | Scene, ViewLayer | Updating Geometry BVH Launch bay aperture.003 64/71 | Building OptiX acceleration structure
Fra:1 Mem:37.05M (Peak 63.93M) | Time:00:00.58 | Mem:1.14M, Peak:1.15M | Scene, ViewLayer | Updating Geometry BVH Launch guide.003 65/71 | Building BVH
Fra:1 Mem:37.05M (Peak 63.93M) | Time:00:00.58 | Mem:1.15M, Peak:1.15M | Scene, ViewLayer | Updating Geometry BVH Launch guide.003 65/71 | Building OptiX acceleration structure
Fra:1 Mem:36.91M (Peak 63.93M) | Time:00:00.58 | Mem:1.16M, Peak:1.33M | Scene, ViewLayer | Updating Scene BVH | Building
Fra:1 Mem:36.91M (Peak 63.93M) | Time:00:00.58 | Mem:1.16M, Peak:1.33M | Scene, ViewLayer | Updating Scene BVH | Building OptiX acceleration structure
Fra:1 Mem:36.91M (Peak 63.93M) | Time:00:00.58 | Mem:1.17M, Peak:1.33M | Scene, ViewLayer | Updating Scene BVH | Copying BVH to device
Fra:1 Mem:36.91M (Peak 63.93M) | Time:00:00.58 | Mem:1.17M, Peak:1.33M | Scene, ViewLayer | Updating Mesh | Computing normals
Fra:1 Mem:37.94M (Peak 63.93M) | Time:00:00.58 | Mem:1.17M, Peak:1.33M | Scene, ViewLayer | Updating Mesh | Copying Mesh to device
Fra:1 Mem:37.94M (Peak 63.93M) | Time:00:00.58 | Mem:2.20M, Peak:2.20M | Scene, ViewLayer | Updating Objects Flags
Fra:1 Mem:37.94M (Peak 63.93M) | Time:00:00.58 | Mem:2.20M, Peak:2.20M | Scene, ViewLayer | Updating Primitive Offsets
Fra:1 Mem:37.94M (Peak 63.93M) | Time:00:00.58 | Mem:2.20M, Peak:2.20M | Scene, ViewLayer | Updating Images
Fra:1 Mem:37.94M (Peak 63.93M) | Time:00:00.58 | Mem:2.20M, Peak:2.20M | Scene, ViewLayer | Updating Camera Volume
Fra:1 Mem:37.94M (Peak 63.93M) | Time:00:00.58 | Mem:2.20M, Peak:2.20M | Scene, ViewLayer | Updating Lookup Tables
Fra:1 Mem:37.94M (Peak 63.93M) | Time:00:00.58 | Mem:2.28M, Peak:2.28M | Scene, ViewLayer | Updating Lights
Fra:1 Mem:37.94M (Peak 63.93M) | Time:00:00.59 | Mem:2.28M, Peak:2.28M | Scene, ViewLayer | Updating Lights | Computing tree
Fra:1 Mem:37.94M (Peak 63.93M) | Time:00:00.59 | Mem:2.28M, Peak:2.28M | Scene, ViewLayer | Updating Integrator
Fra:1 Mem:37.94M (Peak 63.93M) | Time:00:00.59 | Mem:2.28M, Peak:2.28M | Scene, ViewLayer | Updating Film
Fra:1 Mem:37.94M (Peak 63.93M) | Time:00:00.59 | Mem:2.20M, Peak:2.28M | Scene, ViewLayer | Updating Lookup Tables
Fra:1 Mem:37.94M (Peak 63.93M) | Time:00:00.59 | Mem:2.29M, Peak:2.29M | Scene, ViewLayer | Updating Baking
Fra:1 Mem:37.94M (Peak 63.93M) | Time:00:00.59 | Mem:2.29M, Peak:2.29M | Scene, ViewLayer | Updating Device | Writing constant memory
Fra:1 Mem:37.95M (Peak 63.93M) | Time:00:00.59 | Mem:2.29M, Peak:2.29M | Scene, ViewLayer | Loading denoising kernels (may take a few minutes the first time)
Fra:1 Mem:41.95M (Peak 63.93M) | Time:00:00.60 | Mem:354.29M, Peak:354.29M | Scene, ViewLayer | Sample 0/24
Fra:1 Mem:88.92M (Peak 88.92M) | Time:00:00.62 | Remaining:00:00.33 | Mem:401.26M, Peak:401.26M | Scene, ViewLayer | Sample 1/24
Fra:1 Mem:108.70M (Peak 138.37M) | Time:00:03.15 | Mem:401.26M, Peak:401.26M | Scene, ViewLayer | Sample 24/24
Fra:1 Mem:108.70M (Peak 138.37M) | Time:00:03.15 | Mem:401.26M, Peak:401.26M | Scene, ViewLayer | Finished
Saved: 'D:\vibe-coding-e\nova-swarm-forum-129-improvements-20260822\docs\fleet-art-v2\ships\30\underside-clay.png'
Time: 00:03.32 (Saving: 00:00.08)

Fra:1 Mem:37.84M (Peak 37.84M) | Time:00:00.13 | Mem:0.00M, Peak:0.00M | Scene, ViewLayer | Synchronizing object | Broad neutral key
Fra:1 Mem:37.84M (Peak 37.84M) | Time:00:00.13 | Mem:0.00M, Peak:0.00M | Scene, ViewLayer | Synchronizing object | Neutral fill
Fra:1 Mem:38.16M (Peak 38.16M) | Time:00:00.17 | Mem:0.00M, Peak:0.00M | Scene, ViewLayer | Synchronizing object | Continuous pressure fuselage
Fra:1 Mem:39.01M (Peak 39.01M) | Time:00:00.21 | Mem:0.00M, Peak:0.00M | Scene, ViewLayer | Synchronizing object | Cockpit integrated coaming
Fra:1 Mem:39.54M (Peak 39.54M) | Time:00:00.25 | Mem:0.00M, Peak:0.00M | Scene, ViewLayer | Synchronizing object | Pressure canopy glazing
Fra:1 Mem:39.54M (Peak 39.54M) | Time:00:00.25 | Mem:0.00M, Peak:0.00M | Scene, ViewLayer | Synchronizing object | Canopy lower frame
Fra:1 Mem:39.78M (Peak 39.78M) | Time:00:00.25 | Mem:0.00M, Peak:0.00M | Scene, ViewLayer | Synchronizing object | Canopy lower frame.001
Fra:1 Mem:39.82M (Peak 39.82M) | Time:00:00.25 | Mem:0.00M, Peak:0.00M | Scene, ViewLayer | Synchronizing object | Canopy pressure bow
Fra:1 Mem:39.88M (Peak 39.88M) | Time:00:00.25 | Mem:0.00M, Peak:0.00M | Scene, ViewLayer | Synchronizing object | Integrated lifting hull
Fra:1 Mem:39.91M (Peak 39.91M) | Time:00:00.25 | Mem:0.00M, Peak:0.00M | Scene, ViewLayer | Synchronizing object | Contoured expansion nozzle
Fra:1 Mem:39.94M (Peak 39.94M) | Time:00:00.25 | Mem:0.00M, Peak:0.00M | Scene, ViewLayer | Synchronizing object | Nozzle petal seam
Fra:1 Mem:39.96M (Peak 39.96M) | Time:00:00.25 | Mem:0.00M, Peak:0.00M | Scene, ViewLayer | Synchronizing object | Nozzle petal seam.001
Fra:1 Mem:39.97M (Peak 39.97M) | Time:00:00.25 | Mem:0.00M, Peak:0.00M | Scene, ViewLayer | Synchronizing object | Nozzle petal seam.002
Fra:1 Mem:39.99M (Peak 39.99M) | Time:00:00.25 | Mem:0.00M, Peak:0.00M | Scene, ViewLayer | Synchronizing object | Nozzle petal seam.003
Fra:1 Mem:39.97M (Peak 39.99M) | Time:00:00.25 | Mem:0.00M, Peak:0.00M | Scene, ViewLayer | Synchronizing object | Nozzle petal seam.004
Fra:1 Mem:39.97M (Peak 39.99M) | Time:00:00.25 | Mem:0.00M, Peak:0.00M | Scene, ViewLayer | Synchronizing object | Nozzle petal seam.005
Fra:1 Mem:39.97M (Peak 39.99M) | Time:00:00.25 | Mem:0.00M, Peak:0.00M | Scene, ViewLayer | Synchronizing object | Nozzle petal seam.006
Fra:1 Mem:39.98M (Peak 39.99M) | Time:00:00.25 | Mem:0.00M, Peak:0.00M | Scene, ViewLayer | Synchronizing object | Nozzle petal seam.007
Fra:1 Mem:39.97M (Peak 39.99M) | Time:00:00.25 | Mem:0.00M, Peak:0.00M | Scene, ViewLayer | Synchronizing object | Nozzle petal seam.008
Fra:1 Mem:39.97M (Peak 39.99M) | Time:00:00.25 | Mem:0.00M, Peak:0.00M | Scene, ViewLayer | Synchronizing object | Nozzle petal seam.009
Fra:1 Mem:39.97M (Peak 39.99M) | Time:00:00.25 | Mem:0.00M, Peak:0.00M | Scene, ViewLayer | Synchronizing object | Nozzle petal seam.010
Fra:1 Mem:39.98M (Peak 39.99M) | Time:00:00.25 | Mem:0.00M, Peak:0.00M | Scene, ViewLayer | Synchronizing object | Nozzle petal seam.011
Fra:1 Mem:39.98M (Peak 39.99M) | Time:00:00.25 | Mem:0.00M, Peak:0.00M | Scene, ViewLayer | Synchronizing object | Deep ion throat
Fra:1 Mem:39.98M (Peak 39.99M) | Time:00:00.25 | Mem:0.00M, Peak:0.00M | Scene, ViewLayer | Synchronizing object | Flush cooling slot
Fra:1 Mem:40.05M (Peak 40.05M) | Time:00:00.25 | Mem:0.00M, Peak:0.00M | Scene, ViewLayer | Synchronizing object | Flush cooling slot.001
Fra:1 Mem:40.05M (Peak 40.05M) | Time:00:00.25 | Mem:0.00M, Peak:0.00M | Scene, ViewLayer | Synchronizing object | Flush cooling slot.002
Fra:1 Mem:40.16M (Peak 40.16M) | Time:00:00.26 | Mem:0.00M, Peak:0.00M | Scene, ViewLayer | Synchronizing object | Blended structural fairing
Fra:1 Mem:40.42M (Peak 40.42M) | Time:00:00.27 | Mem:0.00M, Peak:0.00M | Scene, ViewLayer | Synchronizing object | Blended structural fairing.001
Fra:1 Mem:40.42M (Peak 40.42M) | Time:00:00.27 | Mem:0.00M, Peak:0.00M | Scene, ViewLayer | Synchronizing object | Launch guide
Fra:1 Mem:40.70M (Peak 40.70M) | Time:00:00.28 | Mem:0.00M, Peak:0.00M | Scene, ViewLayer | Synchronizing object | Blended structural fairing.002
Fra:1 Mem:40.70M (Peak 40.70M) | Time:00:00.28 | Mem:0.00M, Peak:0.00M | Scene, ViewLayer | Synchronizing object | Launch guide.001
Fra:1 Mem:40.99M (Peak 40.99M) | Time:00:00.28 | Mem:0.00M, Peak:0.00M | Scene, ViewLayer | Synchronizing object | Blended structural fairing.003
Fra:1 Mem:40.99M (Peak 40.99M) | Time:00:00.28 | Mem:0.00M, Peak:0.00M | Scene, ViewLayer | Synchronizing object | Launch guide.002
Fra:1 Mem:41.14M (Peak 41.14M) | Time:00:00.28 | Mem:0.00M, Peak:0.00M | Scene, ViewLayer | Synchronizing object | Integrated lifting hull.001
Fra:1 Mem:41.13M (Peak 41.14M) | Time:00:00.28 | Mem:0.00M, Peak:0.00M | Scene, ViewLayer | Synchronizing object | Contoured expansion nozzle.001
Fra:1 Mem:41.13M (Peak 41.14M) | Time:00:00.28 | Mem:0.00M, Peak:0.00M | Scene, ViewLayer | Synchronizing object | Nozzle petal seam.012
Fra:1 Mem:41.28M (Peak 41.28M) | Time:00:00.28 | Mem:0.00M, Peak:0.00M | Scene, ViewLayer | Synchronizing object | Nozzle petal seam.013
Fra:1 Mem:41.30M (Peak 41.30M) | Time:00:00.28 | Mem:0.00M, Peak:0.00M | Scene, ViewLayer | Synchronizing object | Nozzle petal seam.014
Fra:1 Mem:41.27M (Peak 41.30M) | Time:00:00.28 | Mem:0.00M, Peak:0.00M | Scene, ViewLayer | Synchronizing object | Nozzle petal seam.015
Fra:1 Mem:41.27M (Peak 41.30M) | Time:00:00.28 | Mem:0.00M, Peak:0.00M | Scene, ViewLayer | Synchronizing object | Nozzle petal seam.016
Fra:1 Mem:41.27M (Peak 41.30M) | Time:00:00.28 | Mem:0.00M, Peak:0.00M | Scene, ViewLayer | Synchronizing object | Nozzle petal seam.017
Fra:1 Mem:41.27M (Peak 41.30M) | Time:00:00.28 | Mem:0.00M, Peak:0.00M | Scene, ViewLayer | Synchronizing object | Nozzle petal seam.018
Fra:1 Mem:41.27M (Peak 41.30M) | Time:00:00.28 | Mem:0.00M, Peak:0.00M | Scene, ViewLayer | Synchronizing object | Nozzle petal seam.019
Fra:1 Mem:41.27M (Peak 41.30M) | Time:00:00.28 | Mem:0.00M, Peak:0.00M | Scene, ViewLayer | Synchronizing object | Nozzle petal seam.020
Fra:1 Mem:41.28M (Peak 41.30M) | Time:00:00.28 | Mem:0.00M, Peak:0.00M | Scene, ViewLayer | Synchronizing object | Nozzle petal seam.021
Fra:1 Mem:41.28M (Peak 41.30M) | Time:00:00.28 | Mem:0.00M, Peak:0.00M | Scene, ViewLayer | Synchronizing object | Nozzle petal seam.022
Fra:1 Mem:41.28M (Peak 41.30M) | Time:00:00.28 | Mem:0.00M, Peak:0.00M | Scene, ViewLayer | Synchronizing object | Nozzle petal seam.023
Fra:1 Mem:41.28M (Peak 41.30M) | Time:00:00.28 | Mem:0.00M, Peak:0.00M | Scene, ViewLayer | Synchronizing object | Deep ion throat.001
Fra:1 Mem:41.28M (Peak 41.30M) | Time:00:00.28 | Mem:0.00M, Peak:0.00M | Scene, ViewLayer | Synchronizing object | Flush cooling slot.003
Fra:1 Mem:41.30M (Peak 41.30M) | Time:00:00.28 | Mem:0.00M, Peak:0.00M | Scene, ViewLayer | Synchronizing object | Flush cooling slot.004
Fra:1 Mem:41.40M (Peak 41.40M) | Time:00:00.28 | Mem:0.00M, Peak:0.00M | Scene, ViewLayer | Synchronizing object | Flush cooling slot.005
Fra:1 Mem:41.46M (Peak 41.46M) | Time:00:00.29 | Mem:0.00M, Peak:0.00M | Scene, ViewLayer | Synchronizing object | Blended structural fairing.004
Fra:1 Mem:41.72M (Peak 41.72M) | Time:00:00.30 | Mem:0.00M, Peak:0.00M | Scene, ViewLayer | Synchronizing object | Blended structural fairing.005
Fra:1 Mem:41.72M (Peak 41.72M) | Time:00:00.30 | Mem:0.00M, Peak:0.00M | Scene, ViewLayer | Synchronizing object | Launch guide.003
Fra:1 Mem:42.01M (Peak 42.01M) | Time:00:00.31 | Mem:0.00M, Peak:0.00M | Scene, ViewLayer | Synchronizing object | Blended structural fairing.006
Fra:1 Mem:42.01M (Peak 42.01M) | Time:00:00.31 | Mem:0.00M, Peak:0.00M | Scene, ViewLayer | Synchronizing object | Launch guide.004
Fra:1 Mem:42.29M (Peak 42.29M) | Time:00:00.32 | Mem:0.00M, Peak:0.00M | Scene, ViewLayer | Synchronizing object | Blended structural fairing.007
Fra:1 Mem:42.29M (Peak 42.29M) | Time:00:00.32 | Mem:0.00M, Peak:0.00M | Scene, ViewLayer | Synchronizing object | Launch guide.005
Fra:1 Mem:42.48M (Peak 42.48M) | Time:00:00.32 | Mem:0.00M, Peak:0.00M | Scene, ViewLayer | Initializing
Fra:1 Mem:37.00M (Peak 42.48M) | Time:00:00.32 | Mem:0.00M, Peak:0.00M | Scene, ViewLayer | Waiting for render to start
Fra:1 Mem:37.00M (Peak 42.48M) | Time:00:00.32 | Mem:0.00M, Peak:0.00M | Scene, ViewLayer | Updating Scene
Fra:1 Mem:37.00M (Peak 42.48M) | Time:00:00.32 | Mem:0.00M, Peak:0.00M | Scene, ViewLayer | Updating Shaders
Fra:1 Mem:37.00M (Peak 42.48M) | Time:00:00.32 | Mem:0.00M, Peak:0.00M | Scene, ViewLayer | Loading render kernels (may take a few minutes the first time)
Fra:1 Mem:37.09M (Peak 64.37M) | Time:00:00.42 | Mem:0.01M, Peak:0.01M | Scene, ViewLayer | Updating Procedurals
Fra:1 Mem:37.09M (Peak 64.37M) | Time:00:00.42 | Mem:0.01M, Peak:0.01M | Scene, ViewLayer | Updating Background
Fra:1 Mem:37.09M (Peak 64.37M) | Time:00:00.42 | Mem:0.01M, Peak:0.01M | Scene, ViewLayer | Updating Camera
Fra:1 Mem:37.09M (Peak 64.37M) | Time:00:00.42 | Mem:0.01M, Peak:0.01M | Scene, ViewLayer | Updating Meshes Flags
Fra:1 Mem:37.09M (Peak 64.37M) | Time:00:00.42 | Mem:0.01M, Peak:0.01M | Scene, ViewLayer | Updating Objects
Fra:1 Mem:37.09M (Peak 64.37M) | Time:00:00.42 | Mem:0.01M, Peak:0.01M | Scene, ViewLayer | Updating Objects | Copying Transformations to device
Fra:1 Mem:37.10M (Peak 64.37M) | Time:00:00.42 | Mem:0.03M, Peak:0.03M | Scene, ViewLayer | Updating Particle Systems
Fra:1 Mem:37.10M (Peak 64.37M) | Time:00:00.42 | Mem:0.03M, Peak:0.03M | Scene, ViewLayer | Updating Particle Systems | Copying Particles to device
Fra:1 Mem:37.10M (Peak 64.37M) | Time:00:00.42 | Mem:0.03M, Peak:0.03M | Scene, ViewLayer | Updating Meshes
Fra:1 Mem:38.33M (Peak 64.37M) | Time:00:00.44 | Mem:0.03M, Peak:0.03M | Scene, ViewLayer | Updating Objects | Applying Static Transformations
Fra:1 Mem:38.33M (Peak 64.37M) | Time:00:00.44 | Mem:0.03M, Peak:0.03M | Scene, ViewLayer | Updating Mesh | Computing attributes
Fra:1 Mem:40.08M (Peak 64.37M) | Time:00:00.44 | Mem:0.03M, Peak:0.03M | Scene, ViewLayer | Updating Mesh | Copying Attributes to device
Fra:1 Mem:40.07M (Peak 64.37M) | Time:00:00.44 | Mem:1.76M, Peak:1.76M | Scene, ViewLayer | Updating Geometry BVH light 72/71 | Building BVH
Fra:1 Mem:40.07M (Peak 64.37M) | Time:00:00.44 | Mem:1.76M, Peak:1.76M | Scene, ViewLayer | Updating Geometry BVH Integrated lifting hull.010 10/71 | Building BVH
Fra:1 Mem:40.07M (Peak 64.37M) | Time:00:00.44 | Mem:1.76M, Peak:1.76M | Scene, ViewLayer | Updating Geometry BVH Contoured expansion nozzle.022 12/71 | Building OptiX acceleration structure
Fra:1 Mem:40.38M (Peak 64.37M) | Time:00:00.44 | Mem:1.84M, Peak:1.84M | Scene, ViewLayer | Updating Geometry BVH Launch guide.005 71/71 | Building BVH
Fra:1 Mem:40.38M (Peak 64.37M) | Time:00:00.44 | Mem:1.84M, Peak:1.84M | Scene, ViewLayer | Updating Geometry BVH Launch guide.005 71/71 | Building OptiX acceleration structure
Fra:1 Mem:40.38M (Peak 64.37M) | Time:00:00.44 | Mem:1.84M, Peak:1.84M | Scene, ViewLayer | Updating Geometry BVH Nozzle petal seam.264 13/71 | Building OptiX acceleration structure
Fra:1 Mem:40.38M (Peak 64.37M) | Time:00:00.44 | Mem:1.89M, Peak:1.89M | Scene, ViewLayer | Updating Geometry BVH Nozzle petal seam.265 14/71 | Building BVH
Fra:1 Mem:40.38M (Peak 64.37M) | Time:00:00.44 | Mem:1.89M, Peak:1.89M | Scene, ViewLayer | Updating Geometry BVH Nozzle petal seam.265 14/71 | Building OptiX acceleration structure
Fra:1 Mem:40.37M (Peak 64.37M) | Time:00:00.44 | Mem:2.07M, Peak:2.11M | Scene, ViewLayer | Updating Geometry BVH Nozzle petal seam.266 15/71 | Building BVH
Fra:1 Mem:40.37M (Peak 64.37M) | Time:00:00.44 | Mem:2.11M, Peak:2.11M | Scene, ViewLayer | Updating Geometry BVH Nozzle petal seam.266 15/71 | Building OptiX acceleration structure
Fra:1 Mem:40.37M (Peak 64.37M) | Time:00:00.44 | Mem:2.08M, Peak:2.11M | Scene, ViewLayer | Updating Geometry BVH Nozzle petal seam.267 16/71 | Building BVH
Fra:1 Mem:40.37M (Peak 64.37M) | Time:00:00.44 | Mem:2.09M, Peak:2.11M | Scene, ViewLayer | Updating Geometry BVH Nozzle petal seam.267 16/71 | Building OptiX acceleration structure
Fra:1 Mem:40.37M (Peak 64.37M) | Time:00:00.44 | Mem:2.08M, Peak:2.11M | Scene, ViewLayer | Updating Geometry BVH Nozzle petal seam.268 17/71 | Building BVH
Fra:1 Mem:40.37M (Peak 64.37M) | Time:00:00.44 | Mem:2.13M, Peak:2.13M | Scene, ViewLayer | Updating Geometry BVH Nozzle petal seam.268 17/71 | Building OptiX acceleration structure
Fra:1 Mem:40.24M (Peak 64.37M) | Time:00:00.44 | Mem:2.11M, Peak:2.59M | Scene, ViewLayer | Updating Geometry BVH Nozzle petal seam.269 18/71 | Building BVH
Fra:1 Mem:40.24M (Peak 64.37M) | Time:00:00.44 | Mem:2.12M, Peak:2.59M | Scene, ViewLayer | Updating Geometry BVH Nozzle petal seam.269 18/71 | Building OptiX acceleration structure
Fra:1 Mem:40.24M (Peak 64.37M) | Time:00:00.44 | Mem:2.11M, Peak:2.59M | Scene, ViewLayer | Updating Geometry BVH Nozzle petal seam.270 19/71 | Building BVH
Fra:1 Mem:40.24M (Peak 64.37M) | Time:00:00.44 | Mem:2.53M, Peak:2.59M | Scene, ViewLayer | Updating Geometry BVH Nozzle petal seam.270 19/71 | Building OptiX acceleration structure
Fra:1 Mem:40.16M (Peak 64.37M) | Time:00:00.45 | Mem:2.14M, Peak:2.59M | Scene, ViewLayer | Updating Geometry BVH Nozzle petal seam.271 20/71 | Building BVH
Fra:1 Mem:40.16M (Peak 64.37M) | Time:00:00.45 | Mem:2.14M, Peak:2.59M | Scene, ViewLayer | Updating Geometry BVH Nozzle petal seam.271 20/71 | Building OptiX acceleration structure
Fra:1 Mem:40.16M (Peak 64.37M) | Time:00:00.45 | Mem:2.13M, Peak:2.59M | Scene, ViewLayer | Updating Geometry BVH Nozzle petal seam.272 21/71 | Building BVH
Fra:1 Mem:40.16M (Peak 64.37M) | Time:00:00.45 | Mem:2.14M, Peak:2.59M | Scene, ViewLayer | Updating Geometry BVH Nozzle petal seam.272 21/71 | Building OptiX acceleration structure
Fra:1 Mem:40.16M (Peak 64.37M) | Time:00:00.45 | Mem:2.13M, Peak:2.59M | Scene, ViewLayer | Updating Geometry BVH Nozzle petal seam.273 22/71 | Building BVH
Fra:1 Mem:40.16M (Peak 64.37M) | Time:00:00.45 | Mem:2.55M, Peak:2.59M | Scene, ViewLayer | Updating Geometry BVH Nozzle petal seam.273 22/71 | Building OptiX acceleration structure
Fra:1 Mem:40.08M (Peak 64.37M) | Time:00:00.45 | Mem:2.15M, Peak:2.59M | Scene, ViewLayer | Updating Geometry BVH Nozzle petal seam.274 23/71 | Building BVH
Fra:1 Mem:40.08M (Peak 64.37M) | Time:00:00.45 | Mem:2.16M, Peak:2.59M | Scene, ViewLayer | Updating Geometry BVH Nozzle petal seam.274 23/71 | Building OptiX acceleration structure
Fra:1 Mem:40.08M (Peak 64.37M) | Time:00:00.45 | Mem:2.16M, Peak:2.59M | Scene, ViewLayer | Updating Geometry BVH Nozzle petal seam.275 24/71 | Building BVH
Fra:1 Mem:40.08M (Peak 64.37M) | Time:00:00.45 | Mem:2.16M, Peak:2.59M | Scene, ViewLayer | Updating Geometry BVH Nozzle petal seam.275 24/71 | Building OptiX acceleration structure
Fra:1 Mem:40.08M (Peak 64.37M) | Time:00:00.45 | Mem:2.16M, Peak:2.59M | Scene, ViewLayer | Updating Geometry BVH Launch bay aperture.005 70/71 | Building BVH
Fra:1 Mem:40.08M (Peak 64.37M) | Time:00:00.45 | Mem:2.17M, Peak:2.59M | Scene, ViewLayer | Updating Geometry BVH Launch bay aperture.005 70/71 | Building OptiX acceleration structure
Fra:1 Mem:40.08M (Peak 64.37M) | Time:00:00.45 | Mem:2.17M, Peak:2.59M | Scene, ViewLayer | Updating Geometry BVH Deep ion throat.022 25/71 | Building BVH
Fra:1 Mem:40.08M (Peak 64.37M) | Time:00:00.45 | Mem:2.17M, Peak:2.59M | Scene, ViewLayer | Updating Geometry BVH Deep ion throat.022 25/71 | Building OptiX acceleration structure
Fra:1 Mem:40.10M (Peak 64.37M) | Time:00:00.45 | Mem:2.19M, Peak:2.59M | Scene, ViewLayer | Updating Geometry BVH Deep intake duct.010 26/71 | Building BVH
Fra:1 Mem:40.10M (Peak 64.37M) | Time:00:00.45 | Mem:2.20M, Peak:2.59M | Scene, ViewLayer | Updating Geometry BVH Deep intake duct.010 26/71 | Building OptiX acceleration structure
Fra:1 Mem:40.10M (Peak 64.37M) | Time:00:00.45 | Mem:2.19M, Peak:2.59M | Scene, ViewLayer | Updating Geometry BVH Ventral access door.022 27/71 | Building BVH
Fra:1 Mem:40.10M (Peak 64.37M) | Time:00:00.45 | Mem:2.20M, Peak:2.59M | Scene, ViewLayer | Updating Geometry BVH Ventral access door.022 27/71 | Building OptiX acceleration structure
Fra:1 Mem:40.11M (Peak 64.37M) | Time:00:00.45 | Mem:2.20M, Peak:2.59M | Scene, ViewLayer | Updating Geometry BVH Flush cooling slot.030 28/71 | Building BVH
Fra:1 Mem:40.11M (Peak 64.37M) | Time:00:00.45 | Mem:2.21M, Peak:2.59M | Scene, ViewLayer | Updating Geometry BVH Flush cooling slot.030 28/71 | Building OptiX acceleration structure
Fra:1 Mem:40.11M (Peak 64.37M) | Time:00:00.45 | Mem:2.20M, Peak:2.59M | Scene, ViewLayer | Updating Geometry BVH Flush cooling slot.031 29/71 | Building BVH
Fra:1 Mem:40.11M (Peak 64.37M) | Time:00:00.45 | Mem:2.21M, Peak:2.59M | Scene, ViewLayer | Updating Geometry BVH Flush cooling slot.031 29/71 | Building OptiX acceleration structure
Fra:1 Mem:40.11M (Peak 64.37M) | Time:00:00.45 | Mem:2.20M, Peak:2.59M | Scene, ViewLayer | Updating Geometry BVH Flush cooling slot.032 30/71 | Building BVH
Fra:1 Mem:40.11M (Peak 64.37M) | Time:00:00.45 | Mem:2.21M, Peak:2.59M | Scene, ViewLayer | Updating Geometry BVH Flush cooling slot.032 30/71 | Building OptiX acceleration structure
Fra:1 Mem:40.11M (Peak 64.37M) | Time:00:00.45 | Mem:2.20M, Peak:2.59M | Scene, ViewLayer | Updating Geometry BVH Mesh 31/71 | Building BVH
Fra:1 Mem:40.11M (Peak 64.37M) | Time:00:00.45 | Mem:2.20M, Peak:2.59M | Scene, ViewLayer | Updating Geometry BVH Mesh 31/71 | Building OptiX acceleration structure
Fra:1 Mem:40.14M (Peak 64.37M) | Time:00:00.45 | Mem:2.24M, Peak:2.59M | Scene, ViewLayer | Updating Geometry BVH Mesh 32/71 | Building BVH
Fra:1 Mem:40.14M (Peak 64.37M) | Time:00:00.45 | Mem:2.24M, Peak:2.59M | Scene, ViewLayer | Updating Geometry BVH Mesh 32/71 | Building OptiX acceleration structure
Fra:1 Mem:40.18M (Peak 64.37M) | Time:00:00.45 | Mem:2.27M, Peak:2.59M | Scene, ViewLayer | Updating Geometry BVH Launch bay aperture 33/71 | Building BVH
Fra:1 Mem:40.18M (Peak 64.37M) | Time:00:00.45 | Mem:2.27M, Peak:2.59M | Scene, ViewLayer | Updating Geometry BVH Launch bay aperture 33/71 | Building OptiX acceleration structure
Fra:1 Mem:40.18M (Peak 64.37M) | Time:00:00.45 | Mem:2.28M, Peak:2.59M | Scene, ViewLayer | Updating Geometry BVH Launch guide 34/71 | Building BVH
Fra:1 Mem:40.18M (Peak 64.37M) | Time:00:00.45 | Mem:2.28M, Peak:2.59M | Scene, ViewLayer | Updating Geometry BVH Launch guide 34/71 | Building OptiX acceleration structure
Fra:1 Mem:40.18M (Peak 64.37M) | Time:00:00.45 | Mem:2.28M, Peak:2.59M | Scene, ViewLayer | Updating Geometry BVH Mesh 35/71 | Building BVH
Fra:1 Mem:40.18M (Peak 64.37M) | Time:00:00.45 | Mem:2.28M, Peak:2.59M | Scene, ViewLayer | Updating Geometry BVH Mesh 35/71 | Building OptiX acceleration structure
Fra:1 Mem:40.21M (Peak 64.37M) | Time:00:00.45 | Mem:2.31M, Peak:2.59M | Scene, ViewLayer | Updating Geometry BVH Mesh 69/71 | Building BVH
Fra:1 Mem:40.21M (Peak 64.37M) | Time:00:00.45 | Mem:2.31M, Peak:2.59M | Scene, ViewLayer | Updating Geometry BVH Mesh 69/71 | Building OptiX acceleration structure
Fra:1 Mem:40.22M (Peak 64.37M) | Time:00:00.46 | Mem:2.34M, Peak:2.59M | Scene, ViewLayer | Updating Geometry BVH Launch bay aperture.001 36/71 | Building BVH
Fra:1 Mem:40.22M (Peak 64.37M) | Time:00:00.46 | Mem:2.35M, Peak:2.59M | Scene, ViewLayer | Updating Geometry BVH Launch bay aperture.001 36/71 | Building OptiX acceleration structure
Fra:1 Mem:40.23M (Peak 64.37M) | Time:00:00.46 | Mem:2.35M, Peak:2.59M | Scene, ViewLayer | Updating Geometry BVH Launch guide.001 37/71 | Building BVH
Fra:1 Mem:40.23M (Peak 64.37M) | Time:00:00.46 | Mem:2.35M, Peak:2.59M | Scene, ViewLayer | Updating Geometry BVH Launch guide.001 37/71 | Building OptiX acceleration structure
Fra:1 Mem:40.22M (Peak 64.37M) | Time:00:00.46 | Mem:2.35M, Peak:2.59M | Scene, ViewLayer | Updating Geometry BVH Mesh 38/71 | Building BVH
Fra:1 Mem:40.22M (Peak 64.37M) | Time:00:00.46 | Mem:2.35M, Peak:2.59M | Scene, ViewLayer | Updating Geometry BVH Mesh 38/71 | Building OptiX acceleration structure
Fra:1 Mem:40.25M (Peak 64.37M) | Time:00:00.46 | Mem:2.38M, Peak:2.59M | Scene, ViewLayer | Updating Geometry BVH Launch bay aperture.002 39/71 | Building BVH
Fra:1 Mem:40.25M (Peak 64.37M) | Time:00:00.46 | Mem:2.38M, Peak:2.59M | Scene, ViewLayer | Updating Geometry BVH Launch bay aperture.002 39/71 | Building OptiX acceleration structure
Fra:1 Mem:40.26M (Peak 64.37M) | Time:00:00.46 | Mem:2.39M, Peak:2.59M | Scene, ViewLayer | Updating Geometry BVH Launch guide.002 40/71 | Building BVH
Fra:1 Mem:40.26M (Peak 64.37M) | Time:00:00.46 | Mem:2.40M, Peak:2.59M | Scene, ViewLayer | Updating Geometry BVH Launch guide.002 40/71 | Building OptiX acceleration structure
Fra:1 Mem:40.26M (Peak 64.37M) | Time:00:00.46 | Mem:2.39M, Peak:2.59M | Scene, ViewLayer | Updating Geometry BVH Integrated lifting hull.011 41/71 | Building BVH
Fra:1 Mem:40.26M (Peak 64.37M) | Time:00:00.46 | Mem:2.39M, Peak:2.59M | Scene, ViewLayer | Updating Geometry BVH Integrated lifting hull.011 41/71 | Building OptiX acceleration structure
Fra:1 Mem:40.24M (Peak 64.37M) | Time:00:00.46 | Mem:2.41M, Peak:2.59M | Scene, ViewLayer | Updating Geometry BVH Integrated propulsion nacelle.011 42/71 | Building BVH
Fra:1 Mem:40.24M (Peak 64.37M) | Time:00:00.46 | Mem:2.49M, Peak:2.59M | Scene, ViewLayer | Updating Geometry BVH Integrated propulsion nacelle.011 42/71 | Building OptiX acceleration structure
Fra:1 Mem:40.21M (Peak 64.37M) | Time:00:00.46 | Mem:2.43M, Peak:2.59M | Scene, ViewLayer | Updating Geometry BVH Contoured expansion nozzle.023 43/71 | Building BVH
Fra:1 Mem:40.21M (Peak 64.37M) | Time:00:00.46 | Mem:2.45M, Peak:2.59M | Scene, ViewLayer | Updating Geometry BVH Contoured expansion nozzle.023 43/71 | Building OptiX acceleration structure
Fra:1 Mem:40.21M (Peak 64.37M) | Time:00:00.46 | Mem:2.43M, Peak:2.59M | Scene, ViewLayer | Updating Geometry BVH Nozzle petal seam.276 44/71 | Building BVH
Fra:1 Mem:40.21M (Peak 64.37M) | Time:00:00.46 | Mem:2.44M, Peak:2.59M | Scene, ViewLayer | Updating Geometry BVH Nozzle petal seam.276 44/71 | Building OptiX acceleration structure
Fra:1 Mem:40.21M (Peak 64.37M) | Time:00:00.46 | Mem:2.43M, Peak:2.59M | Scene, ViewLayer | Updating Geometry BVH Nozzle petal seam.277 45/71 | Building BVH
Fra:1 Mem:40.21M (Peak 64.37M) | Time:00:00.46 | Mem:2.51M, Peak:2.59M | Scene, ViewLayer | Updating Geometry BVH Nozzle petal seam.277 45/71 | Building OptiX acceleration structure
Fra:1 Mem:40.18M (Peak 64.37M) | Time:00:00.46 | Mem:2.44M, Peak:2.61M | Scene, ViewLayer | Updating Geometry BVH Nozzle petal seam.278 46/71 | Building BVH
Fra:1 Mem:40.18M (Peak 64.37M) | Time:00:00.46 | Mem:2.44M, Peak:2.61M | Scene, ViewLayer | Updating Geometry BVH Nozzle petal seam.278 46/71 | Building OptiX acceleration structure
Fra:1 Mem:40.15M (Peak 64.37M) | Time:00:00.46 | Mem:2.45M, Peak:2.62M | Scene, ViewLayer | Updating Geometry BVH Launch guide.004 68/71 | Building BVH
Fra:1 Mem:40.15M (Peak 64.37M) | Time:00:00.46 | Mem:2.45M, Peak:2.62M | Scene, ViewLayer | Updating Geometry BVH Launch guide.004 68/71 | Building OptiX acceleration structure
Fra:1 Mem:40.14M (Peak 64.37M) | Time:00:00.46 | Mem:2.45M, Peak:2.62M | Scene, ViewLayer | Updating Geometry BVH Nozzle petal seam.279 47/71 | Building BVH
Fra:1 Mem:40.14M (Peak 64.37M) | Time:00:00.46 | Mem:2.45M, Peak:2.62M | Scene, ViewLayer | Updating Geometry BVH Nozzle petal seam.279 47/71 | Building OptiX acceleration structure
Fra:1 Mem:40.14M (Peak 64.37M) | Time:00:00.46 | Mem:2.45M, Peak:2.62M | Scene, ViewLayer | Updating Geometry BVH Nozzle petal seam.280 48/71 | Building BVH
Fra:1 Mem:40.14M (Peak 64.37M) | Time:00:00.46 | Mem:2.53M, Peak:2.62M | Scene, ViewLayer | Updating Geometry BVH Nozzle petal seam.280 48/71 | Building OptiX acceleration structure
Fra:1 Mem:40.11M (Peak 64.37M) | Time:00:00.47 | Mem:2.46M, Peak:2.63M | Scene, ViewLayer | Updating Geometry BVH Nozzle petal seam.281 49/71 | Building BVH
Fra:1 Mem:40.11M (Peak 64.37M) | Time:00:00.47 | Mem:2.46M, Peak:2.63M | Scene, ViewLayer | Updating Geometry BVH Nozzle petal seam.281 49/71 | Building OptiX acceleration structure
Fra:1 Mem:40.10M (Peak 64.37M) | Time:00:00.47 | Mem:2.46M, Peak:2.63M | Scene, ViewLayer | Updating Geometry BVH Nozzle petal seam.282 50/71 | Building BVH
Fra:1 Mem:40.10M (Peak 64.37M) | Time:00:00.47 | Mem:2.46M, Peak:2.63M | Scene, ViewLayer | Updating Geometry BVH Nozzle petal seam.282 50/71 | Building OptiX acceleration structure
Fra:1 Mem:40.10M (Peak 64.37M) | Time:00:00.47 | Mem:2.46M, Peak:2.63M | Scene, ViewLayer | Updating Geometry BVH Nozzle petal seam.283 51/71 | Building BVH
Fra:1 Mem:40.10M (Peak 64.37M) | Time:00:00.47 | Mem:2.46M, Peak:2.63M | Scene, ViewLayer | Updating Geometry BVH Nozzle petal seam.283 51/71 | Building OptiX acceleration structure
Fra:1 Mem:40.09M (Peak 64.37M) | Time:00:00.47 | Mem:2.46M, Peak:2.63M | Scene, ViewLayer | Updating Geometry BVH Nozzle petal seam.284 52/71 | Building BVH
Fra:1 Mem:40.09M (Peak 64.37M) | Time:00:00.47 | Mem:2.47M, Peak:2.63M | Scene, ViewLayer | Updating Geometry BVH Nozzle petal seam.284 52/71 | Building OptiX acceleration structure
Fra:1 Mem:40.08M (Peak 64.37M) | Time:00:00.47 | Mem:2.46M, Peak:2.63M | Scene, ViewLayer | Updating Geometry BVH Nozzle petal seam.285 53/71 | Building BVH
Fra:1 Mem:40.08M (Peak 64.37M) | Time:00:00.47 | Mem:2.50M, Peak:2.63M | Scene, ViewLayer | Updating Geometry BVH Nozzle petal seam.285 53/71 | Building OptiX acceleration structure
Fra:1 Mem:40.07M (Peak 64.37M) | Time:00:00.47 | Mem:2.46M, Peak:2.63M | Scene, ViewLayer | Updating Geometry BVH Nozzle petal seam.286 54/71 | Building BVH
Fra:1 Mem:40.07M (Peak 64.37M) | Time:00:00.47 | Mem:2.47M, Peak:2.63M | Scene, ViewLayer | Updating Geometry BVH Nozzle petal seam.286 54/71 | Building OptiX acceleration structure
Fra:1 Mem:40.07M (Peak 64.37M) | Time:00:00.47 | Mem:2.46M, Peak:2.63M | Scene, ViewLayer | Updating Geometry BVH Nozzle petal seam.287 55/71 | Building BVH
Fra:1 Mem:40.07M (Peak 64.37M) | Time:00:00.47 | Mem:2.47M, Peak:2.63M | Scene, ViewLayer | Updating Geometry BVH Nozzle petal seam.287 55/71 | Building OptiX acceleration structure
Fra:1 Mem:40.07M (Peak 64.37M) | Time:00:00.47 | Mem:2.47M, Peak:2.63M | Scene, ViewLayer | Updating Geometry BVH Deep ion throat.023 56/71 | Building BVH
Fra:1 Mem:40.07M (Peak 64.37M) | Time:00:00.47 | Mem:2.47M, Peak:2.63M | Scene, ViewLayer | Updating Geometry BVH Deep ion throat.023 56/71 | Building OptiX acceleration structure
Fra:1 Mem:40.09M (Peak 64.37M) | Time:00:00.47 | Mem:2.49M, Peak:2.63M | Scene, ViewLayer | Updating Geometry BVH Deep intake duct.011 57/71 | Building BVH
Fra:1 Mem:40.09M (Peak 64.37M) | Time:00:00.47 | Mem:2.49M, Peak:2.63M | Scene, ViewLayer | Updating Geometry BVH Deep intake duct.011 57/71 | Building OptiX acceleration structure
Fra:1 Mem:40.10M (Peak 64.37M) | Time:00:00.47 | Mem:2.49M, Peak:2.63M | Scene, ViewLayer | Updating Geometry BVH Launch bay aperture.004 67/71 | Building BVH
Fra:1 Mem:40.10M (Peak 64.37M) | Time:00:00.47 | Mem:2.49M, Peak:2.63M | Scene, ViewLayer | Updating Geometry BVH Launch bay aperture.004 67/71 | Building OptiX acceleration structure
Fra:1 Mem:40.10M (Peak 64.37M) | Time:00:00.47 | Mem:2.50M, Peak:2.63M | Scene, ViewLayer | Updating Geometry BVH Ventral access door.023 58/71 | Building BVH
Fra:1 Mem:40.10M (Peak 64.37M) | Time:00:00.47 | Mem:2.51M, Peak:2.63M | Scene, ViewLayer | Updating Geometry BVH Ventral access door.023 58/71 | Building OptiX acceleration structure
Fra:1 Mem:40.11M (Peak 64.37M) | Time:00:00.47 | Mem:2.51M, Peak:2.63M | Scene, ViewLayer | Updating Geometry BVH Flush cooling slot.033 59/71 | Building BVH
Fra:1 Mem:40.11M (Peak 64.37M) | Time:00:00.47 | Mem:2.52M, Peak:2.63M | Scene, ViewLayer | Updating Geometry BVH Flush cooling slot.033 59/71 | Building OptiX acceleration structure
Fra:1 Mem:40.11M (Peak 64.37M) | Time:00:00.47 | Mem:2.51M, Peak:2.63M | Scene, ViewLayer | Updating Geometry BVH Flush cooling slot.034 60/71 | Building BVH
Fra:1 Mem:40.11M (Peak 64.37M) | Time:00:00.47 | Mem:2.51M, Peak:2.63M | Scene, ViewLayer | Updating Geometry BVH Flush cooling slot.034 60/71 | Building OptiX acceleration structure
Fra:1 Mem:40.11M (Peak 64.37M) | Time:00:00.47 | Mem:2.51M, Peak:2.63M | Scene, ViewLayer | Updating Geometry BVH Flush cooling slot.035 61/71 | Building BVH
Fra:1 Mem:40.11M (Peak 64.37M) | Time:00:00.47 | Mem:2.51M, Peak:2.63M | Scene, ViewLayer | Updating Geometry BVH Flush cooling slot.035 61/71 | Building OptiX acceleration structure
Fra:1 Mem:40.11M (Peak 64.37M) | Time:00:00.47 | Mem:2.51M, Peak:2.63M | Scene, ViewLayer | Updating Geometry BVH Mesh 62/71 | Building BVH
Fra:1 Mem:40.11M (Peak 64.37M) | Time:00:00.47 | Mem:2.51M, Peak:2.63M | Scene, ViewLayer | Updating Geometry BVH Mesh 62/71 | Building OptiX acceleration structure
Fra:1 Mem:40.14M (Peak 64.37M) | Time:00:00.47 | Mem:2.55M, Peak:2.63M | Scene, ViewLayer | Updating Geometry BVH Mesh 63/71 | Building BVH
Fra:1 Mem:40.14M (Peak 64.37M) | Time:00:00.47 | Mem:2.55M, Peak:2.63M | Scene, ViewLayer | Updating Geometry BVH Mesh 63/71 | Building OptiX acceleration structure
Fra:1 Mem:40.18M (Peak 64.37M) | Time:00:00.47 | Mem:2.58M, Peak:2.63M | Scene, ViewLayer | Updating Geometry BVH Launch bay aperture.003 64/71 | Building BVH
Fra:1 Mem:40.18M (Peak 64.37M) | Time:00:00.47 | Mem:2.58M, Peak:2.63M | Scene, ViewLayer | Updating Geometry BVH Launch bay aperture.003 64/71 | Building OptiX acceleration structure
Fra:1 Mem:40.18M (Peak 64.37M) | Time:00:00.47 | Mem:2.59M, Peak:2.63M | Scene, ViewLayer | Updating Geometry BVH Launch guide.003 65/71 | Building BVH
Fra:1 Mem:40.18M (Peak 64.37M) | Time:00:00.48 | Mem:2.59M, Peak:2.63M | Scene, ViewLayer | Updating Geometry BVH Launch guide.003 65/71 | Building OptiX acceleration structure
Fra:1 Mem:40.18M (Peak 64.37M) | Time:00:00.48 | Mem:2.59M, Peak:2.63M | Scene, ViewLayer | Updating Geometry BVH Mesh 66/71 | Building BVH
Fra:1 Mem:40.18M (Peak 64.37M) | Time:00:00.48 | Mem:2.65M, Peak:2.65M | Scene, ViewLayer | Updating Geometry BVH Mesh 66/71 | Building OptiX acceleration structure
Fra:1 Mem:40.07M (Peak 64.37M) | Time:00:00.48 | Mem:2.64M, Peak:2.81M | Scene, ViewLayer | Updating Scene BVH | Building
Fra:1 Mem:40.07M (Peak 64.37M) | Time:00:00.48 | Mem:2.64M, Peak:2.81M | Scene, ViewLayer | Updating Scene BVH | Building OptiX acceleration structure
Fra:1 Mem:40.07M (Peak 64.37M) | Time:00:00.48 | Mem:2.65M, Peak:2.81M | Scene, ViewLayer | Updating Scene BVH | Copying BVH to device
Fra:1 Mem:40.07M (Peak 64.37M) | Time:00:00.48 | Mem:2.65M, Peak:2.81M | Scene, ViewLayer | Updating Mesh | Computing normals
Fra:1 Mem:41.10M (Peak 64.37M) | Time:00:00.48 | Mem:2.65M, Peak:2.81M | Scene, ViewLayer | Updating Mesh | Copying Mesh to device
Fra:1 Mem:41.10M (Peak 64.37M) | Time:00:00.48 | Mem:3.68M, Peak:3.68M | Scene, ViewLayer | Updating Objects Flags
Fra:1 Mem:41.10M (Peak 64.37M) | Time:00:00.48 | Mem:3.68M, Peak:3.68M | Scene, ViewLayer | Updating Primitive Offsets
Fra:1 Mem:41.10M (Peak 64.37M) | Time:00:00.48 | Mem:3.68M, Peak:3.68M | Scene, ViewLayer | Updating Images
Fra:1 Mem:41.10M (Peak 64.37M) | Time:00:00.48 | Mem:3.68M, Peak:3.68M | Scene, ViewLayer | Updating Images | Loading panel-normal.png
Fra:1 Mem:41.10M (Peak 64.37M) | Time:00:00.48 | Mem:3.68M, Peak:3.68M | Scene, ViewLayer | Updating Images | Loading cobalt-basecolor.png
Fra:1 Mem:45.10M (Peak 64.37M) | Time:00:00.48 | Mem:3.68M, Peak:3.68M | Scene, ViewLayer | Updating Images | Loading paint-orm.png
Fra:1 Mem:57.11M (Peak 64.37M) | Time:00:00.50 | Mem:19.68M, Peak:19.68M | Scene, ViewLayer | Updating Camera Volume
Fra:1 Mem:57.11M (Peak 64.37M) | Time:00:00.50 | Mem:19.68M, Peak:19.68M | Scene, ViewLayer | Updating Lookup Tables
Fra:1 Mem:57.11M (Peak 64.37M) | Time:00:00.50 | Mem:19.76M, Peak:19.76M | Scene, ViewLayer | Updating Lights
Fra:1 Mem:57.11M (Peak 64.37M) | Time:00:00.50 | Mem:19.76M, Peak:19.76M | Scene, ViewLayer | Updating Lights | Computing tree
Fra:1 Mem:57.31M (Peak 64.37M) | Time:00:00.51 | Mem:19.96M, Peak:19.96M | Scene, ViewLayer | Updating Integrator
Fra:1 Mem:57.31M (Peak 64.37M) | Time:00:00.51 | Mem:19.96M, Peak:19.96M | Scene, ViewLayer | Updating Film
Fra:1 Mem:57.31M (Peak 64.37M) | Time:00:00.51 | Mem:19.88M, Peak:19.96M | Scene, ViewLayer | Updating Lookup Tables
Fra:1 Mem:57.31M (Peak 64.37M) | Time:00:00.51 | Mem:19.96M, Peak:19.96M | Scene, ViewLayer | Updating Baking
Fra:1 Mem:57.31M (Peak 64.37M) | Time:00:00.51 | Mem:19.96M, Peak:19.96M | Scene, ViewLayer | Updating Device | Writing constant memory
Fra:1 Mem:57.31M (Peak 64.37M) | Time:00:00.51 | Mem:19.96M, Peak:19.96M | Scene, ViewLayer | Loading denoising kernels (may take a few minutes the first time)
Fra:1 Mem:61.32M (Peak 64.37M) | Time:00:00.53 | Mem:371.96M, Peak:371.96M | Scene, ViewLayer | Sample 0/24
Fra:1 Mem:108.29M (Peak 108.29M) | Time:00:00.54 | Remaining:00:00.41 | Mem:418.94M, Peak:418.94M | Scene, ViewLayer | Sample 1/24
Fra:1 Mem:128.07M (Peak 157.73M) | Time:00:03.15 | Mem:418.95M, Peak:418.95M | Scene, ViewLayer | Sample 24/24
Fra:1 Mem:128.07M (Peak 157.73M) | Time:00:03.15 | Mem:418.95M, Peak:418.95M | Scene, ViewLayer | Finished
Saved: 'D:\vibe-coding-e\nova-swarm-forum-129-improvements-20260822\docs\fleet-art-v2\ships\30\surfaced.png'
Time: 00:03.32 (Saving: 00:00.09)

Info: Saved as "source.blend"
16:31:34 | INFO: Starting glTF 2.0 export
16:31:34 | INFO: Extracting primitive: Continuous pressure fuselage.005
16:31:34 | WARNING: More than one shader node tex image used for a texture. The resulting glTF sampler will behave like the first shader node tex image.
16:31:34 | WARNING: More than one shader node tex image used for a texture. The resulting glTF sampler will behave like the first shader node tex image.
16:31:34 | INFO: Primitives created: 6
16:31:35 | INFO: Finished glTF 2.0 export in 0.18319368362426758 s
Fra:1 Mem:37.44M (Peak 52.95M) | Time:00:00.15 | Mem:0.00M, Peak:0.00M | Scene, ViewLayer | Synchronizing object | Broad neutral key
Fra:1 Mem:37.44M (Peak 52.95M) | Time:00:00.15 | Mem:0.00M, Peak:0.00M | Scene, ViewLayer | Synchronizing object | DroneSovereignV2
Fra:1 Mem:39.51M (Peak 52.95M) | Time:00:00.15 | Mem:0.00M, Peak:0.00M | Scene, ViewLayer | Initializing
Fra:1 Mem:39.03M (Peak 52.95M) | Time:00:00.15 | Mem:0.00M, Peak:0.00M | Scene, ViewLayer | Waiting for render to start
Fra:1 Mem:39.03M (Peak 52.95M) | Time:00:00.15 | Mem:0.00M, Peak:0.00M | Scene, ViewLayer | Updating Scene
Fra:1 Mem:39.03M (Peak 52.95M) | Time:00:00.15 | Mem:0.00M, Peak:0.00M | Scene, ViewLayer | Updating Shaders
Fra:1 Mem:39.03M (Peak 52.95M) | Time:00:00.15 | Mem:0.00M, Peak:0.00M | Scene, ViewLayer | Loading render kernels (may take a few minutes the first time)
Fra:1 Mem:39.12M (Peak 66.41M) | Time:00:00.25 | Mem:0.01M, Peak:0.01M | Scene, ViewLayer | Updating Procedurals
Fra:1 Mem:39.12M (Peak 66.41M) | Time:00:00.25 | Mem:0.01M, Peak:0.01M | Scene, ViewLayer | Updating Background
Fra:1 Mem:39.12M (Peak 66.41M) | Time:00:00.25 | Mem:0.01M, Peak:0.01M | Scene, ViewLayer | Updating Camera
Fra:1 Mem:39.12M (Peak 66.41M) | Time:00:00.25 | Mem:0.01M, Peak:0.01M | Scene, ViewLayer | Updating Meshes Flags
Fra:1 Mem:39.12M (Peak 66.41M) | Time:00:00.25 | Mem:0.01M, Peak:0.01M | Scene, ViewLayer | Updating Objects
Fra:1 Mem:39.12M (Peak 66.41M) | Time:00:00.25 | Mem:0.01M, Peak:0.01M | Scene, ViewLayer | Updating Objects | Copying Transformations to device
Fra:1 Mem:39.12M (Peak 66.41M) | Time:00:00.25 | Mem:0.01M, Peak:0.01M | Scene, ViewLayer | Updating Particle Systems
Fra:1 Mem:39.12M (Peak 66.41M) | Time:00:00.25 | Mem:0.01M, Peak:0.01M | Scene, ViewLayer | Updating Particle Systems | Copying Particles to device
Fra:1 Mem:39.12M (Peak 66.41M) | Time:00:00.25 | Mem:0.01M, Peak:0.01M | Scene, ViewLayer | Updating Meshes
Fra:1 Mem:40.48M (Peak 66.41M) | Time:00:00.27 | Mem:0.01M, Peak:0.01M | Scene, ViewLayer | Updating Objects | Applying Static Transformations
Fra:1 Mem:40.48M (Peak 66.41M) | Time:00:00.27 | Mem:0.01M, Peak:0.01M | Scene, ViewLayer | Updating Mesh | Computing attributes
Fra:1 Mem:42.30M (Peak 66.41M) | Time:00:00.27 | Mem:0.01M, Peak:0.01M | Scene, ViewLayer | Updating Mesh | Copying Attributes to device
Fra:1 Mem:42.30M (Peak 66.41M) | Time:00:00.27 | Mem:1.83M, Peak:1.83M | Scene, ViewLayer | Updating Geometry BVH light 5/4 | Building BVH
Fra:1 Mem:42.30M (Peak 66.41M) | Time:00:00.27 | Mem:1.83M, Peak:1.83M | Scene, ViewLayer | Updating Geometry BVH Neutral fill 3/4 | Building OptiX acceleration structure
Fra:1 Mem:42.30M (Peak 66.41M) | Time:00:00.27 | Mem:1.83M, Peak:1.83M | Scene, ViewLayer | Updating Geometry BVH Continuous pressure fuselage.005 4/4 | Building BVH
Fra:1 Mem:42.30M (Peak 66.41M) | Time:00:00.27 | Mem:1.83M, Peak:1.83M | Scene, ViewLayer | Updating Geometry BVH Continuous pressure fuselage.005 4/4 | Building OptiX acceleration structure
Fra:1 Mem:42.30M (Peak 66.41M) | Time:00:00.27 | Mem:2.41M, Peak:4.22M | Scene, ViewLayer | Updating Scene BVH | Building
Fra:1 Mem:42.30M (Peak 66.41M) | Time:00:00.27 | Mem:2.41M, Peak:4.22M | Scene, ViewLayer | Updating Scene BVH | Building OptiX acceleration structure
Fra:1 Mem:42.30M (Peak 66.41M) | Time:00:00.27 | Mem:2.41M, Peak:4.22M | Scene, ViewLayer | Updating Scene BVH | Copying BVH to device
Fra:1 Mem:42.30M (Peak 66.41M) | Time:00:00.27 | Mem:2.41M, Peak:4.22M | Scene, ViewLayer | Updating Mesh | Computing normals
Fra:1 Mem:43.05M (Peak 66.41M) | Time:00:00.27 | Mem:2.41M, Peak:4.22M | Scene, ViewLayer | Updating Mesh | Copying Mesh to device
Fra:1 Mem:43.05M (Peak 66.41M) | Time:00:00.27 | Mem:3.16M, Peak:4.22M | Scene, ViewLayer | Updating Objects Flags
Fra:1 Mem:43.05M (Peak 66.41M) | Time:00:00.27 | Mem:3.16M, Peak:4.22M | Scene, ViewLayer | Updating Primitive Offsets
Fra:1 Mem:43.05M (Peak 66.41M) | Time:00:00.27 | Mem:3.16M, Peak:4.22M | Scene, ViewLayer | Updating Images
Fra:1 Mem:43.05M (Peak 66.41M) | Time:00:00.27 | Mem:3.16M, Peak:4.22M | Scene, ViewLayer | Updating Images | Loading panel-normal.png
Fra:1 Mem:47.05M (Peak 66.41M) | Time:00:00.27 | Mem:3.16M, Peak:4.22M | Scene, ViewLayer | Updating Images | Loading cobalt-basecolor.png
Fra:1 Mem:51.05M (Peak 66.41M) | Time:00:00.27 | Mem:3.16M, Peak:4.22M | Scene, ViewLayer | Updating Images | Loading paint-orm.png
Fra:1 Mem:59.06M (Peak 66.41M) | Time:00:00.29 | Mem:19.16M, Peak:19.16M | Scene, ViewLayer | Updating Camera Volume
Fra:1 Mem:59.06M (Peak 66.41M) | Time:00:00.29 | Mem:19.16M, Peak:19.16M | Scene, ViewLayer | Updating Lookup Tables
Fra:1 Mem:59.06M (Peak 66.41M) | Time:00:00.29 | Mem:19.24M, Peak:19.24M | Scene, ViewLayer | Updating Lights
Fra:1 Mem:59.06M (Peak 66.41M) | Time:00:00.29 | Mem:19.24M, Peak:19.24M | Scene, ViewLayer | Updating Lights | Computing tree
Fra:1 Mem:59.34M (Peak 66.41M) | Time:00:00.30 | Mem:19.53M, Peak:19.53M | Scene, ViewLayer | Updating Integrator
Fra:1 Mem:59.34M (Peak 66.41M) | Time:00:00.30 | Mem:19.53M, Peak:19.53M | Scene, ViewLayer | Updating Film
Fra:1 Mem:59.34M (Peak 66.41M) | Time:00:00.30 | Mem:19.44M, Peak:19.53M | Scene, ViewLayer | Updating Lookup Tables
Fra:1 Mem:59.34M (Peak 66.41M) | Time:00:00.30 | Mem:19.53M, Peak:19.53M | Scene, ViewLayer | Updating Baking
Fra:1 Mem:59.34M (Peak 66.41M) | Time:00:00.30 | Mem:19.53M, Peak:19.53M | Scene, ViewLayer | Updating Device | Writing constant memory
Fra:1 Mem:59.35M (Peak 66.41M) | Time:00:00.30 | Mem:19.53M, Peak:19.53M | Scene, ViewLayer | Loading denoising kernels (may take a few minutes the first time)
Fra:1 Mem:63.35M (Peak 66.41M) | Time:00:00.32 | Mem:371.53M, Peak:371.53M | Scene, ViewLayer | Sample 0/24
Fra:1 Mem:139.35M (Peak 139.35M) | Time:00:00.35 | Remaining:00:00.82 | Mem:447.54M, Peak:447.54M | Scene, ViewLayer | Sample 1/24
Fra:1 Mem:171.36M (Peak 219.36M) | Time:00:04.63 | Mem:447.55M, Peak:447.55M | Scene, ViewLayer | Sample 24/24
Fra:1 Mem:171.36M (Peak 219.36M) | Time:00:04.63 | Mem:447.55M, Peak:447.55M | Scene, ViewLayer | Finished
Saved: 'D:\vibe-coding-e\nova-swarm-forum-129-improvements-20260822\docs\fleet-art-v2\ships\30\export\showroom.png'
Time: 00:04.85 (Saving: 00:00.13)

Fra:1 Mem:37.80M (Peak 37.80M) | Time:00:00.13 | Mem:0.00M, Peak:0.00M | Scene, ViewLayer | Synchronizing object | Broad neutral key
Fra:1 Mem:37.80M (Peak 37.80M) | Time:00:00.13 | Mem:0.00M, Peak:0.00M | Scene, ViewLayer | Synchronizing object | DroneSovereignV2
Fra:1 Mem:39.51M (Peak 41.53M) | Time:00:00.14 | Mem:0.00M, Peak:0.00M | Scene, ViewLayer | Initializing
Fra:1 Mem:39.03M (Peak 41.53M) | Time:00:00.14 | Mem:0.00M, Peak:0.00M | Scene, ViewLayer | Waiting for render to start
Fra:1 Mem:39.03M (Peak 41.53M) | Time:00:00.14 | Mem:0.00M, Peak:0.00M | Scene, ViewLayer | Updating Scene
Fra:1 Mem:39.03M (Peak 41.53M) | Time:00:00.14 | Mem:0.00M, Peak:0.00M | Scene, ViewLayer | Updating Shaders
Fra:1 Mem:39.03M (Peak 41.53M) | Time:00:00.14 | Mem:0.00M, Peak:0.00M | Scene, ViewLayer | Loading render kernels (may take a few minutes the first time)
Fra:1 Mem:39.12M (Peak 66.41M) | Time:00:00.24 | Mem:0.01M, Peak:0.01M | Scene, ViewLayer | Updating Procedurals
Fra:1 Mem:39.12M (Peak 66.41M) | Time:00:00.24 | Mem:0.01M, Peak:0.01M | Scene, ViewLayer | Updating Background
Fra:1 Mem:39.12M (Peak 66.41M) | Time:00:00.24 | Mem:0.01M, Peak:0.01M | Scene, ViewLayer | Updating Camera
Fra:1 Mem:39.12M (Peak 66.41M) | Time:00:00.24 | Mem:0.01M, Peak:0.01M | Scene, ViewLayer | Updating Meshes Flags
Fra:1 Mem:39.12M (Peak 66.41M) | Time:00:00.24 | Mem:0.01M, Peak:0.01M | Scene, ViewLayer | Updating Objects
Fra:1 Mem:39.12M (Peak 66.41M) | Time:00:00.24 | Mem:0.01M, Peak:0.01M | Scene, ViewLayer | Updating Objects | Copying Transformations to device
Fra:1 Mem:39.12M (Peak 66.41M) | Time:00:00.24 | Mem:0.01M, Peak:0.01M | Scene, ViewLayer | Updating Particle Systems
Fra:1 Mem:39.12M (Peak 66.41M) | Time:00:00.24 | Mem:0.01M, Peak:0.01M | Scene, ViewLayer | Updating Particle Systems | Copying Particles to device
Fra:1 Mem:39.12M (Peak 66.41M) | Time:00:00.24 | Mem:0.01M, Peak:0.01M | Scene, ViewLayer | Updating Meshes
Fra:1 Mem:40.48M (Peak 66.41M) | Time:00:00.26 | Mem:0.01M, Peak:0.01M | Scene, ViewLayer | Updating Objects | Applying Static Transformations
Fra:1 Mem:40.48M (Peak 66.41M) | Time:00:00.26 | Mem:0.01M, Peak:0.01M | Scene, ViewLayer | Updating Mesh | Computing attributes
Fra:1 Mem:42.30M (Peak 66.41M) | Time:00:00.26 | Mem:0.01M, Peak:0.01M | Scene, ViewLayer | Updating Mesh | Copying Attributes to device
Fra:1 Mem:42.30M (Peak 66.41M) | Time:00:00.26 | Mem:1.83M, Peak:1.83M | Scene, ViewLayer | Updating Geometry BVH light 5/4 | Building BVH
Fra:1 Mem:42.30M (Peak 66.41M) | Time:00:00.26 | Mem:1.83M, Peak:1.83M | Scene, ViewLayer | Updating Geometry BVH Neutral fill 3/4 | Building BVH
Fra:1 Mem:42.30M (Peak 66.41M) | Time:00:00.26 | Mem:1.83M, Peak:1.83M | Scene, ViewLayer | Updating Geometry BVH Broad neutral key 2/4 | Building OptiX acceleration structure
Fra:1 Mem:42.30M (Peak 66.41M) | Time:00:00.26 | Mem:1.83M, Peak:1.83M | Scene, ViewLayer | Updating Geometry BVH Continuous pressure fuselage.005 4/4 | Building OptiX acceleration structure
Fra:1 Mem:42.30M (Peak 66.41M) | Time:00:00.27 | Mem:2.41M, Peak:4.22M | Scene, ViewLayer | Updating Scene BVH | Building
Fra:1 Mem:42.30M (Peak 66.41M) | Time:00:00.27 | Mem:2.41M, Peak:4.22M | Scene, ViewLayer | Updating Scene BVH | Building OptiX acceleration structure
Fra:1 Mem:42.30M (Peak 66.41M) | Time:00:00.27 | Mem:2.41M, Peak:4.22M | Scene, ViewLayer | Updating Scene BVH | Copying BVH to device
Fra:1 Mem:42.30M (Peak 66.41M) | Time:00:00.27 | Mem:2.41M, Peak:4.22M | Scene, ViewLayer | Updating Mesh | Computing normals
Fra:1 Mem:43.05M (Peak 66.41M) | Time:00:00.27 | Mem:2.41M, Peak:4.22M | Scene, ViewLayer | Updating Mesh | Copying Mesh to device
Fra:1 Mem:43.05M (Peak 66.41M) | Time:00:00.27 | Mem:3.16M, Peak:4.22M | Scene, ViewLayer | Updating Objects Flags
Fra:1 Mem:43.05M (Peak 66.41M) | Time:00:00.27 | Mem:3.16M, Peak:4.22M | Scene, ViewLayer | Updating Primitive Offsets
Fra:1 Mem:43.05M (Peak 66.41M) | Time:00:00.27 | Mem:3.16M, Peak:4.22M | Scene, ViewLayer | Updating Images
Fra:1 Mem:43.05M (Peak 66.41M) | Time:00:00.27 | Mem:3.16M, Peak:4.22M | Scene, ViewLayer | Updating Images | Loading panel-normal.png
Fra:1 Mem:47.05M (Peak 66.41M) | Time:00:00.27 | Mem:3.16M, Peak:4.22M | Scene, ViewLayer | Updating Images | Loading cobalt-basecolor.png
Fra:1 Mem:51.05M (Peak 66.41M) | Time:00:00.27 | Mem:3.16M, Peak:4.22M | Scene, ViewLayer | Updating Images | Loading paint-orm.png
Fra:1 Mem:59.06M (Peak 66.41M) | Time:00:00.29 | Mem:19.16M, Peak:19.16M | Scene, ViewLayer | Updating Camera Volume
Fra:1 Mem:59.06M (Peak 66.41M) | Time:00:00.29 | Mem:19.16M, Peak:19.16M | Scene, ViewLayer | Updating Lookup Tables
Fra:1 Mem:59.06M (Peak 66.41M) | Time:00:00.29 | Mem:19.24M, Peak:19.24M | Scene, ViewLayer | Updating Lights
Fra:1 Mem:59.06M (Peak 66.41M) | Time:00:00.29 | Mem:19.24M, Peak:19.24M | Scene, ViewLayer | Updating Lights | Computing tree
Fra:1 Mem:59.34M (Peak 66.41M) | Time:00:00.29 | Mem:19.53M, Peak:19.53M | Scene, ViewLayer | Updating Integrator
Fra:1 Mem:59.34M (Peak 66.41M) | Time:00:00.29 | Mem:19.53M, Peak:19.53M | Scene, ViewLayer | Updating Film
Fra:1 Mem:59.34M (Peak 66.41M) | Time:00:00.29 | Mem:19.44M, Peak:19.53M | Scene, ViewLayer | Updating Lookup Tables
Fra:1 Mem:59.34M (Peak 66.41M) | Time:00:00.29 | Mem:19.53M, Peak:19.53M | Scene, ViewLayer | Updating Baking
Fra:1 Mem:59.34M (Peak 66.41M) | Time:00:00.29 | Mem:19.53M, Peak:19.53M | Scene, ViewLayer | Updating Device | Writing constant memory
Fra:1 Mem:59.35M (Peak 66.41M) | Time:00:00.29 | Mem:19.53M, Peak:19.53M | Scene, ViewLayer | Loading denoising kernels (may take a few minutes the first time)
Fra:1 Mem:63.35M (Peak 66.41M) | Time:00:00.31 | Mem:371.53M, Peak:371.53M | Scene, ViewLayer | Sample 0/24
Fra:1 Mem:82.35M (Peak 82.35M) | Time:00:00.32 | Remaining:00:00.36 | Mem:390.54M, Peak:390.54M | Scene, ViewLayer | Sample 1/24
Fra:1 Mem:90.36M (Peak 102.36M) | Time:00:01.47 | Mem:390.55M, Peak:390.55M | Scene, ViewLayer | Sample 24/24
Fra:1 Mem:90.36M (Peak 102.36M) | Time:00:01.47 | Mem:390.55M, Peak:390.55M | Scene, ViewLayer | Finished
Saved: 'D:\vibe-coding-e\nova-swarm-forum-129-improvements-20260822\docs\fleet-art-v2\ships\30\export\player.png'
Time: 00:01.62 (Saving: 00:00.05)


FLEET_V2_COMPLETE 30 Drone Sovereign

Blender quit
