Blender 4.5.13 LTS (hash daeeeca98fb0 built 2026-08-25 01:50:50)
Read blend: "D:\vibe-coding-e\nova-swarm-forum-129-improvements-20260822\docs\fleet-art-v2\ships\16\source.blend"
Fra:1 Mem:12.32M (Peak 12.32M) | Time:00:00.44 | Mem:0.00M, Peak:0.00M | Scene, ViewLayer | Synchronizing object | Broad neutral key
Fra:1 Mem:12.33M (Peak 12.33M) | Time:00:00.44 | Mem:0.00M, Peak:0.00M | Scene, ViewLayer | Synchronizing object | Neutral fill
Fra:1 Mem:12.65M (Peak 12.65M) | Time:00:00.50 | Mem:0.00M, Peak:0.00M | Scene, ViewLayer | Synchronizing object | Continuous pressure fuselage
Fra:1 Mem:13.50M (Peak 13.50M) | Time:00:00.55 | Mem:0.00M, Peak:0.00M | Scene, ViewLayer | Synchronizing object | Cockpit integrated coaming
Fra:1 Mem:14.03M (Peak 14.03M) | Time:00:00.59 | Mem:0.00M, Peak:0.00M | Scene, ViewLayer | Synchronizing object | Pressure canopy glazing
Fra:1 Mem:14.03M (Peak 14.03M) | Time:00:00.59 | Mem:0.00M, Peak:0.00M | Scene, ViewLayer | Synchronizing object | Canopy lower frame
Fra:1 Mem:14.08M (Peak 14.08M) | Time:00:00.59 | Mem:0.00M, Peak:0.00M | Scene, ViewLayer | Synchronizing object | Canopy lower frame.001
Fra:1 Mem:14.09M (Peak 14.09M) | Time:00:00.59 | Mem:0.00M, Peak:0.00M | Scene, ViewLayer | Synchronizing object | Canopy pressure bow
Fra:1 Mem:14.09M (Peak 14.09M) | Time:00:00.59 | Mem:0.00M, Peak:0.00M | Scene, ViewLayer | Synchronizing object | Integrated lifting hull
Fra:1 Mem:14.09M (Peak 14.09M) | Time:00:00.59 | Mem:0.00M, Peak:0.00M | Scene, ViewLayer | Synchronizing object | Contoured expansion nozzle
Fra:1 Mem:14.13M (Peak 14.13M) | Time:00:00.59 | Mem:0.00M, Peak:0.00M | Scene, ViewLayer | Synchronizing object | Nozzle petal seam
Fra:1 Mem:16.23M (Peak 16.23M) | Time:00:00.59 | Mem:0.00M, Peak:0.00M | Scene, ViewLayer | Synchronizing object | Nozzle petal seam.001
Fra:1 Mem:16.23M (Peak 16.23M) | Time:00:00.59 | Mem:0.00M, Peak:0.00M | Scene, ViewLayer | Synchronizing object | Nozzle petal seam.002
Fra:1 Mem:16.24M (Peak 16.24M) | Time:00:00.59 | Mem:0.00M, Peak:0.00M | Scene, ViewLayer | Synchronizing object | Nozzle petal seam.003
Fra:1 Mem:16.24M (Peak 16.24M) | Time:00:00.59 | Mem:0.00M, Peak:0.00M | Scene, ViewLayer | Synchronizing object | Nozzle petal seam.004
Fra:1 Mem:16.25M (Peak 16.25M) | Time:00:00.59 | Mem:0.00M, Peak:0.00M | Scene, ViewLayer | Synchronizing object | Nozzle petal seam.005
Fra:1 Mem:16.31M (Peak 16.31M) | Time:00:00.59 | Mem:0.00M, Peak:0.00M | Scene, ViewLayer | Synchronizing object | Nozzle petal seam.006
Fra:1 Mem:16.32M (Peak 16.32M) | Time:00:00.59 | Mem:0.00M, Peak:0.00M | Scene, ViewLayer | Synchronizing object | Nozzle petal seam.007
Fra:1 Mem:16.34M (Peak 16.34M) | Time:00:00.59 | Mem:0.00M, Peak:0.00M | Scene, ViewLayer | Synchronizing object | Nozzle petal seam.008
Fra:1 Mem:16.31M (Peak 16.34M) | Time:00:00.59 | Mem:0.00M, Peak:0.00M | Scene, ViewLayer | Synchronizing object | Nozzle petal seam.009
Fra:1 Mem:16.31M (Peak 16.34M) | Time:00:00.59 | Mem:0.00M, Peak:0.00M | Scene, ViewLayer | Synchronizing object | Nozzle petal seam.010
Fra:1 Mem:16.33M (Peak 16.34M) | Time:00:00.59 | Mem:0.00M, Peak:0.00M | Scene, ViewLayer | Synchronizing object | Nozzle petal seam.011
Fra:1 Mem:16.34M (Peak 16.34M) | Time:00:00.59 | Mem:0.00M, Peak:0.00M | Scene, ViewLayer | Synchronizing object | Deep ion throat
Fra:1 Mem:16.31M (Peak 16.34M) | Time:00:00.59 | Mem:0.00M, Peak:0.00M | Scene, ViewLayer | Synchronizing object | Integrated lifting hull.001
Fra:1 Mem:16.31M (Peak 16.34M) | Time:00:00.59 | Mem:0.00M, Peak:0.00M | Scene, ViewLayer | Synchronizing object | Nozzle petal seam.012
Fra:1 Mem:16.33M (Peak 16.34M) | Time:00:00.59 | Mem:0.00M, Peak:0.00M | Scene, ViewLayer | Synchronizing object | Nozzle petal seam.013
Fra:1 Mem:16.36M (Peak 16.36M) | Time:00:00.59 | Mem:0.00M, Peak:0.00M | Scene, ViewLayer | Synchronizing object | Integrated propulsion nacelle.001
Fra:1 Mem:16.37M (Peak 16.37M) | Time:00:00.59 | Mem:0.00M, Peak:0.00M | Scene, ViewLayer | Synchronizing object | Nozzle petal seam.014
Fra:1 Mem:16.37M (Peak 16.37M) | Time:00:00.59 | Mem:0.00M, Peak:0.00M | Scene, ViewLayer | Synchronizing object | Nozzle petal seam.015
Fra:1 Mem:16.37M (Peak 16.37M) | Time:00:00.59 | Mem:0.00M, Peak:0.00M | Scene, ViewLayer | Synchronizing object | Nozzle petal seam.016
Fra:1 Mem:16.41M (Peak 16.41M) | Time:00:00.59 | Mem:0.00M, Peak:0.00M | Scene, ViewLayer | Synchronizing object | Nozzle petal seam.017
Fra:1 Mem:16.44M (Peak 16.44M) | Time:00:00.59 | Mem:0.00M, Peak:0.00M | Scene, ViewLayer | Synchronizing object | Nozzle petal seam.018
Fra:1 Mem:16.41M (Peak 16.44M) | Time:00:00.59 | Mem:0.00M, Peak:0.00M | Scene, ViewLayer | Synchronizing object | Contoured expansion nozzle.001
Fra:1 Mem:16.41M (Peak 16.44M) | Time:00:00.59 | Mem:0.00M, Peak:0.00M | Scene, ViewLayer | Synchronizing object | Nozzle petal seam.019
Fra:1 Mem:16.43M (Peak 16.44M) | Time:00:00.59 | Mem:0.00M, Peak:0.00M | Scene, ViewLayer | Synchronizing object | Nozzle petal seam.020
Fra:1 Mem:16.49M (Peak 16.49M) | Time:00:00.59 | Mem:0.00M, Peak:0.00M | Scene, ViewLayer | Synchronizing object | Nozzle petal seam.021
Fra:1 Mem:16.51M (Peak 16.51M) | Time:00:00.59 | Mem:0.00M, Peak:0.00M | Scene, ViewLayer | Synchronizing object | Nozzle petal seam.022
Fra:1 Mem:16.57M (Peak 16.57M) | Time:00:00.59 | Mem:0.00M, Peak:0.00M | Scene, ViewLayer | Synchronizing object | Nozzle petal seam.023
Fra:1 Mem:16.62M (Peak 16.62M) | Time:00:00.59 | Mem:0.00M, Peak:0.00M | Scene, ViewLayer | Synchronizing object | Deep ion throat.001
Fra:1 Mem:16.72M (Peak 16.72M) | Time:00:00.59 | Mem:0.00M, Peak:0.00M | Scene, ViewLayer | Initializing
Fra:1 Mem:13.53M (Peak 16.72M) | Time:00:00.60 | Mem:0.00M, Peak:0.00M | Scene, ViewLayer | Waiting for render to start
Fra:1 Mem:13.53M (Peak 16.72M) | Time:00:00.60 | Mem:0.00M, Peak:0.00M | Scene, ViewLayer | Updating Scene
Fra:1 Mem:13.53M (Peak 16.72M) | Time:00:00.60 | Mem:0.00M, Peak:0.00M | Scene, ViewLayer | Updating Shaders
Fra:1 Mem:13.53M (Peak 16.72M) | Time:00:00.60 | Mem:0.00M, Peak:0.00M | Scene, ViewLayer | Loading render kernels (may take a few minutes the first time)
Fra:1 Mem:13.62M (Peak 40.91M) | Time:00:01.30 | Mem:0.01M, Peak:0.01M | Scene, ViewLayer | Updating Procedurals
Fra:1 Mem:13.62M (Peak 40.91M) | Time:00:01.30 | Mem:0.01M, Peak:0.01M | Scene, ViewLayer | Updating Background
Fra:1 Mem:13.62M (Peak 40.91M) | Time:00:01.30 | Mem:0.01M, Peak:0.01M | Scene, ViewLayer | Updating Camera
Fra:1 Mem:13.62M (Peak 40.91M) | Time:00:01.30 | Mem:0.01M, Peak:0.01M | Scene, ViewLayer | Updating Meshes Flags
Fra:1 Mem:13.62M (Peak 40.91M) | Time:00:01.30 | Mem:0.01M, Peak:0.01M | Scene, ViewLayer | Updating Objects
Fra:1 Mem:13.62M (Peak 40.91M) | Time:00:01.30 | Mem:0.01M, Peak:0.01M | Scene, ViewLayer | Updating Objects | Copying Transformations to device
Fra:1 Mem:13.63M (Peak 40.91M) | Time:00:01.30 | Mem:0.02M, Peak:0.02M | Scene, ViewLayer | Updating Particle Systems
Fra:1 Mem:13.63M (Peak 40.91M) | Time:00:01.30 | Mem:0.02M, Peak:0.02M | Scene, ViewLayer | Updating Particle Systems | Copying Particles to device
Fra:1 Mem:13.63M (Peak 40.91M) | Time:00:01.30 | Mem:0.02M, Peak:0.02M | Scene, ViewLayer | Updating Meshes
Fra:1 Mem:14.07M (Peak 40.91M) | Time:00:01.31 | Mem:0.02M, Peak:0.02M | Scene, ViewLayer | Updating Objects | Applying Static Transformations
Fra:1 Mem:14.07M (Peak 40.91M) | Time:00:01.31 | Mem:0.02M, Peak:0.02M | Scene, ViewLayer | Updating Mesh | Computing attributes
Fra:1 Mem:14.74M (Peak 40.91M) | Time:00:01.32 | Mem:0.02M, Peak:0.02M | Scene, ViewLayer | Updating Mesh | Copying Attributes to device
Fra:1 Mem:14.73M (Peak 40.91M) | Time:00:01.32 | Mem:0.68M, Peak:0.68M | Scene, ViewLayer | Updating Geometry BVH light 44/43 | Building BVH
Fra:1 Mem:14.73M (Peak 40.91M) | Time:00:01.32 | Mem:0.68M, Peak:0.68M | Scene, ViewLayer | Updating Geometry BVH Contoured expansion nozzle.050 12/43 | Building BVH
Fra:1 Mem:14.73M (Peak 40.91M) | Time:00:01.32 | Mem:0.68M, Peak:0.68M | Scene, ViewLayer | Updating Geometry BVH Contoured expansion nozzle.050 12/43 | Building OptiX acceleration structure
Fra:1 Mem:14.94M (Peak 40.91M) | Time:00:01.32 | Mem:0.69M, Peak:0.69M | Scene, ViewLayer | Updating Geometry BVH Deep intake duct.025 43/43 | Building BVH
Fra:1 Mem:14.94M (Peak 40.91M) | Time:00:01.32 | Mem:0.69M, Peak:0.69M | Scene, ViewLayer | Updating Geometry BVH Nozzle petal seam.600 13/43 | Building OptiX acceleration structure
Fra:1 Mem:14.97M (Peak 40.91M) | Time:00:01.32 | Mem:0.69M, Peak:0.69M | Scene, ViewLayer | Updating Geometry BVH Nozzle petal seam.601 14/43 | Building BVH
Fra:1 Mem:15.05M (Peak 40.91M) | Time:00:01.32 | Mem:0.69M, Peak:0.69M | Scene, ViewLayer | Updating Geometry BVH Nozzle petal seam.601 14/43 | Building OptiX acceleration structure
Fra:1 Mem:15.04M (Peak 40.91M) | Time:00:01.32 | Mem:1.00M, Peak:1.04M | Scene, ViewLayer | Updating Geometry BVH Nozzle petal seam.602 15/43 | Building BVH
Fra:1 Mem:15.04M (Peak 40.91M) | Time:00:01.32 | Mem:1.00M, Peak:1.04M | Scene, ViewLayer | Updating Geometry BVH Nozzle petal seam.602 15/43 | Building OptiX acceleration structure
Fra:1 Mem:15.04M (Peak 40.91M) | Time:00:01.32 | Mem:1.00M, Peak:1.04M | Scene, ViewLayer | Updating Geometry BVH Nozzle petal seam.603 16/43 | Building BVH
Fra:1 Mem:15.04M (Peak 40.91M) | Time:00:01.32 | Mem:1.00M, Peak:1.04M | Scene, ViewLayer | Updating Geometry BVH Nozzle petal seam.603 16/43 | Building OptiX acceleration structure
Fra:1 Mem:14.96M (Peak 40.91M) | Time:00:01.32 | Mem:1.03M, Peak:1.42M | Scene, ViewLayer | Updating Geometry BVH Nozzle petal seam.604 17/43 | Building BVH
Fra:1 Mem:14.96M (Peak 40.91M) | Time:00:01.32 | Mem:1.04M, Peak:1.42M | Scene, ViewLayer | Updating Geometry BVH Nozzle petal seam.604 17/43 | Building OptiX acceleration structure
Fra:1 Mem:14.96M (Peak 40.91M) | Time:00:01.32 | Mem:1.03M, Peak:1.42M | Scene, ViewLayer | Updating Geometry BVH Nozzle petal seam.605 18/43 | Building BVH
Fra:1 Mem:14.96M (Peak 40.91M) | Time:00:01.32 | Mem:1.44M, Peak:1.44M | Scene, ViewLayer | Updating Geometry BVH Nozzle petal seam.605 18/43 | Building OptiX acceleration structure
Fra:1 Mem:14.83M (Peak 40.91M) | Time:00:01.33 | Mem:1.06M, Peak:1.54M | Scene, ViewLayer | Updating Geometry BVH Nozzle petal seam.606 19/43 | Building BVH
Fra:1 Mem:14.83M (Peak 40.91M) | Time:00:01.33 | Mem:1.10M, Peak:1.54M | Scene, ViewLayer | Updating Geometry BVH Nozzle petal seam.606 19/43 | Building OptiX acceleration structure
Fra:1 Mem:14.83M (Peak 40.91M) | Time:00:01.33 | Mem:1.07M, Peak:1.54M | Scene, ViewLayer | Updating Geometry BVH Nozzle petal seam.607 20/43 | Building BVH
Fra:1 Mem:14.83M (Peak 40.91M) | Time:00:01.33 | Mem:1.25M, Peak:1.54M | Scene, ViewLayer | Updating Geometry BVH Nozzle petal seam.607 20/43 | Building OptiX acceleration structure
Fra:1 Mem:14.75M (Peak 40.91M) | Time:00:01.33 | Mem:1.09M, Peak:1.54M | Scene, ViewLayer | Updating Geometry BVH Nozzle petal seam.608 21/43 | Building BVH
Fra:1 Mem:14.75M (Peak 40.91M) | Time:00:01.33 | Mem:1.09M, Peak:1.54M | Scene, ViewLayer | Updating Geometry BVH Nozzle petal seam.608 21/43 | Building OptiX acceleration structure
Fra:1 Mem:14.75M (Peak 40.91M) | Time:00:01.33 | Mem:1.09M, Peak:1.54M | Scene, ViewLayer | Updating Geometry BVH Nozzle petal seam.609 22/43 | Building BVH
Fra:1 Mem:14.75M (Peak 40.91M) | Time:00:01.33 | Mem:1.09M, Peak:1.54M | Scene, ViewLayer | Updating Geometry BVH Nozzle petal seam.609 22/43 | Building OptiX acceleration structure
Fra:1 Mem:14.75M (Peak 40.91M) | Time:00:01.33 | Mem:1.09M, Peak:1.54M | Scene, ViewLayer | Updating Geometry BVH Deep ion throat.051 42/43 | Building BVH
Fra:1 Mem:14.75M (Peak 40.91M) | Time:00:01.33 | Mem:1.09M, Peak:1.54M | Scene, ViewLayer | Updating Geometry BVH Deep ion throat.051 42/43 | Building OptiX acceleration structure
Fra:1 Mem:14.77M (Peak 40.91M) | Time:00:01.33 | Mem:1.11M, Peak:1.54M | Scene, ViewLayer | Updating Geometry BVH Nozzle petal seam.610 23/43 | Building BVH
Fra:1 Mem:14.77M (Peak 40.91M) | Time:00:01.33 | Mem:1.11M, Peak:1.54M | Scene, ViewLayer | Updating Geometry BVH Nozzle petal seam.610 23/43 | Building OptiX acceleration structure
Fra:1 Mem:14.76M (Peak 40.91M) | Time:00:01.33 | Mem:1.11M, Peak:1.54M | Scene, ViewLayer | Updating Geometry BVH Nozzle petal seam.611 24/43 | Building BVH
Fra:1 Mem:14.76M (Peak 40.91M) | Time:00:01.33 | Mem:1.11M, Peak:1.54M | Scene, ViewLayer | Updating Geometry BVH Nozzle petal seam.611 24/43 | Building OptiX acceleration structure
Fra:1 Mem:14.76M (Peak 40.91M) | Time:00:01.33 | Mem:1.11M, Peak:1.54M | Scene, ViewLayer | Updating Geometry BVH Deep ion throat.050 25/43 | Building BVH
Fra:1 Mem:14.76M (Peak 40.91M) | Time:00:01.33 | Mem:1.11M, Peak:1.54M | Scene, ViewLayer | Updating Geometry BVH Deep ion throat.050 25/43 | Building OptiX acceleration structure
Fra:1 Mem:14.78M (Peak 40.91M) | Time:00:01.34 | Mem:1.13M, Peak:1.54M | Scene, ViewLayer | Updating Geometry BVH Deep intake duct.024 26/43 | Building BVH
Fra:1 Mem:14.78M (Peak 40.91M) | Time:00:01.34 | Mem:1.13M, Peak:1.54M | Scene, ViewLayer | Updating Geometry BVH Deep intake duct.024 26/43 | Building OptiX acceleration structure
Fra:1 Mem:14.78M (Peak 40.91M) | Time:00:01.34 | Mem:1.13M, Peak:1.54M | Scene, ViewLayer | Updating Geometry BVH Integrated lifting hull.025 27/43 | Building BVH
Fra:1 Mem:14.78M (Peak 40.91M) | Time:00:01.34 | Mem:1.14M, Peak:1.54M | Scene, ViewLayer | Updating Geometry BVH Integrated lifting hull.025 27/43 | Building OptiX acceleration structure
Fra:1 Mem:14.79M (Peak 40.91M) | Time:00:01.34 | Mem:1.14M, Peak:1.54M | Scene, ViewLayer | Updating Geometry BVH Integrated propulsion nacelle.025 28/43 | Building BVH
Fra:1 Mem:14.79M (Peak 40.91M) | Time:00:01.34 | Mem:1.15M, Peak:1.54M | Scene, ViewLayer | Updating Geometry BVH Integrated propulsion nacelle.025 28/43 | Building OptiX acceleration structure
Fra:1 Mem:14.79M (Peak 40.91M) | Time:00:01.34 | Mem:1.15M, Peak:1.54M | Scene, ViewLayer | Updating Geometry BVH Contoured expansion nozzle.051 29/43 | Building BVH
Fra:1 Mem:14.79M (Peak 40.91M) | Time:00:01.34 | Mem:1.15M, Peak:1.54M | Scene, ViewLayer | Updating Geometry BVH Contoured expansion nozzle.051 29/43 | Building OptiX acceleration structure
Fra:1 Mem:14.80M (Peak 40.91M) | Time:00:01.34 | Mem:1.16M, Peak:1.54M | Scene, ViewLayer | Updating Geometry BVH Nozzle petal seam.612 30/43 | Building BVH
Fra:1 Mem:14.80M (Peak 40.91M) | Time:00:01.34 | Mem:1.17M, Peak:1.54M | Scene, ViewLayer | Updating Geometry BVH Nozzle petal seam.612 30/43 | Building OptiX acceleration structure
Fra:1 Mem:14.80M (Peak 40.91M) | Time:00:01.34 | Mem:1.16M, Peak:1.54M | Scene, ViewLayer | Updating Geometry BVH Nozzle petal seam.613 31/43 | Building BVH
Fra:1 Mem:14.80M (Peak 40.91M) | Time:00:01.34 | Mem:1.17M, Peak:1.54M | Scene, ViewLayer | Updating Geometry BVH Nozzle petal seam.613 31/43 | Building OptiX acceleration structure
Fra:1 Mem:14.80M (Peak 40.91M) | Time:00:01.34 | Mem:1.16M, Peak:1.54M | Scene, ViewLayer | Updating Geometry BVH Nozzle petal seam.614 32/43 | Building BVH
Fra:1 Mem:14.80M (Peak 40.91M) | Time:00:01.34 | Mem:1.17M, Peak:1.54M | Scene, ViewLayer | Updating Geometry BVH Nozzle petal seam.614 32/43 | Building OptiX acceleration structure
Fra:1 Mem:14.80M (Peak 40.91M) | Time:00:01.34 | Mem:1.16M, Peak:1.54M | Scene, ViewLayer | Updating Geometry BVH Nozzle petal seam.615 33/43 | Building BVH
Fra:1 Mem:14.80M (Peak 40.91M) | Time:00:01.34 | Mem:1.16M, Peak:1.54M | Scene, ViewLayer | Updating Geometry BVH Nozzle petal seam.615 33/43 | Building OptiX acceleration structure
Fra:1 Mem:14.78M (Peak 40.91M) | Time:00:01.34 | Mem:1.16M, Peak:1.54M | Scene, ViewLayer | Updating Geometry BVH Nozzle petal seam.623 41/43 | Building BVH
Fra:1 Mem:14.78M (Peak 40.91M) | Time:00:01.34 | Mem:1.16M, Peak:1.54M | Scene, ViewLayer | Updating Geometry BVH Nozzle petal seam.623 41/43 | Building OptiX acceleration structure
Fra:1 Mem:14.78M (Peak 40.91M) | Time:00:01.34 | Mem:1.16M, Peak:1.54M | Scene, ViewLayer | Updating Geometry BVH Nozzle petal seam.616 34/43 | Building BVH
Fra:1 Mem:14.78M (Peak 40.91M) | Time:00:01.34 | Mem:1.16M, Peak:1.54M | Scene, ViewLayer | Updating Geometry BVH Nozzle petal seam.616 34/43 | Building OptiX acceleration structure
Fra:1 Mem:14.78M (Peak 40.91M) | Time:00:01.34 | Mem:1.16M, Peak:1.54M | Scene, ViewLayer | Updating Geometry BVH Nozzle petal seam.617 35/43 | Building BVH
Fra:1 Mem:14.78M (Peak 40.91M) | Time:00:01.34 | Mem:1.22M, Peak:1.54M | Scene, ViewLayer | Updating Geometry BVH Nozzle petal seam.617 35/43 | Building OptiX acceleration structure
Fra:1 Mem:14.76M (Peak 40.91M) | Time:00:01.34 | Mem:1.15M, Peak:1.54M | Scene, ViewLayer | Updating Geometry BVH Nozzle petal seam.618 36/43 | Building BVH
Fra:1 Mem:14.76M (Peak 40.91M) | Time:00:01.34 | Mem:1.17M, Peak:1.54M | Scene, ViewLayer | Updating Geometry BVH Nozzle petal seam.618 36/43 | Building OptiX acceleration structure
Fra:1 Mem:14.76M (Peak 40.91M) | Time:00:01.34 | Mem:1.15M, Peak:1.54M | Scene, ViewLayer | Updating Geometry BVH Nozzle petal seam.619 37/43 | Building BVH
Fra:1 Mem:14.76M (Peak 40.91M) | Time:00:01.34 | Mem:1.15M, Peak:1.54M | Scene, ViewLayer | Updating Geometry BVH Nozzle petal seam.619 37/43 | Building OptiX acceleration structure
Fra:1 Mem:14.75M (Peak 40.91M) | Time:00:01.35 | Mem:1.15M, Peak:1.54M | Scene, ViewLayer | Updating Geometry BVH Nozzle petal seam.620 38/43 | Building BVH
Fra:1 Mem:14.75M (Peak 40.91M) | Time:00:01.35 | Mem:1.15M, Peak:1.54M | Scene, ViewLayer | Updating Geometry BVH Nozzle petal seam.620 38/43 | Building OptiX acceleration structure
Fra:1 Mem:14.74M (Peak 40.91M) | Time:00:01.35 | Mem:1.15M, Peak:1.54M | Scene, ViewLayer | Updating Geometry BVH Nozzle petal seam.621 39/43 | Building BVH
Fra:1 Mem:14.74M (Peak 40.91M) | Time:00:01.35 | Mem:1.19M, Peak:1.54M | Scene, ViewLayer | Updating Geometry BVH Nozzle petal seam.621 39/43 | Building OptiX acceleration structure
Fra:1 Mem:14.74M (Peak 40.91M) | Time:00:01.35 | Mem:1.16M, Peak:1.54M | Scene, ViewLayer | Updating Geometry BVH Nozzle petal seam.622 40/43 | Building BVH
Fra:1 Mem:14.74M (Peak 40.91M) | Time:00:01.35 | Mem:1.16M, Peak:1.54M | Scene, ViewLayer | Updating Geometry BVH Nozzle petal seam.622 40/43 | Building OptiX acceleration structure
Fra:1 Mem:14.73M (Peak 40.91M) | Time:00:01.37 | Mem:1.17M, Peak:1.54M | Scene, ViewLayer | Updating Scene BVH | Building
Fra:1 Mem:14.73M (Peak 40.91M) | Time:00:01.37 | Mem:1.17M, Peak:1.54M | Scene, ViewLayer | Updating Scene BVH | Building OptiX acceleration structure
Fra:1 Mem:14.73M (Peak 40.91M) | Time:00:01.37 | Mem:1.17M, Peak:1.54M | Scene, ViewLayer | Updating Scene BVH | Copying BVH to device
Fra:1 Mem:14.73M (Peak 40.91M) | Time:00:01.37 | Mem:1.17M, Peak:1.54M | Scene, ViewLayer | Updating Mesh | Computing normals
Fra:1 Mem:15.29M (Peak 40.91M) | Time:00:01.37 | Mem:1.17M, Peak:1.54M | Scene, ViewLayer | Updating Mesh | Copying Mesh to device
Fra:1 Mem:15.29M (Peak 40.91M) | Time:00:01.37 | Mem:1.73M, Peak:1.73M | Scene, ViewLayer | Updating Objects Flags
Fra:1 Mem:15.29M (Peak 40.91M) | Time:00:01.37 | Mem:1.73M, Peak:1.73M | Scene, ViewLayer | Updating Primitive Offsets
Fra:1 Mem:15.29M (Peak 40.91M) | Time:00:01.37 | Mem:1.73M, Peak:1.73M | Scene, ViewLayer | Updating Images
Fra:1 Mem:15.29M (Peak 40.91M) | Time:00:01.37 | Mem:1.73M, Peak:1.73M | Scene, ViewLayer | Updating Images | Loading panel-normal.png
Fra:1 Mem:15.29M (Peak 40.91M) | Time:00:01.37 | Mem:1.73M, Peak:1.73M | Scene, ViewLayer | Updating Images | Loading cobalt-basecolor.png
Fra:1 Mem:19.29M (Peak 40.91M) | Time:00:01.37 | Mem:1.73M, Peak:1.73M | Scene, ViewLayer | Updating Images | Loading paint-orm.png
Fra:1 Mem:31.30M (Peak 40.91M) | Time:00:01.53 | Mem:17.73M, Peak:17.73M | Scene, ViewLayer | Updating Camera Volume
Fra:1 Mem:31.30M (Peak 40.91M) | Time:00:01.53 | Mem:17.73M, Peak:17.73M | Scene, ViewLayer | Updating Lookup Tables
Fra:1 Mem:31.30M (Peak 40.91M) | Time:00:01.53 | Mem:17.81M, Peak:17.81M | Scene, ViewLayer | Updating Lights
Fra:1 Mem:31.30M (Peak 40.91M) | Time:00:01.53 | Mem:17.81M, Peak:17.81M | Scene, ViewLayer | Updating Lights | Computing tree
Fra:1 Mem:31.49M (Peak 40.91M) | Time:00:01.55 | Mem:18.00M, Peak:18.00M | Scene, ViewLayer | Updating Integrator
Fra:1 Mem:31.49M (Peak 40.91M) | Time:00:01.55 | Mem:18.00M, Peak:18.00M | Scene, ViewLayer | Updating Film
Fra:1 Mem:31.49M (Peak 40.91M) | Time:00:01.55 | Mem:17.92M, Peak:18.00M | Scene, ViewLayer | Updating Lookup Tables
Fra:1 Mem:31.49M (Peak 40.91M) | Time:00:01.55 | Mem:18.01M, Peak:18.01M | Scene, ViewLayer | Updating Baking
Fra:1 Mem:31.49M (Peak 40.91M) | Time:00:01.55 | Mem:18.01M, Peak:18.01M | Scene, ViewLayer | Updating Device | Writing constant memory
Fra:1 Mem:31.50M (Peak 40.91M) | Time:00:01.56 | Mem:18.01M, Peak:18.01M | Scene, ViewLayer | Loading denoising kernels (may take a few minutes the first time)
Fra:1 Mem:35.50M (Peak 40.91M) | Time:00:01.67 | Mem:370.01M, Peak:370.01M | Scene, ViewLayer | Sample 0/24
Fra:1 Mem:82.47M (Peak 82.47M) | Time:00:01.96 | Remaining:00:06.77 | Mem:416.99M, Peak:416.99M | Scene, ViewLayer | Sample 1/24
Fra:1 Mem:102.25M (Peak 131.92M) | Time:00:08.34 | Mem:416.99M, Peak:416.99M | Scene, ViewLayer | Sample 24/24
Fra:1 Mem:102.25M (Peak 131.92M) | Time:00:08.34 | Mem:416.99M, Peak:416.99M | Scene, ViewLayer | Finished
Saved: 'D:\vibe-coding-e\nova-swarm-forum-129-improvements-20260822\docs\fleet-art-v2\ships\16\surfaced.png'
Time: 00:09.17 (Saving: 00:00.59)

Info: Saved as "source.blend"
INFO Draco mesh compression is available, use library at D:\vibe-coding-e\codex-blender-test\tools\blender-4.5.13-windows-x64\4.5\scripts\addons_core\io_scene_gltf2\extern_draco.dll
17:07:47 | INFO: Starting glTF 2.0 export
17:07:47 | INFO: Extracting primitive: Continuous pressure fuselage.012
17:07:47 | WARNING: More than one shader node tex image used for a texture. The resulting glTF sampler will behave like the first shader node tex image.
17:07:47 | WARNING: More than one shader node tex image used for a texture. The resulting glTF sampler will behave like the first shader node tex image.
17:07:47 | INFO: Primitives created: 6
17:07:47 | INFO: Finished glTF 2.0 export in 0.22519421577453613 s
Fra:1 Mem:15.06M (Peak 30.56M) | Time:00:00.34 | Mem:0.00M, Peak:0.00M | Scene, ViewLayer | Synchronizing object | Broad neutral key
Fra:1 Mem:15.06M (Peak 30.56M) | Time:00:00.34 | Mem:0.00M, Peak:0.00M | Scene, ViewLayer | Synchronizing object | SpectralSlipV2
Fra:1 Mem:16.61M (Peak 30.56M) | Time:00:00.35 | Mem:0.00M, Peak:0.00M | Scene, ViewLayer | Initializing
Fra:1 Mem:16.13M (Peak 30.56M) | Time:00:00.35 | Mem:0.00M, Peak:0.00M | Scene, ViewLayer | Waiting for render to start
Fra:1 Mem:16.13M (Peak 30.56M) | Time:00:00.35 | Mem:0.00M, Peak:0.00M | Scene, ViewLayer | Updating Scene
Fra:1 Mem:16.13M (Peak 30.56M) | Time:00:00.35 | Mem:0.00M, Peak:0.00M | Scene, ViewLayer | Updating Shaders
Fra:1 Mem:16.13M (Peak 30.56M) | Time:00:00.35 | Mem:0.00M, Peak:0.00M | Scene, ViewLayer | Loading render kernels (may take a few minutes the first time)
Fra:1 Mem:16.22M (Peak 43.51M) | Time:00:00.58 | Mem:0.01M, Peak:0.01M | Scene, ViewLayer | Updating Procedurals
Fra:1 Mem:16.22M (Peak 43.51M) | Time:00:00.58 | Mem:0.01M, Peak:0.01M | Scene, ViewLayer | Updating Background
Fra:1 Mem:16.22M (Peak 43.51M) | Time:00:00.58 | Mem:0.01M, Peak:0.01M | Scene, ViewLayer | Updating Camera
Fra:1 Mem:16.22M (Peak 43.51M) | Time:00:00.58 | Mem:0.01M, Peak:0.01M | Scene, ViewLayer | Updating Meshes Flags
Fra:1 Mem:16.22M (Peak 43.51M) | Time:00:00.58 | Mem:0.01M, Peak:0.01M | Scene, ViewLayer | Updating Objects
Fra:1 Mem:16.22M (Peak 43.51M) | Time:00:00.58 | Mem:0.01M, Peak:0.01M | Scene, ViewLayer | Updating Objects | Copying Transformations to device
Fra:1 Mem:16.22M (Peak 43.51M) | Time:00:00.58 | Mem:0.01M, Peak:0.01M | Scene, ViewLayer | Updating Particle Systems
Fra:1 Mem:16.22M (Peak 43.51M) | Time:00:00.58 | Mem:0.01M, Peak:0.01M | Scene, ViewLayer | Updating Particle Systems | Copying Particles to device
Fra:1 Mem:16.22M (Peak 43.51M) | Time:00:00.58 | Mem:0.01M, Peak:0.01M | Scene, ViewLayer | Updating Meshes
Fra:1 Mem:17.28M (Peak 43.51M) | Time:00:00.60 | Mem:0.01M, Peak:0.01M | Scene, ViewLayer | Updating Objects | Applying Static Transformations
Fra:1 Mem:17.28M (Peak 43.51M) | Time:00:00.60 | Mem:0.01M, Peak:0.01M | Scene, ViewLayer | Updating Mesh | Computing attributes
Fra:1 Mem:18.69M (Peak 43.51M) | Time:00:00.60 | Mem:0.01M, Peak:0.01M | Scene, ViewLayer | Updating Mesh | Copying Attributes to device
Fra:1 Mem:18.69M (Peak 43.51M) | Time:00:00.62 | Mem:1.42M, Peak:1.42M | Scene, ViewLayer | Updating Geometry BVH light 5/4 | Building BVH
Fra:1 Mem:18.69M (Peak 43.51M) | Time:00:00.62 | Mem:1.42M, Peak:1.42M | Scene, ViewLayer | Updating Geometry BVH Continuous pressure fuselage.012 4/4 | Building OptiX acceleration structure
Fra:1 Mem:18.69M (Peak 43.51M) | Time:00:00.62 | Mem:1.87M, Peak:3.27M | Scene, ViewLayer | Updating Scene BVH | Building
Fra:1 Mem:18.69M (Peak 43.51M) | Time:00:00.62 | Mem:1.87M, Peak:3.27M | Scene, ViewLayer | Updating Scene BVH | Building OptiX acceleration structure
Fra:1 Mem:18.69M (Peak 43.51M) | Time:00:00.62 | Mem:1.87M, Peak:3.27M | Scene, ViewLayer | Updating Scene BVH | Copying BVH to device
Fra:1 Mem:18.69M (Peak 43.51M) | Time:00:00.62 | Mem:1.87M, Peak:3.27M | Scene, ViewLayer | Updating Mesh | Computing normals
Fra:1 Mem:19.24M (Peak 43.51M) | Time:00:00.62 | Mem:1.87M, Peak:3.27M | Scene, ViewLayer | Updating Mesh | Copying Mesh to device
Fra:1 Mem:19.24M (Peak 43.51M) | Time:00:00.63 | Mem:2.43M, Peak:3.27M | Scene, ViewLayer | Updating Objects Flags
Fra:1 Mem:19.24M (Peak 43.51M) | Time:00:00.63 | Mem:2.43M, Peak:3.27M | Scene, ViewLayer | Updating Primitive Offsets
Fra:1 Mem:19.24M (Peak 43.51M) | Time:00:00.64 | Mem:2.43M, Peak:3.27M | Scene, ViewLayer | Updating Images
Fra:1 Mem:19.24M (Peak 43.51M) | Time:00:00.64 | Mem:2.43M, Peak:3.27M | Scene, ViewLayer | Updating Images | Loading panel-normal.png
Fra:1 Mem:23.24M (Peak 43.51M) | Time:00:00.64 | Mem:2.43M, Peak:3.27M | Scene, ViewLayer | Updating Images | Loading white-basecolor.png
Fra:1 Mem:27.24M (Peak 43.51M) | Time:00:00.64 | Mem:2.43M, Peak:3.27M | Scene, ViewLayer | Updating Images | Loading paint-orm.png
Fra:1 Mem:35.25M (Peak 43.51M) | Time:00:00.66 | Mem:18.43M, Peak:18.43M | Scene, ViewLayer | Updating Camera Volume
Fra:1 Mem:35.25M (Peak 43.51M) | Time:00:00.66 | Mem:18.43M, Peak:18.43M | Scene, ViewLayer | Updating Lookup Tables
Fra:1 Mem:35.25M (Peak 43.51M) | Time:00:00.66 | Mem:18.51M, Peak:18.51M | Scene, ViewLayer | Updating Lights
Fra:1 Mem:35.25M (Peak 43.51M) | Time:00:00.66 | Mem:18.51M, Peak:18.51M | Scene, ViewLayer | Updating Lights | Computing tree
Fra:1 Mem:35.51M (Peak 43.51M) | Time:00:00.69 | Mem:18.77M, Peak:18.77M | Scene, ViewLayer | Updating Integrator
Fra:1 Mem:35.51M (Peak 43.51M) | Time:00:00.69 | Mem:18.77M, Peak:18.77M | Scene, ViewLayer | Updating Film
Fra:1 Mem:35.51M (Peak 43.51M) | Time:00:00.69 | Mem:18.69M, Peak:18.77M | Scene, ViewLayer | Updating Lookup Tables
Fra:1 Mem:35.51M (Peak 43.51M) | Time:00:00.69 | Mem:18.77M, Peak:18.77M | Scene, ViewLayer | Updating Baking
Fra:1 Mem:35.51M (Peak 43.51M) | Time:00:00.69 | Mem:18.77M, Peak:18.77M | Scene, ViewLayer | Updating Device | Writing constant memory
Fra:1 Mem:35.52M (Peak 43.51M) | Time:00:00.69 | Mem:18.77M, Peak:18.77M | Scene, ViewLayer | Loading denoising kernels (may take a few minutes the first time)
Fra:1 Mem:39.52M (Peak 43.51M) | Time:00:00.74 | Mem:370.77M, Peak:370.77M | Scene, ViewLayer | Sample 0/24
Fra:1 Mem:115.52M (Peak 115.52M) | Time:00:02.10 | Remaining:00:31.47 | Mem:446.78M, Peak:446.78M | Scene, ViewLayer | Sample 1/24
Fra:1 Mem:115.52M (Peak 115.52M) | Time:00:05.84 | Remaining:00:02.10 | Mem:446.79M, Peak:446.79M | Scene, ViewLayer | Sample 17/24
Fra:1 Mem:147.53M (Peak 195.53M) | Time:00:14.96 | Mem:446.79M, Peak:446.79M | Scene, ViewLayer | Sample 24/24
Fra:1 Mem:147.53M (Peak 195.53M) | Time:00:14.96 | Mem:446.79M, Peak:446.79M | Scene, ViewLayer | Finished
Saved: 'D:\vibe-coding-e\nova-swarm-forum-129-improvements-20260822\docs\fleet-art-v2\ships\16\export\showroom.png'
Time: 00:15.37 (Saving: 00:00.18)

Fra:1 Mem:15.34M (Peak 15.34M) | Time:00:00.34 | Mem:0.00M, Peak:0.00M | Scene, ViewLayer | Synchronizing object | Broad neutral key
Fra:1 Mem:15.34M (Peak 15.34M) | Time:00:00.34 | Mem:0.00M, Peak:0.00M | Scene, ViewLayer | Synchronizing object | SpectralSlipV2
Fra:1 Mem:16.61M (Peak 17.55M) | Time:00:00.36 | Mem:0.00M, Peak:0.00M | Scene, ViewLayer | Initializing
Fra:1 Mem:16.13M (Peak 17.55M) | Time:00:00.36 | Mem:0.00M, Peak:0.00M | Scene, ViewLayer | Waiting for render to start
Fra:1 Mem:16.13M (Peak 17.55M) | Time:00:00.36 | Mem:0.00M, Peak:0.00M | Scene, ViewLayer | Updating Scene
Fra:1 Mem:16.13M (Peak 17.55M) | Time:00:00.36 | Mem:0.00M, Peak:0.00M | Scene, ViewLayer | Updating Shaders
Fra:1 Mem:16.13M (Peak 17.55M) | Time:00:00.36 | Mem:0.00M, Peak:0.00M | Scene, ViewLayer | Loading render kernels (may take a few minutes the first time)
Fra:1 Mem:16.22M (Peak 43.51M) | Time:00:00.54 | Mem:0.01M, Peak:0.01M | Scene, ViewLayer | Updating Procedurals
Fra:1 Mem:16.22M (Peak 43.51M) | Time:00:00.54 | Mem:0.01M, Peak:0.01M | Scene, ViewLayer | Updating Background
Fra:1 Mem:16.22M (Peak 43.51M) | Time:00:00.54 | Mem:0.01M, Peak:0.01M | Scene, ViewLayer | Updating Camera
Fra:1 Mem:16.22M (Peak 43.51M) | Time:00:00.54 | Mem:0.01M, Peak:0.01M | Scene, ViewLayer | Updating Meshes Flags
Fra:1 Mem:16.22M (Peak 43.51M) | Time:00:00.54 | Mem:0.01M, Peak:0.01M | Scene, ViewLayer | Updating Objects
Fra:1 Mem:16.22M (Peak 43.51M) | Time:00:00.54 | Mem:0.01M, Peak:0.01M | Scene, ViewLayer | Updating Objects | Copying Transformations to device
Fra:1 Mem:16.22M (Peak 43.51M) | Time:00:00.54 | Mem:0.01M, Peak:0.01M | Scene, ViewLayer | Updating Particle Systems
Fra:1 Mem:16.22M (Peak 43.51M) | Time:00:00.54 | Mem:0.01M, Peak:0.01M | Scene, ViewLayer | Updating Particle Systems | Copying Particles to device
Fra:1 Mem:16.22M (Peak 43.51M) | Time:00:00.54 | Mem:0.01M, Peak:0.01M | Scene, ViewLayer | Updating Meshes
Fra:1 Mem:17.28M (Peak 43.51M) | Time:00:00.56 | Mem:0.01M, Peak:0.01M | Scene, ViewLayer | Updating Objects | Applying Static Transformations
Fra:1 Mem:17.28M (Peak 43.51M) | Time:00:00.56 | Mem:0.01M, Peak:0.01M | Scene, ViewLayer | Updating Mesh | Computing attributes
Fra:1 Mem:18.69M (Peak 43.51M) | Time:00:00.56 | Mem:0.01M, Peak:0.01M | Scene, ViewLayer | Updating Mesh | Copying Attributes to device
Fra:1 Mem:18.69M (Peak 43.51M) | Time:00:00.56 | Mem:1.42M, Peak:1.42M | Scene, ViewLayer | Updating Geometry BVH Broad neutral key 2/4 | Building BVH
Fra:1 Mem:18.69M (Peak 43.51M) | Time:00:00.56 | Mem:1.42M, Peak:1.42M | Scene, ViewLayer | Updating Geometry BVH Continuous pressure fuselage.012 4/4 | Building BVH
Fra:1 Mem:18.69M (Peak 43.51M) | Time:00:00.56 | Mem:1.42M, Peak:1.42M | Scene, ViewLayer | Updating Geometry BVH Continuous pressure fuselage.012 4/4 | Building OptiX acceleration structure
Fra:1 Mem:18.69M (Peak 43.51M) | Time:00:00.57 | Mem:1.87M, Peak:3.27M | Scene, ViewLayer | Updating Scene BVH | Building
Fra:1 Mem:18.69M (Peak 43.51M) | Time:00:00.57 | Mem:1.87M, Peak:3.27M | Scene, ViewLayer | Updating Scene BVH | Building OptiX acceleration structure
Fra:1 Mem:18.69M (Peak 43.51M) | Time:00:00.57 | Mem:1.87M, Peak:3.27M | Scene, ViewLayer | Updating Scene BVH | Copying BVH to device
Fra:1 Mem:18.69M (Peak 43.51M) | Time:00:00.57 | Mem:1.87M, Peak:3.27M | Scene, ViewLayer | Updating Mesh | Computing normals
Fra:1 Mem:19.24M (Peak 43.51M) | Time:00:00.57 | Mem:1.87M, Peak:3.27M | Scene, ViewLayer | Updating Mesh | Copying Mesh to device
Fra:1 Mem:19.24M (Peak 43.51M) | Time:00:00.57 | Mem:2.43M, Peak:3.27M | Scene, ViewLayer | Updating Objects Flags
Fra:1 Mem:19.24M (Peak 43.51M) | Time:00:00.57 | Mem:2.43M, Peak:3.27M | Scene, ViewLayer | Updating Primitive Offsets
Fra:1 Mem:19.24M (Peak 43.51M) | Time:00:00.57 | Mem:2.43M, Peak:3.27M | Scene, ViewLayer | Updating Images
Fra:1 Mem:19.24M (Peak 43.51M) | Time:00:00.57 | Mem:2.43M, Peak:3.27M | Scene, ViewLayer | Updating Images | Loading panel-normal.png
Fra:1 Mem:23.24M (Peak 43.51M) | Time:00:00.57 | Mem:2.43M, Peak:3.27M | Scene, ViewLayer | Updating Images | Loading white-basecolor.png
Fra:1 Mem:27.24M (Peak 43.51M) | Time:00:00.57 | Mem:2.43M, Peak:3.27M | Scene, ViewLayer | Updating Images | Loading paint-orm.png
Fra:1 Mem:35.25M (Peak 43.51M) | Time:00:00.60 | Mem:18.43M, Peak:18.43M | Scene, ViewLayer | Updating Camera Volume
Fra:1 Mem:35.25M (Peak 43.51M) | Time:00:00.60 | Mem:18.43M, Peak:18.43M | Scene, ViewLayer | Updating Lookup Tables
Fra:1 Mem:35.25M (Peak 43.51M) | Time:00:00.60 | Mem:18.51M, Peak:18.51M | Scene, ViewLayer | Updating Lights
Fra:1 Mem:35.25M (Peak 43.51M) | Time:00:00.60 | Mem:18.51M, Peak:18.51M | Scene, ViewLayer | Updating Lights | Computing tree
Fra:1 Mem:35.51M (Peak 43.51M) | Time:00:00.60 | Mem:18.77M, Peak:18.77M | Scene, ViewLayer | Updating Integrator
Fra:1 Mem:35.51M (Peak 43.51M) | Time:00:00.60 | Mem:18.77M, Peak:18.77M | Scene, ViewLayer | Updating Film
Fra:1 Mem:35.51M (Peak 43.51M) | Time:00:00.60 | Mem:18.69M, Peak:18.77M | Scene, ViewLayer | Updating Lookup Tables
Fra:1 Mem:35.51M (Peak 43.51M) | Time:00:00.60 | Mem:18.77M, Peak:18.77M | Scene, ViewLayer | Updating Baking
Fra:1 Mem:35.51M (Peak 43.51M) | Time:00:00.60 | Mem:18.77M, Peak:18.77M | Scene, ViewLayer | Updating Device | Writing constant memory
Fra:1 Mem:35.52M (Peak 43.51M) | Time:00:00.60 | Mem:18.77M, Peak:18.77M | Scene, ViewLayer | Loading denoising kernels (may take a few minutes the first time)
Fra:1 Mem:39.52M (Peak 43.51M) | Time:00:00.67 | Mem:370.77M, Peak:370.77M | Scene, ViewLayer | Sample 0/24
Fra:1 Mem:58.52M (Peak 58.52M) | Time:00:00.70 | Remaining:00:00.66 | Mem:389.78M, Peak:389.78M | Scene, ViewLayer | Sample 1/24
Fra:1 Mem:66.53M (Peak 78.53M) | Time:00:02.58 | Mem:389.79M, Peak:389.79M | Scene, ViewLayer | Sample 24/24
Fra:1 Mem:66.53M (Peak 78.53M) | Time:00:02.58 | Mem:389.79M, Peak:389.79M | Scene, ViewLayer | Finished
Saved: 'D:\vibe-coding-e\nova-swarm-forum-129-improvements-20260822\docs\fleet-art-v2\ships\16\export\player.png'
Time: 00:02.95 (Saving: 00:00.15)


FLEET_V2_COMPLETE 16 Spectral Slip
Read blend: "D:\vibe-coding-e\nova-swarm-forum-129-improvements-20260822\docs\fleet-art-v2\ships\17\source.blend"
Fra:1 Mem:14.51M (Peak 14.51M) | Time:00:00.64 | Mem:0.00M, Peak:0.00M | Scene, ViewLayer | Synchronizing object | Broad neutral key
Fra:1 Mem:14.51M (Peak 14.51M) | Time:00:00.64 | Mem:0.00M, Peak:0.00M | Scene, ViewLayer | Synchronizing object | Neutral fill
Fra:1 Mem:14.83M (Peak 14.83M) | Time:00:00.79 | Mem:0.00M, Peak:0.00M | Scene, ViewLayer | Synchronizing object | Continuous pressure fuselage
Fra:1 Mem:15.68M (Peak 15.68M) | Time:00:00.90 | Mem:0.00M, Peak:0.00M | Scene, ViewLayer | Synchronizing object | Cockpit integrated coaming
Fra:1 Mem:16.21M (Peak 16.21M) | Time:00:01.02 | Mem:0.00M, Peak:0.00M | Scene, ViewLayer | Synchronizing object | Canopy lower frame
Fra:1 Mem:16.21M (Peak 16.21M) | Time:00:01.02 | Mem:0.00M, Peak:0.00M | Scene, ViewLayer | Synchronizing object | Canopy lower frame.001
Fra:1 Mem:16.22M (Peak 16.22M) | Time:00:01.03 | Mem:0.00M, Peak:0.00M | Scene, ViewLayer | Synchronizing object | Canopy pressure bow
Fra:1 Mem:16.23M (Peak 16.23M) | Time:00:01.03 | Mem:0.00M, Peak:0.00M | Scene, ViewLayer | Synchronizing object | Nozzle petal seam
Fra:1 Mem:16.23M (Peak 16.23M) | Time:00:01.03 | Mem:0.00M, Peak:0.00M | Scene, ViewLayer | Synchronizing object | Nozzle petal seam.001
Fra:1 Mem:16.23M (Peak 16.23M) | Time:00:01.03 | Mem:0.00M, Peak:0.00M | Scene, ViewLayer | Synchronizing object | Nozzle petal seam.002
Fra:1 Mem:16.23M (Peak 16.23M) | Time:00:01.03 | Mem:0.00M, Peak:0.00M | Scene, ViewLayer | Synchronizing object | Nozzle petal seam.003
Fra:1 Mem:16.24M (Peak 16.24M) | Time:00:01.03 | Mem:0.00M, Peak:0.00M | Scene, ViewLayer | Synchronizing object | Nozzle petal seam.004
Fra:1 Mem:16.24M (Peak 16.24M) | Time:00:01.03 | Mem:0.00M, Peak:0.00M | Scene, ViewLayer | Synchronizing object | Nozzle petal seam.005
Fra:1 Mem:16.24M (Peak 16.24M) | Time:00:01.03 | Mem:0.00M, Peak:0.00M | Scene, ViewLayer | Synchronizing object | Nozzle petal seam.006
Fra:1 Mem:16.24M (Peak 16.24M) | Time:00:01.03 | Mem:0.00M, Peak:0.00M | Scene, ViewLayer | Synchronizing object | Nozzle petal seam.007
Fra:1 Mem:16.24M (Peak 16.24M) | Time:00:01.03 | Mem:0.00M, Peak:0.00M | Scene, ViewLayer | Synchronizing object | Nozzle petal seam.008
Fra:1 Mem:16.25M (Peak 16.25M) | Time:00:01.03 | Mem:0.00M, Peak:0.00M | Scene, ViewLayer | Synchronizing object | Nozzle petal seam.009
Fra:1 Mem:16.25M (Peak 16.25M) | Time:00:01.03 | Mem:0.00M, Peak:0.00M | Scene, ViewLayer | Synchronizing object | Nozzle petal seam.010
Fra:1 Mem:16.25M (Peak 16.25M) | Time:00:01.03 | Mem:0.00M, Peak:0.00M | Scene, ViewLayer | Synchronizing object | Nozzle petal seam.011
Fra:1 Mem:16.25M (Peak 16.25M) | Time:00:01.03 | Mem:0.00M, Peak:0.00M | Scene, ViewLayer | Synchronizing object | Pressure canopy glazing
Fra:1 Mem:16.57M (Peak 16.57M) | Time:00:01.03 | Mem:0.00M, Peak:0.00M | Scene, ViewLayer | Synchronizing object | Integrated lifting hull
Fra:1 Mem:16.61M (Peak 16.61M) | Time:00:01.03 | Mem:0.00M, Peak:0.00M | Scene, ViewLayer | Synchronizing object | Integrated propulsion nacelle
Fra:1 Mem:16.64M (Peak 16.64M) | Time:00:01.03 | Mem:0.00M, Peak:0.00M | Scene, ViewLayer | Synchronizing object | Contoured expansion nozzle
Fra:1 Mem:16.66M (Peak 16.66M) | Time:00:01.03 | Mem:0.00M, Peak:0.00M | Scene, ViewLayer | Synchronizing object | Deep ion throat
Fra:1 Mem:16.72M (Peak 16.72M) | Time:00:01.03 | Mem:0.00M, Peak:0.00M | Scene, ViewLayer | Synchronizing object | Deep intake duct
Fra:1 Mem:16.82M (Peak 16.82M) | Time:00:01.05 | Mem:0.00M, Peak:0.00M | Scene, ViewLayer | Synchronizing object | Nozzle petal seam.012
Fra:1 Mem:16.82M (Peak 16.82M) | Time:00:01.05 | Mem:0.00M, Peak:0.00M | Scene, ViewLayer | Synchronizing object | Nozzle petal seam.013
Fra:1 Mem:16.83M (Peak 16.83M) | Time:00:01.05 | Mem:0.00M, Peak:0.00M | Scene, ViewLayer | Synchronizing object | Nozzle petal seam.014
Fra:1 Mem:16.83M (Peak 16.83M) | Time:00:01.05 | Mem:0.00M, Peak:0.00M | Scene, ViewLayer | Synchronizing object | Nozzle petal seam.015
Fra:1 Mem:16.83M (Peak 16.83M) | Time:00:01.05 | Mem:0.00M, Peak:0.00M | Scene, ViewLayer | Synchronizing object | Nozzle petal seam.016
Fra:1 Mem:16.83M (Peak 16.83M) | Time:00:01.05 | Mem:0.00M, Peak:0.00M | Scene, ViewLayer | Synchronizing object | Nozzle petal seam.017
Fra:1 Mem:16.83M (Peak 16.83M) | Time:00:01.05 | Mem:0.00M, Peak:0.00M | Scene, ViewLayer | Synchronizing object | Nozzle petal seam.018
Fra:1 Mem:16.84M (Peak 16.84M) | Time:00:01.05 | Mem:0.00M, Peak:0.00M | Scene, ViewLayer | Synchronizing object | Nozzle petal seam.019
Fra:1 Mem:16.84M (Peak 16.84M) | Time:00:01.05 | Mem:0.00M, Peak:0.00M | Scene, ViewLayer | Synchronizing object | Nozzle petal seam.020
Fra:1 Mem:16.84M (Peak 16.84M) | Time:00:01.05 | Mem:0.00M, Peak:0.00M | Scene, ViewLayer | Synchronizing object | Nozzle petal seam.021
Fra:1 Mem:16.84M (Peak 16.84M) | Time:00:01.05 | Mem:0.00M, Peak:0.00M | Scene, ViewLayer | Synchronizing object | Nozzle petal seam.022
Fra:1 Mem:16.84M (Peak 16.84M) | Time:00:01.05 | Mem:0.00M, Peak:0.00M | Scene, ViewLayer | Synchronizing object | Nozzle petal seam.023
Fra:1 Mem:16.85M (Peak 16.85M) | Time:00:01.05 | Mem:0.00M, Peak:0.00M | Scene, ViewLayer | Synchronizing object | Blended structural fairing
Fra:1 Mem:17.02M (Peak 17.02M) | Time:00:01.05 | Mem:0.00M, Peak:0.00M | Scene, ViewLayer | Synchronizing object | Integrated lifting hull.001
Fra:1 Mem:17.06M (Peak 17.06M) | Time:00:01.05 | Mem:0.00M, Peak:0.00M | Scene, ViewLayer | Synchronizing object | Integrated propulsion nacelle.001
Fra:1 Mem:17.08M (Peak 17.08M) | Time:00:01.05 | Mem:0.00M, Peak:0.00M | Scene, ViewLayer | Synchronizing object | Contoured expansion nozzle.001
Fra:1 Mem:17.11M (Peak 17.11M) | Time:00:01.05 | Mem:0.00M, Peak:0.00M | Scene, ViewLayer | Synchronizing object | Deep ion throat.001
Fra:1 Mem:17.17M (Peak 17.17M) | Time:00:01.05 | Mem:0.00M, Peak:0.00M | Scene, ViewLayer | Synchronizing object | Deep intake duct.001
Fra:1 Mem:17.27M (Peak 17.27M) | Time:00:01.08 | Mem:0.00M, Peak:0.00M | Scene, ViewLayer | Synchronizing object | Blended structural fairing.001
Fra:1 Mem:17.44M (Peak 17.44M) | Time:00:01.09 | Mem:0.00M, Peak:0.00M | Scene, ViewLayer | Initializing
Fra:1 Mem:13.86M (Peak 17.44M) | Time:00:01.09 | Mem:0.00M, Peak:0.00M | Scene, ViewLayer | Waiting for render to start
Fra:1 Mem:13.86M (Peak 17.44M) | Time:00:01.09 | Mem:0.00M, Peak:0.00M | Scene, ViewLayer | Updating Scene
Fra:1 Mem:13.86M (Peak 17.44M) | Time:00:01.09 | Mem:0.00M, Peak:0.00M | Scene, ViewLayer | Updating Shaders
Fra:1 Mem:13.86M (Peak 17.44M) | Time:00:01.09 | Mem:0.00M, Peak:0.00M | Scene, ViewLayer | Loading render kernels (may take a few minutes the first time)
Fra:1 Mem:13.95M (Peak 41.24M) | Time:00:01.94 | Mem:0.01M, Peak:0.01M | Scene, ViewLayer | Updating Procedurals
Fra:1 Mem:13.95M (Peak 41.24M) | Time:00:01.94 | Mem:0.01M, Peak:0.01M | Scene, ViewLayer | Updating Background
Fra:1 Mem:13.95M (Peak 41.24M) | Time:00:01.94 | Mem:0.01M, Peak:0.01M | Scene, ViewLayer | Updating Camera
Fra:1 Mem:13.95M (Peak 41.24M) | Time:00:01.94 | Mem:0.01M, Peak:0.01M | Scene, ViewLayer | Updating Meshes Flags
Fra:1 Mem:13.95M (Peak 41.24M) | Time:00:01.94 | Mem:0.01M, Peak:0.01M | Scene, ViewLayer | Updating Objects
Fra:1 Mem:13.95M (Peak 41.24M) | Time:00:01.94 | Mem:0.01M, Peak:0.01M | Scene, ViewLayer | Updating Objects | Copying Transformations to device
Fra:1 Mem:13.96M (Peak 41.24M) | Time:00:01.94 | Mem:0.02M, Peak:0.02M | Scene, ViewLayer | Updating Particle Systems
Fra:1 Mem:13.96M (Peak 41.24M) | Time:00:01.94 | Mem:0.02M, Peak:0.02M | Scene, ViewLayer | Updating Particle Systems | Copying Particles to device
Fra:1 Mem:13.96M (Peak 41.24M) | Time:00:01.94 | Mem:0.02M, Peak:0.02M | Scene, ViewLayer | Updating Meshes
Fra:1 Mem:14.60M (Peak 41.24M) | Time:00:01.97 | Mem:0.02M, Peak:0.02M | Scene, ViewLayer | Updating Objects | Applying Static Transformations
Fra:1 Mem:14.60M (Peak 41.24M) | Time:00:01.97 | Mem:0.02M, Peak:0.02M | Scene, ViewLayer | Updating Mesh | Computing attributes
Fra:1 Mem:15.54M (Peak 41.24M) | Time:00:01.97 | Mem:0.02M, Peak:0.02M | Scene, ViewLayer | Updating Mesh | Copying Attributes to device
Fra:1 Mem:15.53M (Peak 41.24M) | Time:00:01.97 | Mem:0.95M, Peak:0.95M | Scene, ViewLayer | Updating Geometry BVH Neutral fill 3/45 | Building BVH
Fra:1 Mem:15.53M (Peak 41.24M) | Time:00:01.97 | Mem:0.95M, Peak:0.95M | Scene, ViewLayer | Updating Geometry BVH Canopy lower frame.027 8/45 | Building BVH
Fra:1 Mem:15.53M (Peak 41.24M) | Time:00:01.97 | Mem:0.95M, Peak:0.95M | Scene, ViewLayer | Updating Geometry BVH Canopy lower frame.027 8/45 | Building OptiX acceleration structure
Fra:1 Mem:15.53M (Peak 41.24M) | Time:00:01.97 | Mem:0.95M, Peak:0.95M | Scene, ViewLayer | Updating Geometry BVH Canopy pressure bow.013 9/45 | Building OptiX acceleration structure
Fra:1 Mem:15.53M (Peak 41.24M) | Time:00:01.97 | Mem:0.95M, Peak:0.95M | Scene, ViewLayer | Updating Geometry BVH Contoured expansion nozzle.054 12/45 | Building BVH
Fra:1 Mem:15.53M (Peak 41.24M) | Time:00:01.97 | Mem:0.95M, Peak:0.95M | Scene, ViewLayer | Updating Geometry BVH Nozzle petal seam.648 13/45 | Building OptiX acceleration structure
Fra:1 Mem:15.62M (Peak 41.24M) | Time:00:01.97 | Mem:0.95M, Peak:0.95M | Scene, ViewLayer | Updating Geometry BVH Nozzle petal seam.649 14/45 | Building BVH
Fra:1 Mem:15.67M (Peak 41.24M) | Time:00:01.97 | Mem:0.95M, Peak:0.95M | Scene, ViewLayer | Updating Geometry BVH Nozzle petal seam.649 14/45 | Building OptiX acceleration structure
Fra:1 Mem:15.88M (Peak 41.24M) | Time:00:01.98 | Mem:1.30M, Peak:1.34M | Scene, ViewLayer | Updating Geometry BVH Nozzle petal seam.650 15/45 | Building BVH
Fra:1 Mem:15.88M (Peak 41.24M) | Time:00:01.98 | Mem:1.30M, Peak:1.34M | Scene, ViewLayer | Updating Geometry BVH Nozzle petal seam.650 15/45 | Building OptiX acceleration structure
Fra:1 Mem:15.75M (Peak 41.24M) | Time:00:01.98 | Mem:1.34M, Peak:1.83M | Scene, ViewLayer | Updating Geometry BVH Nozzle petal seam.651 16/45 | Building BVH
Fra:1 Mem:15.75M (Peak 41.24M) | Time:00:01.98 | Mem:1.35M, Peak:1.83M | Scene, ViewLayer | Updating Geometry BVH Nozzle petal seam.651 16/45 | Building OptiX acceleration structure
Fra:1 Mem:15.74M (Peak 41.24M) | Time:00:01.98 | Mem:1.35M, Peak:1.83M | Scene, ViewLayer | Updating Geometry BVH Nozzle petal seam.652 17/45 | Building BVH
Fra:1 Mem:15.74M (Peak 41.24M) | Time:00:01.98 | Mem:1.35M, Peak:1.83M | Scene, ViewLayer | Updating Geometry BVH Nozzle petal seam.652 17/45 | Building OptiX acceleration structure
Fra:1 Mem:15.74M (Peak 41.24M) | Time:00:01.98 | Mem:1.35M, Peak:1.83M | Scene, ViewLayer | Updating Geometry BVH Nozzle petal seam.653 18/45 | Building BVH
Fra:1 Mem:15.74M (Peak 41.24M) | Time:00:01.98 | Mem:1.35M, Peak:1.83M | Scene, ViewLayer | Updating Geometry BVH Nozzle petal seam.653 18/45 | Building OptiX acceleration structure
Fra:1 Mem:15.73M (Peak 41.24M) | Time:00:01.98 | Mem:1.34M, Peak:1.83M | Scene, ViewLayer | Updating Geometry BVH Nozzle petal seam.654 19/45 | Building BVH
Fra:1 Mem:15.73M (Peak 41.24M) | Time:00:01.98 | Mem:1.34M, Peak:1.83M | Scene, ViewLayer | Updating Geometry BVH Nozzle petal seam.654 19/45 | Building OptiX acceleration structure
Fra:1 Mem:15.73M (Peak 41.24M) | Time:00:01.98 | Mem:1.35M, Peak:1.83M | Scene, ViewLayer | Updating Geometry BVH Nozzle petal seam.655 20/45 | Building BVH
Fra:1 Mem:15.73M (Peak 41.24M) | Time:00:01.98 | Mem:1.52M, Peak:1.83M | Scene, ViewLayer | Updating Geometry BVH Nozzle petal seam.655 20/45 | Building OptiX acceleration structure
Fra:1 Mem:15.70M (Peak 41.24M) | Time:00:01.98 | Mem:1.36M, Peak:1.83M | Scene, ViewLayer | Updating Geometry BVH Deep intake duct.027 44/45 | Building BVH
Fra:1 Mem:15.70M (Peak 41.24M) | Time:00:01.98 | Mem:1.54M, Peak:1.83M | Scene, ViewLayer | Updating Geometry BVH Deep intake duct.027 44/45 | Building OptiX acceleration structure
Fra:1 Mem:15.62M (Peak 41.24M) | Time:00:01.99 | Mem:1.56M, Peak:1.83M | Scene, ViewLayer | Updating Geometry BVH Nozzle petal seam.656 21/45 | Building BVH
Fra:1 Mem:15.62M (Peak 41.24M) | Time:00:01.99 | Mem:1.56M, Peak:1.83M | Scene, ViewLayer | Updating Geometry BVH Nozzle petal seam.656 21/45 | Building OptiX acceleration structure
Fra:1 Mem:15.54M (Peak 41.24M) | Time:00:02.00 | Mem:1.40M, Peak:1.83M | Scene, ViewLayer | Updating Geometry BVH Nozzle petal seam.657 22/45 | Building BVH
Fra:1 Mem:15.54M (Peak 41.24M) | Time:00:02.00 | Mem:1.41M, Peak:1.83M | Scene, ViewLayer | Updating Geometry BVH Nozzle petal seam.657 22/45 | Building OptiX acceleration structure
Fra:1 Mem:15.54M (Peak 41.24M) | Time:00:02.00 | Mem:1.40M, Peak:1.83M | Scene, ViewLayer | Updating Geometry BVH Nozzle petal seam.658 23/45 | Building BVH
Fra:1 Mem:15.54M (Peak 41.24M) | Time:00:02.00 | Mem:1.40M, Peak:1.83M | Scene, ViewLayer | Updating Geometry BVH Nozzle petal seam.658 23/45 | Building OptiX acceleration structure
Fra:1 Mem:15.54M (Peak 41.24M) | Time:00:02.00 | Mem:1.40M, Peak:1.83M | Scene, ViewLayer | Updating Geometry BVH Nozzle petal seam.659 24/45 | Building BVH
Fra:1 Mem:15.54M (Peak 41.24M) | Time:00:02.00 | Mem:1.40M, Peak:1.83M | Scene, ViewLayer | Updating Geometry BVH Nozzle petal seam.659 24/45 | Building OptiX acceleration structure
Fra:1 Mem:15.54M (Peak 41.24M) | Time:00:02.00 | Mem:1.40M, Peak:1.83M | Scene, ViewLayer | Updating Geometry BVH Deep ion throat.054 25/45 | Building BVH
Fra:1 Mem:15.54M (Peak 41.24M) | Time:00:02.00 | Mem:1.40M, Peak:1.83M | Scene, ViewLayer | Updating Geometry BVH Deep ion throat.054 25/45 | Building OptiX acceleration structure
Fra:1 Mem:15.56M (Peak 41.24M) | Time:00:02.00 | Mem:1.42M, Peak:1.83M | Scene, ViewLayer | Updating Geometry BVH Deep intake duct.026 26/45 | Building BVH
Fra:1 Mem:15.56M (Peak 41.24M) | Time:00:02.00 | Mem:1.42M, Peak:1.83M | Scene, ViewLayer | Updating Geometry BVH Deep intake duct.026 26/45 | Building OptiX acceleration structure
Fra:1 Mem:15.56M (Peak 41.24M) | Time:00:02.00 | Mem:1.43M, Peak:1.83M | Scene, ViewLayer | Updating Geometry BVH Mesh 27/45 | Building BVH
Fra:1 Mem:15.56M (Peak 41.24M) | Time:00:02.00 | Mem:1.43M, Peak:1.83M | Scene, ViewLayer | Updating Geometry BVH Mesh 27/45 | Building OptiX acceleration structure
Fra:1 Mem:15.59M (Peak 41.24M) | Time:00:02.00 | Mem:1.46M, Peak:1.83M | Scene, ViewLayer | Updating Geometry BVH Integrated lifting hull.027 28/45 | Building BVH
Fra:1 Mem:15.59M (Peak 41.24M) | Time:00:02.00 | Mem:1.46M, Peak:1.83M | Scene, ViewLayer | Updating Geometry BVH Integrated lifting hull.027 28/45 | Building OptiX acceleration structure
Fra:1 Mem:15.61M (Peak 41.24M) | Time:00:02.01 | Mem:1.47M, Peak:1.83M | Scene, ViewLayer | Updating Geometry BVH Integrated propulsion nacelle.027 29/45 | Building BVH
Fra:1 Mem:15.61M (Peak 41.24M) | Time:00:02.01 | Mem:1.48M, Peak:1.83M | Scene, ViewLayer | Updating Geometry BVH Integrated propulsion nacelle.027 29/45 | Building OptiX acceleration structure
Fra:1 Mem:15.61M (Peak 41.24M) | Time:00:02.01 | Mem:1.48M, Peak:1.83M | Scene, ViewLayer | Updating Geometry BVH Deep ion throat.055 43/45 | Building BVH
Fra:1 Mem:15.61M (Peak 41.24M) | Time:00:02.01 | Mem:1.48M, Peak:1.83M | Scene, ViewLayer | Updating Geometry BVH Deep ion throat.055 43/45 | Building OptiX acceleration structure
Fra:1 Mem:15.63M (Peak 41.24M) | Time:00:02.01 | Mem:1.50M, Peak:1.83M | Scene, ViewLayer | Updating Geometry BVH Contoured expansion nozzle.055 30/45 | Building BVH
Fra:1 Mem:15.63M (Peak 41.24M) | Time:00:02.01 | Mem:1.50M, Peak:1.83M | Scene, ViewLayer | Updating Geometry BVH Contoured expansion nozzle.055 30/45 | Building OptiX acceleration structure
Fra:1 Mem:15.64M (Peak 41.24M) | Time:00:02.01 | Mem:1.51M, Peak:1.83M | Scene, ViewLayer | Updating Geometry BVH Nozzle petal seam.660 31/45 | Building BVH
Fra:1 Mem:15.64M (Peak 41.24M) | Time:00:02.01 | Mem:1.51M, Peak:1.83M | Scene, ViewLayer | Updating Geometry BVH Nozzle petal seam.661 32/45 | Building OptiX acceleration structure
Fra:1 Mem:15.64M (Peak 41.24M) | Time:00:02.02 | Mem:1.51M, Peak:1.83M | Scene, ViewLayer | Updating Geometry BVH Nozzle petal seam.662 33/45 | Building BVH
Fra:1 Mem:15.64M (Peak 41.24M) | Time:00:02.02 | Mem:1.52M, Peak:1.83M | Scene, ViewLayer | Updating Geometry BVH Nozzle petal seam.662 33/45 | Building OptiX acceleration structure
Fra:1 Mem:15.64M (Peak 41.24M) | Time:00:02.02 | Mem:1.51M, Peak:1.83M | Scene, ViewLayer | Updating Geometry BVH Nozzle petal seam.663 34/45 | Building BVH
Fra:1 Mem:15.64M (Peak 41.24M) | Time:00:02.02 | Mem:1.54M, Peak:1.83M | Scene, ViewLayer | Updating Geometry BVH Nozzle petal seam.663 34/45 | Building OptiX acceleration structure
Fra:1 Mem:15.62M (Peak 41.24M) | Time:00:02.02 | Mem:1.51M, Peak:1.83M | Scene, ViewLayer | Updating Geometry BVH Nozzle petal seam.664 35/45 | Building BVH
Fra:1 Mem:15.62M (Peak 41.24M) | Time:00:02.02 | Mem:1.51M, Peak:1.83M | Scene, ViewLayer | Updating Geometry BVH Nozzle petal seam.664 35/45 | Building OptiX acceleration structure
Fra:1 Mem:15.62M (Peak 41.24M) | Time:00:02.02 | Mem:1.51M, Peak:1.83M | Scene, ViewLayer | Updating Geometry BVH Nozzle petal seam.665 36/45 | Building BVH
Fra:1 Mem:15.62M (Peak 41.24M) | Time:00:02.02 | Mem:1.51M, Peak:1.83M | Scene, ViewLayer | Updating Geometry BVH Nozzle petal seam.665 36/45 | Building OptiX acceleration structure
Fra:1 Mem:15.57M (Peak 41.24M) | Time:00:02.02 | Mem:1.52M, Peak:1.83M | Scene, ViewLayer | Updating Geometry BVH Nozzle petal seam.666 37/45 | Building BVH
Fra:1 Mem:15.57M (Peak 41.24M) | Time:00:02.02 | Mem:1.52M, Peak:1.83M | Scene, ViewLayer | Updating Geometry BVH Nozzle petal seam.666 37/45 | Building OptiX acceleration structure
Fra:1 Mem:15.56M (Peak 41.24M) | Time:00:02.02 | Mem:1.52M, Peak:1.83M | Scene, ViewLayer | Updating Geometry BVH Nozzle petal seam.667 38/45 | Building BVH
Fra:1 Mem:15.56M (Peak 41.24M) | Time:00:02.02 | Mem:1.57M, Peak:1.83M | Scene, ViewLayer | Updating Geometry BVH Nozzle petal seam.667 38/45 | Building OptiX acceleration structure
Fra:1 Mem:15.54M (Peak 41.24M) | Time:00:02.02 | Mem:1.51M, Peak:1.83M | Scene, ViewLayer | Updating Geometry BVH Nozzle petal seam.671 42/45 | Building BVH
Fra:1 Mem:15.54M (Peak 41.24M) | Time:00:02.02 | Mem:1.53M, Peak:1.83M | Scene, ViewLayer | Updating Geometry BVH Nozzle petal seam.671 42/45 | Building OptiX acceleration structure
Fra:1 Mem:15.54M (Peak 41.24M) | Time:00:02.03 | Mem:1.51M, Peak:1.83M | Scene, ViewLayer | Updating Geometry BVH Nozzle petal seam.668 39/45 | Building BVH
Fra:1 Mem:15.54M (Peak 41.24M) | Time:00:02.03 | Mem:1.51M, Peak:1.83M | Scene, ViewLayer | Updating Geometry BVH Nozzle petal seam.668 39/45 | Building OptiX acceleration structure
Fra:1 Mem:15.54M (Peak 41.24M) | Time:00:02.03 | Mem:1.52M, Peak:1.83M | Scene, ViewLayer | Updating Geometry BVH Nozzle petal seam.669 40/45 | Building BVH
Fra:1 Mem:15.54M (Peak 41.24M) | Time:00:02.03 | Mem:1.52M, Peak:1.83M | Scene, ViewLayer | Updating Geometry BVH Nozzle petal seam.669 40/45 | Building OptiX acceleration structure
Fra:1 Mem:15.54M (Peak 41.24M) | Time:00:02.03 | Mem:1.52M, Peak:1.83M | Scene, ViewLayer | Updating Geometry BVH Nozzle petal seam.670 41/45 | Building BVH
Fra:1 Mem:15.54M (Peak 41.24M) | Time:00:02.03 | Mem:1.52M, Peak:1.83M | Scene, ViewLayer | Updating Geometry BVH Nozzle petal seam.670 41/45 | Building OptiX acceleration structure
Fra:1 Mem:15.53M (Peak 41.24M) | Time:00:02.05 | Mem:1.53M, Peak:1.83M | Scene, ViewLayer | Updating Scene BVH | Building
Fra:1 Mem:15.54M (Peak 41.24M) | Time:00:02.05 | Mem:1.53M, Peak:1.83M | Scene, ViewLayer | Updating Scene BVH | Building OptiX acceleration structure
Fra:1 Mem:15.54M (Peak 41.24M) | Time:00:02.06 | Mem:1.53M, Peak:1.83M | Scene, ViewLayer | Updating Scene BVH | Copying BVH to device
Fra:1 Mem:15.54M (Peak 41.24M) | Time:00:02.06 | Mem:1.53M, Peak:1.83M | Scene, ViewLayer | Updating Mesh | Computing normals
Fra:1 Mem:16.19M (Peak 41.24M) | Time:00:02.06 | Mem:1.53M, Peak:1.83M | Scene, ViewLayer | Updating Mesh | Copying Mesh to device
Fra:1 Mem:16.19M (Peak 41.24M) | Time:00:02.06 | Mem:2.19M, Peak:2.19M | Scene, ViewLayer | Updating Objects Flags
Fra:1 Mem:16.19M (Peak 41.24M) | Time:00:02.06 | Mem:2.19M, Peak:2.19M | Scene, ViewLayer | Updating Primitive Offsets
Fra:1 Mem:16.19M (Peak 41.24M) | Time:00:02.06 | Mem:2.19M, Peak:2.19M | Scene, ViewLayer | Updating Images
Fra:1 Mem:16.19M (Peak 41.24M) | Time:00:02.06 | Mem:2.19M, Peak:2.19M | Scene, ViewLayer | Updating Images | Loading panel-normal.png
Fra:1 Mem:20.19M (Peak 41.24M) | Time:00:02.07 | Mem:2.19M, Peak:2.19M | Scene, ViewLayer | Updating Images | Loading white-basecolor.png
Fra:1 Mem:24.19M (Peak 41.24M) | Time:00:02.07 | Mem:2.19M, Peak:2.19M | Scene, ViewLayer | Updating Images | Loading cobalt-basecolor.png
Fra:1 Mem:28.19M (Peak 41.24M) | Time:00:02.08 | Mem:2.19M, Peak:2.19M | Scene, ViewLayer | Updating Images | Loading paint-orm.png
Fra:1 Mem:32.20M (Peak 41.24M) | Time:00:02.16 | Mem:18.19M, Peak:18.19M | Scene, ViewLayer | Updating Camera Volume
Fra:1 Mem:32.20M (Peak 41.24M) | Time:00:02.16 | Mem:18.19M, Peak:18.19M | Scene, ViewLayer | Updating Lookup Tables
Fra:1 Mem:32.20M (Peak 41.24M) | Time:00:02.16 | Mem:18.27M, Peak:18.27M | Scene, ViewLayer | Updating Lights
Fra:1 Mem:32.20M (Peak 41.24M) | Time:00:02.16 | Mem:18.27M, Peak:18.27M | Scene, ViewLayer | Updating Lights | Computing tree
Fra:1 Mem:32.39M (Peak 41.24M) | Time:00:02.16 | Mem:18.46M, Peak:18.46M | Scene, ViewLayer | Updating Integrator
Fra:1 Mem:32.39M (Peak 41.24M) | Time:00:02.16 | Mem:18.46M, Peak:18.46M | Scene, ViewLayer | Updating Film
Fra:1 Mem:32.40M (Peak 41.24M) | Time:00:02.16 | Mem:18.38M, Peak:18.46M | Scene, ViewLayer | Updating Lookup Tables
Fra:1 Mem:32.40M (Peak 41.24M) | Time:00:02.16 | Mem:18.46M, Peak:18.46M | Scene, ViewLayer | Updating Baking
Fra:1 Mem:32.40M (Peak 41.24M) | Time:00:02.16 | Mem:18.46M, Peak:18.46M | Scene, ViewLayer | Updating Device | Writing constant memory
Fra:1 Mem:32.40M (Peak 41.24M) | Time:00:02.16 | Mem:18.46M, Peak:18.46M | Scene, ViewLayer | Loading denoising kernels (may take a few minutes the first time)
Fra:1 Mem:36.40M (Peak 41.24M) | Time:00:02.23 | Mem:370.46M, Peak:370.46M | Scene, ViewLayer | Sample 0/24
Fra:1 Mem:83.37M (Peak 83.37M) | Time:00:02.36 | Remaining:00:02.99 | Mem:417.44M, Peak:417.44M | Scene, ViewLayer | Sample 1/24
Fra:1 Mem:103.15M (Peak 132.82M) | Time:00:06.91 | Mem:417.45M, Peak:417.45M | Scene, ViewLayer | Sample 24/24
Fra:1 Mem:103.15M (Peak 132.82M) | Time:00:06.91 | Mem:417.45M, Peak:417.45M | Scene, ViewLayer | Finished
Saved: 'D:\vibe-coding-e\nova-swarm-forum-129-improvements-20260822\docs\fleet-art-v2\ships\17\surfaced.png'
Time: 00:07.41 (Saving: 00:00.18)

Info: Saved as "source.blend"
17:08:14 | INFO: Starting glTF 2.0 export
17:08:14 | INFO: Extracting primitive: Continuous pressure fuselage.013
17:08:14 | WARNING: More than one shader node tex image used for a texture. The resulting glTF sampler will behave like the first shader node tex image.
17:08:14 | WARNING: More than one shader node tex image used for a texture. The resulting glTF sampler will behave like the first shader node tex image.
17:08:14 | INFO: Primitives created: 6
17:08:14 | INFO: Finished glTF 2.0 export in 0.4867725372314453 s
Fra:1 Mem:15.27M (Peak 30.77M) | Time:00:00.41 | Mem:0.00M, Peak:0.00M | Scene, ViewLayer | Synchronizing object | CobaltGuardV2
Fra:1 Mem:17.20M (Peak 30.77M) | Time:00:00.42 | Mem:0.00M, Peak:0.00M | Scene, ViewLayer | Synchronizing object | Broad neutral key
Fra:1 Mem:17.20M (Peak 30.77M) | Time:00:00.42 | Mem:0.00M, Peak:0.00M | Scene, ViewLayer | Synchronizing object | Neutral fill
Fra:1 Mem:16.90M (Peak 30.77M) | Time:00:00.43 | Mem:0.00M, Peak:0.00M | Scene, ViewLayer | Initializing
Fra:1 Mem:16.43M (Peak 30.77M) | Time:00:00.43 | Mem:0.00M, Peak:0.00M | Scene, ViewLayer | Waiting for render to start
Fra:1 Mem:16.43M (Peak 30.77M) | Time:00:00.43 | Mem:0.00M, Peak:0.00M | Scene, ViewLayer | Updating Scene
Fra:1 Mem:16.43M (Peak 30.77M) | Time:00:00.43 | Mem:0.00M, Peak:0.00M | Scene, ViewLayer | Updating Shaders
Fra:1 Mem:16.43M (Peak 30.77M) | Time:00:00.43 | Mem:0.00M, Peak:0.00M | Scene, ViewLayer | Loading render kernels (may take a few minutes the first time)
Fra:1 Mem:16.52M (Peak 43.81M) | Time:00:01.15 | Mem:0.01M, Peak:0.01M | Scene, ViewLayer | Updating Procedurals
Fra:1 Mem:16.52M (Peak 43.81M) | Time:00:01.15 | Mem:0.01M, Peak:0.01M | Scene, ViewLayer | Updating Background
Fra:1 Mem:16.52M (Peak 43.81M) | Time:00:01.15 | Mem:0.01M, Peak:0.01M | Scene, ViewLayer | Updating Camera
Fra:1 Mem:16.52M (Peak 43.81M) | Time:00:01.15 | Mem:0.01M, Peak:0.01M | Scene, ViewLayer | Updating Meshes Flags
Fra:1 Mem:16.52M (Peak 43.81M) | Time:00:01.15 | Mem:0.01M, Peak:0.01M | Scene, ViewLayer | Updating Objects
Fra:1 Mem:16.52M (Peak 43.81M) | Time:00:01.15 | Mem:0.01M, Peak:0.01M | Scene, ViewLayer | Updating Objects | Copying Transformations to device
Fra:1 Mem:16.52M (Peak 43.81M) | Time:00:01.15 | Mem:0.01M, Peak:0.01M | Scene, ViewLayer | Updating Particle Systems
Fra:1 Mem:16.52M (Peak 43.81M) | Time:00:01.15 | Mem:0.01M, Peak:0.01M | Scene, ViewLayer | Updating Particle Systems | Copying Particles to device
Fra:1 Mem:16.52M (Peak 43.81M) | Time:00:01.15 | Mem:0.01M, Peak:0.01M | Scene, ViewLayer | Updating Meshes
Fra:1 Mem:17.63M (Peak 43.81M) | Time:00:01.21 | Mem:0.01M, Peak:0.01M | Scene, ViewLayer | Updating Objects | Applying Static Transformations
Fra:1 Mem:17.63M (Peak 43.81M) | Time:00:01.21 | Mem:0.01M, Peak:0.01M | Scene, ViewLayer | Updating Mesh | Computing attributes
Fra:1 Mem:19.12M (Peak 43.81M) | Time:00:01.21 | Mem:0.01M, Peak:0.01M | Scene, ViewLayer | Updating Mesh | Copying Attributes to device
Fra:1 Mem:19.11M (Peak 43.81M) | Time:00:01.22 | Mem:1.49M, Peak:1.49M | Scene, ViewLayer | Updating Geometry BVH light 5/4 | Building BVH
Fra:1 Mem:19.11M (Peak 43.81M) | Time:00:01.22 | Mem:1.49M, Peak:1.49M | Scene, ViewLayer | Updating Geometry BVH light 5/4 | Building OptiX acceleration structure
Fra:1 Mem:19.11M (Peak 43.81M) | Time:00:01.22 | Mem:1.49M, Peak:1.49M | Scene, ViewLayer | Updating Geometry BVH Continuous pressure fuselage.013 4/4 | Building BVH
Fra:1 Mem:19.11M (Peak 43.81M) | Time:00:01.22 | Mem:1.49M, Peak:1.49M | Scene, ViewLayer | Updating Geometry BVH Continuous pressure fuselage.013 4/4 | Building OptiX acceleration structure
Fra:1 Mem:19.11M (Peak 43.81M) | Time:00:01.22 | Mem:1.98M, Peak:3.45M | Scene, ViewLayer | Updating Geometry BVH Neutral fill 3/4 | Building BVH
Fra:1 Mem:19.12M (Peak 43.81M) | Time:00:01.22 | Mem:1.98M, Peak:3.45M | Scene, ViewLayer | Updating Geometry BVH Neutral fill 3/4 | Building OptiX acceleration structure
Fra:1 Mem:19.12M (Peak 43.81M) | Time:00:01.22 | Mem:1.98M, Peak:3.45M | Scene, ViewLayer | Updating Geometry BVH Broad neutral key 2/4 | Building BVH
Fra:1 Mem:19.12M (Peak 43.81M) | Time:00:01.22 | Mem:1.98M, Peak:3.45M | Scene, ViewLayer | Updating Geometry BVH Broad neutral key 2/4 | Building OptiX acceleration structure
Fra:1 Mem:19.12M (Peak 43.81M) | Time:00:01.22 | Mem:1.98M, Peak:3.45M | Scene, ViewLayer | Updating Scene BVH | Building
Fra:1 Mem:19.12M (Peak 43.81M) | Time:00:01.22 | Mem:1.98M, Peak:3.45M | Scene, ViewLayer | Updating Scene BVH | Building OptiX acceleration structure
Fra:1 Mem:19.12M (Peak 43.81M) | Time:00:01.22 | Mem:1.98M, Peak:3.45M | Scene, ViewLayer | Updating Scene BVH | Copying BVH to device
Fra:1 Mem:19.12M (Peak 43.81M) | Time:00:01.22 | Mem:1.98M, Peak:3.45M | Scene, ViewLayer | Updating Mesh | Computing normals
Fra:1 Mem:19.70M (Peak 43.81M) | Time:00:01.22 | Mem:1.98M, Peak:3.45M | Scene, ViewLayer | Updating Mesh | Copying Mesh to device
Fra:1 Mem:19.70M (Peak 43.81M) | Time:00:01.23 | Mem:2.57M, Peak:3.45M | Scene, ViewLayer | Updating Objects Flags
Fra:1 Mem:19.70M (Peak 43.81M) | Time:00:01.24 | Mem:2.57M, Peak:3.45M | Scene, ViewLayer | Updating Primitive Offsets
Fra:1 Mem:19.70M (Peak 43.81M) | Time:00:01.24 | Mem:2.57M, Peak:3.45M | Scene, ViewLayer | Updating Images
Fra:1 Mem:19.70M (Peak 43.81M) | Time:00:01.24 | Mem:2.57M, Peak:3.45M | Scene, ViewLayer | Updating Images | Loading panel-normal.png
Fra:1 Mem:23.70M (Peak 43.81M) | Time:00:01.24 | Mem:2.57M, Peak:3.45M | Scene, ViewLayer | Updating Images | Loading white-basecolor.png
Fra:1 Mem:27.71M (Peak 43.81M) | Time:00:01.27 | Mem:6.57M, Peak:6.57M | Scene, ViewLayer | Updating Images | Loading cobalt-basecolor.png
Fra:1 Mem:31.71M (Peak 43.81M) | Time:00:01.28 | Mem:10.57M, Peak:10.57M | Scene, ViewLayer | Updating Images | Loading paint-orm.png
Fra:1 Mem:35.71M (Peak 43.81M) | Time:00:01.33 | Mem:18.57M, Peak:18.57M | Scene, ViewLayer | Updating Camera Volume
Fra:1 Mem:35.71M (Peak 43.81M) | Time:00:01.33 | Mem:18.57M, Peak:18.57M | Scene, ViewLayer | Updating Lookup Tables
Fra:1 Mem:35.71M (Peak 43.81M) | Time:00:01.33 | Mem:18.65M, Peak:18.65M | Scene, ViewLayer | Updating Lights
Fra:1 Mem:35.71M (Peak 43.81M) | Time:00:01.34 | Mem:18.65M, Peak:18.65M | Scene, ViewLayer | Updating Lights | Computing tree
Fra:1 Mem:35.97M (Peak 43.81M) | Time:00:01.35 | Mem:18.91M, Peak:18.91M | Scene, ViewLayer | Updating Integrator
Fra:1 Mem:35.97M (Peak 43.81M) | Time:00:01.35 | Mem:18.91M, Peak:18.91M | Scene, ViewLayer | Updating Film
Fra:1 Mem:35.98M (Peak 43.81M) | Time:00:01.35 | Mem:18.83M, Peak:18.91M | Scene, ViewLayer | Updating Lookup Tables
Fra:1 Mem:35.98M (Peak 43.81M) | Time:00:01.35 | Mem:18.91M, Peak:18.91M | Scene, ViewLayer | Updating Baking
Fra:1 Mem:35.98M (Peak 43.81M) | Time:00:01.35 | Mem:18.91M, Peak:18.91M | Scene, ViewLayer | Updating Device | Writing constant memory
Fra:1 Mem:35.98M (Peak 43.81M) | Time:00:01.35 | Mem:18.91M, Peak:18.91M | Scene, ViewLayer | Loading denoising kernels (may take a few minutes the first time)
Fra:1 Mem:39.98M (Peak 43.81M) | Time:00:01.52 | Mem:370.91M, Peak:370.91M | Scene, ViewLayer | Sample 0/24
Fra:1 Mem:115.98M (Peak 115.98M) | Time:00:02.02 | Remaining:00:11.52 | Mem:446.92M, Peak:446.92M | Scene, ViewLayer | Sample 1/24
Fra:1 Mem:147.99M (Peak 195.99M) | Time:00:16.34 | Mem:446.93M, Peak:446.93M | Scene, ViewLayer | Sample 24/24
Fra:1 Mem:147.99M (Peak 195.99M) | Time:00:16.34 | Mem:446.93M, Peak:446.93M | Scene, ViewLayer | Finished
Saved: 'D:\vibe-coding-e\nova-swarm-forum-129-improvements-20260822\docs\fleet-art-v2\ships\17\export\showroom.png'
Time: 00:17.52 (Saving: 00:00.56)

Fra:1 Mem:15.57M (Peak 15.57M) | Time:00:00.48 | Mem:0.00M, Peak:0.00M | Scene, ViewLayer | Synchronizing object | CobaltGuardV2
Fra:1 Mem:17.20M (Peak 17.20M) | Time:00:00.49 | Mem:0.00M, Peak:0.00M | Scene, ViewLayer | Synchronizing object | Broad neutral key
Fra:1 Mem:17.20M (Peak 17.20M) | Time:00:00.49 | Mem:0.00M, Peak:0.00M | Scene, ViewLayer | Synchronizing object | Neutral fill
Fra:1 Mem:16.90M (Peak 18.54M) | Time:00:00.51 | Mem:0.00M, Peak:0.00M | Scene, ViewLayer | Initializing
Fra:1 Mem:16.43M (Peak 18.54M) | Time:00:00.51 | Mem:0.00M, Peak:0.00M | Scene, ViewLayer | Waiting for render to start
Fra:1 Mem:16.43M (Peak 18.54M) | Time:00:00.51 | Mem:0.00M, Peak:0.00M | Scene, ViewLayer | Updating Scene
Fra:1 Mem:16.43M (Peak 18.54M) | Time:00:00.51 | Mem:0.00M, Peak:0.00M | Scene, ViewLayer | Updating Shaders
Fra:1 Mem:16.43M (Peak 18.54M) | Time:00:00.51 | Mem:0.00M, Peak:0.00M | Scene, ViewLayer | Loading render kernels (may take a few minutes the first time)
Fra:1 Mem:16.52M (Peak 43.81M) | Time:00:01.02 | Mem:0.01M, Peak:0.01M | Scene, ViewLayer | Updating Procedurals
Fra:1 Mem:16.52M (Peak 43.81M) | Time:00:01.02 | Mem:0.01M, Peak:0.01M | Scene, ViewLayer | Updating Background
Fra:1 Mem:16.52M (Peak 43.81M) | Time:00:01.02 | Mem:0.01M, Peak:0.01M | Scene, ViewLayer | Updating Camera
Fra:1 Mem:16.52M (Peak 43.81M) | Time:00:01.02 | Mem:0.01M, Peak:0.01M | Scene, ViewLayer | Updating Meshes Flags
Fra:1 Mem:16.52M (Peak 43.81M) | Time:00:01.02 | Mem:0.01M, Peak:0.01M | Scene, ViewLayer | Updating Objects
Fra:1 Mem:16.52M (Peak 43.81M) | Time:00:01.02 | Mem:0.01M, Peak:0.01M | Scene, ViewLayer | Updating Objects | Copying Transformations to device
Fra:1 Mem:16.52M (Peak 43.81M) | Time:00:01.02 | Mem:0.01M, Peak:0.01M | Scene, ViewLayer | Updating Particle Systems
Fra:1 Mem:16.52M (Peak 43.81M) | Time:00:01.02 | Mem:0.01M, Peak:0.01M | Scene, ViewLayer | Updating Particle Systems | Copying Particles to device
Fra:1 Mem:16.52M (Peak 43.81M) | Time:00:01.02 | Mem:0.01M, Peak:0.01M | Scene, ViewLayer | Updating Meshes
Fra:1 Mem:17.63M (Peak 43.81M) | Time:00:01.06 | Mem:0.01M, Peak:0.01M | Scene, ViewLayer | Updating Objects | Applying Static Transformations
Fra:1 Mem:17.63M (Peak 43.81M) | Time:00:01.06 | Mem:0.01M, Peak:0.01M | Scene, ViewLayer | Updating Mesh | Computing attributes
Fra:1 Mem:19.12M (Peak 43.81M) | Time:00:01.07 | Mem:0.01M, Peak:0.01M | Scene, ViewLayer | Updating Mesh | Copying Attributes to device
Fra:1 Mem:19.11M (Peak 43.81M) | Time:00:01.07 | Mem:1.49M, Peak:1.49M | Scene, ViewLayer | Updating Geometry BVH light 5/4 | Building BVH
Fra:1 Mem:19.11M (Peak 43.81M) | Time:00:01.07 | Mem:1.49M, Peak:1.49M | Scene, ViewLayer | Updating Geometry BVH light 5/4 | Building OptiX acceleration structure
Fra:1 Mem:19.11M (Peak 43.81M) | Time:00:01.07 | Mem:1.49M, Peak:1.49M | Scene, ViewLayer | Updating Geometry BVH Continuous pressure fuselage.013 4/4 | Building BVH
Fra:1 Mem:19.11M (Peak 43.81M) | Time:00:01.07 | Mem:1.49M, Peak:1.49M | Scene, ViewLayer | Updating Geometry BVH Continuous pressure fuselage.013 4/4 | Building OptiX acceleration structure
Fra:1 Mem:19.11M (Peak 43.81M) | Time:00:01.07 | Mem:1.98M, Peak:3.45M | Scene, ViewLayer | Updating Geometry BVH Neutral fill 3/4 | Building BVH
Fra:1 Mem:19.12M (Peak 43.81M) | Time:00:01.07 | Mem:1.98M, Peak:3.45M | Scene, ViewLayer | Updating Geometry BVH Neutral fill 3/4 | Building OptiX acceleration structure
Fra:1 Mem:19.12M (Peak 43.81M) | Time:00:01.07 | Mem:1.98M, Peak:3.45M | Scene, ViewLayer | Updating Geometry BVH Broad neutral key 2/4 | Building BVH
Fra:1 Mem:19.12M (Peak 43.81M) | Time:00:01.07 | Mem:1.98M, Peak:3.45M | Scene, ViewLayer | Updating Geometry BVH Broad neutral key 2/4 | Building OptiX acceleration structure
Fra:1 Mem:19.12M (Peak 43.81M) | Time:00:01.07 | Mem:1.98M, Peak:3.45M | Scene, ViewLayer | Updating Scene BVH | Building
Fra:1 Mem:19.12M (Peak 43.81M) | Time:00:01.07 | Mem:1.98M, Peak:3.45M | Scene, ViewLayer | Updating Scene BVH | Building OptiX acceleration structure
Fra:1 Mem:19.12M (Peak 43.81M) | Time:00:01.08 | Mem:1.98M, Peak:3.45M | Scene, ViewLayer | Updating Scene BVH | Copying BVH to device
Fra:1 Mem:19.12M (Peak 43.81M) | Time:00:01.08 | Mem:1.98M, Peak:3.45M | Scene, ViewLayer | Updating Mesh | Computing normals
Fra:1 Mem:19.70M (Peak 43.81M) | Time:00:01.08 | Mem:1.98M, Peak:3.45M | Scene, ViewLayer | Updating Mesh | Copying Mesh to device
Fra:1 Mem:19.70M (Peak 43.81M) | Time:00:01.08 | Mem:2.57M, Peak:3.45M | Scene, ViewLayer | Updating Objects Flags
Fra:1 Mem:19.70M (Peak 43.81M) | Time:00:01.08 | Mem:2.57M, Peak:3.45M | Scene, ViewLayer | Updating Primitive Offsets
Fra:1 Mem:19.70M (Peak 43.81M) | Time:00:01.08 | Mem:2.57M, Peak:3.45M | Scene, ViewLayer | Updating Images
Fra:1 Mem:19.70M (Peak 43.81M) | Time:00:01.08 | Mem:2.57M, Peak:3.45M | Scene, ViewLayer | Updating Images | Loading panel-normal.png
Fra:1 Mem:23.70M (Peak 43.81M) | Time:00:01.10 | Mem:2.57M, Peak:3.45M | Scene, ViewLayer | Updating Images | Loading white-basecolor.png
Fra:1 Mem:27.70M (Peak 43.81M) | Time:00:01.11 | Mem:2.57M, Peak:3.45M | Scene, ViewLayer | Updating Images | Loading cobalt-basecolor.png
Fra:1 Mem:31.71M (Peak 43.81M) | Time:00:01.12 | Mem:6.57M, Peak:6.57M | Scene, ViewLayer | Updating Images | Loading paint-orm.png
Fra:1 Mem:35.71M (Peak 43.81M) | Time:00:01.17 | Mem:18.57M, Peak:18.57M | Scene, ViewLayer | Updating Camera Volume
Fra:1 Mem:35.71M (Peak 43.81M) | Time:00:01.17 | Mem:18.57M, Peak:18.57M | Scene, ViewLayer | Updating Lookup Tables
Fra:1 Mem:35.71M (Peak 43.81M) | Time:00:01.18 | Mem:18.65M, Peak:18.65M | Scene, ViewLayer | Updating Lights
Fra:1 Mem:35.71M (Peak 43.81M) | Time:00:01.18 | Mem:18.65M, Peak:18.65M | Scene, ViewLayer | Updating Lights | Computing tree
Fra:1 Mem:35.97M (Peak 43.81M) | Time:00:01.19 | Mem:18.91M, Peak:18.91M | Scene, ViewLayer | Updating Integrator
Fra:1 Mem:35.97M (Peak 43.81M) | Time:00:01.19 | Mem:18.91M, Peak:18.91M | Scene, ViewLayer | Updating Film
Fra:1 Mem:35.98M (Peak 43.81M) | Time:00:01.19 | Mem:18.83M, Peak:18.91M | Scene, ViewLayer | Updating Lookup Tables
Fra:1 Mem:35.98M (Peak 43.81M) | Time:00:01.19 | Mem:18.91M, Peak:18.91M | Scene, ViewLayer | Updating Baking
Fra:1 Mem:35.98M (Peak 43.81M) | Time:00:01.19 | Mem:18.91M, Peak:18.91M | Scene, ViewLayer | Updating Device | Writing constant memory
Fra:1 Mem:35.98M (Peak 43.81M) | Time:00:01.19 | Mem:18.91M, Peak:18.91M | Scene, ViewLayer | Loading denoising kernels (may take a few minutes the first time)
Fra:1 Mem:39.98M (Peak 43.81M) | Time:00:01.34 | Mem:370.91M, Peak:370.91M | Scene, ViewLayer | Sample 0/24
Fra:1 Mem:58.98M (Peak 58.98M) | Time:00:01.43 | Remaining:00:01.99 | Mem:389.92M, Peak:389.92M | Scene, ViewLayer | Sample 1/24
Fra:1 Mem:66.99M (Peak 78.99M) | Time:00:03.77 | Mem:389.93M, Peak:389.93M | Scene, ViewLayer | Sample 24/24
Fra:1 Mem:66.99M (Peak 78.99M) | Time:00:03.77 | Mem:389.93M, Peak:389.93M | Scene, ViewLayer | Finished
Saved: 'D:\vibe-coding-e\nova-swarm-forum-129-improvements-20260822\docs\fleet-art-v2\ships\17\export\player.png'
Time: 00:04.11 (Saving: 00:00.12)


FLEET_V2_COMPLETE 17 Cobalt Guard
Read blend: "D:\vibe-coding-e\nova-swarm-forum-129-improvements-20260822\docs\fleet-art-v2\ships\18\source.blend"
Fra:1 Mem:17.04M (Peak 17.04M) | Time:00:00.32 | Mem:0.00M, Peak:0.00M | Scene, ViewLayer | Synchronizing object | Broad neutral key
Fra:1 Mem:17.04M (Peak 17.04M) | Time:00:00.32 | Mem:0.00M, Peak:0.00M | Scene, ViewLayer | Synchronizing object | Neutral fill
Fra:1 Mem:17.36M (Peak 17.36M) | Time:00:00.53 | Mem:0.00M, Peak:0.00M | Scene, ViewLayer | Synchronizing object | Continuous pressure fuselage
Fra:1 Mem:18.21M (Peak 18.21M) | Time:00:00.69 | Mem:0.00M, Peak:0.00M | Scene, ViewLayer | Synchronizing object | Cockpit integrated coaming
Fra:1 Mem:18.74M (Peak 18.74M) | Time:00:00.75 | Mem:0.00M, Peak:0.00M | Scene, ViewLayer | Synchronizing object | Canopy lower frame
Fra:1 Mem:18.74M (Peak 18.74M) | Time:00:00.75 | Mem:0.00M, Peak:0.00M | Scene, ViewLayer | Synchronizing object | Canopy lower frame.001
Fra:1 Mem:18.75M (Peak 18.75M) | Time:00:00.75 | Mem:0.00M, Peak:0.00M | Scene, ViewLayer | Synchronizing object | Canopy pressure bow
Fra:1 Mem:18.76M (Peak 18.76M) | Time:00:00.75 | Mem:0.00M, Peak:0.00M | Scene, ViewLayer | Synchronizing object | Nozzle petal seam
Fra:1 Mem:18.76M (Peak 18.76M) | Time:00:00.75 | Mem:0.00M, Peak:0.00M | Scene, ViewLayer | Synchronizing object | Nozzle petal seam.001
Fra:1 Mem:18.76M (Peak 18.76M) | Time:00:00.75 | Mem:0.00M, Peak:0.00M | Scene, ViewLayer | Synchronizing object | Nozzle petal seam.002
Fra:1 Mem:18.76M (Peak 18.76M) | Time:00:00.75 | Mem:0.00M, Peak:0.00M | Scene, ViewLayer | Synchronizing object | Nozzle petal seam.003
Fra:1 Mem:18.77M (Peak 18.77M) | Time:00:00.75 | Mem:0.00M, Peak:0.00M | Scene, ViewLayer | Synchronizing object | Nozzle petal seam.004
Fra:1 Mem:18.77M (Peak 18.77M) | Time:00:00.75 | Mem:0.00M, Peak:0.00M | Scene, ViewLayer | Synchronizing object | Nozzle petal seam.005
Fra:1 Mem:18.77M (Peak 18.77M) | Time:00:00.75 | Mem:0.00M, Peak:0.00M | Scene, ViewLayer | Synchronizing object | Nozzle petal seam.006
Fra:1 Mem:18.77M (Peak 18.77M) | Time:00:00.75 | Mem:0.00M, Peak:0.00M | Scene, ViewLayer | Synchronizing object | Nozzle petal seam.007
Fra:1 Mem:18.77M (Peak 18.77M) | Time:00:00.75 | Mem:0.00M, Peak:0.00M | Scene, ViewLayer | Synchronizing object | Nozzle petal seam.008
Fra:1 Mem:18.78M (Peak 18.78M) | Time:00:00.75 | Mem:0.00M, Peak:0.00M | Scene, ViewLayer | Synchronizing object | Nozzle petal seam.009
Fra:1 Mem:18.78M (Peak 18.78M) | Time:00:00.76 | Mem:0.00M, Peak:0.00M | Scene, ViewLayer | Synchronizing object | Nozzle petal seam.010
Fra:1 Mem:18.78M (Peak 18.78M) | Time:00:00.76 | Mem:0.00M, Peak:0.00M | Scene, ViewLayer | Synchronizing object | Nozzle petal seam.011
Fra:1 Mem:18.78M (Peak 18.78M) | Time:00:00.76 | Mem:0.00M, Peak:0.00M | Scene, ViewLayer | Synchronizing object | Pressure canopy glazing
Fra:1 Mem:19.05M (Peak 19.05M) | Time:00:00.76 | Mem:0.00M, Peak:0.00M | Scene, ViewLayer | Synchronizing object | Integrated lifting hull
Fra:1 Mem:19.10M (Peak 19.10M) | Time:00:00.76 | Mem:0.00M, Peak:0.00M | Scene, ViewLayer | Synchronizing object | Integrated propulsion nacelle
Fra:1 Mem:19.13M (Peak 19.13M) | Time:00:00.76 | Mem:0.00M, Peak:0.00M | Scene, ViewLayer | Synchronizing object | Contoured expansion nozzle
Fra:1 Mem:19.15M (Peak 19.15M) | Time:00:00.76 | Mem:0.00M, Peak:0.00M | Scene, ViewLayer | Synchronizing object | Deep ion throat
Fra:1 Mem:19.21M (Peak 19.21M) | Time:00:00.76 | Mem:0.00M, Peak:0.00M | Scene, ViewLayer | Synchronizing object | Deep intake duct
Fra:1 Mem:19.36M (Peak 19.36M) | Time:00:00.77 | Mem:0.00M, Peak:0.00M | Scene, ViewLayer | Synchronizing object | Blended structural fairing
Fra:1 Mem:19.49M (Peak 19.49M) | Time:00:00.78 | Mem:0.00M, Peak:0.00M | Scene, ViewLayer | Synchronizing object | Nozzle petal seam.012
Fra:1 Mem:19.49M (Peak 19.49M) | Time:00:00.78 | Mem:0.00M, Peak:0.00M | Scene, ViewLayer | Synchronizing object | Nozzle petal seam.013
Fra:1 Mem:19.49M (Peak 19.49M) | Time:00:00.78 | Mem:0.00M, Peak:0.00M | Scene, ViewLayer | Synchronizing object | Nozzle petal seam.014
Fra:1 Mem:19.49M (Peak 19.49M) | Time:00:00.78 | Mem:0.00M, Peak:0.00M | Scene, ViewLayer | Synchronizing object | Nozzle petal seam.015
Fra:1 Mem:19.50M (Peak 19.50M) | Time:00:00.78 | Mem:0.00M, Peak:0.00M | Scene, ViewLayer | Synchronizing object | Nozzle petal seam.016
Fra:1 Mem:19.50M (Peak 19.50M) | Time:00:00.78 | Mem:0.00M, Peak:0.00M | Scene, ViewLayer | Synchronizing object | Nozzle petal seam.017
Fra:1 Mem:19.50M (Peak 19.50M) | Time:00:00.78 | Mem:0.00M, Peak:0.00M | Scene, ViewLayer | Synchronizing object | Nozzle petal seam.018
Fra:1 Mem:19.50M (Peak 19.50M) | Time:00:00.78 | Mem:0.00M, Peak:0.00M | Scene, ViewLayer | Synchronizing object | Nozzle petal seam.019
Fra:1 Mem:19.50M (Peak 19.50M) | Time:00:00.78 | Mem:0.00M, Peak:0.00M | Scene, ViewLayer | Synchronizing object | Nozzle petal seam.020
Fra:1 Mem:19.51M (Peak 19.51M) | Time:00:00.78 | Mem:0.00M, Peak:0.00M | Scene, ViewLayer | Synchronizing object | Nozzle petal seam.021
Fra:1 Mem:19.51M (Peak 19.51M) | Time:00:00.78 | Mem:0.00M, Peak:0.00M | Scene, ViewLayer | Synchronizing object | Nozzle petal seam.022
Fra:1 Mem:19.51M (Peak 19.51M) | Time:00:00.78 | Mem:0.00M, Peak:0.00M | Scene, ViewLayer | Synchronizing object | Nozzle petal seam.023
Fra:1 Mem:19.51M (Peak 19.51M) | Time:00:00.78 | Mem:0.00M, Peak:0.00M | Scene, ViewLayer | Synchronizing object | Nozzle petal seam.024
Fra:1 Mem:19.52M (Peak 19.52M) | Time:00:00.78 | Mem:0.00M, Peak:0.00M | Scene, ViewLayer | Synchronizing object | Nozzle petal seam.025
Fra:1 Mem:19.52M (Peak 19.52M) | Time:00:00.78 | Mem:0.00M, Peak:0.00M | Scene, ViewLayer | Synchronizing object | Nozzle petal seam.026
Fra:1 Mem:19.52M (Peak 19.52M) | Time:00:00.78 | Mem:0.00M, Peak:0.00M | Scene, ViewLayer | Synchronizing object | Nozzle petal seam.027
Fra:1 Mem:19.52M (Peak 19.52M) | Time:00:00.78 | Mem:0.00M, Peak:0.00M | Scene, ViewLayer | Synchronizing object | Nozzle petal seam.028
Fra:1 Mem:19.52M (Peak 19.52M) | Time:00:00.78 | Mem:0.00M, Peak:0.00M | Scene, ViewLayer | Synchronizing object | Nozzle petal seam.029
Fra:1 Mem:19.53M (Peak 19.53M) | Time:00:00.78 | Mem:0.00M, Peak:0.00M | Scene, ViewLayer | Synchronizing object | Nozzle petal seam.030
Fra:1 Mem:19.53M (Peak 19.53M) | Time:00:00.78 | Mem:0.00M, Peak:0.00M | Scene, ViewLayer | Synchronizing object | Nozzle petal seam.031
Fra:1 Mem:19.53M (Peak 19.53M) | Time:00:00.78 | Mem:0.00M, Peak:0.00M | Scene, ViewLayer | Synchronizing object | Nozzle petal seam.032
Fra:1 Mem:19.53M (Peak 19.53M) | Time:00:00.78 | Mem:0.00M, Peak:0.00M | Scene, ViewLayer | Synchronizing object | Nozzle petal seam.033
Fra:1 Mem:19.53M (Peak 19.53M) | Time:00:00.78 | Mem:0.00M, Peak:0.00M | Scene, ViewLayer | Synchronizing object | Nozzle petal seam.034
Fra:1 Mem:19.54M (Peak 19.54M) | Time:00:00.78 | Mem:0.00M, Peak:0.00M | Scene, ViewLayer | Synchronizing object | Nozzle petal seam.035
Fra:1 Mem:19.63M (Peak 19.63M) | Time:00:00.80 | Mem:0.00M, Peak:0.00M | Scene, ViewLayer | Synchronizing object | Integrated propulsion nacelle.001
Fra:1 Mem:19.63M (Peak 19.63M) | Time:00:00.80 | Mem:0.00M, Peak:0.00M | Scene, ViewLayer | Synchronizing object | Nozzle petal seam.036
Fra:1 Mem:19.67M (Peak 19.67M) | Time:00:00.80 | Mem:0.00M, Peak:0.00M | Scene, ViewLayer | Synchronizing object | Nozzle petal seam.037
Fra:1 Mem:19.69M (Peak 19.69M) | Time:00:00.80 | Mem:0.00M, Peak:0.00M | Scene, ViewLayer | Synchronizing object | Contoured expansion nozzle.001
Fra:1 Mem:19.69M (Peak 19.69M) | Time:00:00.80 | Mem:0.00M, Peak:0.00M | Scene, ViewLayer | Synchronizing object | Nozzle petal seam.038
Fra:1 Mem:19.71M (Peak 19.71M) | Time:00:00.80 | Mem:0.00M, Peak:0.00M | Scene, ViewLayer | Synchronizing object | Deep ion throat.001
Fra:1 Mem:19.72M (Peak 19.72M) | Time:00:00.80 | Mem:0.00M, Peak:0.00M | Scene, ViewLayer | Synchronizing object | Deep intake duct.001
Fra:1 Mem:19.75M (Peak 19.75M) | Time:00:00.80 | Mem:0.00M, Peak:0.00M | Scene, ViewLayer | Synchronizing object | Nozzle petal seam.039
Fra:1 Mem:19.81M (Peak 19.81M) | Time:00:00.80 | Mem:0.00M, Peak:0.00M | Scene, ViewLayer | Synchronizing object | Integrated propulsion nacelle.002
Fra:1 Mem:19.81M (Peak 19.81M) | Time:00:00.81 | Mem:0.00M, Peak:0.00M | Scene, ViewLayer | Synchronizing object | Deep ion throat.002
Fra:1 Mem:19.90M (Peak 19.90M) | Time:00:00.81 | Mem:0.00M, Peak:0.00M | Scene, ViewLayer | Synchronizing object | Nozzle petal seam.041
Fra:1 Mem:19.92M (Peak 19.92M) | Time:00:00.81 | Mem:0.00M, Peak:0.00M | Scene, ViewLayer | Synchronizing object | Deep intake duct.002
Fra:1 Mem:19.91M (Peak 19.92M) | Time:00:00.81 | Mem:0.00M, Peak:0.00M | Scene, ViewLayer | Synchronizing object | Blended structural fairing.001
Fra:1 Mem:19.93M (Peak 19.93M) | Time:00:00.81 | Mem:0.00M, Peak:0.00M | Scene, ViewLayer | Synchronizing object | Nozzle petal seam.042
Fra:1 Mem:20.12M (Peak 20.12M) | Time:00:00.81 | Mem:0.00M, Peak:0.00M | Scene, ViewLayer | Synchronizing object | Nozzle petal seam.043
Fra:1 Mem:20.10M (Peak 20.12M) | Time:00:00.81 | Mem:0.00M, Peak:0.00M | Scene, ViewLayer | Synchronizing object | Integrated propulsion nacelle.003
Fra:1 Mem:20.12M (Peak 20.12M) | Time:00:00.81 | Mem:0.00M, Peak:0.00M | Scene, ViewLayer | Synchronizing object | Contoured expansion nozzle.003
Fra:1 Mem:20.19M (Peak 20.19M) | Time:00:00.81 | Mem:0.00M, Peak:0.00M | Scene, ViewLayer | Synchronizing object | Nozzle petal seam.045
Fra:1 Mem:20.21M (Peak 20.21M) | Time:00:00.81 | Mem:0.00M, Peak:0.00M | Scene, ViewLayer | Synchronizing object | Nozzle petal seam.046
Fra:1 Mem:20.16M (Peak 20.21M) | Time:00:00.81 | Mem:0.00M, Peak:0.00M | Scene, ViewLayer | Synchronizing object | Nozzle petal seam.047
Fra:1 Mem:20.18M (Peak 20.21M) | Time:00:00.81 | Mem:0.00M, Peak:0.00M | Scene, ViewLayer | Synchronizing object | Deep ion throat.003
Fra:1 Mem:20.19M (Peak 20.21M) | Time:00:00.81 | Mem:0.00M, Peak:0.00M | Scene, ViewLayer | Synchronizing object | Deep intake duct.003
Fra:1 Mem:20.24M (Peak 20.24M) | Time:00:00.81 | Mem:0.00M, Peak:0.00M | Scene, ViewLayer | Initializing
Fra:1 Mem:15.45M (Peak 20.24M) | Time:00:00.83 | Mem:0.00M, Peak:0.00M | Scene, ViewLayer | Waiting for render to start
Fra:1 Mem:15.45M (Peak 20.24M) | Time:00:00.83 | Mem:0.00M, Peak:0.00M | Scene, ViewLayer | Updating Scene
Fra:1 Mem:15.45M (Peak 20.24M) | Time:00:00.83 | Mem:0.00M, Peak:0.00M | Scene, ViewLayer | Updating Shaders
Fra:1 Mem:15.45M (Peak 20.24M) | Time:00:00.83 | Mem:0.00M, Peak:0.00M | Scene, ViewLayer | Loading render kernels (may take a few minutes the first time)
Fra:1 Mem:15.53M (Peak 42.82M) | Time:00:01.75 | Mem:0.01M, Peak:0.01M | Scene, ViewLayer | Updating Procedurals
Fra:1 Mem:15.53M (Peak 42.82M) | Time:00:01.75 | Mem:0.01M, Peak:0.01M | Scene, ViewLayer | Updating Background
Fra:1 Mem:15.53M (Peak 42.82M) | Time:00:01.75 | Mem:0.01M, Peak:0.01M | Scene, ViewLayer | Updating Camera
Fra:1 Mem:15.53M (Peak 42.82M) | Time:00:01.75 | Mem:0.01M, Peak:0.01M | Scene, ViewLayer | Updating Meshes Flags
Fra:1 Mem:15.53M (Peak 42.82M) | Time:00:01.75 | Mem:0.01M, Peak:0.01M | Scene, ViewLayer | Updating Objects
Fra:1 Mem:15.53M (Peak 42.82M) | Time:00:01.75 | Mem:0.01M, Peak:0.01M | Scene, ViewLayer | Updating Objects | Copying Transformations to device
Fra:1 Mem:15.55M (Peak 42.82M) | Time:00:01.76 | Mem:0.03M, Peak:0.03M | Scene, ViewLayer | Updating Particle Systems
Fra:1 Mem:15.55M (Peak 42.82M) | Time:00:01.76 | Mem:0.03M, Peak:0.03M | Scene, ViewLayer | Updating Particle Systems | Copying Particles to device
Fra:1 Mem:15.55M (Peak 42.82M) | Time:00:01.76 | Mem:0.03M, Peak:0.03M | Scene, ViewLayer | Updating Meshes
Fra:1 Mem:16.06M (Peak 42.82M) | Time:00:01.78 | Mem:0.03M, Peak:0.03M | Scene, ViewLayer | Updating Objects | Applying Static Transformations
Fra:1 Mem:16.06M (Peak 42.82M) | Time:00:01.78 | Mem:0.03M, Peak:0.03M | Scene, ViewLayer | Updating Mesh | Computing attributes
Fra:1 Mem:16.90M (Peak 42.82M) | Time:00:01.79 | Mem:0.03M, Peak:0.03M | Scene, ViewLayer | Updating Mesh | Copying Attributes to device
Fra:1 Mem:16.89M (Peak 42.82M) | Time:00:01.79 | Mem:0.85M, Peak:0.85M | Scene, ViewLayer | Updating Geometry BVH light 78/77 | Building BVH
Fra:1 Mem:16.89M (Peak 42.82M) | Time:00:01.79 | Mem:0.85M, Peak:0.85M | Scene, ViewLayer | Updating Geometry BVH light 78/77 | Building OptiX acceleration structure
Fra:1 Mem:16.89M (Peak 42.82M) | Time:00:01.79 | Mem:0.85M, Peak:0.85M | Scene, ViewLayer | Updating Geometry BVH Deep intake duct.031 77/77 | Building BVH
Fra:1 Mem:16.89M (Peak 42.82M) | Time:00:01.79 | Mem:0.85M, Peak:0.85M | Scene, ViewLayer | Updating Geometry BVH Deep intake duct.031 77/77 | Building OptiX acceleration structure
Fra:1 Mem:16.89M (Peak 42.82M) | Time:00:01.80 | Mem:0.86M, Peak:0.87M | Scene, ViewLayer | Updating Geometry BVH Deep ion throat.061 76/77 | Building BVH
Fra:1 Mem:16.89M (Peak 42.82M) | Time:00:01.80 | Mem:0.86M, Peak:0.87M | Scene, ViewLayer | Updating Geometry BVH Deep ion throat.061 76/77 | Building OptiX acceleration structure
Fra:1 Mem:16.89M (Peak 42.82M) | Time:00:01.80 | Mem:0.87M, Peak:0.93M | Scene, ViewLayer | Updating Geometry BVH Nozzle petal seam.743 75/77 | Building BVH
Fra:1 Mem:16.89M (Peak 42.82M) | Time:00:01.80 | Mem:0.87M, Peak:0.93M | Scene, ViewLayer | Updating Geometry BVH Nozzle petal seam.743 75/77 | Building OptiX acceleration structure
Fra:1 Mem:16.89M (Peak 42.82M) | Time:00:01.80 | Mem:0.87M, Peak:0.93M | Scene, ViewLayer | Updating Geometry BVH Nozzle petal seam.742 74/77 | Building BVH
Fra:1 Mem:16.89M (Peak 42.82M) | Time:00:01.80 | Mem:0.87M, Peak:0.93M | Scene, ViewLayer | Updating Geometry BVH Nozzle petal seam.742 74/77 | Building OptiX acceleration structure
Fra:1 Mem:16.89M (Peak 42.82M) | Time:00:01.80 | Mem:0.87M, Peak:0.93M | Scene, ViewLayer | Updating Geometry BVH Nozzle petal seam.741 73/77 | Building BVH
Fra:1 Mem:16.89M (Peak 42.82M) | Time:00:01.80 | Mem:0.87M, Peak:0.93M | Scene, ViewLayer | Updating Geometry BVH Nozzle petal seam.741 73/77 | Building OptiX acceleration structure
Fra:1 Mem:16.89M (Peak 42.82M) | Time:00:01.81 | Mem:0.88M, Peak:0.93M | Scene, ViewLayer | Updating Geometry BVH Nozzle petal seam.740 72/77 | Building BVH
Fra:1 Mem:16.89M (Peak 42.82M) | Time:00:01.81 | Mem:0.88M, Peak:0.93M | Scene, ViewLayer | Updating Geometry BVH Nozzle petal seam.740 72/77 | Building OptiX acceleration structure
Fra:1 Mem:16.89M (Peak 42.82M) | Time:00:01.81 | Mem:0.88M, Peak:0.93M | Scene, ViewLayer | Updating Geometry BVH Broad neutral key 2/77 | Building BVH
Fra:1 Mem:16.89M (Peak 42.82M) | Time:00:01.81 | Mem:0.88M, Peak:0.93M | Scene, ViewLayer | Updating Geometry BVH Broad neutral key 2/77 | Building OptiX acceleration structure
Fra:1 Mem:16.89M (Peak 42.82M) | Time:00:01.81 | Mem:0.88M, Peak:0.93M | Scene, ViewLayer | Updating Geometry BVH Nozzle petal seam.739 71/77 | Building BVH
Fra:1 Mem:16.89M (Peak 42.82M) | Time:00:01.81 | Mem:0.88M, Peak:0.93M | Scene, ViewLayer | Updating Geometry BVH Nozzle petal seam.739 71/77 | Building OptiX acceleration structure
Fra:1 Mem:16.89M (Peak 42.82M) | Time:00:01.81 | Mem:0.88M, Peak:0.93M | Scene, ViewLayer | Updating Geometry BVH Nozzle petal seam.738 70/77 | Building BVH
Fra:1 Mem:16.89M (Peak 42.82M) | Time:00:01.81 | Mem:0.88M, Peak:0.93M | Scene, ViewLayer | Updating Geometry BVH Nozzle petal seam.738 70/77 | Building OptiX acceleration structure
Fra:1 Mem:16.89M (Peak 42.82M) | Time:00:01.81 | Mem:0.88M, Peak:0.93M | Scene, ViewLayer | Updating Geometry BVH Nozzle petal seam.737 69/77 | Building BVH
Fra:1 Mem:16.89M (Peak 42.82M) | Time:00:01.81 | Mem:0.88M, Peak:0.93M | Scene, ViewLayer | Updating Geometry BVH Nozzle petal seam.737 69/77 | Building OptiX acceleration structure
Fra:1 Mem:16.89M (Peak 42.82M) | Time:00:01.82 | Mem:0.88M, Peak:0.93M | Scene, ViewLayer | Updating Geometry BVH Nozzle petal seam.736 68/77 | Building BVH
Fra:1 Mem:16.89M (Peak 42.82M) | Time:00:01.82 | Mem:0.88M, Peak:0.93M | Scene, ViewLayer | Updating Geometry BVH Nozzle petal seam.736 68/77 | Building OptiX acceleration structure
Fra:1 Mem:16.89M (Peak 42.82M) | Time:00:01.82 | Mem:0.88M, Peak:0.93M | Scene, ViewLayer | Updating Geometry BVH Nozzle petal seam.735 67/77 | Building BVH
Fra:1 Mem:16.89M (Peak 42.82M) | Time:00:01.82 | Mem:0.88M, Peak:0.93M | Scene, ViewLayer | Updating Geometry BVH Nozzle petal seam.735 67/77 | Building OptiX acceleration structure
Fra:1 Mem:16.89M (Peak 42.82M) | Time:00:01.82 | Mem:0.88M, Peak:0.93M | Scene, ViewLayer | Updating Geometry BVH Neutral fill 3/77 | Building BVH
Fra:1 Mem:16.89M (Peak 42.82M) | Time:00:01.82 | Mem:0.88M, Peak:0.93M | Scene, ViewLayer | Updating Geometry BVH Neutral fill 3/77 | Building OptiX acceleration structure
Fra:1 Mem:16.89M (Peak 42.82M) | Time:00:01.82 | Mem:0.88M, Peak:0.93M | Scene, ViewLayer | Updating Geometry BVH Mesh 4/77 | Building BVH
Fra:1 Mem:16.89M (Peak 42.82M) | Time:00:01.82 | Mem:0.89M, Peak:0.93M | Scene, ViewLayer | Updating Geometry BVH Mesh 4/77 | Building OptiX acceleration structure
Fra:1 Mem:17.01M (Peak 42.82M) | Time:00:01.82 | Mem:1.01M, Peak:1.01M | Scene, ViewLayer | Updating Geometry BVH Nozzle petal seam.734 66/77 | Building BVH
Fra:1 Mem:17.01M (Peak 42.82M) | Time:00:01.82 | Mem:1.42M, Peak:1.42M | Scene, ViewLayer | Updating Geometry BVH Nozzle petal seam.734 66/77 | Building OptiX acceleration structure
Fra:1 Mem:16.89M (Peak 42.82M) | Time:00:01.82 | Mem:1.04M, Peak:1.52M | Scene, ViewLayer | Updating Geometry BVH Mesh 5/77 | Building BVH
Fra:1 Mem:16.89M (Peak 42.82M) | Time:00:01.82 | Mem:1.04M, Peak:1.52M | Scene, ViewLayer | Updating Geometry BVH Mesh 5/77 | Building OptiX acceleration structure
Fra:1 Mem:16.89M (Peak 42.82M) | Time:00:01.83 | Mem:1.14M, Peak:1.54M | Scene, ViewLayer | Updating Geometry BVH Mesh 6/77 | Building BVH
Fra:1 Mem:16.89M (Peak 42.82M) | Time:00:01.83 | Mem:1.15M, Peak:1.54M | Scene, ViewLayer | Updating Geometry BVH Mesh 6/77 | Building OptiX acceleration structure
Fra:1 Mem:16.97M (Peak 42.82M) | Time:00:01.83 | Mem:1.22M, Peak:1.54M | Scene, ViewLayer | Updating Geometry BVH Nozzle petal seam.733 65/77 | Building BVH
Fra:1 Mem:16.97M (Peak 42.82M) | Time:00:01.83 | Mem:1.22M, Peak:1.54M | Scene, ViewLayer | Updating Geometry BVH Nozzle petal seam.733 65/77 | Building OptiX acceleration structure
Fra:1 Mem:16.89M (Peak 42.82M) | Time:00:01.83 | Mem:1.24M, Peak:1.64M | Scene, ViewLayer | Updating Geometry BVH Canopy lower frame.028 7/77 | Building BVH
Fra:1 Mem:16.89M (Peak 42.82M) | Time:00:01.83 | Mem:1.24M, Peak:1.64M | Scene, ViewLayer | Updating Geometry BVH Canopy lower frame.028 7/77 | Building OptiX acceleration structure
Fra:1 Mem:16.89M (Peak 42.82M) | Time:00:01.83 | Mem:1.25M, Peak:1.64M | Scene, ViewLayer | Updating Geometry BVH Nozzle petal seam.732 64/77 | Building BVH
Fra:1 Mem:16.89M (Peak 42.82M) | Time:00:01.83 | Mem:1.26M, Peak:1.64M | Scene, ViewLayer | Updating Geometry BVH Nozzle petal seam.732 64/77 | Building OptiX acceleration structure
Fra:1 Mem:16.89M (Peak 42.82M) | Time:00:01.83 | Mem:1.25M, Peak:1.64M | Scene, ViewLayer | Updating Geometry BVH Canopy lower frame.029 8/77 | Building BVH
Fra:1 Mem:16.89M (Peak 42.82M) | Time:00:01.83 | Mem:1.25M, Peak:1.64M | Scene, ViewLayer | Updating Geometry BVH Canopy lower frame.029 8/77 | Building OptiX acceleration structure
Fra:1 Mem:16.89M (Peak 42.82M) | Time:00:01.83 | Mem:1.25M, Peak:1.64M | Scene, ViewLayer | Updating Geometry BVH Contoured expansion nozzle.061 63/77 | Building BVH
Fra:1 Mem:16.89M (Peak 42.82M) | Time:00:01.83 | Mem:1.26M, Peak:1.64M | Scene, ViewLayer | Updating Geometry BVH Contoured expansion nozzle.061 63/77 | Building OptiX acceleration structure
Fra:1 Mem:16.90M (Peak 42.82M) | Time:00:01.83 | Mem:1.26M, Peak:1.64M | Scene, ViewLayer | Updating Geometry BVH Canopy pressure bow.014 9/77 | Building BVH
Fra:1 Mem:16.90M (Peak 42.82M) | Time:00:01.83 | Mem:1.27M, Peak:1.64M | Scene, ViewLayer | Updating Geometry BVH Canopy pressure bow.014 9/77 | Building OptiX acceleration structure
Fra:1 Mem:16.89M (Peak 42.82M) | Time:00:01.83 | Mem:1.26M, Peak:1.64M | Scene, ViewLayer | Updating Geometry BVH Integrated propulsion nacelle.031 62/77 | Building BVH
Fra:1 Mem:16.89M (Peak 42.82M) | Time:00:01.83 | Mem:1.27M, Peak:1.64M | Scene, ViewLayer | Updating Geometry BVH Integrated propulsion nacelle.031 62/77 | Building OptiX acceleration structure
Fra:1 Mem:16.90M (Peak 42.82M) | Time:00:01.83 | Mem:1.28M, Peak:1.64M | Scene, ViewLayer | Updating Geometry BVH Integrated lifting hull.028 10/77 | Building BVH
Fra:1 Mem:16.90M (Peak 42.82M) | Time:00:01.83 | Mem:1.30M, Peak:1.64M | Scene, ViewLayer | Updating Geometry BVH Integrated lifting hull.028 10/77 | Building OptiX acceleration structure
Fra:1 Mem:16.90M (Peak 42.82M) | Time:00:01.83 | Mem:1.29M, Peak:1.64M | Scene, ViewLayer | Updating Geometry BVH Mesh 61/77 | Building BVH
Fra:1 Mem:16.90M (Peak 42.82M) | Time:00:01.83 | Mem:1.31M, Peak:1.64M | Scene, ViewLayer | Updating Geometry BVH Mesh 61/77 | Building OptiX acceleration structure
Fra:1 Mem:16.92M (Peak 42.82M) | Time:00:01.84 | Mem:1.32M, Peak:1.64M | Scene, ViewLayer | Updating Geometry BVH Integrated propulsion nacelle.028 11/77 | Building BVH
Fra:1 Mem:16.92M (Peak 42.82M) | Time:00:01.84 | Mem:1.32M, Peak:1.64M | Scene, ViewLayer | Updating Geometry BVH Integrated propulsion nacelle.028 11/77 | Building OptiX acceleration structure
Fra:1 Mem:16.93M (Peak 42.82M) | Time:00:01.84 | Mem:1.50M, Peak:1.64M | Scene, ViewLayer | Updating Geometry BVH Contoured expansion nozzle.058 12/77 | Building BVH
Fra:1 Mem:16.93M (Peak 42.82M) | Time:00:01.84 | Mem:1.50M, Peak:1.64M | Scene, ViewLayer | Updating Geometry BVH Contoured expansion nozzle.058 12/77 | Building OptiX acceleration structure
Fra:1 Mem:16.94M (Peak 42.82M) | Time:00:01.84 | Mem:1.47M, Peak:1.64M | Scene, ViewLayer | Updating Geometry BVH Nozzle petal seam.696 13/77 | Building BVH
Fra:1 Mem:16.94M (Peak 42.82M) | Time:00:01.84 | Mem:1.47M, Peak:1.64M | Scene, ViewLayer | Updating Geometry BVH Nozzle petal seam.696 13/77 | Building OptiX acceleration structure
Fra:1 Mem:16.90M (Peak 42.82M) | Time:00:01.84 | Mem:1.34M, Peak:1.64M | Scene, ViewLayer | Updating Geometry BVH Deep intake duct.030 60/77 | Building BVH
Fra:1 Mem:16.90M (Peak 42.82M) | Time:00:01.84 | Mem:1.36M, Peak:1.64M | Scene, ViewLayer | Updating Geometry BVH Deep intake duct.030 60/77 | Building OptiX acceleration structure
Fra:1 Mem:16.90M (Peak 42.82M) | Time:00:01.84 | Mem:1.35M, Peak:1.64M | Scene, ViewLayer | Updating Geometry BVH Nozzle petal seam.697 14/77 | Building BVH
Fra:1 Mem:16.90M (Peak 42.82M) | Time:00:01.84 | Mem:1.39M, Peak:1.64M | Scene, ViewLayer | Updating Geometry BVH Nozzle petal seam.697 14/77 | Building OptiX acceleration structure
Fra:1 Mem:16.89M (Peak 42.82M) | Time:00:01.84 | Mem:1.35M, Peak:1.64M | Scene, ViewLayer | Updating Geometry BVH Nozzle petal seam.698 15/77 | Building BVH
Fra:1 Mem:16.89M (Peak 42.82M) | Time:00:01.84 | Mem:1.36M, Peak:1.64M | Scene, ViewLayer | Updating Geometry BVH Nozzle petal seam.698 15/77 | Building OptiX acceleration structure
Fra:1 Mem:16.89M (Peak 42.82M) | Time:00:01.85 | Mem:1.35M, Peak:1.64M | Scene, ViewLayer | Updating Geometry BVH Nozzle petal seam.699 16/77 | Building BVH
Fra:1 Mem:16.89M (Peak 42.82M) | Time:00:01.85 | Mem:1.36M, Peak:1.64M | Scene, ViewLayer | Updating Geometry BVH Nozzle petal seam.699 16/77 | Building OptiX acceleration structure
Fra:1 Mem:16.89M (Peak 42.82M) | Time:00:01.85 | Mem:1.35M, Peak:1.64M | Scene, ViewLayer | Updating Geometry BVH Deep ion throat.060 59/77 | Building BVH
Fra:1 Mem:16.89M (Peak 42.82M) | Time:00:01.85 | Mem:1.36M, Peak:1.64M | Scene, ViewLayer | Updating Geometry BVH Deep ion throat.060 59/77 | Building OptiX acceleration structure
Fra:1 Mem:16.91M (Peak 42.82M) | Time:00:01.85 | Mem:1.38M, Peak:1.64M | Scene, ViewLayer | Updating Geometry BVH Nozzle petal seam.700 17/77 | Building BVH
Fra:1 Mem:16.91M (Peak 42.82M) | Time:00:01.85 | Mem:1.38M, Peak:1.64M | Scene, ViewLayer | Updating Geometry BVH Nozzle petal seam.700 17/77 | Building OptiX acceleration structure
Fra:1 Mem:16.91M (Peak 42.82M) | Time:00:01.85 | Mem:1.38M, Peak:1.64M | Scene, ViewLayer | Updating Geometry BVH Nozzle petal seam.701 18/77 | Building BVH
Fra:1 Mem:16.91M (Peak 42.82M) | Time:00:01.85 | Mem:1.38M, Peak:1.64M | Scene, ViewLayer | Updating Geometry BVH Nozzle petal seam.701 18/77 | Building OptiX acceleration structure
Fra:1 Mem:16.91M (Peak 42.82M) | Time:00:01.85 | Mem:1.38M, Peak:1.64M | Scene, ViewLayer | Updating Geometry BVH Nozzle petal seam.702 19/77 | Building BVH
Fra:1 Mem:16.91M (Peak 42.82M) | Time:00:01.85 | Mem:1.43M, Peak:1.64M | Scene, ViewLayer | Updating Geometry BVH Nozzle petal seam.702 19/77 | Building OptiX acceleration structure
Fra:1 Mem:16.89M (Peak 42.82M) | Time:00:01.85 | Mem:1.37M, Peak:1.64M | Scene, ViewLayer | Updating Geometry BVH Nozzle petal seam.731 58/77 | Building BVH
Fra:1 Mem:16.89M (Peak 42.82M) | Time:00:01.85 | Mem:1.38M, Peak:1.64M | Scene, ViewLayer | Updating Geometry BVH Nozzle petal seam.731 58/77 | Building OptiX acceleration structure
Fra:1 Mem:16.89M (Peak 42.82M) | Time:00:01.85 | Mem:1.38M, Peak:1.64M | Scene, ViewLayer | Updating Geometry BVH Nozzle petal seam.703 20/77 | Building BVH
Fra:1 Mem:16.89M (Peak 42.82M) | Time:00:01.85 | Mem:1.38M, Peak:1.64M | Scene, ViewLayer | Updating Geometry BVH Nozzle petal seam.703 20/77 | Building OptiX acceleration structure
Fra:1 Mem:16.89M (Peak 42.82M) | Time:00:01.85 | Mem:1.37M, Peak:1.64M | Scene, ViewLayer | Updating Geometry BVH Nozzle petal seam.704 21/77 | Building BVH
Fra:1 Mem:16.89M (Peak 42.82M) | Time:00:01.85 | Mem:1.38M, Peak:1.64M | Scene, ViewLayer | Updating Geometry BVH Nozzle petal seam.704 21/77 | Building OptiX acceleration structure
Fra:1 Mem:16.89M (Peak 42.82M) | Time:00:01.85 | Mem:1.38M, Peak:1.64M | Scene, ViewLayer | Updating Geometry BVH Nozzle petal seam.705 22/77 | Building BVH
Fra:1 Mem:16.89M (Peak 42.82M) | Time:00:01.85 | Mem:1.38M, Peak:1.64M | Scene, ViewLayer | Updating Geometry BVH Nozzle petal seam.705 22/77 | Building OptiX acceleration structure
Fra:1 Mem:16.89M (Peak 42.82M) | Time:00:01.85 | Mem:1.38M, Peak:1.64M | Scene, ViewLayer | Updating Geometry BVH Nozzle petal seam.706 23/77 | Building BVH
Fra:1 Mem:16.89M (Peak 42.82M) | Time:00:01.85 | Mem:1.38M, Peak:1.64M | Scene, ViewLayer | Updating Geometry BVH Nozzle petal seam.706 23/77 | Building OptiX acceleration structure
Fra:1 Mem:16.89M (Peak 42.82M) | Time:00:01.85 | Mem:1.38M, Peak:1.64M | Scene, ViewLayer | Updating Geometry BVH Nozzle petal seam.707 24/77 | Building BVH
Fra:1 Mem:16.89M (Peak 42.82M) | Time:00:01.85 | Mem:1.39M, Peak:1.64M | Scene, ViewLayer | Updating Geometry BVH Nozzle petal seam.707 24/77 | Building OptiX acceleration structure
Fra:1 Mem:16.89M (Peak 42.82M) | Time:00:01.85 | Mem:1.38M, Peak:1.64M | Scene, ViewLayer | Updating Geometry BVH Deep ion throat.058 25/77 | Building BVH
Fra:1 Mem:16.89M (Peak 42.82M) | Time:00:01.85 | Mem:1.38M, Peak:1.64M | Scene, ViewLayer | Updating Geometry BVH Deep ion throat.058 25/77 | Building OptiX acceleration structure
Fra:1 Mem:16.91M (Peak 42.82M) | Time:00:01.85 | Mem:1.40M, Peak:1.64M | Scene, ViewLayer | Updating Geometry BVH Deep intake duct.028 26/77 | Building BVH
Fra:1 Mem:16.91M (Peak 42.82M) | Time:00:01.85 | Mem:1.40M, Peak:1.64M | Scene, ViewLayer | Updating Geometry BVH Deep intake duct.028 26/77 | Building OptiX acceleration structure
Fra:1 Mem:16.91M (Peak 42.82M) | Time:00:01.86 | Mem:1.40M, Peak:1.64M | Scene, ViewLayer | Updating Geometry BVH Mesh 27/77 | Building BVH
Fra:1 Mem:16.91M (Peak 42.82M) | Time:00:01.86 | Mem:1.40M, Peak:1.64M | Scene, ViewLayer | Updating Geometry BVH Mesh 27/77 | Building OptiX acceleration structure
Fra:1 Mem:16.95M (Peak 42.82M) | Time:00:01.86 | Mem:1.44M, Peak:1.64M | Scene, ViewLayer | Updating Geometry BVH Nozzle petal seam.730 57/77 | Building BVH
Fra:1 Mem:16.95M (Peak 42.82M) | Time:00:01.86 | Mem:1.44M, Peak:1.64M | Scene, ViewLayer | Updating Geometry BVH Nozzle petal seam.730 57/77 | Building OptiX acceleration structure
Fra:1 Mem:16.95M (Peak 42.82M) | Time:00:01.86 | Mem:1.44M, Peak:1.64M | Scene, ViewLayer | Updating Geometry BVH Integrated propulsion nacelle.029 28/77 | Building BVH
Fra:1 Mem:16.95M (Peak 42.82M) | Time:00:01.86 | Mem:1.46M, Peak:1.64M | Scene, ViewLayer | Updating Geometry BVH Integrated propulsion nacelle.029 28/77 | Building OptiX acceleration structure
Fra:1 Mem:16.94M (Peak 42.82M) | Time:00:01.86 | Mem:1.45M, Peak:1.64M | Scene, ViewLayer | Updating Geometry BVH Contoured expansion nozzle.059 29/77 | Building BVH
Fra:1 Mem:16.94M (Peak 42.82M) | Time:00:01.86 | Mem:1.45M, Peak:1.64M | Scene, ViewLayer | Updating Geometry BVH Contoured expansion nozzle.059 29/77 | Building OptiX acceleration structure
Fra:1 Mem:16.95M (Peak 42.82M) | Time:00:01.86 | Mem:1.45M, Peak:1.64M | Scene, ViewLayer | Updating Geometry BVH Nozzle petal seam.708 30/77 | Building BVH
Fra:1 Mem:16.95M (Peak 42.82M) | Time:00:01.86 | Mem:1.63M, Peak:1.64M | Scene, ViewLayer | Updating Geometry BVH Nozzle petal seam.708 30/77 | Building OptiX acceleration structure
Fra:1 Mem:16.91M (Peak 42.82M) | Time:00:01.86 | Mem:1.46M, Peak:1.64M | Scene, ViewLayer | Updating Geometry BVH Nozzle petal seam.709 31/77 | Building BVH
Fra:1 Mem:16.91M (Peak 42.82M) | Time:00:01.86 | Mem:1.46M, Peak:1.64M | Scene, ViewLayer | Updating Geometry BVH Nozzle petal seam.709 31/77 | Building OptiX acceleration structure
Fra:1 Mem:16.91M (Peak 42.82M) | Time:00:01.87 | Mem:1.47M, Peak:1.64M | Scene, ViewLayer | Updating Geometry BVH Nozzle petal seam.729 56/77 | Building BVH
Fra:1 Mem:16.91M (Peak 42.82M) | Time:00:01.87 | Mem:1.53M, Peak:1.64M | Scene, ViewLayer | Updating Geometry BVH Nozzle petal seam.729 56/77 | Building OptiX acceleration structure
Fra:1 Mem:16.90M (Peak 42.82M) | Time:00:01.87 | Mem:1.47M, Peak:1.64M | Scene, ViewLayer | Updating Geometry BVH Nozzle petal seam.710 32/77 | Building BVH
Fra:1 Mem:16.90M (Peak 42.82M) | Time:00:01.87 | Mem:1.48M, Peak:1.64M | Scene, ViewLayer | Updating Geometry BVH Nozzle petal seam.710 32/77 | Building OptiX acceleration structure
Fra:1 Mem:16.89M (Peak 42.82M) | Time:00:01.87 | Mem:1.47M, Peak:1.64M | Scene, ViewLayer | Updating Geometry BVH Nozzle petal seam.711 33/77 | Building BVH
Fra:1 Mem:16.89M (Peak 42.82M) | Time:00:01.87 | Mem:1.48M, Peak:1.64M | Scene, ViewLayer | Updating Geometry BVH Nozzle petal seam.711 33/77 | Building OptiX acceleration structure
Fra:1 Mem:16.89M (Peak 42.82M) | Time:00:01.87 | Mem:1.47M, Peak:1.64M | Scene, ViewLayer | Updating Geometry BVH Nozzle petal seam.712 34/77 | Building BVH
Fra:1 Mem:16.89M (Peak 42.82M) | Time:00:01.87 | Mem:1.48M, Peak:1.64M | Scene, ViewLayer | Updating Geometry BVH Nozzle petal seam.712 34/77 | Building OptiX acceleration structure
Fra:1 Mem:16.89M (Peak 42.82M) | Time:00:01.87 | Mem:1.47M, Peak:1.64M | Scene, ViewLayer | Updating Geometry BVH Nozzle petal seam.728 55/77 | Building BVH
Fra:1 Mem:16.89M (Peak 42.82M) | Time:00:01.87 | Mem:1.48M, Peak:1.64M | Scene, ViewLayer | Updating Geometry BVH Nozzle petal seam.728 55/77 | Building OptiX acceleration structure
Fra:1 Mem:16.89M (Peak 42.82M) | Time:00:01.87 | Mem:1.47M, Peak:1.64M | Scene, ViewLayer | Updating Geometry BVH Nozzle petal seam.713 35/77 | Building BVH
Fra:1 Mem:16.89M (Peak 42.82M) | Time:00:01.87 | Mem:1.48M, Peak:1.64M | Scene, ViewLayer | Updating Geometry BVH Nozzle petal seam.713 35/77 | Building OptiX acceleration structure
Fra:1 Mem:16.89M (Peak 42.82M) | Time:00:01.87 | Mem:1.48M, Peak:1.64M | Scene, ViewLayer | Updating Geometry BVH Nozzle petal seam.714 36/77 | Building BVH
Fra:1 Mem:16.89M (Peak 42.82M) | Time:00:01.87 | Mem:1.48M, Peak:1.64M | Scene, ViewLayer | Updating Geometry BVH Nozzle petal seam.714 36/77 | Building OptiX acceleration structure
Fra:1 Mem:16.89M (Peak 42.82M) | Time:00:01.87 | Mem:1.48M, Peak:1.64M | Scene, ViewLayer | Updating Geometry BVH Nozzle petal seam.715 37/77 | Building BVH
Fra:1 Mem:16.89M (Peak 42.82M) | Time:00:01.87 | Mem:1.48M, Peak:1.64M | Scene, ViewLayer | Updating Geometry BVH Nozzle petal seam.715 37/77 | Building OptiX acceleration structure
Fra:1 Mem:16.89M (Peak 42.82M) | Time:00:01.87 | Mem:1.48M, Peak:1.64M | Scene, ViewLayer | Updating Geometry BVH Nozzle petal seam.727 54/77 | Building BVH
Fra:1 Mem:16.89M (Peak 42.82M) | Time:00:01.87 | Mem:1.48M, Peak:1.64M | Scene, ViewLayer | Updating Geometry BVH Nozzle petal seam.727 54/77 | Building OptiX acceleration structure
Fra:1 Mem:16.89M (Peak 42.82M) | Time:00:01.87 | Mem:1.48M, Peak:1.64M | Scene, ViewLayer | Updating Geometry BVH Nozzle petal seam.716 38/77 | Building BVH
Fra:1 Mem:16.89M (Peak 42.82M) | Time:00:01.87 | Mem:1.49M, Peak:1.64M | Scene, ViewLayer | Updating Geometry BVH Nozzle petal seam.716 38/77 | Building OptiX acceleration structure
Fra:1 Mem:16.89M (Peak 42.82M) | Time:00:01.87 | Mem:1.48M, Peak:1.64M | Scene, ViewLayer | Updating Geometry BVH Nozzle petal seam.717 39/77 | Building BVH
Fra:1 Mem:16.89M (Peak 42.82M) | Time:00:01.87 | Mem:1.48M, Peak:1.64M | Scene, ViewLayer | Updating Geometry BVH Nozzle petal seam.717 39/77 | Building OptiX acceleration structure
Fra:1 Mem:16.89M (Peak 42.82M) | Time:00:01.87 | Mem:1.48M, Peak:1.64M | Scene, ViewLayer | Updating Geometry BVH Nozzle petal seam.718 40/77 | Building BVH
Fra:1 Mem:16.89M (Peak 42.82M) | Time:00:01.87 | Mem:1.48M, Peak:1.64M | Scene, ViewLayer | Updating Geometry BVH Nozzle petal seam.718 40/77 | Building OptiX acceleration structure
Fra:1 Mem:16.89M (Peak 42.82M) | Time:00:01.87 | Mem:1.48M, Peak:1.64M | Scene, ViewLayer | Updating Geometry BVH Nozzle petal seam.726 53/77 | Building BVH
Fra:1 Mem:16.89M (Peak 42.82M) | Time:00:01.87 | Mem:1.49M, Peak:1.64M | Scene, ViewLayer | Updating Geometry BVH Nozzle petal seam.726 53/77 | Building OptiX acceleration structure
Fra:1 Mem:16.89M (Peak 42.82M) | Time:00:01.88 | Mem:1.48M, Peak:1.64M | Scene, ViewLayer | Updating Geometry BVH Nozzle petal seam.719 41/77 | Building BVH
Fra:1 Mem:16.89M (Peak 42.82M) | Time:00:01.88 | Mem:1.49M, Peak:1.64M | Scene, ViewLayer | Updating Geometry BVH Nozzle petal seam.719 41/77 | Building OptiX acceleration structure
Fra:1 Mem:16.89M (Peak 42.82M) | Time:00:01.88 | Mem:1.48M, Peak:1.64M | Scene, ViewLayer | Updating Geometry BVH Deep ion throat.059 42/77 | Building BVH
Fra:1 Mem:16.89M (Peak 42.82M) | Time:00:01.88 | Mem:1.49M, Peak:1.64M | Scene, ViewLayer | Updating Geometry BVH Deep ion throat.059 42/77 | Building OptiX acceleration structure
Fra:1 Mem:16.91M (Peak 42.82M) | Time:00:01.88 | Mem:1.51M, Peak:1.64M | Scene, ViewLayer | Updating Geometry BVH Deep intake duct.029 43/77 | Building BVH
Fra:1 Mem:16.91M (Peak 42.82M) | Time:00:01.88 | Mem:1.51M, Peak:1.64M | Scene, ViewLayer | Updating Geometry BVH Deep intake duct.029 43/77 | Building OptiX acceleration structure
Fra:1 Mem:16.91M (Peak 42.82M) | Time:00:01.88 | Mem:1.51M, Peak:1.64M | Scene, ViewLayer | Updating Geometry BVH Nozzle petal seam.725 52/77 | Building BVH
Fra:1 Mem:16.91M (Peak 42.82M) | Time:00:01.88 | Mem:1.52M, Peak:1.64M | Scene, ViewLayer | Updating Geometry BVH Nozzle petal seam.725 52/77 | Building OptiX acceleration structure
Fra:1 Mem:16.91M (Peak 42.82M) | Time:00:01.88 | Mem:1.51M, Peak:1.64M | Scene, ViewLayer | Updating Geometry BVH Integrated lifting hull.029 44/77 | Building BVH
Fra:1 Mem:16.91M (Peak 42.82M) | Time:00:01.88 | Mem:1.57M, Peak:1.64M | Scene, ViewLayer | Updating Geometry BVH Integrated lifting hull.029 44/77 | Building OptiX acceleration structure
Fra:1 Mem:16.91M (Peak 42.82M) | Time:00:01.88 | Mem:1.52M, Peak:1.64M | Scene, ViewLayer | Updating Geometry BVH Integrated propulsion nacelle.030 45/77 | Building BVH
Fra:1 Mem:16.91M (Peak 42.82M) | Time:00:01.88 | Mem:1.53M, Peak:1.64M | Scene, ViewLayer | Updating Geometry BVH Integrated propulsion nacelle.030 45/77 | Building OptiX acceleration structure
Fra:1 Mem:16.91M (Peak 42.82M) | Time:00:01.88 | Mem:1.53M, Peak:1.64M | Scene, ViewLayer | Updating Geometry BVH Contoured expansion nozzle.060 46/77 | Building BVH
Fra:1 Mem:16.91M (Peak 42.82M) | Time:00:01.88 | Mem:1.53M, Peak:1.64M | Scene, ViewLayer | Updating Geometry BVH Contoured expansion nozzle.060 46/77 | Building OptiX acceleration structure
Fra:1 Mem:16.92M (Peak 42.82M) | Time:00:01.88 | Mem:1.53M, Peak:1.64M | Scene, ViewLayer | Updating Geometry BVH Nozzle petal seam.724 51/77 | Building BVH
Fra:1 Mem:16.92M (Peak 42.82M) | Time:00:01.88 | Mem:1.53M, Peak:1.64M | Scene, ViewLayer | Updating Geometry BVH Nozzle petal seam.724 51/77 | Building OptiX acceleration structure
Fra:1 Mem:16.91M (Peak 42.82M) | Time:00:01.88 | Mem:1.53M, Peak:1.64M | Scene, ViewLayer | Updating Geometry BVH Nozzle petal seam.720 47/77 | Building BVH
Fra:1 Mem:16.91M (Peak 42.82M) | Time:00:01.88 | Mem:1.56M, Peak:1.64M | Scene, ViewLayer | Updating Geometry BVH Nozzle petal seam.720 47/77 | Building OptiX acceleration structure
Fra:1 Mem:16.90M (Peak 42.82M) | Time:00:01.88 | Mem:1.53M, Peak:1.64M | Scene, ViewLayer | Updating Geometry BVH Nozzle petal seam.721 48/77 | Building BVH
Fra:1 Mem:16.90M (Peak 42.82M) | Time:00:01.88 | Mem:1.57M, Peak:1.64M | Scene, ViewLayer | Updating Geometry BVH Nozzle petal seam.721 48/77 | Building OptiX acceleration structure
Fra:1 Mem:16.89M (Peak 42.82M) | Time:00:01.88 | Mem:1.54M, Peak:1.64M | Scene, ViewLayer | Updating Geometry BVH Nozzle petal seam.722 49/77 | Building BVH
Fra:1 Mem:16.89M (Peak 42.82M) | Time:00:01.88 | Mem:1.54M, Peak:1.64M | Scene, ViewLayer | Updating Geometry BVH Nozzle petal seam.722 49/77 | Building OptiX acceleration structure
Fra:1 Mem:16.89M (Peak 42.82M) | Time:00:01.88 | Mem:1.54M, Peak:1.64M | Scene, ViewLayer | Updating Geometry BVH Nozzle petal seam.723 50/77 | Building BVH
Fra:1 Mem:16.89M (Peak 42.82M) | Time:00:01.88 | Mem:1.54M, Peak:1.64M | Scene, ViewLayer | Updating Geometry BVH Nozzle petal seam.723 50/77 | Building OptiX acceleration structure
Fra:1 Mem:16.89M (Peak 42.82M) | Time:00:01.89 | Mem:1.54M, Peak:1.64M | Scene, ViewLayer | Updating Scene BVH | Building
Fra:1 Mem:16.89M (Peak 42.82M) | Time:00:01.89 | Mem:1.54M, Peak:1.64M | Scene, ViewLayer | Updating Scene BVH | Building OptiX acceleration structure
Fra:1 Mem:16.89M (Peak 42.82M) | Time:00:01.89 | Mem:1.55M, Peak:1.64M | Scene, ViewLayer | Updating Scene BVH | Copying BVH to device
Fra:1 Mem:16.89M (Peak 42.82M) | Time:00:01.89 | Mem:1.55M, Peak:1.64M | Scene, ViewLayer | Updating Mesh | Computing normals
Fra:1 Mem:17.69M (Peak 42.82M) | Time:00:01.89 | Mem:1.55M, Peak:1.64M | Scene, ViewLayer | Updating Mesh | Copying Mesh to device
Fra:1 Mem:17.69M (Peak 42.82M) | Time:00:01.90 | Mem:2.35M, Peak:2.35M | Scene, ViewLayer | Updating Objects Flags
Fra:1 Mem:17.69M (Peak 42.82M) | Time:00:01.90 | Mem:2.35M, Peak:2.35M | Scene, ViewLayer | Updating Primitive Offsets
Fra:1 Mem:17.69M (Peak 42.82M) | Time:00:01.90 | Mem:2.35M, Peak:2.35M | Scene, ViewLayer | Updating Images
Fra:1 Mem:17.69M (Peak 42.82M) | Time:00:01.90 | Mem:2.35M, Peak:2.35M | Scene, ViewLayer | Updating Images | Loading panel-normal.png
Fra:1 Mem:21.69M (Peak 42.82M) | Time:00:01.90 | Mem:2.35M, Peak:2.35M | Scene, ViewLayer | Updating Images | Loading cobalt-basecolor.png
Fra:1 Mem:25.69M (Peak 42.82M) | Time:00:01.90 | Mem:2.35M, Peak:2.35M | Scene, ViewLayer | Updating Images | Loading white-basecolor.png
Fra:1 Mem:29.69M (Peak 42.82M) | Time:00:01.92 | Mem:2.35M, Peak:2.35M | Scene, ViewLayer | Updating Images | Loading paint-orm.png
Fra:1 Mem:33.70M (Peak 42.82M) | Time:00:02.09 | Mem:18.35M, Peak:18.35M | Scene, ViewLayer | Updating Camera Volume
Fra:1 Mem:33.70M (Peak 42.82M) | Time:00:02.09 | Mem:18.35M, Peak:18.35M | Scene, ViewLayer | Updating Lookup Tables
Fra:1 Mem:33.70M (Peak 42.82M) | Time:00:02.09 | Mem:18.43M, Peak:18.43M | Scene, ViewLayer | Updating Lights
Fra:1 Mem:33.70M (Peak 42.82M) | Time:00:02.09 | Mem:18.43M, Peak:18.43M | Scene, ViewLayer | Updating Lights | Computing tree
Fra:1 Mem:34.08M (Peak 42.82M) | Time:00:02.11 | Mem:18.81M, Peak:18.81M | Scene, ViewLayer | Updating Integrator
Fra:1 Mem:34.08M (Peak 42.82M) | Time:00:02.11 | Mem:18.81M, Peak:18.81M | Scene, ViewLayer | Updating Film
Fra:1 Mem:34.09M (Peak 42.82M) | Time:00:02.11 | Mem:18.73M, Peak:18.81M | Scene, ViewLayer | Updating Lookup Tables
Fra:1 Mem:34.09M (Peak 42.82M) | Time:00:02.11 | Mem:18.82M, Peak:18.82M | Scene, ViewLayer | Updating Baking
Fra:1 Mem:34.09M (Peak 42.82M) | Time:00:02.11 | Mem:18.82M, Peak:18.82M | Scene, ViewLayer | Updating Device | Writing constant memory
Fra:1 Mem:34.09M (Peak 42.82M) | Time:00:02.11 | Mem:18.82M, Peak:18.82M | Scene, ViewLayer | Loading denoising kernels (may take a few minutes the first time)
Fra:1 Mem:38.09M (Peak 42.82M) | Time:00:02.26 | Mem:370.82M, Peak:370.82M | Scene, ViewLayer | Sample 0/24
Fra:1 Mem:85.06M (Peak 85.06M) | Time:00:02.38 | Remaining:00:02.79 | Mem:417.80M, Peak:417.80M | Scene, ViewLayer | Sample 1/24
Fra:1 Mem:104.85M (Peak 134.51M) | Time:00:09.09 | Mem:417.80M, Peak:417.80M | Scene, ViewLayer | Sample 24/24
Fra:1 Mem:104.85M (Peak 134.51M) | Time:00:09.09 | Mem:417.80M, Peak:417.80M | Scene, ViewLayer | Finished
Saved: 'D:\vibe-coding-e\nova-swarm-forum-129-improvements-20260822\docs\fleet-art-v2\ships\18\surfaced.png'
Time: 00:09.48 (Saving: 00:00.19)

Info: Saved as "source.blend"
17:08:46 | INFO: Starting glTF 2.0 export
17:08:46 | INFO: Extracting primitive: Continuous pressure fuselage.014
17:08:46 | WARNING: More than one shader node tex image used for a texture. The resulting glTF sampler will behave like the first shader node tex image.
17:08:46 | WARNING: More than one shader node tex image used for a texture. The resulting glTF sampler will behave like the first shader node tex image.
17:08:46 | INFO: Primitives created: 6
17:08:46 | INFO: Finished glTF 2.0 export in 0.27086687088012695 s
Fra:1 Mem:16.21M (Peak 31.71M) | Time:00:00.53 | Mem:0.00M, Peak:0.00M | Scene, ViewLayer | Synchronizing object | EmberBurstV2
Fra:1 Mem:18.53M (Peak 31.71M) | Time:00:00.54 | Mem:0.00M, Peak:0.00M | Scene, ViewLayer | Synchronizing object | Broad neutral key
Fra:1 Mem:18.53M (Peak 31.71M) | Time:00:00.54 | Mem:0.00M, Peak:0.00M | Scene, ViewLayer | Synchronizing object | Neutral fill
Fra:1 Mem:18.22M (Peak 31.71M) | Time:00:00.55 | Mem:0.00M, Peak:0.00M | Scene, ViewLayer | Initializing
Fra:1 Mem:17.74M (Peak 31.71M) | Time:00:00.55 | Mem:0.00M, Peak:0.00M | Scene, ViewLayer | Waiting for render to start
Fra:1 Mem:17.74M (Peak 31.71M) | Time:00:00.55 | Mem:0.00M, Peak:0.00M | Scene, ViewLayer | Updating Scene
Fra:1 Mem:17.74M (Peak 31.71M) | Time:00:00.55 | Mem:0.00M, Peak:0.00M | Scene, ViewLayer | Updating Shaders
Fra:1 Mem:17.74M (Peak 31.71M) | Time:00:00.55 | Mem:0.00M, Peak:0.00M | Scene, ViewLayer | Loading render kernels (may take a few minutes the first time)
Fra:1 Mem:17.83M (Peak 45.12M) | Time:00:00.97 | Mem:0.01M, Peak:0.01M | Scene, ViewLayer | Updating Procedurals
Fra:1 Mem:17.83M (Peak 45.12M) | Time:00:00.97 | Mem:0.01M, Peak:0.01M | Scene, ViewLayer | Updating Background
Fra:1 Mem:17.83M (Peak 45.12M) | Time:00:00.97 | Mem:0.01M, Peak:0.01M | Scene, ViewLayer | Updating Camera
Fra:1 Mem:17.83M (Peak 45.12M) | Time:00:00.97 | Mem:0.01M, Peak:0.01M | Scene, ViewLayer | Updating Meshes Flags
Fra:1 Mem:17.83M (Peak 45.12M) | Time:00:00.97 | Mem:0.01M, Peak:0.01M | Scene, ViewLayer | Updating Objects
Fra:1 Mem:17.83M (Peak 45.12M) | Time:00:00.97 | Mem:0.01M, Peak:0.01M | Scene, ViewLayer | Updating Objects | Copying Transformations to device
Fra:1 Mem:17.83M (Peak 45.12M) | Time:00:00.97 | Mem:0.01M, Peak:0.01M | Scene, ViewLayer | Updating Particle Systems
Fra:1 Mem:17.83M (Peak 45.12M) | Time:00:00.97 | Mem:0.01M, Peak:0.01M | Scene, ViewLayer | Updating Particle Systems | Copying Particles to device
Fra:1 Mem:17.83M (Peak 45.12M) | Time:00:00.97 | Mem:0.01M, Peak:0.01M | Scene, ViewLayer | Updating Meshes
Fra:1 Mem:19.15M (Peak 45.12M) | Time:00:01.03 | Mem:0.01M, Peak:0.01M | Scene, ViewLayer | Updating Objects | Applying Static Transformations
Fra:1 Mem:19.15M (Peak 45.12M) | Time:00:01.03 | Mem:0.01M, Peak:0.01M | Scene, ViewLayer | Updating Mesh | Computing attributes
Fra:1 Mem:20.91M (Peak 45.12M) | Time:00:01.03 | Mem:0.01M, Peak:0.01M | Scene, ViewLayer | Updating Mesh | Copying Attributes to device
Fra:1 Mem:20.91M (Peak 45.12M) | Time:00:01.03 | Mem:1.78M, Peak:1.78M | Scene, ViewLayer | Updating Geometry BVH Neutral fill 3/4 | Building BVH
Fra:1 Mem:20.91M (Peak 45.12M) | Time:00:01.03 | Mem:1.78M, Peak:1.78M | Scene, ViewLayer | Updating Geometry BVH light 5/4 | Building OptiX acceleration structure
Fra:1 Mem:20.91M (Peak 45.12M) | Time:00:01.03 | Mem:1.78M, Peak:1.78M | Scene, ViewLayer | Updating Geometry BVH Continuous pressure fuselage.014 4/4 | Building BVH
Fra:1 Mem:20.91M (Peak 45.12M) | Time:00:01.03 | Mem:1.78M, Peak:1.78M | Scene, ViewLayer | Updating Geometry BVH Continuous pressure fuselage.014 4/4 | Building OptiX acceleration structure
Fra:1 Mem:20.91M (Peak 45.12M) | Time:00:01.04 | Mem:2.35M, Peak:4.10M | Scene, ViewLayer | Updating Scene BVH | Building
Fra:1 Mem:20.91M (Peak 45.12M) | Time:00:01.04 | Mem:2.35M, Peak:4.10M | Scene, ViewLayer | Updating Scene BVH | Building OptiX acceleration structure
Fra:1 Mem:20.91M (Peak 45.12M) | Time:00:01.04 | Mem:2.35M, Peak:4.10M | Scene, ViewLayer | Updating Scene BVH | Copying BVH to device
Fra:1 Mem:20.91M (Peak 45.12M) | Time:00:01.04 | Mem:2.35M, Peak:4.10M | Scene, ViewLayer | Updating Mesh | Computing normals
Fra:1 Mem:21.64M (Peak 45.12M) | Time:00:01.04 | Mem:2.35M, Peak:4.10M | Scene, ViewLayer | Updating Mesh | Copying Mesh to device
Fra:1 Mem:21.64M (Peak 45.12M) | Time:00:01.04 | Mem:3.08M, Peak:4.10M | Scene, ViewLayer | Updating Objects Flags
Fra:1 Mem:21.64M (Peak 45.12M) | Time:00:01.05 | Mem:3.08M, Peak:4.10M | Scene, ViewLayer | Updating Primitive Offsets
Fra:1 Mem:21.64M (Peak 45.12M) | Time:00:01.05 | Mem:3.08M, Peak:4.10M | Scene, ViewLayer | Updating Images
Fra:1 Mem:21.64M (Peak 45.12M) | Time:00:01.05 | Mem:3.08M, Peak:4.10M | Scene, ViewLayer | Updating Images | Loading white-basecolor.png
Fra:1 Mem:25.64M (Peak 45.12M) | Time:00:01.05 | Mem:3.08M, Peak:4.10M | Scene, ViewLayer | Updating Images | Loading cobalt-basecolor.png
Fra:1 Mem:29.64M (Peak 45.12M) | Time:00:01.05 | Mem:3.08M, Peak:4.10M | Scene, ViewLayer | Updating Images | Loading paint-orm.png
Fra:1 Mem:33.64M (Peak 45.12M) | Time:00:01.05 | Mem:3.08M, Peak:4.10M | Scene, ViewLayer | Updating Images | Loading panel-normal.png
Fra:1 Mem:37.66M (Peak 45.12M) | Time:00:01.10 | Mem:19.08M, Peak:19.08M | Scene, ViewLayer | Updating Camera Volume
Fra:1 Mem:37.66M (Peak 45.12M) | Time:00:01.10 | Mem:19.08M, Peak:19.08M | Scene, ViewLayer | Updating Lookup Tables
Fra:1 Mem:37.66M (Peak 45.12M) | Time:00:01.10 | Mem:19.16M, Peak:19.16M | Scene, ViewLayer | Updating Lights
Fra:1 Mem:37.66M (Peak 45.12M) | Time:00:01.10 | Mem:19.16M, Peak:19.16M | Scene, ViewLayer | Updating Lights | Computing tree
Fra:1 Mem:38.11M (Peak 45.12M) | Time:00:01.13 | Mem:19.62M, Peak:19.62M | Scene, ViewLayer | Updating Integrator
Fra:1 Mem:38.11M (Peak 45.12M) | Time:00:01.13 | Mem:19.62M, Peak:19.62M | Scene, ViewLayer | Updating Film
Fra:1 Mem:38.12M (Peak 45.12M) | Time:00:01.13 | Mem:19.54M, Peak:19.62M | Scene, ViewLayer | Updating Lookup Tables
Fra:1 Mem:38.12M (Peak 45.12M) | Time:00:01.13 | Mem:19.62M, Peak:19.62M | Scene, ViewLayer | Updating Baking
Fra:1 Mem:38.12M (Peak 45.12M) | Time:00:01.13 | Mem:19.62M, Peak:19.62M | Scene, ViewLayer | Updating Device | Writing constant memory
Fra:1 Mem:38.12M (Peak 45.12M) | Time:00:01.13 | Mem:19.62M, Peak:19.62M | Scene, ViewLayer | Loading denoising kernels (may take a few minutes the first time)
Fra:1 Mem:42.12M (Peak 45.12M) | Time:00:01.34 | Mem:371.62M, Peak:371.62M | Scene, ViewLayer | Sample 0/24
Fra:1 Mem:118.13M (Peak 118.13M) | Time:00:01.45 | Remaining:00:02.50 | Mem:447.64M, Peak:447.64M | Scene, ViewLayer | Sample 1/24
Fra:1 Mem:150.13M (Peak 198.13M) | Time:00:10.55 | Mem:447.64M, Peak:447.64M | Scene, ViewLayer | Sample 24/24
Fra:1 Mem:150.13M (Peak 198.13M) | Time:00:10.55 | Mem:447.64M, Peak:447.64M | Scene, ViewLayer | Finished
Saved: 'D:\vibe-coding-e\nova-swarm-forum-129-improvements-20260822\docs\fleet-art-v2\ships\18\export\showroom.png'
Time: 00:11.31 (Saving: 00:00.24)

Fra:1 Mem:16.56M (Peak 16.56M) | Time:00:00.24 | Mem:0.00M, Peak:0.00M | Scene, ViewLayer | Synchronizing object | Broad neutral key
Fra:1 Mem:16.56M (Peak 16.56M) | Time:00:00.24 | Mem:0.00M, Peak:0.00M | Scene, ViewLayer | Synchronizing object | EmberBurstV2
Fra:1 Mem:18.22M (Peak 20.18M) | Time:00:00.25 | Mem:0.00M, Peak:0.00M | Scene, ViewLayer | Initializing
Fra:1 Mem:17.74M (Peak 20.18M) | Time:00:00.25 | Mem:0.00M, Peak:0.00M | Scene, ViewLayer | Waiting for render to start
Fra:1 Mem:17.74M (Peak 20.18M) | Time:00:00.25 | Mem:0.00M, Peak:0.00M | Scene, ViewLayer | Updating Scene
Fra:1 Mem:17.74M (Peak 20.18M) | Time:00:00.25 | Mem:0.00M, Peak:0.00M | Scene, ViewLayer | Updating Shaders
Fra:1 Mem:17.74M (Peak 20.18M) | Time:00:00.25 | Mem:0.00M, Peak:0.00M | Scene, ViewLayer | Loading render kernels (may take a few minutes the first time)
Fra:1 Mem:17.83M (Peak 45.12M) | Time:00:00.46 | Mem:0.01M, Peak:0.01M | Scene, ViewLayer | Updating Procedurals
Fra:1 Mem:17.83M (Peak 45.12M) | Time:00:00.46 | Mem:0.01M, Peak:0.01M | Scene, ViewLayer | Updating Background
Fra:1 Mem:17.83M (Peak 45.12M) | Time:00:00.46 | Mem:0.01M, Peak:0.01M | Scene, ViewLayer | Updating Camera
Fra:1 Mem:17.83M (Peak 45.12M) | Time:00:00.46 | Mem:0.01M, Peak:0.01M | Scene, ViewLayer | Updating Meshes Flags
Fra:1 Mem:17.83M (Peak 45.12M) | Time:00:00.46 | Mem:0.01M, Peak:0.01M | Scene, ViewLayer | Updating Objects
Fra:1 Mem:17.83M (Peak 45.12M) | Time:00:00.46 | Mem:0.01M, Peak:0.01M | Scene, ViewLayer | Updating Objects | Copying Transformations to device
Fra:1 Mem:17.83M (Peak 45.12M) | Time:00:00.46 | Mem:0.01M, Peak:0.01M | Scene, ViewLayer | Updating Particle Systems
Fra:1 Mem:17.83M (Peak 45.12M) | Time:00:00.46 | Mem:0.01M, Peak:0.01M | Scene, ViewLayer | Updating Particle Systems | Copying Particles to device
Fra:1 Mem:17.83M (Peak 45.12M) | Time:00:00.46 | Mem:0.01M, Peak:0.01M | Scene, ViewLayer | Updating Meshes
Fra:1 Mem:19.15M (Peak 45.12M) | Time:00:00.50 | Mem:0.01M, Peak:0.01M | Scene, ViewLayer | Updating Objects | Applying Static Transformations
Fra:1 Mem:19.15M (Peak 45.12M) | Time:00:00.50 | Mem:0.01M, Peak:0.01M | Scene, ViewLayer | Updating Mesh | Computing attributes
Fra:1 Mem:20.91M (Peak 45.12M) | Time:00:00.50 | Mem:0.01M, Peak:0.01M | Scene, ViewLayer | Updating Mesh | Copying Attributes to device
Fra:1 Mem:20.91M (Peak 45.12M) | Time:00:00.50 | Mem:1.78M, Peak:1.78M | Scene, ViewLayer | Updating Geometry BVH Neutral fill 3/4 | Building BVH
Fra:1 Mem:20.91M (Peak 45.12M) | Time:00:00.50 | Mem:1.78M, Peak:1.78M | Scene, ViewLayer | Updating Geometry BVH Continuous pressure fuselage.014 4/4 | Building BVH
Fra:1 Mem:20.91M (Peak 45.12M) | Time:00:00.50 | Mem:1.78M, Peak:1.78M | Scene, ViewLayer | Updating Geometry BVH Continuous pressure fuselage.014 4/4 | Building OptiX acceleration structure
Fra:1 Mem:20.91M (Peak 45.12M) | Time:00:00.51 | Mem:2.35M, Peak:4.10M | Scene, ViewLayer | Updating Scene BVH | Building
Fra:1 Mem:20.91M (Peak 45.12M) | Time:00:00.51 | Mem:2.35M, Peak:4.10M | Scene, ViewLayer | Updating Scene BVH | Building OptiX acceleration structure
Fra:1 Mem:20.91M (Peak 45.12M) | Time:00:00.51 | Mem:2.35M, Peak:4.10M | Scene, ViewLayer | Updating Scene BVH | Copying BVH to device
Fra:1 Mem:20.91M (Peak 45.12M) | Time:00:00.51 | Mem:2.35M, Peak:4.10M | Scene, ViewLayer | Updating Mesh | Computing normals
Fra:1 Mem:21.64M (Peak 45.12M) | Time:00:00.51 | Mem:2.35M, Peak:4.10M | Scene, ViewLayer | Updating Mesh | Copying Mesh to device
Fra:1 Mem:21.64M (Peak 45.12M) | Time:00:00.51 | Mem:3.08M, Peak:4.10M | Scene, ViewLayer | Updating Objects Flags
Fra:1 Mem:21.64M (Peak 45.12M) | Time:00:00.51 | Mem:3.08M, Peak:4.10M | Scene, ViewLayer | Updating Primitive Offsets
Fra:1 Mem:21.64M (Peak 45.12M) | Time:00:00.51 | Mem:3.08M, Peak:4.10M | Scene, ViewLayer | Updating Images
Fra:1 Mem:21.64M (Peak 45.12M) | Time:00:00.51 | Mem:3.08M, Peak:4.10M | Scene, ViewLayer | Updating Images | Loading panel-normal.png
Fra:1 Mem:25.64M (Peak 45.12M) | Time:00:00.51 | Mem:3.08M, Peak:4.10M | Scene, ViewLayer | Updating Images | Loading cobalt-basecolor.png
Fra:1 Mem:29.64M (Peak 45.12M) | Time:00:00.51 | Mem:3.08M, Peak:4.10M | Scene, ViewLayer | Updating Images | Loading paint-orm.png
Fra:1 Mem:37.66M (Peak 45.12M) | Time:00:00.55 | Mem:19.08M, Peak:19.08M | Scene, ViewLayer | Updating Camera Volume
Fra:1 Mem:37.66M (Peak 45.12M) | Time:00:00.55 | Mem:19.08M, Peak:19.08M | Scene, ViewLayer | Updating Lookup Tables
Fra:1 Mem:37.66M (Peak 45.12M) | Time:00:00.55 | Mem:19.16M, Peak:19.16M | Scene, ViewLayer | Updating Lights
Fra:1 Mem:37.66M (Peak 45.12M) | Time:00:00.55 | Mem:19.16M, Peak:19.16M | Scene, ViewLayer | Updating Lights | Computing tree
Fra:1 Mem:38.11M (Peak 45.12M) | Time:00:00.56 | Mem:19.62M, Peak:19.62M | Scene, ViewLayer | Updating Integrator
Fra:1 Mem:38.11M (Peak 45.12M) | Time:00:00.56 | Mem:19.62M, Peak:19.62M | Scene, ViewLayer | Updating Film
Fra:1 Mem:38.12M (Peak 45.12M) | Time:00:00.56 | Mem:19.54M, Peak:19.62M | Scene, ViewLayer | Updating Lookup Tables
Fra:1 Mem:38.12M (Peak 45.12M) | Time:00:00.56 | Mem:19.62M, Peak:19.62M | Scene, ViewLayer | Updating Baking
Fra:1 Mem:38.12M (Peak 45.12M) | Time:00:00.56 | Mem:19.62M, Peak:19.62M | Scene, ViewLayer | Updating Device | Writing constant memory
Fra:1 Mem:38.12M (Peak 45.12M) | Time:00:00.56 | Mem:19.62M, Peak:19.62M | Scene, ViewLayer | Loading denoising kernels (may take a few minutes the first time)
Fra:1 Mem:42.12M (Peak 45.12M) | Time:00:00.61 | Mem:371.62M, Peak:371.62M | Scene, ViewLayer | Sample 0/24
Fra:1 Mem:61.13M (Peak 61.13M) | Time:00:00.64 | Remaining:00:00.50 | Mem:390.64M, Peak:390.64M | Scene, ViewLayer | Sample 1/24
Fra:1 Mem:69.13M (Peak 81.13M) | Time:00:02.77 | Mem:390.64M, Peak:390.64M | Scene, ViewLayer | Sample 24/24
Fra:1 Mem:69.13M (Peak 81.13M) | Time:00:02.77 | Mem:390.64M, Peak:390.64M | Scene, ViewLayer | Finished
Saved: 'D:\vibe-coding-e\nova-swarm-forum-129-improvements-20260822\docs\fleet-art-v2\ships\18\export\player.png'
Time: 00:04.03 (Saving: 00:00.41)


FLEET_V2_COMPLETE 18 Ember Burst
Read blend: "D:\vibe-coding-e\nova-swarm-forum-129-improvements-20260822\docs\fleet-art-v2\ships\19\source.blend"
Fra:1 Mem:14.48M (Peak 14.48M) | Time:00:00.85 | Mem:0.00M, Peak:0.00M | Scene, ViewLayer | Synchronizing object | Broad neutral key
Fra:1 Mem:14.48M (Peak 14.48M) | Time:00:00.85 | Mem:0.00M, Peak:0.00M | Scene, ViewLayer | Synchronizing object | Neutral fill
Fra:1 Mem:14.80M (Peak 14.80M) | Time:00:00.91 | Mem:0.00M, Peak:0.00M | Scene, ViewLayer | Synchronizing object | Continuous pressure fuselage
Fra:1 Mem:15.66M (Peak 15.66M) | Time:00:00.98 | Mem:0.00M, Peak:0.00M | Scene, ViewLayer | Synchronizing object | Cockpit integrated coaming
Fra:1 Mem:16.18M (Peak 16.18M) | Time:00:01.05 | Mem:0.00M, Peak:0.00M | Scene, ViewLayer | Synchronizing object | Pressure canopy glazing
Fra:1 Mem:16.18M (Peak 16.18M) | Time:00:01.05 | Mem:0.00M, Peak:0.00M | Scene, ViewLayer | Synchronizing object | Canopy lower frame
Fra:1 Mem:16.42M (Peak 16.42M) | Time:00:01.05 | Mem:0.00M, Peak:0.00M | Scene, ViewLayer | Synchronizing object | Canopy lower frame.001
Fra:1 Mem:16.43M (Peak 16.43M) | Time:00:01.05 | Mem:0.00M, Peak:0.00M | Scene, ViewLayer | Synchronizing object | Canopy pressure bow
Fra:1 Mem:16.47M (Peak 16.47M) | Time:00:01.05 | Mem:0.00M, Peak:0.00M | Scene, ViewLayer | Synchronizing object | Integrated lifting hull
Fra:1 Mem:16.47M (Peak 16.47M) | Time:00:01.05 | Mem:0.00M, Peak:0.00M | Scene, ViewLayer | Synchronizing object | Nozzle petal seam
Fra:1 Mem:16.48M (Peak 16.48M) | Time:00:01.05 | Mem:0.00M, Peak:0.00M | Scene, ViewLayer | Synchronizing object | Integrated propulsion nacelle
Fra:1 Mem:16.54M (Peak 16.54M) | Time:00:01.05 | Mem:0.00M, Peak:0.00M | Scene, ViewLayer | Synchronizing object | Contoured expansion nozzle
Fra:1 Mem:16.55M (Peak 16.55M) | Time:00:01.05 | Mem:0.00M, Peak:0.00M | Scene, ViewLayer | Synchronizing object | Nozzle petal seam.001
Fra:1 Mem:16.62M (Peak 16.62M) | Time:00:01.05 | Mem:0.00M, Peak:0.00M | Scene, ViewLayer | Synchronizing object | Nozzle petal seam.002
Fra:1 Mem:16.61M (Peak 16.62M) | Time:00:01.05 | Mem:0.00M, Peak:0.00M | Scene, ViewLayer | Synchronizing object | Nozzle petal seam.003
Fra:1 Mem:16.62M (Peak 16.62M) | Time:00:01.05 | Mem:0.00M, Peak:0.00M | Scene, ViewLayer | Synchronizing object | Nozzle petal seam.004
Fra:1 Mem:16.65M (Peak 16.65M) | Time:00:01.05 | Mem:0.00M, Peak:0.00M | Scene, ViewLayer | Synchronizing object | Nozzle petal seam.005
Fra:1 Mem:16.62M (Peak 16.65M) | Time:00:01.05 | Mem:0.00M, Peak:0.00M | Scene, ViewLayer | Synchronizing object | Nozzle petal seam.006
Fra:1 Mem:16.62M (Peak 16.65M) | Time:00:01.05 | Mem:0.00M, Peak:0.00M | Scene, ViewLayer | Synchronizing object | Nozzle petal seam.007
Fra:1 Mem:16.62M (Peak 16.65M) | Time:00:01.05 | Mem:0.00M, Peak:0.00M | Scene, ViewLayer | Synchronizing object | Nozzle petal seam.008
Fra:1 Mem:16.62M (Peak 16.65M) | Time:00:01.05 | Mem:0.00M, Peak:0.00M | Scene, ViewLayer | Synchronizing object | Nozzle petal seam.009
Fra:1 Mem:16.62M (Peak 16.65M) | Time:00:01.05 | Mem:0.00M, Peak:0.00M | Scene, ViewLayer | Synchronizing object | Nozzle petal seam.010
Fra:1 Mem:16.63M (Peak 16.65M) | Time:00:01.05 | Mem:0.00M, Peak:0.00M | Scene, ViewLayer | Synchronizing object | Nozzle petal seam.011
Fra:1 Mem:16.63M (Peak 16.65M) | Time:00:01.05 | Mem:0.00M, Peak:0.00M | Scene, ViewLayer | Synchronizing object | Deep ion throat
Fra:1 Mem:16.63M (Peak 16.65M) | Time:00:01.05 | Mem:0.00M, Peak:0.00M | Scene, ViewLayer | Synchronizing object | Deep intake duct
Fra:1 Mem:16.79M (Peak 16.79M) | Time:00:01.06 | Mem:0.00M, Peak:0.00M | Scene, ViewLayer | Synchronizing object | Blended structural fairing
Fra:1 Mem:16.79M (Peak 16.79M) | Time:00:01.06 | Mem:0.00M, Peak:0.00M | Scene, ViewLayer | Synchronizing object | Integrated propulsion nacelle.001
Fra:1 Mem:16.85M (Peak 16.85M) | Time:00:01.06 | Mem:0.00M, Peak:0.00M | Scene, ViewLayer | Synchronizing object | Contoured expansion nozzle.001
Fra:1 Mem:16.87M (Peak 16.87M) | Time:00:01.06 | Mem:0.00M, Peak:0.00M | Scene, ViewLayer | Synchronizing object | Nozzle petal seam.013
Fra:1 Mem:16.88M (Peak 16.88M) | Time:00:01.06 | Mem:0.00M, Peak:0.00M | Scene, ViewLayer | Synchronizing object | Nozzle petal seam.014
Fra:1 Mem:16.97M (Peak 16.97M) | Time:00:01.06 | Mem:0.00M, Peak:0.00M | Scene, ViewLayer | Synchronizing object | Nozzle petal seam.015
Fra:1 Mem:16.99M (Peak 16.99M) | Time:00:01.06 | Mem:0.00M, Peak:0.00M | Scene, ViewLayer | Synchronizing object | Nozzle petal seam.016
Fra:1 Mem:16.99M (Peak 16.99M) | Time:00:01.06 | Mem:0.00M, Peak:0.00M | Scene, ViewLayer | Synchronizing object | Nozzle petal seam.017
Fra:1 Mem:17.00M (Peak 17.00M) | Time:00:01.06 | Mem:0.00M, Peak:0.00M | Scene, ViewLayer | Synchronizing object | Nozzle petal seam.018
Fra:1 Mem:17.01M (Peak 17.01M) | Time:00:01.06 | Mem:0.00M, Peak:0.00M | Scene, ViewLayer | Synchronizing object | Nozzle petal seam.019
Fra:1 Mem:17.01M (Peak 17.01M) | Time:00:01.06 | Mem:0.00M, Peak:0.00M | Scene, ViewLayer | Synchronizing object | Nozzle petal seam.020
Fra:1 Mem:17.01M (Peak 17.01M) | Time:00:01.06 | Mem:0.00M, Peak:0.00M | Scene, ViewLayer | Synchronizing object | Nozzle petal seam.021
Fra:1 Mem:17.02M (Peak 17.02M) | Time:00:01.06 | Mem:0.00M, Peak:0.00M | Scene, ViewLayer | Synchronizing object | Nozzle petal seam.022
Fra:1 Mem:17.06M (Peak 17.06M) | Time:00:01.06 | Mem:0.00M, Peak:0.00M | Scene, ViewLayer | Synchronizing object | Nozzle petal seam.023
Fra:1 Mem:17.07M (Peak 17.07M) | Time:00:01.06 | Mem:0.00M, Peak:0.00M | Scene, ViewLayer | Synchronizing object | Deep ion throat.001
Fra:1 Mem:17.07M (Peak 17.07M) | Time:00:01.06 | Mem:0.00M, Peak:0.00M | Scene, ViewLayer | Synchronizing object | Deep intake duct.001
Fra:1 Mem:17.22M (Peak 17.22M) | Time:00:01.08 | Mem:0.00M, Peak:0.00M | Scene, ViewLayer | Synchronizing object | Blended structural fairing.001
Fra:1 Mem:17.39M (Peak 17.39M) | Time:00:01.08 | Mem:0.00M, Peak:0.00M | Scene, ViewLayer | Initializing
Fra:1 Mem:13.83M (Peak 17.39M) | Time:00:01.08 | Mem:0.00M, Peak:0.00M | Scene, ViewLayer | Waiting for render to start
Fra:1 Mem:13.83M (Peak 17.39M) | Time:00:01.08 | Mem:0.00M, Peak:0.00M | Scene, ViewLayer | Updating Scene
Fra:1 Mem:13.83M (Peak 17.39M) | Time:00:01.08 | Mem:0.00M, Peak:0.00M | Scene, ViewLayer | Updating Shaders
Fra:1 Mem:13.83M (Peak 17.39M) | Time:00:01.08 | Mem:0.00M, Peak:0.00M | Scene, ViewLayer | Loading render kernels (may take a few minutes the first time)
Fra:1 Mem:13.92M (Peak 41.21M) | Time:00:01.82 | Mem:0.01M, Peak:0.01M | Scene, ViewLayer | Updating Procedurals
Fra:1 Mem:13.92M (Peak 41.21M) | Time:00:01.82 | Mem:0.01M, Peak:0.01M | Scene, ViewLayer | Updating Background
Fra:1 Mem:13.92M (Peak 41.21M) | Time:00:01.82 | Mem:0.01M, Peak:0.01M | Scene, ViewLayer | Updating Camera
Fra:1 Mem:13.92M (Peak 41.21M) | Time:00:01.82 | Mem:0.01M, Peak:0.01M | Scene, ViewLayer | Updating Meshes Flags
Fra:1 Mem:13.92M (Peak 41.21M) | Time:00:01.82 | Mem:0.01M, Peak:0.01M | Scene, ViewLayer | Updating Objects
Fra:1 Mem:13.92M (Peak 41.21M) | Time:00:01.82 | Mem:0.01M, Peak:0.01M | Scene, ViewLayer | Updating Objects | Copying Transformations to device
Fra:1 Mem:13.93M (Peak 41.21M) | Time:00:01.84 | Mem:0.02M, Peak:0.02M | Scene, ViewLayer | Updating Particle Systems
Fra:1 Mem:13.93M (Peak 41.21M) | Time:00:01.84 | Mem:0.02M, Peak:0.02M | Scene, ViewLayer | Updating Particle Systems | Copying Particles to device
Fra:1 Mem:13.93M (Peak 41.21M) | Time:00:01.84 | Mem:0.02M, Peak:0.02M | Scene, ViewLayer | Updating Meshes
Fra:1 Mem:14.57M (Peak 41.21M) | Time:00:01.86 | Mem:0.02M, Peak:0.02M | Scene, ViewLayer | Updating Objects | Applying Static Transformations
Fra:1 Mem:14.57M (Peak 41.21M) | Time:00:01.86 | Mem:0.02M, Peak:0.02M | Scene, ViewLayer | Updating Mesh | Computing attributes
Fra:1 Mem:15.49M (Peak 41.21M) | Time:00:01.87 | Mem:0.02M, Peak:0.02M | Scene, ViewLayer | Updating Mesh | Copying Attributes to device
Fra:1 Mem:15.49M (Peak 41.21M) | Time:00:01.91 | Mem:0.94M, Peak:0.94M | Scene, ViewLayer | Updating Geometry BVH light 46/45 | Building BVH
Fra:1 Mem:15.49M (Peak 41.21M) | Time:00:01.91 | Mem:0.94M, Peak:0.94M | Scene, ViewLayer | Updating Geometry BVH Broad neutral key 2/45 | Building OptiX acceleration structure
Fra:1 Mem:15.49M (Peak 41.21M) | Time:00:01.91 | Mem:0.94M, Peak:0.94M | Scene, ViewLayer | Updating Geometry BVH Mesh 5/45 | Building BVH
Fra:1 Mem:15.49M (Peak 41.21M) | Time:00:01.91 | Mem:0.94M, Peak:0.94M | Scene, ViewLayer | Updating Geometry BVH Canopy lower frame.031 8/45 | Building BVH
Fra:1 Mem:15.49M (Peak 41.21M) | Time:00:01.91 | Mem:0.94M, Peak:0.94M | Scene, ViewLayer | Updating Geometry BVH Integrated propulsion nacelle.032 11/45 | Building BVH
Fra:1 Mem:15.49M (Peak 41.21M) | Time:00:01.91 | Mem:0.94M, Peak:0.94M | Scene, ViewLayer | Updating Geometry BVH Integrated propulsion nacelle.032 11/45 | Building OptiX acceleration structure
Fra:1 Mem:15.57M (Peak 41.21M) | Time:00:01.91 | Mem:0.94M, Peak:0.94M | Scene, ViewLayer | Updating Geometry BVH Contoured expansion nozzle.064 12/45 | Building BVH
Fra:1 Mem:15.57M (Peak 41.21M) | Time:00:01.91 | Mem:0.94M, Peak:0.94M | Scene, ViewLayer | Updating Geometry BVH Contoured expansion nozzle.064 12/45 | Building OptiX acceleration structure
Fra:1 Mem:15.58M (Peak 41.21M) | Time:00:01.91 | Mem:0.94M, Peak:0.94M | Scene, ViewLayer | Updating Geometry BVH Nozzle petal seam.768 13/45 | Building BVH
Fra:1 Mem:15.63M (Peak 41.21M) | Time:00:01.91 | Mem:0.94M, Peak:0.94M | Scene, ViewLayer | Updating Geometry BVH Mesh 45/45 | Building OptiX acceleration structure
Fra:1 Mem:15.84M (Peak 41.21M) | Time:00:01.91 | Mem:0.94M, Peak:0.94M | Scene, ViewLayer | Updating Geometry BVH Nozzle petal seam.769 14/45 | Building BVH
Fra:1 Mem:15.84M (Peak 41.21M) | Time:00:01.91 | Mem:0.94M, Peak:0.94M | Scene, ViewLayer | Updating Geometry BVH Nozzle petal seam.769 14/45 | Building OptiX acceleration structure
Fra:1 Mem:15.83M (Peak 41.21M) | Time:00:02.00 | Mem:1.29M, Peak:1.30M | Scene, ViewLayer | Updating Geometry BVH Nozzle petal seam.770 15/45 | Building BVH
Fra:1 Mem:15.83M (Peak 41.21M) | Time:00:02.00 | Mem:1.47M, Peak:1.47M | Scene, ViewLayer | Updating Geometry BVH Nozzle petal seam.770 15/45 | Building OptiX acceleration structure
Fra:1 Mem:15.75M (Peak 41.21M) | Time:00:02.01 | Mem:1.31M, Peak:1.71M | Scene, ViewLayer | Updating Geometry BVH Nozzle petal seam.771 16/45 | Building BVH
Fra:1 Mem:15.75M (Peak 41.21M) | Time:00:02.01 | Mem:1.31M, Peak:1.71M | Scene, ViewLayer | Updating Geometry BVH Nozzle petal seam.771 16/45 | Building OptiX acceleration structure
Fra:1 Mem:15.75M (Peak 41.21M) | Time:00:02.04 | Mem:1.31M, Peak:1.71M | Scene, ViewLayer | Updating Geometry BVH Nozzle petal seam.772 17/45 | Building BVH
Fra:1 Mem:15.75M (Peak 41.21M) | Time:00:02.04 | Mem:1.31M, Peak:1.71M | Scene, ViewLayer | Updating Geometry BVH Nozzle petal seam.772 17/45 | Building OptiX acceleration structure
Fra:1 Mem:15.75M (Peak 41.21M) | Time:00:02.05 | Mem:1.31M, Peak:1.71M | Scene, ViewLayer | Updating Geometry BVH Nozzle petal seam.773 18/45 | Building BVH
Fra:1 Mem:15.75M (Peak 41.21M) | Time:00:02.05 | Mem:1.31M, Peak:1.71M | Scene, ViewLayer | Updating Geometry BVH Nozzle petal seam.773 18/45 | Building OptiX acceleration structure
Fra:1 Mem:15.75M (Peak 41.21M) | Time:00:02.07 | Mem:1.35M, Peak:1.71M | Scene, ViewLayer | Updating Geometry BVH Nozzle petal seam.774 19/45 | Building BVH
Fra:1 Mem:15.75M (Peak 41.21M) | Time:00:02.07 | Mem:1.35M, Peak:1.71M | Scene, ViewLayer | Updating Geometry BVH Nozzle petal seam.774 19/45 | Building OptiX acceleration structure
Fra:1 Mem:15.74M (Peak 41.21M) | Time:00:02.09 | Mem:1.32M, Peak:1.71M | Scene, ViewLayer | Updating Geometry BVH Nozzle petal seam.775 20/45 | Building BVH
Fra:1 Mem:15.74M (Peak 41.21M) | Time:00:02.10 | Mem:1.35M, Peak:1.71M | Scene, ViewLayer | Updating Geometry BVH Nozzle petal seam.775 20/45 | Building OptiX acceleration structure
Fra:1 Mem:15.73M (Peak 41.21M) | Time:00:02.11 | Mem:1.32M, Peak:1.71M | Scene, ViewLayer | Updating Geometry BVH Nozzle petal seam.776 21/45 | Building BVH
Fra:1 Mem:15.73M (Peak 41.21M) | Time:00:02.11 | Mem:1.32M, Peak:1.71M | Scene, ViewLayer | Updating Geometry BVH Nozzle petal seam.776 21/45 | Building OptiX acceleration structure
Fra:1 Mem:15.61M (Peak 41.21M) | Time:00:02.12 | Mem:1.36M, Peak:1.83M | Scene, ViewLayer | Updating Geometry BVH Nozzle petal seam.777 22/45 | Building BVH
Fra:1 Mem:15.61M (Peak 41.21M) | Time:00:02.12 | Mem:1.36M, Peak:1.83M | Scene, ViewLayer | Updating Geometry BVH Nozzle petal seam.777 22/45 | Building OptiX acceleration structure
Fra:1 Mem:15.61M (Peak 41.21M) | Time:00:02.14 | Mem:1.35M, Peak:1.83M | Scene, ViewLayer | Updating Geometry BVH Nozzle petal seam.778 23/45 | Building BVH
Fra:1 Mem:15.61M (Peak 41.21M) | Time:00:02.14 | Mem:1.54M, Peak:1.83M | Scene, ViewLayer | Updating Geometry BVH Nozzle petal seam.778 23/45 | Building OptiX acceleration structure
Fra:1 Mem:15.53M (Peak 41.21M) | Time:00:02.17 | Mem:1.38M, Peak:1.83M | Scene, ViewLayer | Updating Geometry BVH Nozzle petal seam.779 24/45 | Building BVH
Fra:1 Mem:15.53M (Peak 41.21M) | Time:00:02.17 | Mem:1.38M, Peak:1.83M | Scene, ViewLayer | Updating Geometry BVH Nozzle petal seam.779 24/45 | Building OptiX acceleration structure
Fra:1 Mem:15.53M (Peak 41.21M) | Time:00:02.18 | Mem:1.38M, Peak:1.83M | Scene, ViewLayer | Updating Geometry BVH Deep ion throat.064 25/45 | Building BVH
Fra:1 Mem:15.53M (Peak 41.21M) | Time:00:02.18 | Mem:1.38M, Peak:1.83M | Scene, ViewLayer | Updating Geometry BVH Deep ion throat.064 25/45 | Building OptiX acceleration structure
Fra:1 Mem:15.51M (Peak 41.21M) | Time:00:02.21 | Mem:1.43M, Peak:1.83M | Scene, ViewLayer | Updating Geometry BVH Deep intake duct.032 26/45 | Building BVH
Fra:1 Mem:15.51M (Peak 41.21M) | Time:00:02.22 | Mem:1.41M, Peak:1.83M | Scene, ViewLayer | Updating Geometry BVH Deep intake duct.033 44/45 | Building OptiX acceleration structure
Fra:1 Mem:15.52M (Peak 41.21M) | Time:00:02.23 | Mem:1.41M, Peak:1.83M | Scene, ViewLayer | Updating Geometry BVH Mesh 27/45 | Building BVH
Fra:1 Mem:15.52M (Peak 41.21M) | Time:00:02.23 | Mem:1.41M, Peak:1.83M | Scene, ViewLayer | Updating Geometry BVH Mesh 27/45 | Building OptiX acceleration structure
Fra:1 Mem:15.55M (Peak 41.21M) | Time:00:02.24 | Mem:1.45M, Peak:1.83M | Scene, ViewLayer | Updating Geometry BVH Integrated lifting hull.031 28/45 | Building BVH
Fra:1 Mem:15.55M (Peak 41.21M) | Time:00:02.24 | Mem:1.45M, Peak:1.83M | Scene, ViewLayer | Updating Geometry BVH Integrated lifting hull.031 28/45 | Building OptiX acceleration structure
Fra:1 Mem:15.55M (Peak 41.21M) | Time:00:02.25 | Mem:1.46M, Peak:1.83M | Scene, ViewLayer | Updating Geometry BVH Integrated propulsion nacelle.033 29/45 | Building BVH
Fra:1 Mem:15.55M (Peak 41.21M) | Time:00:02.25 | Mem:1.46M, Peak:1.83M | Scene, ViewLayer | Updating Geometry BVH Integrated propulsion nacelle.033 29/45 | Building OptiX acceleration structure
Fra:1 Mem:15.56M (Peak 41.21M) | Time:00:02.27 | Mem:1.46M, Peak:1.83M | Scene, ViewLayer | Updating Geometry BVH Contoured expansion nozzle.065 30/45 | Building BVH
Fra:1 Mem:15.56M (Peak 41.21M) | Time:00:02.27 | Mem:1.46M, Peak:1.83M | Scene, ViewLayer | Updating Geometry BVH Contoured expansion nozzle.065 30/45 | Building OptiX acceleration structure
Fra:1 Mem:15.56M (Peak 41.21M) | Time:00:02.30 | Mem:1.47M, Peak:1.83M | Scene, ViewLayer | Updating Geometry BVH Nozzle petal seam.780 31/45 | Building BVH
Fra:1 Mem:15.56M (Peak 41.21M) | Time:00:02.30 | Mem:1.47M, Peak:1.83M | Scene, ViewLayer | Updating Geometry BVH Nozzle petal seam.780 31/45 | Building OptiX acceleration structure
Fra:1 Mem:15.56M (Peak 41.21M) | Time:00:02.31 | Mem:1.47M, Peak:1.83M | Scene, ViewLayer | Updating Geometry BVH Nozzle petal seam.781 32/45 | Building BVH
Fra:1 Mem:15.56M (Peak 41.21M) | Time:00:02.31 | Mem:1.47M, Peak:1.83M | Scene, ViewLayer | Updating Geometry BVH Nozzle petal seam.781 32/45 | Building OptiX acceleration structure
Fra:1 Mem:15.56M (Peak 41.21M) | Time:00:02.33 | Mem:1.48M, Peak:1.83M | Scene, ViewLayer | Updating Geometry BVH Nozzle petal seam.782 33/45 | Building BVH
Fra:1 Mem:15.56M (Peak 41.21M) | Time:00:02.34 | Mem:1.48M, Peak:1.83M | Scene, ViewLayer | Updating Geometry BVH Nozzle petal seam.782 33/45 | Building OptiX acceleration structure
Fra:1 Mem:15.56M (Peak 41.21M) | Time:00:02.34 | Mem:1.47M, Peak:1.83M | Scene, ViewLayer | Updating Geometry BVH Nozzle petal seam.783 34/45 | Building BVH
Fra:1 Mem:15.56M (Peak 41.21M) | Time:00:02.34 | Mem:1.48M, Peak:1.83M | Scene, ViewLayer | Updating Geometry BVH Nozzle petal seam.783 34/45 | Building OptiX acceleration structure
Fra:1 Mem:15.56M (Peak 41.21M) | Time:00:02.37 | Mem:1.48M, Peak:1.83M | Scene, ViewLayer | Updating Geometry BVH Nozzle petal seam.784 35/45 | Building BVH
Fra:1 Mem:15.56M (Peak 41.21M) | Time:00:02.37 | Mem:1.53M, Peak:1.83M | Scene, ViewLayer | Updating Geometry BVH Nozzle petal seam.784 35/45 | Building OptiX acceleration structure
Fra:1 Mem:15.54M (Peak 41.21M) | Time:00:02.38 | Mem:1.47M, Peak:1.83M | Scene, ViewLayer | Updating Geometry BVH Nozzle petal seam.785 36/45 | Building BVH
Fra:1 Mem:15.54M (Peak 41.21M) | Time:00:02.38 | Mem:1.48M, Peak:1.83M | Scene, ViewLayer | Updating Geometry BVH Nozzle petal seam.785 36/45 | Building OptiX acceleration structure
Fra:1 Mem:15.54M (Peak 41.21M) | Time:00:02.40 | Mem:1.47M, Peak:1.83M | Scene, ViewLayer | Updating Geometry BVH Nozzle petal seam.786 37/45 | Building BVH
Fra:1 Mem:15.54M (Peak 41.21M) | Time:00:02.40 | Mem:1.47M, Peak:1.83M | Scene, ViewLayer | Updating Geometry BVH Nozzle petal seam.786 37/45 | Building OptiX acceleration structure
Fra:1 Mem:15.54M (Peak 41.21M) | Time:00:02.41 | Mem:1.47M, Peak:1.83M | Scene, ViewLayer | Updating Geometry BVH Deep ion throat.065 43/45 | Building BVH
Fra:1 Mem:15.54M (Peak 41.21M) | Time:00:02.41 | Mem:1.47M, Peak:1.83M | Scene, ViewLayer | Updating Geometry BVH Deep ion throat.065 43/45 | Building OptiX acceleration structure
Fra:1 Mem:15.53M (Peak 41.21M) | Time:00:02.43 | Mem:1.50M, Peak:1.83M | Scene, ViewLayer | Updating Geometry BVH Nozzle petal seam.787 38/45 | Building BVH
Fra:1 Mem:15.53M (Peak 41.21M) | Time:00:02.43 | Mem:1.50M, Peak:1.83M | Scene, ViewLayer | Updating Geometry BVH Nozzle petal seam.787 38/45 | Building OptiX acceleration structure
Fra:1 Mem:15.53M (Peak 41.21M) | Time:00:02.44 | Mem:1.50M, Peak:1.83M | Scene, ViewLayer | Updating Geometry BVH Nozzle petal seam.788 39/45 | Building BVH
Fra:1 Mem:15.53M (Peak 41.21M) | Time:00:02.44 | Mem:1.52M, Peak:1.83M | Scene, ViewLayer | Updating Geometry BVH Nozzle petal seam.788 39/45 | Building OptiX acceleration structure
Fra:1 Mem:15.52M (Peak 41.21M) | Time:00:02.45 | Mem:1.51M, Peak:1.83M | Scene, ViewLayer | Updating Geometry BVH Nozzle petal seam.789 40/45 | Building BVH
Fra:1 Mem:15.52M (Peak 41.21M) | Time:00:02.45 | Mem:1.52M, Peak:1.83M | Scene, ViewLayer | Updating Geometry BVH Nozzle petal seam.789 40/45 | Building OptiX acceleration structure
Fra:1 Mem:15.51M (Peak 41.21M) | Time:00:02.45 | Mem:1.51M, Peak:1.83M | Scene, ViewLayer | Updating Geometry BVH Nozzle petal seam.790 41/45 | Building BVH
Fra:1 Mem:15.51M (Peak 41.21M) | Time:00:02.45 | Mem:1.51M, Peak:1.83M | Scene, ViewLayer | Updating Geometry BVH Nozzle petal seam.790 41/45 | Building OptiX acceleration structure
Fra:1 Mem:15.51M (Peak 41.21M) | Time:00:02.46 | Mem:1.51M, Peak:1.83M | Scene, ViewLayer | Updating Geometry BVH Nozzle petal seam.791 42/45 | Building BVH
Fra:1 Mem:15.51M (Peak 41.21M) | Time:00:02.46 | Mem:1.52M, Peak:1.83M | Scene, ViewLayer | Updating Geometry BVH Nozzle petal seam.791 42/45 | Building OptiX acceleration structure
Fra:1 Mem:15.49M (Peak 41.21M) | Time:00:02.63 | Mem:1.51M, Peak:1.83M | Scene, ViewLayer | Updating Scene BVH | Building
Fra:1 Mem:15.49M (Peak 41.21M) | Time:00:02.63 | Mem:1.51M, Peak:1.83M | Scene, ViewLayer | Updating Scene BVH | Building OptiX acceleration structure
Fra:1 Mem:15.49M (Peak 41.21M) | Time:00:02.65 | Mem:1.52M, Peak:1.83M | Scene, ViewLayer | Updating Scene BVH | Copying BVH to device
Fra:1 Mem:15.49M (Peak 41.21M) | Time:00:02.65 | Mem:1.52M, Peak:1.83M | Scene, ViewLayer | Updating Mesh | Computing normals
Fra:1 Mem:16.14M (Peak 41.21M) | Time:00:02.65 | Mem:1.52M, Peak:1.83M | Scene, ViewLayer | Updating Mesh | Copying Mesh to device
Fra:1 Mem:16.14M (Peak 41.21M) | Time:00:02.69 | Mem:2.17M, Peak:2.17M | Scene, ViewLayer | Updating Objects Flags
Fra:1 Mem:16.14M (Peak 41.21M) | Time:00:02.71 | Mem:2.17M, Peak:2.17M | Scene, ViewLayer | Updating Primitive Offsets
Fra:1 Mem:16.14M (Peak 41.21M) | Time:00:02.71 | Mem:2.17M, Peak:2.17M | Scene, ViewLayer | Updating Images
Fra:1 Mem:16.14M (Peak 41.21M) | Time:00:02.72 | Mem:2.17M, Peak:2.17M | Scene, ViewLayer | Updating Images | Loading panel-normal.png
Fra:1 Mem:16.14M (Peak 41.21M) | Time:00:02.72 | Mem:2.17M, Peak:2.17M | Scene, ViewLayer | Updating Images | Loading paint-orm.png
Fra:1 Mem:32.15M (Peak 41.21M) | Time:00:02.79 | Mem:18.17M, Peak:18.17M | Scene, ViewLayer | Updating Camera Volume
Fra:1 Mem:32.15M (Peak 41.21M) | Time:00:02.79 | Mem:18.17M, Peak:18.17M | Scene, ViewLayer | Updating Lookup Tables
Fra:1 Mem:32.15M (Peak 41.21M) | Time:00:02.79 | Mem:18.25M, Peak:18.25M | Scene, ViewLayer | Updating Lights
Fra:1 Mem:32.15M (Peak 41.21M) | Time:00:02.81 | Mem:18.25M, Peak:18.25M | Scene, ViewLayer | Updating Lights | Computing tree
Fra:1 Mem:32.34M (Peak 41.21M) | Time:00:02.89 | Mem:18.44M, Peak:18.44M | Scene, ViewLayer | Updating Integrator
Fra:1 Mem:32.34M (Peak 41.21M) | Time:00:02.89 | Mem:18.44M, Peak:18.44M | Scene, ViewLayer | Updating Film
Fra:1 Mem:32.34M (Peak 41.21M) | Time:00:02.89 | Mem:18.36M, Peak:18.44M | Scene, ViewLayer | Updating Lookup Tables
Fra:1 Mem:32.34M (Peak 41.21M) | Time:00:02.90 | Mem:18.44M, Peak:18.44M | Scene, ViewLayer | Updating Baking
Fra:1 Mem:32.34M (Peak 41.21M) | Time:00:02.90 | Mem:18.44M, Peak:18.44M | Scene, ViewLayer | Updating Device | Writing constant memory
Fra:1 Mem:32.35M (Peak 41.21M) | Time:00:02.91 | Mem:18.44M, Peak:18.44M | Scene, ViewLayer | Loading denoising kernels (may take a few minutes the first time)
Fra:1 Mem:36.35M (Peak 41.21M) | Time:00:02.98 | Mem:370.45M, Peak:370.45M | Scene, ViewLayer | Sample 0/24
Fra:1 Mem:83.32M (Peak 83.32M) | Time:00:03.24 | Remaining:00:06.01 | Mem:417.43M, Peak:417.43M | Scene, ViewLayer | Sample 1/24
Fra:1 Mem:103.10M (Peak 132.77M) | Time:00:09.69 | Mem:417.43M, Peak:417.43M | Scene, ViewLayer | Sample 24/24
Fra:1 Mem:103.10M (Peak 132.77M) | Time:00:09.69 | Mem:417.43M, Peak:417.43M | Scene, ViewLayer | Finished
Saved: 'D:\vibe-coding-e\nova-swarm-forum-129-improvements-20260822\docs\fleet-art-v2\ships\19\surfaced.png'
Time: 00:09.96 (Saving: 00:00.13)

Info: Saved as "source.blend"
17:09:13 | INFO: Starting glTF 2.0 export
17:09:13 | INFO: Extracting primitive: Continuous pressure fuselage.015
17:09:13 | WARNING: More than one shader node tex image used for a texture. The resulting glTF sampler will behave like the first shader node tex image.
17:09:13 | WARNING: More than one shader node tex image used for a texture. The resulting glTF sampler will behave like the first shader node tex image.
17:09:13 | INFO: Primitives created: 6
17:09:13 | INFO: Finished glTF 2.0 export in 0.25061869621276855 s
Fra:1 Mem:15.24M (Peak 30.75M) | Time:00:05.60 | Mem:0.00M, Peak:0.00M | Scene, ViewLayer | Synchronizing object | Broad neutral key
Fra:1 Mem:15.24M (Peak 30.75M) | Time:00:05.60 | Mem:0.00M, Peak:0.00M | Scene, ViewLayer | Synchronizing object | NeonStutterV2
Fra:1 Mem:16.86M (Peak 30.75M) | Time:00:05.61 | Mem:0.00M, Peak:0.00M | Scene, ViewLayer | Initializing
Fra:1 Mem:16.39M (Peak 30.75M) | Time:00:05.61 | Mem:0.00M, Peak:0.00M | Scene, ViewLayer | Waiting for render to start
Fra:1 Mem:16.39M (Peak 30.75M) | Time:00:05.61 | Mem:0.00M, Peak:0.00M | Scene, ViewLayer | Updating Scene
Fra:1 Mem:16.39M (Peak 30.75M) | Time:00:05.61 | Mem:0.00M, Peak:0.00M | Scene, ViewLayer | Updating Shaders
Fra:1 Mem:16.39M (Peak 30.75M) | Time:00:05.61 | Mem:0.00M, Peak:0.00M | Scene, ViewLayer | Loading render kernels (may take a few minutes the first time)
Fra:1 Mem:16.48M (Peak 43.76M) | Time:00:05.96 | Mem:0.01M, Peak:0.01M | Scene, ViewLayer | Updating Procedurals
Fra:1 Mem:16.48M (Peak 43.76M) | Time:00:05.96 | Mem:0.01M, Peak:0.01M | Scene, ViewLayer | Updating Background
Fra:1 Mem:16.48M (Peak 43.76M) | Time:00:05.96 | Mem:0.01M, Peak:0.01M | Scene, ViewLayer | Updating Camera
Fra:1 Mem:16.48M (Peak 43.76M) | Time:00:05.96 | Mem:0.01M, Peak:0.01M | Scene, ViewLayer | Updating Meshes Flags
Fra:1 Mem:16.48M (Peak 43.76M) | Time:00:05.96 | Mem:0.01M, Peak:0.01M | Scene, ViewLayer | Updating Objects
Fra:1 Mem:16.48M (Peak 43.76M) | Time:00:05.96 | Mem:0.01M, Peak:0.01M | Scene, ViewLayer | Updating Objects | Copying Transformations to device
Fra:1 Mem:16.48M (Peak 43.76M) | Time:00:05.97 | Mem:0.01M, Peak:0.01M | Scene, ViewLayer | Updating Particle Systems
Fra:1 Mem:16.48M (Peak 43.76M) | Time:00:05.97 | Mem:0.01M, Peak:0.01M | Scene, ViewLayer | Updating Particle Systems | Copying Particles to device
Fra:1 Mem:16.48M (Peak 43.76M) | Time:00:05.97 | Mem:0.01M, Peak:0.01M | Scene, ViewLayer | Updating Meshes
Fra:1 Mem:17.58M (Peak 43.76M) | Time:00:05.98 | Mem:0.01M, Peak:0.01M | Scene, ViewLayer | Updating Objects | Applying Static Transformations
Fra:1 Mem:17.58M (Peak 43.76M) | Time:00:05.98 | Mem:0.01M, Peak:0.01M | Scene, ViewLayer | Updating Mesh | Computing attributes
Fra:1 Mem:19.05M (Peak 43.76M) | Time:00:05.99 | Mem:0.01M, Peak:0.01M | Scene, ViewLayer | Updating Mesh | Copying Attributes to device
Fra:1 Mem:19.05M (Peak 43.76M) | Time:00:06.01 | Mem:1.48M, Peak:1.48M | Scene, ViewLayer | Updating Geometry BVH light 5/4 | Building BVH
Fra:1 Mem:19.05M (Peak 43.76M) | Time:00:06.01 | Mem:1.48M, Peak:1.48M | Scene, ViewLayer | Updating Geometry BVH Broad neutral key 2/4 | Building BVH
Fra:1 Mem:19.05M (Peak 43.76M) | Time:00:06.01 | Mem:1.48M, Peak:1.48M | Scene, ViewLayer | Updating Geometry BVH Continuous pressure fuselage.015 4/4 | Building OptiX acceleration structure
Fra:1 Mem:19.05M (Peak 43.76M) | Time:00:06.03 | Mem:1.96M, Peak:3.42M | Scene, ViewLayer | Updating Scene BVH | Building
Fra:1 Mem:19.05M (Peak 43.76M) | Time:00:06.03 | Mem:1.96M, Peak:3.42M | Scene, ViewLayer | Updating Scene BVH | Building OptiX acceleration structure
Fra:1 Mem:19.05M (Peak 43.76M) | Time:00:06.03 | Mem:1.96M, Peak:3.42M | Scene, ViewLayer | Updating Scene BVH | Copying BVH to device
Fra:1 Mem:19.05M (Peak 43.76M) | Time:00:06.03 | Mem:1.96M, Peak:3.42M | Scene, ViewLayer | Updating Mesh | Computing normals
Fra:1 Mem:19.63M (Peak 43.76M) | Time:00:06.03 | Mem:1.96M, Peak:3.42M | Scene, ViewLayer | Updating Mesh | Copying Mesh to device
Fra:1 Mem:19.63M (Peak 43.76M) | Time:00:06.05 | Mem:2.54M, Peak:3.42M | Scene, ViewLayer | Updating Objects Flags
Fra:1 Mem:19.63M (Peak 43.76M) | Time:00:06.06 | Mem:2.54M, Peak:3.42M | Scene, ViewLayer | Updating Primitive Offsets
Fra:1 Mem:19.63M (Peak 43.76M) | Time:00:06.08 | Mem:2.54M, Peak:3.42M | Scene, ViewLayer | Updating Images
Fra:1 Mem:19.63M (Peak 43.76M) | Time:00:06.08 | Mem:2.54M, Peak:3.42M | Scene, ViewLayer | Updating Images | Loading panel-normal.png
Fra:1 Mem:23.63M (Peak 43.76M) | Time:00:06.08 | Mem:2.54M, Peak:3.42M | Scene, ViewLayer | Updating Images | Loading cobalt-basecolor.png
Fra:1 Mem:27.63M (Peak 43.76M) | Time:00:06.08 | Mem:2.54M, Peak:3.42M | Scene, ViewLayer | Updating Images | Loading paint-orm.png
Fra:1 Mem:35.64M (Peak 43.76M) | Time:00:06.10 | Mem:18.54M, Peak:18.54M | Scene, ViewLayer | Updating Camera Volume
Fra:1 Mem:35.64M (Peak 43.76M) | Time:00:06.10 | Mem:18.54M, Peak:18.54M | Scene, ViewLayer | Updating Lookup Tables
Fra:1 Mem:35.64M (Peak 43.76M) | Time:00:06.10 | Mem:18.62M, Peak:18.62M | Scene, ViewLayer | Updating Lights
Fra:1 Mem:35.64M (Peak 43.76M) | Time:00:06.10 | Mem:18.62M, Peak:18.62M | Scene, ViewLayer | Updating Lights | Computing tree
Fra:1 Mem:35.90M (Peak 43.76M) | Time:00:06.12 | Mem:18.88M, Peak:18.88M | Scene, ViewLayer | Updating Integrator
Fra:1 Mem:35.90M (Peak 43.76M) | Time:00:06.12 | Mem:18.88M, Peak:18.88M | Scene, ViewLayer | Updating Film
Fra:1 Mem:35.91M (Peak 43.76M) | Time:00:06.12 | Mem:18.80M, Peak:18.88M | Scene, ViewLayer | Updating Lookup Tables
Fra:1 Mem:35.91M (Peak 43.76M) | Time:00:06.12 | Mem:18.88M, Peak:18.88M | Scene, ViewLayer | Updating Baking
Fra:1 Mem:35.91M (Peak 43.76M) | Time:00:06.12 | Mem:18.88M, Peak:18.88M | Scene, ViewLayer | Updating Device | Writing constant memory
Fra:1 Mem:35.91M (Peak 43.76M) | Time:00:06.13 | Mem:18.88M, Peak:18.88M | Scene, ViewLayer | Loading denoising kernels (may take a few minutes the first time)
Fra:1 Mem:39.91M (Peak 43.76M) | Time:00:06.15 | Mem:370.88M, Peak:370.88M | Scene, ViewLayer | Sample 0/24
Fra:1 Mem:115.92M (Peak 115.92M) | Time:00:06.62 | Remaining:00:10.72 | Mem:446.90M, Peak:446.90M | Scene, ViewLayer | Sample 1/24
Fra:1 Mem:147.92M (Peak 195.92M) | Time:00:41.87 | Mem:446.90M, Peak:446.90M | Scene, ViewLayer | Sample 24/24
Fra:1 Mem:147.92M (Peak 195.92M) | Time:00:41.87 | Mem:446.90M, Peak:446.90M | Scene, ViewLayer | Finished
Saved: 'D:\vibe-coding-e\nova-swarm-forum-129-improvements-20260822\docs\fleet-art-v2\ships\19\export\showroom.png'
Time: 00:42.59 (Saving: 00:00.56)

Fra:1 Mem:15.54M (Peak 15.54M) | Time:00:01.01 | Mem:0.00M, Peak:0.00M | Scene, ViewLayer | Synchronizing object | Broad neutral key
Fra:1 Mem:15.54M (Peak 15.54M) | Time:00:01.01 | Mem:0.00M, Peak:0.00M | Scene, ViewLayer | Synchronizing object | NeonStutterV2
Fra:1 Mem:16.86M (Peak 17.64M) | Time:00:01.01 | Mem:0.00M, Peak:0.00M | Scene, ViewLayer | Initializing
Fra:1 Mem:16.39M (Peak 17.64M) | Time:00:01.01 | Mem:0.00M, Peak:0.00M | Scene, ViewLayer | Waiting for render to start
Fra:1 Mem:16.39M (Peak 17.64M) | Time:00:01.01 | Mem:0.00M, Peak:0.00M | Scene, ViewLayer | Updating Scene
Fra:1 Mem:16.39M (Peak 17.64M) | Time:00:01.01 | Mem:0.00M, Peak:0.00M | Scene, ViewLayer | Updating Shaders
Fra:1 Mem:16.39M (Peak 17.64M) | Time:00:01.01 | Mem:0.00M, Peak:0.00M | Scene, ViewLayer | Loading render kernels (may take a few minutes the first time)
Fra:1 Mem:16.48M (Peak 43.76M) | Time:00:01.33 | Mem:0.01M, Peak:0.01M | Scene, ViewLayer | Updating Procedurals
Fra:1 Mem:16.48M (Peak 43.76M) | Time:00:01.33 | Mem:0.01M, Peak:0.01M | Scene, ViewLayer | Updating Background
Fra:1 Mem:16.48M (Peak 43.76M) | Time:00:01.33 | Mem:0.01M, Peak:0.01M | Scene, ViewLayer | Updating Camera
Fra:1 Mem:16.48M (Peak 43.76M) | Time:00:01.33 | Mem:0.01M, Peak:0.01M | Scene, ViewLayer | Updating Meshes Flags
Fra:1 Mem:16.48M (Peak 43.76M) | Time:00:01.33 | Mem:0.01M, Peak:0.01M | Scene, ViewLayer | Updating Objects
Fra:1 Mem:16.48M (Peak 43.76M) | Time:00:01.33 | Mem:0.01M, Peak:0.01M | Scene, ViewLayer | Updating Objects | Copying Transformations to device
Fra:1 Mem:16.48M (Peak 43.76M) | Time:00:01.33 | Mem:0.01M, Peak:0.01M | Scene, ViewLayer | Updating Particle Systems
Fra:1 Mem:16.48M (Peak 43.76M) | Time:00:01.33 | Mem:0.01M, Peak:0.01M | Scene, ViewLayer | Updating Particle Systems | Copying Particles to device
Fra:1 Mem:16.48M (Peak 43.76M) | Time:00:01.35 | Mem:0.01M, Peak:0.01M | Scene, ViewLayer | Updating Meshes
Fra:1 Mem:17.58M (Peak 43.76M) | Time:00:01.38 | Mem:0.01M, Peak:0.01M | Scene, ViewLayer | Updating Objects | Applying Static Transformations
Fra:1 Mem:17.58M (Peak 43.76M) | Time:00:01.38 | Mem:0.01M, Peak:0.01M | Scene, ViewLayer | Updating Mesh | Computing attributes
Fra:1 Mem:19.05M (Peak 43.76M) | Time:00:01.40 | Mem:0.01M, Peak:0.01M | Scene, ViewLayer | Updating Mesh | Copying Attributes to device
Fra:1 Mem:19.05M (Peak 43.76M) | Time:00:01.41 | Mem:1.48M, Peak:1.48M | Scene, ViewLayer | Updating Geometry BVH Broad neutral key 2/1 | Building BVH
Fra:1 Mem:19.05M (Peak 43.76M) | Time:00:01.41 | Mem:1.48M, Peak:1.48M | Scene, ViewLayer | Updating Geometry BVH Neutral fill 3/4 | Building BVH
Fra:1 Mem:19.05M (Peak 43.76M) | Time:00:01.41 | Mem:1.48M, Peak:1.48M | Scene, ViewLayer | Updating Geometry BVH Continuous pressure fuselage.015 4/4 | Building BVH
Fra:1 Mem:19.05M (Peak 43.76M) | Time:00:01.41 | Mem:1.48M, Peak:1.48M | Scene, ViewLayer | Updating Geometry BVH Continuous pressure fuselage.015 4/4 | Building OptiX acceleration structure
Fra:1 Mem:19.05M (Peak 43.76M) | Time:00:01.43 | Mem:1.96M, Peak:3.42M | Scene, ViewLayer | Updating Scene BVH | Building
Fra:1 Mem:19.05M (Peak 43.76M) | Time:00:01.43 | Mem:1.96M, Peak:3.42M | Scene, ViewLayer | Updating Scene BVH | Building OptiX acceleration structure
Fra:1 Mem:19.05M (Peak 43.76M) | Time:00:01.44 | Mem:1.96M, Peak:3.42M | Scene, ViewLayer | Updating Scene BVH | Copying BVH to device
Fra:1 Mem:19.05M (Peak 43.76M) | Time:00:01.44 | Mem:1.96M, Peak:3.42M | Scene, ViewLayer | Updating Mesh | Computing normals
Fra:1 Mem:19.63M (Peak 43.76M) | Time:00:01.44 | Mem:1.96M, Peak:3.42M | Scene, ViewLayer | Updating Mesh | Copying Mesh to device
Fra:1 Mem:19.63M (Peak 43.76M) | Time:00:01.46 | Mem:2.54M, Peak:3.42M | Scene, ViewLayer | Updating Objects Flags
Fra:1 Mem:19.63M (Peak 43.76M) | Time:00:01.49 | Mem:2.54M, Peak:3.42M | Scene, ViewLayer | Updating Primitive Offsets
Fra:1 Mem:19.63M (Peak 43.76M) | Time:00:01.49 | Mem:2.54M, Peak:3.42M | Scene, ViewLayer | Updating Images
Fra:1 Mem:19.63M (Peak 43.76M) | Time:00:01.49 | Mem:2.54M, Peak:3.42M | Scene, ViewLayer | Updating Images | Loading panel-normal.png
Fra:1 Mem:19.63M (Peak 43.76M) | Time:00:01.49 | Mem:2.54M, Peak:3.42M | Scene, ViewLayer | Updating Images | Loading paint-orm.png
Fra:1 Mem:35.64M (Peak 43.76M) | Time:00:01.53 | Mem:18.54M, Peak:18.54M | Scene, ViewLayer | Updating Camera Volume
Fra:1 Mem:35.64M (Peak 43.76M) | Time:00:01.53 | Mem:18.54M, Peak:18.54M | Scene, ViewLayer | Updating Lookup Tables
Fra:1 Mem:35.64M (Peak 43.76M) | Time:00:01.53 | Mem:18.62M, Peak:18.62M | Scene, ViewLayer | Updating Lights
Fra:1 Mem:35.64M (Peak 43.76M) | Time:00:01.54 | Mem:18.62M, Peak:18.62M | Scene, ViewLayer | Updating Lights | Computing tree
Fra:1 Mem:35.90M (Peak 43.76M) | Time:00:01.64 | Mem:18.88M, Peak:18.88M | Scene, ViewLayer | Updating Integrator
Fra:1 Mem:35.90M (Peak 43.76M) | Time:00:01.64 | Mem:18.88M, Peak:18.88M | Scene, ViewLayer | Updating Film
Fra:1 Mem:35.91M (Peak 43.76M) | Time:00:01.64 | Mem:18.80M, Peak:18.88M | Scene, ViewLayer | Updating Lookup Tables
Fra:1 Mem:35.91M (Peak 43.76M) | Time:00:01.66 | Mem:18.88M, Peak:18.88M | Scene, ViewLayer | Updating Baking
Fra:1 Mem:35.91M (Peak 43.76M) | Time:00:01.66 | Mem:18.88M, Peak:18.88M | Scene, ViewLayer | Updating Device | Writing constant memory
Fra:1 Mem:35.91M (Peak 43.76M) | Time:00:01.66 | Mem:18.88M, Peak:18.88M | Scene, ViewLayer | Loading denoising kernels (may take a few minutes the first time)
Fra:1 Mem:39.91M (Peak 43.76M) | Time:00:01.71 | Mem:370.88M, Peak:370.88M | Scene, ViewLayer | Sample 0/24
Fra:1 Mem:58.92M (Peak 58.92M) | Time:00:02.05 | Remaining:00:07.83 | Mem:389.90M, Peak:389.90M | Scene, ViewLayer | Sample 1/24
Fra:1 Mem:66.92M (Peak 78.92M) | Time:00:04.54 | Mem:389.90M, Peak:389.90M | Scene, ViewLayer | Sample 24/24
Fra:1 Mem:66.92M (Peak 78.92M) | Time:00:04.54 | Mem:389.90M, Peak:389.90M | Scene, ViewLayer | Finished
Saved: 'D:\vibe-coding-e\nova-swarm-forum-129-improvements-20260822\docs\fleet-art-v2\ships\19\export\player.png'
Time: 00:05.16 (Saving: 00:00.09)


FLEET_V2_COMPLETE 19 Neon Stutter
Read blend: "D:\vibe-coding-e\nova-swarm-forum-129-improvements-20260822\docs\fleet-art-v2\ships\20\source.blend"
Fra:1 Mem:14.53M (Peak 14.53M) | Time:00:00.65 | Mem:0.00M, Peak:0.00M | Scene, ViewLayer | Synchronizing object | Broad neutral key
Fra:1 Mem:14.53M (Peak 14.53M) | Time:00:00.65 | Mem:0.00M, Peak:0.00M | Scene, ViewLayer | Synchronizing object | Neutral fill
Fra:1 Mem:14.85M (Peak 14.85M) | Time:00:00.72 | Mem:0.00M, Peak:0.00M | Scene, ViewLayer | Synchronizing object | Continuous pressure fuselage
Fra:1 Mem:15.70M (Peak 15.70M) | Time:00:00.79 | Mem:0.00M, Peak:0.00M | Scene, ViewLayer | Synchronizing object | Cockpit integrated coaming
Fra:1 Mem:16.23M (Peak 16.23M) | Time:00:00.86 | Mem:0.00M, Peak:0.00M | Scene, ViewLayer | Synchronizing object | Pressure canopy glazing
Fra:1 Mem:16.23M (Peak 16.23M) | Time:00:00.86 | Mem:0.00M, Peak:0.00M | Scene, ViewLayer | Synchronizing object | Canopy lower frame
Fra:1 Mem:16.51M (Peak 16.51M) | Time:00:00.86 | Mem:0.00M, Peak:0.00M | Scene, ViewLayer | Synchronizing object | Canopy lower frame.001
Fra:1 Mem:16.51M (Peak 16.51M) | Time:00:00.86 | Mem:0.00M, Peak:0.00M | Scene, ViewLayer | Synchronizing object | Canopy pressure bow
Fra:1 Mem:16.55M (Peak 16.55M) | Time:00:00.86 | Mem:0.00M, Peak:0.00M | Scene, ViewLayer | Synchronizing object | Integrated lifting hull
Fra:1 Mem:16.57M (Peak 16.57M) | Time:00:00.86 | Mem:0.00M, Peak:0.00M | Scene, ViewLayer | Synchronizing object | Contoured expansion nozzle
Fra:1 Mem:16.57M (Peak 16.57M) | Time:00:00.86 | Mem:0.00M, Peak:0.00M | Scene, ViewLayer | Synchronizing object | Nozzle petal seam
Fra:1 Mem:16.65M (Peak 16.65M) | Time:00:00.86 | Mem:0.00M, Peak:0.00M | Scene, ViewLayer | Synchronizing object | Nozzle petal seam.001
Fra:1 Mem:16.67M (Peak 16.67M) | Time:00:00.86 | Mem:0.00M, Peak:0.00M | Scene, ViewLayer | Synchronizing object | Nozzle petal seam.002
Fra:1 Mem:16.69M (Peak 16.69M) | Time:00:00.86 | Mem:0.00M, Peak:0.00M | Scene, ViewLayer | Synchronizing object | Nozzle petal seam.003
Fra:1 Mem:16.68M (Peak 16.69M) | Time:00:00.86 | Mem:0.00M, Peak:0.00M | Scene, ViewLayer | Synchronizing object | Nozzle petal seam.004
Fra:1 Mem:16.68M (Peak 16.69M) | Time:00:00.86 | Mem:0.00M, Peak:0.00M | Scene, ViewLayer | Synchronizing object | Nozzle petal seam.005
Fra:1 Mem:16.68M (Peak 16.69M) | Time:00:00.86 | Mem:0.00M, Peak:0.00M | Scene, ViewLayer | Synchronizing object | Nozzle petal seam.006
Fra:1 Mem:16.68M (Peak 16.69M) | Time:00:00.86 | Mem:0.00M, Peak:0.00M | Scene, ViewLayer | Synchronizing object | Nozzle petal seam.007
Fra:1 Mem:16.68M (Peak 16.69M) | Time:00:00.86 | Mem:0.00M, Peak:0.00M | Scene, ViewLayer | Synchronizing object | Nozzle petal seam.008
Fra:1 Mem:16.70M (Peak 16.70M) | Time:00:00.86 | Mem:0.00M, Peak:0.00M | Scene, ViewLayer | Synchronizing object | Nozzle petal seam.009
Fra:1 Mem:16.73M (Peak 16.73M) | Time:00:00.86 | Mem:0.00M, Peak:0.00M | Scene, ViewLayer | Synchronizing object | Nozzle petal seam.010
Fra:1 Mem:16.69M (Peak 16.73M) | Time:00:00.86 | Mem:0.00M, Peak:0.00M | Scene, ViewLayer | Synchronizing object | Nozzle petal seam.011
Fra:1 Mem:16.69M (Peak 16.73M) | Time:00:00.86 | Mem:0.00M, Peak:0.00M | Scene, ViewLayer | Synchronizing object | Deep ion throat
Fra:1 Mem:16.69M (Peak 16.73M) | Time:00:00.86 | Mem:0.00M, Peak:0.00M | Scene, ViewLayer | Synchronizing object | Deep intake duct
Fra:1 Mem:16.85M (Peak 16.85M) | Time:00:00.87 | Mem:0.00M, Peak:0.00M | Scene, ViewLayer | Synchronizing object | Blended structural fairing
Fra:1 Mem:16.85M (Peak 16.85M) | Time:00:00.87 | Mem:0.00M, Peak:0.00M | Scene, ViewLayer | Synchronizing object | Integrated lifting hull.001
Fra:1 Mem:16.85M (Peak 16.85M) | Time:00:00.87 | Mem:0.00M, Peak:0.00M | Scene, ViewLayer | Synchronizing object | Contoured expansion nozzle.001
Fra:1 Mem:16.87M (Peak 16.87M) | Time:00:00.87 | Mem:0.00M, Peak:0.00M | Scene, ViewLayer | Synchronizing object | Nozzle petal seam.012
Fra:1 Mem:17.14M (Peak 17.14M) | Time:00:00.87 | Mem:0.00M, Peak:0.00M | Scene, ViewLayer | Synchronizing object | Nozzle petal seam.013
Fra:1 Mem:17.12M (Peak 17.14M) | Time:00:00.87 | Mem:0.00M, Peak:0.00M | Scene, ViewLayer | Synchronizing object | Nozzle petal seam.014
Fra:1 Mem:17.13M (Peak 17.14M) | Time:00:00.87 | Mem:0.00M, Peak:0.00M | Scene, ViewLayer | Synchronizing object | Nozzle petal seam.015
Fra:1 Mem:17.13M (Peak 17.14M) | Time:00:00.87 | Mem:0.00M, Peak:0.00M | Scene, ViewLayer | Synchronizing object | Nozzle petal seam.016
Fra:1 Mem:17.13M (Peak 17.14M) | Time:00:00.87 | Mem:0.00M, Peak:0.00M | Scene, ViewLayer | Synchronizing object | Nozzle petal seam.017
Fra:1 Mem:17.17M (Peak 17.17M) | Time:00:00.87 | Mem:0.00M, Peak:0.00M | Scene, ViewLayer | Synchronizing object | Nozzle petal seam.018
Fra:1 Mem:17.14M (Peak 17.17M) | Time:00:00.87 | Mem:0.00M, Peak:0.00M | Scene, ViewLayer | Synchronizing object | Nozzle petal seam.019
Fra:1 Mem:17.14M (Peak 17.17M) | Time:00:00.87 | Mem:0.00M, Peak:0.00M | Scene, ViewLayer | Synchronizing object | Nozzle petal seam.020
Fra:1 Mem:17.14M (Peak 17.17M) | Time:00:00.87 | Mem:0.00M, Peak:0.00M | Scene, ViewLayer | Synchronizing object | Nozzle petal seam.021
Fra:1 Mem:17.14M (Peak 17.17M) | Time:00:00.87 | Mem:0.00M, Peak:0.00M | Scene, ViewLayer | Synchronizing object | Nozzle petal seam.022
Fra:1 Mem:17.14M (Peak 17.17M) | Time:00:00.87 | Mem:0.00M, Peak:0.00M | Scene, ViewLayer | Synchronizing object | Nozzle petal seam.023
Fra:1 Mem:17.15M (Peak 17.17M) | Time:00:00.87 | Mem:0.00M, Peak:0.00M | Scene, ViewLayer | Synchronizing object | Deep ion throat.001
Fra:1 Mem:17.15M (Peak 17.17M) | Time:00:00.87 | Mem:0.00M, Peak:0.00M | Scene, ViewLayer | Synchronizing object | Deep intake duct.001
Fra:1 Mem:17.30M (Peak 17.30M) | Time:00:00.89 | Mem:0.00M, Peak:0.00M | Scene, ViewLayer | Synchronizing object | Blended structural fairing.001
Fra:1 Mem:17.47M (Peak 17.47M) | Time:00:00.89 | Mem:0.00M, Peak:0.00M | Scene, ViewLayer | Initializing
Fra:1 Mem:13.89M (Peak 17.47M) | Time:00:00.90 | Mem:0.00M, Peak:0.00M | Scene, ViewLayer | Waiting for render to start
Fra:1 Mem:13.89M (Peak 17.47M) | Time:00:00.90 | Mem:0.00M, Peak:0.00M | Scene, ViewLayer | Updating Scene
Fra:1 Mem:13.89M (Peak 17.47M) | Time:00:00.90 | Mem:0.00M, Peak:0.00M | Scene, ViewLayer | Updating Shaders
Fra:1 Mem:13.89M (Peak 17.47M) | Time:00:00.90 | Mem:0.00M, Peak:0.00M | Scene, ViewLayer | Loading render kernels (may take a few minutes the first time)
Fra:1 Mem:13.97M (Peak 41.26M) | Time:00:01.61 | Mem:0.01M, Peak:0.01M | Scene, ViewLayer | Updating Procedurals
Fra:1 Mem:13.97M (Peak 41.26M) | Time:00:01.61 | Mem:0.01M, Peak:0.01M | Scene, ViewLayer | Updating Background
Fra:1 Mem:13.97M (Peak 41.26M) | Time:00:01.61 | Mem:0.01M, Peak:0.01M | Scene, ViewLayer | Updating Camera
Fra:1 Mem:13.97M (Peak 41.26M) | Time:00:01.61 | Mem:0.01M, Peak:0.01M | Scene, ViewLayer | Updating Meshes Flags
Fra:1 Mem:13.97M (Peak 41.26M) | Time:00:01.61 | Mem:0.01M, Peak:0.01M | Scene, ViewLayer | Updating Objects
Fra:1 Mem:13.97M (Peak 41.26M) | Time:00:01.61 | Mem:0.01M, Peak:0.01M | Scene, ViewLayer | Updating Objects | Copying Transformations to device
Fra:1 Mem:13.99M (Peak 41.26M) | Time:00:01.62 | Mem:0.02M, Peak:0.02M | Scene, ViewLayer | Updating Particle Systems
Fra:1 Mem:13.99M (Peak 41.26M) | Time:00:01.62 | Mem:0.02M, Peak:0.02M | Scene, ViewLayer | Updating Particle Systems | Copying Particles to device
Fra:1 Mem:13.99M (Peak 41.26M) | Time:00:01.62 | Mem:0.02M, Peak:0.02M | Scene, ViewLayer | Updating Meshes
Fra:1 Mem:14.63M (Peak 41.26M) | Time:00:01.63 | Mem:0.02M, Peak:0.02M | Scene, ViewLayer | Updating Objects | Applying Static Transformations
Fra:1 Mem:14.63M (Peak 41.26M) | Time:00:01.63 | Mem:0.02M, Peak:0.02M | Scene, ViewLayer | Updating Mesh | Computing attributes
Fra:1 Mem:15.58M (Peak 41.26M) | Time:00:01.63 | Mem:0.02M, Peak:0.02M | Scene, ViewLayer | Updating Mesh | Copying Attributes to device
Fra:1 Mem:15.57M (Peak 41.26M) | Time:00:01.65 | Mem:0.96M, Peak:0.96M | Scene, ViewLayer | Updating Geometry BVH light 46/45 | Building BVH
Fra:1 Mem:15.57M (Peak 41.26M) | Time:00:01.65 | Mem:0.96M, Peak:0.96M | Scene, ViewLayer | Updating Geometry BVH Contoured expansion nozzle.068 12/45 | Building OptiX acceleration structure
Fra:1 Mem:15.57M (Peak 41.26M) | Time:00:01.65 | Mem:0.96M, Peak:0.96M | Scene, ViewLayer | Updating Geometry BVH Nozzle petal seam.816 13/45 | Building BVH
Fra:1 Mem:15.57M (Peak 41.26M) | Time:00:01.65 | Mem:0.96M, Peak:0.96M | Scene, ViewLayer | Updating Geometry BVH Nozzle petal seam.816 13/45 | Building OptiX acceleration structure
Fra:1 Mem:15.66M (Peak 41.26M) | Time:00:01.65 | Mem:1.01M, Peak:1.01M | Scene, ViewLayer | Updating Geometry BVH Mesh 45/45 | Building BVH
Fra:1 Mem:15.66M (Peak 41.26M) | Time:00:01.65 | Mem:1.01M, Peak:1.01M | Scene, ViewLayer | Updating Geometry BVH Mesh 45/45 | Building OptiX acceleration structure
Fra:1 Mem:15.79M (Peak 41.26M) | Time:00:01.65 | Mem:1.01M, Peak:1.01M | Scene, ViewLayer | Updating Geometry BVH Nozzle petal seam.817 14/45 | Building BVH
Fra:1 Mem:15.87M (Peak 41.26M) | Time:00:01.65 | Mem:1.01M, Peak:1.01M | Scene, ViewLayer | Updating Geometry BVH Nozzle petal seam.817 14/45 | Building OptiX acceleration structure
Fra:1 Mem:15.89M (Peak 41.26M) | Time:00:01.69 | Mem:1.32M, Peak:1.49M | Scene, ViewLayer | Updating Geometry BVH Deep intake duct.035 44/45 | Building BVH
Fra:1 Mem:15.89M (Peak 41.26M) | Time:00:01.69 | Mem:1.32M, Peak:1.49M | Scene, ViewLayer | Updating Geometry BVH Deep intake duct.035 44/45 | Building OptiX acceleration structure
Fra:1 Mem:15.89M (Peak 41.26M) | Time:00:01.70 | Mem:1.33M, Peak:1.49M | Scene, ViewLayer | Updating Geometry BVH Nozzle petal seam.818 15/45 | Building BVH
Fra:1 Mem:15.89M (Peak 41.26M) | Time:00:01.70 | Mem:1.33M, Peak:1.49M | Scene, ViewLayer | Updating Geometry BVH Nozzle petal seam.818 15/45 | Building OptiX acceleration structure
Fra:1 Mem:15.81M (Peak 41.26M) | Time:00:01.71 | Mem:1.34M, Peak:1.74M | Scene, ViewLayer | Updating Geometry BVH Nozzle petal seam.819 16/45 | Building BVH
Fra:1 Mem:15.81M (Peak 41.26M) | Time:00:01.71 | Mem:1.34M, Peak:1.74M | Scene, ViewLayer | Updating Geometry BVH Nozzle petal seam.819 16/45 | Building OptiX acceleration structure
Fra:1 Mem:15.81M (Peak 41.26M) | Time:00:01.71 | Mem:1.34M, Peak:1.74M | Scene, ViewLayer | Updating Geometry BVH Nozzle petal seam.820 17/45 | Building BVH
Fra:1 Mem:15.81M (Peak 41.26M) | Time:00:01.71 | Mem:1.36M, Peak:1.74M | Scene, ViewLayer | Updating Geometry BVH Nozzle petal seam.820 17/45 | Building OptiX acceleration structure
Fra:1 Mem:15.81M (Peak 41.26M) | Time:00:01.73 | Mem:1.35M, Peak:1.74M | Scene, ViewLayer | Updating Geometry BVH Nozzle petal seam.821 18/45 | Building BVH
Fra:1 Mem:15.81M (Peak 41.26M) | Time:00:01.73 | Mem:1.35M, Peak:1.74M | Scene, ViewLayer | Updating Geometry BVH Nozzle petal seam.821 18/45 | Building OptiX acceleration structure
Fra:1 Mem:15.81M (Peak 41.26M) | Time:00:01.74 | Mem:1.35M, Peak:1.74M | Scene, ViewLayer | Updating Geometry BVH Nozzle petal seam.822 19/45 | Building BVH
Fra:1 Mem:15.81M (Peak 41.26M) | Time:00:01.74 | Mem:1.35M, Peak:1.74M | Scene, ViewLayer | Updating Geometry BVH Nozzle petal seam.822 19/45 | Building OptiX acceleration structure
Fra:1 Mem:15.81M (Peak 41.26M) | Time:00:01.75 | Mem:1.35M, Peak:1.74M | Scene, ViewLayer | Updating Geometry BVH Nozzle petal seam.823 20/45 | Building BVH
Fra:1 Mem:15.81M (Peak 41.26M) | Time:00:01.75 | Mem:1.35M, Peak:1.74M | Scene, ViewLayer | Updating Geometry BVH Nozzle petal seam.823 20/45 | Building OptiX acceleration structure
Fra:1 Mem:15.79M (Peak 41.26M) | Time:00:01.76 | Mem:1.34M, Peak:1.74M | Scene, ViewLayer | Updating Geometry BVH Nozzle petal seam.824 21/45 | Building BVH
Fra:1 Mem:15.79M (Peak 41.26M) | Time:00:01.76 | Mem:1.34M, Peak:1.74M | Scene, ViewLayer | Updating Geometry BVH Nozzle petal seam.824 21/45 | Building OptiX acceleration structure
Fra:1 Mem:15.78M (Peak 41.26M) | Time:00:01.77 | Mem:1.35M, Peak:1.74M | Scene, ViewLayer | Updating Geometry BVH Nozzle petal seam.825 22/45 | Building BVH
Fra:1 Mem:15.79M (Peak 41.26M) | Time:00:01.77 | Mem:1.35M, Peak:1.74M | Scene, ViewLayer | Updating Geometry BVH Nozzle petal seam.825 22/45 | Building OptiX acceleration structure
Fra:1 Mem:15.70M (Peak 41.26M) | Time:00:01.79 | Mem:1.37M, Peak:1.76M | Scene, ViewLayer | Updating Geometry BVH Nozzle petal seam.826 23/45 | Building BVH
Fra:1 Mem:15.70M (Peak 41.26M) | Time:00:01.79 | Mem:1.37M, Peak:1.76M | Scene, ViewLayer | Updating Geometry BVH Nozzle petal seam.826 23/45 | Building OptiX acceleration structure
Fra:1 Mem:15.58M (Peak 41.26M) | Time:00:01.80 | Mem:1.40M, Peak:1.88M | Scene, ViewLayer | Updating Geometry BVH Nozzle petal seam.827 24/45 | Building BVH
Fra:1 Mem:15.58M (Peak 41.26M) | Time:00:01.80 | Mem:1.41M, Peak:1.88M | Scene, ViewLayer | Updating Geometry BVH Nozzle petal seam.827 24/45 | Building OptiX acceleration structure
Fra:1 Mem:15.58M (Peak 41.26M) | Time:00:01.82 | Mem:1.40M, Peak:1.88M | Scene, ViewLayer | Updating Geometry BVH Deep ion throat.068 25/45 | Building BVH
Fra:1 Mem:15.58M (Peak 41.26M) | Time:00:01.82 | Mem:1.41M, Peak:1.88M | Scene, ViewLayer | Updating Geometry BVH Deep ion throat.068 25/45 | Building OptiX acceleration structure
Fra:1 Mem:15.60M (Peak 41.26M) | Time:00:01.82 | Mem:1.42M, Peak:1.88M | Scene, ViewLayer | Updating Geometry BVH Deep ion throat.069 43/45 | Building BVH
Fra:1 Mem:15.60M (Peak 41.26M) | Time:00:01.82 | Mem:1.42M, Peak:1.88M | Scene, ViewLayer | Updating Geometry BVH Deep ion throat.069 43/45 | Building OptiX acceleration structure
Fra:1 Mem:15.62M (Peak 41.26M) | Time:00:01.84 | Mem:1.45M, Peak:1.88M | Scene, ViewLayer | Updating Geometry BVH Deep intake duct.034 26/45 | Building BVH
Fra:1 Mem:15.62M (Peak 41.26M) | Time:00:01.84 | Mem:1.45M, Peak:1.88M | Scene, ViewLayer | Updating Geometry BVH Deep intake duct.034 26/45 | Building OptiX acceleration structure
Fra:1 Mem:15.62M (Peak 41.26M) | Time:00:01.84 | Mem:1.45M, Peak:1.88M | Scene, ViewLayer | Updating Geometry BVH Mesh 27/45 | Building BVH
Fra:1 Mem:15.62M (Peak 41.26M) | Time:00:01.84 | Mem:1.45M, Peak:1.88M | Scene, ViewLayer | Updating Geometry BVH Mesh 27/45 | Building OptiX acceleration structure
Fra:1 Mem:15.65M (Peak 41.26M) | Time:00:01.85 | Mem:1.48M, Peak:1.88M | Scene, ViewLayer | Updating Geometry BVH Integrated lifting hull.033 28/45 | Building BVH
Fra:1 Mem:15.65M (Peak 41.26M) | Time:00:01.85 | Mem:1.48M, Peak:1.88M | Scene, ViewLayer | Updating Geometry BVH Integrated lifting hull.033 28/45 | Building OptiX acceleration structure
Fra:1 Mem:15.67M (Peak 41.26M) | Time:00:01.86 | Mem:1.50M, Peak:1.88M | Scene, ViewLayer | Updating Geometry BVH Integrated propulsion nacelle.035 29/45 | Building BVH
Fra:1 Mem:15.67M (Peak 41.26M) | Time:00:01.86 | Mem:1.50M, Peak:1.88M | Scene, ViewLayer | Updating Geometry BVH Integrated propulsion nacelle.035 29/45 | Building OptiX acceleration structure
Fra:1 Mem:15.67M (Peak 41.26M) | Time:00:01.86 | Mem:1.51M, Peak:1.88M | Scene, ViewLayer | Updating Geometry BVH Contoured expansion nozzle.069 30/45 | Building BVH
Fra:1 Mem:15.67M (Peak 41.26M) | Time:00:01.86 | Mem:1.51M, Peak:1.88M | Scene, ViewLayer | Updating Geometry BVH Contoured expansion nozzle.069 30/45 | Building OptiX acceleration structure
Fra:1 Mem:15.68M (Peak 41.26M) | Time:00:01.88 | Mem:1.51M, Peak:1.88M | Scene, ViewLayer | Updating Geometry BVH Nozzle petal seam.828 31/45 | Building BVH
Fra:1 Mem:15.68M (Peak 41.26M) | Time:00:01.88 | Mem:1.52M, Peak:1.88M | Scene, ViewLayer | Updating Geometry BVH Nozzle petal seam.828 31/45 | Building OptiX acceleration structure
Fra:1 Mem:15.68M (Peak 41.26M) | Time:00:01.88 | Mem:1.51M, Peak:1.88M | Scene, ViewLayer | Updating Geometry BVH Nozzle petal seam.829 32/45 | Building BVH
Fra:1 Mem:15.68M (Peak 41.26M) | Time:00:01.88 | Mem:1.52M, Peak:1.88M | Scene, ViewLayer | Updating Geometry BVH Nozzle petal seam.829 32/45 | Building OptiX acceleration structure
Fra:1 Mem:15.68M (Peak 41.26M) | Time:00:01.89 | Mem:1.52M, Peak:1.88M | Scene, ViewLayer | Updating Geometry BVH Nozzle petal seam.830 33/45 | Building BVH
Fra:1 Mem:15.68M (Peak 41.26M) | Time:00:01.89 | Mem:1.52M, Peak:1.88M | Scene, ViewLayer | Updating Geometry BVH Nozzle petal seam.830 33/45 | Building OptiX acceleration structure
Fra:1 Mem:15.68M (Peak 41.26M) | Time:00:01.90 | Mem:1.52M, Peak:1.88M | Scene, ViewLayer | Updating Geometry BVH Nozzle petal seam.831 34/45 | Building BVH
Fra:1 Mem:15.68M (Peak 41.26M) | Time:00:01.90 | Mem:1.52M, Peak:1.88M | Scene, ViewLayer | Updating Geometry BVH Nozzle petal seam.831 34/45 | Building OptiX acceleration structure
Fra:1 Mem:15.68M (Peak 41.26M) | Time:00:01.91 | Mem:1.52M, Peak:1.88M | Scene, ViewLayer | Updating Geometry BVH Nozzle petal seam.832 35/45 | Building BVH
Fra:1 Mem:15.68M (Peak 41.26M) | Time:00:01.91 | Mem:1.52M, Peak:1.88M | Scene, ViewLayer | Updating Geometry BVH Nozzle petal seam.832 35/45 | Building OptiX acceleration structure
Fra:1 Mem:15.66M (Peak 41.26M) | Time:00:01.91 | Mem:1.51M, Peak:1.88M | Scene, ViewLayer | Updating Geometry BVH Nozzle petal seam.833 36/45 | Building BVH
Fra:1 Mem:15.66M (Peak 41.26M) | Time:00:01.92 | Mem:1.51M, Peak:1.88M | Scene, ViewLayer | Updating Geometry BVH Nozzle petal seam.833 36/45 | Building OptiX acceleration structure
Fra:1 Mem:15.64M (Peak 41.26M) | Time:00:01.93 | Mem:1.51M, Peak:1.88M | Scene, ViewLayer | Updating Geometry BVH Nozzle petal seam.839 42/45 | Building BVH
Fra:1 Mem:15.64M (Peak 41.26M) | Time:00:01.93 | Mem:1.51M, Peak:1.88M | Scene, ViewLayer | Updating Geometry BVH Nozzle petal seam.839 42/45 | Building OptiX acceleration structure
Fra:1 Mem:15.64M (Peak 41.26M) | Time:00:01.93 | Mem:1.51M, Peak:1.88M | Scene, ViewLayer | Updating Geometry BVH Nozzle petal seam.834 37/45 | Building BVH
Fra:1 Mem:15.64M (Peak 41.26M) | Time:00:01.93 | Mem:1.51M, Peak:1.88M | Scene, ViewLayer | Updating Geometry BVH Nozzle petal seam.834 37/45 | Building OptiX acceleration structure
Fra:1 Mem:15.61M (Peak 41.26M) | Time:00:01.95 | Mem:1.52M, Peak:1.88M | Scene, ViewLayer | Updating Geometry BVH Nozzle petal seam.835 38/45 | Building BVH
Fra:1 Mem:15.61M (Peak 41.26M) | Time:00:01.95 | Mem:1.52M, Peak:1.88M | Scene, ViewLayer | Updating Geometry BVH Nozzle petal seam.835 38/45 | Building OptiX acceleration structure
Fra:1 Mem:15.59M (Peak 41.26M) | Time:00:01.95 | Mem:1.51M, Peak:1.88M | Scene, ViewLayer | Updating Geometry BVH Nozzle petal seam.836 39/45 | Building BVH
Fra:1 Mem:15.59M (Peak 41.26M) | Time:00:01.95 | Mem:1.51M, Peak:1.88M | Scene, ViewLayer | Updating Geometry BVH Nozzle petal seam.836 39/45 | Building OptiX acceleration structure
Fra:1 Mem:15.59M (Peak 41.26M) | Time:00:01.96 | Mem:1.51M, Peak:1.88M | Scene, ViewLayer | Updating Geometry BVH Nozzle petal seam.837 40/45 | Building BVH
Fra:1 Mem:15.59M (Peak 41.26M) | Time:00:01.96 | Mem:1.55M, Peak:1.88M | Scene, ViewLayer | Updating Geometry BVH Nozzle petal seam.837 40/45 | Building OptiX acceleration structure
Fra:1 Mem:15.58M (Peak 41.26M) | Time:00:01.97 | Mem:1.52M, Peak:1.88M | Scene, ViewLayer | Updating Geometry BVH Nozzle petal seam.838 41/45 | Building BVH
Fra:1 Mem:15.58M (Peak 41.26M) | Time:00:01.97 | Mem:1.52M, Peak:1.88M | Scene, ViewLayer | Updating Geometry BVH Nozzle petal seam.838 41/45 | Building OptiX acceleration structure
Fra:1 Mem:15.57M (Peak 41.26M) | Time:00:02.05 | Mem:1.53M, Peak:1.88M | Scene, ViewLayer | Updating Scene BVH | Building
Fra:1 Mem:15.57M (Peak 41.26M) | Time:00:02.05 | Mem:1.53M, Peak:1.88M | Scene, ViewLayer | Updating Scene BVH | Building OptiX acceleration structure
Fra:1 Mem:15.57M (Peak 41.26M) | Time:00:02.05 | Mem:1.53M, Peak:1.88M | Scene, ViewLayer | Updating Scene BVH | Copying BVH to device
Fra:1 Mem:15.57M (Peak 41.26M) | Time:00:02.05 | Mem:1.53M, Peak:1.88M | Scene, ViewLayer | Updating Mesh | Computing normals
Fra:1 Mem:16.24M (Peak 41.26M) | Time:00:02.05 | Mem:1.53M, Peak:1.88M | Scene, ViewLayer | Updating Mesh | Copying Mesh to device
Fra:1 Mem:16.24M (Peak 41.26M) | Time:00:02.06 | Mem:2.19M, Peak:2.19M | Scene, ViewLayer | Updating Objects Flags
Fra:1 Mem:16.24M (Peak 41.26M) | Time:00:02.08 | Mem:2.19M, Peak:2.19M | Scene, ViewLayer | Updating Primitive Offsets
Fra:1 Mem:16.24M (Peak 41.26M) | Time:00:02.08 | Mem:2.19M, Peak:2.19M | Scene, ViewLayer | Updating Images
Fra:1 Mem:16.24M (Peak 41.26M) | Time:00:02.08 | Mem:2.19M, Peak:2.19M | Scene, ViewLayer | Updating Images | Loading white-basecolor.png
Fra:1 Mem:16.24M (Peak 41.26M) | Time:00:02.08 | Mem:2.19M, Peak:2.19M | Scene, ViewLayer | Updating Images | Loading cobalt-basecolor.png
Fra:1 Mem:16.24M (Peak 41.26M) | Time:00:02.08 | Mem:2.19M, Peak:2.19M | Scene, ViewLayer | Updating Images | Loading panel-normal.png
Fra:1 Mem:32.25M (Peak 41.26M) | Time:00:02.21 | Mem:18.19M, Peak:18.19M | Scene, ViewLayer | Updating Camera Volume
Fra:1 Mem:32.25M (Peak 41.26M) | Time:00:02.21 | Mem:18.19M, Peak:18.19M | Scene, ViewLayer | Updating Lookup Tables
Fra:1 Mem:32.25M (Peak 41.26M) | Time:00:02.21 | Mem:18.28M, Peak:18.28M | Scene, ViewLayer | Updating Lights
Fra:1 Mem:32.25M (Peak 41.26M) | Time:00:02.21 | Mem:18.28M, Peak:18.28M | Scene, ViewLayer | Updating Lights | Computing tree
Fra:1 Mem:32.44M (Peak 41.26M) | Time:00:02.24 | Mem:18.47M, Peak:18.47M | Scene, ViewLayer | Updating Integrator
Fra:1 Mem:32.44M (Peak 41.26M) | Time:00:02.24 | Mem:18.47M, Peak:18.47M | Scene, ViewLayer | Updating Film
Fra:1 Mem:32.44M (Peak 41.26M) | Time:00:02.24 | Mem:18.39M, Peak:18.47M | Scene, ViewLayer | Updating Lookup Tables
Fra:1 Mem:32.44M (Peak 41.26M) | Time:00:02.24 | Mem:18.47M, Peak:18.47M | Scene, ViewLayer | Updating Baking
Fra:1 Mem:32.44M (Peak 41.26M) | Time:00:02.24 | Mem:18.47M, Peak:18.47M | Scene, ViewLayer | Updating Device | Writing constant memory
Fra:1 Mem:32.45M (Peak 41.26M) | Time:00:02.25 | Mem:18.47M, Peak:18.47M | Scene, ViewLayer | Loading denoising kernels (may take a few minutes the first time)
Fra:1 Mem:36.45M (Peak 41.26M) | Time:00:02.35 | Mem:370.47M, Peak:370.47M | Scene, ViewLayer | Sample 0/24
Fra:1 Mem:83.42M (Peak 83.42M) | Time:00:02.59 | Remaining:00:05.33 | Mem:417.45M, Peak:417.45M | Scene, ViewLayer | Sample 1/24
Fra:1 Mem:103.20M (Peak 132.87M) | Time:00:07.21 | Mem:417.46M, Peak:417.46M | Scene, ViewLayer | Sample 24/24
Fra:1 Mem:103.20M (Peak 132.87M) | Time:00:07.21 | Mem:417.46M, Peak:417.46M | Scene, ViewLayer | Finished
Saved: 'D:\vibe-coding-e\nova-swarm-forum-129-improvements-20260822\docs\fleet-art-v2\ships\20\surfaced.png'
Time: 00:07.61 (Saving: 00:00.15)

Info: Saved as "source.blend"
17:10:09 | INFO: Starting glTF 2.0 export
17:10:09 | INFO: Extracting primitive: Continuous pressure fuselage.016
17:10:09 | WARNING: More than one shader node tex image used for a texture. The resulting glTF sampler will behave like the first shader node tex image.
17:10:09 | WARNING: More than one shader node tex image used for a texture. The resulting glTF sampler will behave like the first shader node tex image.
17:10:09 | INFO: Primitives created: 6
17:10:09 | INFO: Finished glTF 2.0 export in 0.3077528476715088 s
Fra:1 Mem:15.29M (Peak 30.79M) | Time:00:00.37 | Mem:0.00M, Peak:0.00M | Scene, ViewLayer | Synchronizing object | Broad neutral key
Fra:1 Mem:15.29M (Peak 30.79M) | Time:00:00.37 | Mem:0.00M, Peak:0.00M | Scene, ViewLayer | Synchronizing object | Neutral fill
Fra:1 Mem:16.94M (Peak 30.79M) | Time:00:00.38 | Mem:0.00M, Peak:0.00M | Scene, ViewLayer | Initializing
Fra:1 Mem:16.47M (Peak 30.79M) | Time:00:00.38 | Mem:0.00M, Peak:0.00M | Scene, ViewLayer | Waiting for render to start
Fra:1 Mem:16.47M (Peak 30.79M) | Time:00:00.38 | Mem:0.00M, Peak:0.00M | Scene, ViewLayer | Updating Scene
Fra:1 Mem:16.47M (Peak 30.79M) | Time:00:00.38 | Mem:0.00M, Peak:0.00M | Scene, ViewLayer | Updating Shaders
Fra:1 Mem:16.47M (Peak 30.79M) | Time:00:00.38 | Mem:0.00M, Peak:0.00M | Scene, ViewLayer | Loading render kernels (may take a few minutes the first time)
Fra:1 Mem:16.56M (Peak 43.84M) | Time:00:00.65 | Mem:0.01M, Peak:0.01M | Scene, ViewLayer | Updating Procedurals
Fra:1 Mem:16.56M (Peak 43.84M) | Time:00:00.65 | Mem:0.01M, Peak:0.01M | Scene, ViewLayer | Updating Background
Fra:1 Mem:16.56M (Peak 43.84M) | Time:00:00.65 | Mem:0.01M, Peak:0.01M | Scene, ViewLayer | Updating Camera
Fra:1 Mem:16.56M (Peak 43.84M) | Time:00:00.65 | Mem:0.01M, Peak:0.01M | Scene, ViewLayer | Updating Meshes Flags
Fra:1 Mem:16.56M (Peak 43.84M) | Time:00:00.65 | Mem:0.01M, Peak:0.01M | Scene, ViewLayer | Updating Objects
Fra:1 Mem:16.56M (Peak 43.84M) | Time:00:00.65 | Mem:0.01M, Peak:0.01M | Scene, ViewLayer | Updating Objects | Copying Transformations to device
Fra:1 Mem:16.56M (Peak 43.84M) | Time:00:00.65 | Mem:0.01M, Peak:0.01M | Scene, ViewLayer | Updating Particle Systems
Fra:1 Mem:16.56M (Peak 43.84M) | Time:00:00.65 | Mem:0.01M, Peak:0.01M | Scene, ViewLayer | Updating Particle Systems | Copying Particles to device
Fra:1 Mem:16.56M (Peak 43.84M) | Time:00:00.65 | Mem:0.01M, Peak:0.01M | Scene, ViewLayer | Updating Meshes
Fra:1 Mem:17.68M (Peak 43.84M) | Time:00:00.67 | Mem:0.01M, Peak:0.01M | Scene, ViewLayer | Updating Objects | Applying Static Transformations
Fra:1 Mem:17.68M (Peak 43.84M) | Time:00:00.67 | Mem:0.01M, Peak:0.01M | Scene, ViewLayer | Updating Mesh | Computing attributes
Fra:1 Mem:19.17M (Peak 43.84M) | Time:00:00.68 | Mem:0.01M, Peak:0.01M | Scene, ViewLayer | Updating Mesh | Copying Attributes to device
Fra:1 Mem:19.17M (Peak 43.84M) | Time:00:00.69 | Mem:1.50M, Peak:1.50M | Scene, ViewLayer | Updating Geometry BVH light 5/4 | Building BVH
Fra:1 Mem:19.17M (Peak 43.84M) | Time:00:00.69 | Mem:1.50M, Peak:1.50M | Scene, ViewLayer | Updating Geometry BVH Continuous pressure fuselage.016 4/4 | Building OptiX acceleration structure
Fra:1 Mem:19.17M (Peak 43.84M) | Time:00:00.70 | Mem:1.98M, Peak:3.46M | Scene, ViewLayer | Updating Scene BVH | Building
Fra:1 Mem:19.17M (Peak 43.84M) | Time:00:00.70 | Mem:1.98M, Peak:3.46M | Scene, ViewLayer | Updating Scene BVH | Building OptiX acceleration structure
Fra:1 Mem:19.17M (Peak 43.84M) | Time:00:00.70 | Mem:1.99M, Peak:3.46M | Scene, ViewLayer | Updating Scene BVH | Copying BVH to device
Fra:1 Mem:19.17M (Peak 43.84M) | Time:00:00.70 | Mem:1.99M, Peak:3.46M | Scene, ViewLayer | Updating Mesh | Computing normals
Fra:1 Mem:19.76M (Peak 43.84M) | Time:00:00.71 | Mem:1.99M, Peak:3.46M | Scene, ViewLayer | Updating Mesh | Copying Mesh to device
Fra:1 Mem:19.76M (Peak 43.84M) | Time:00:00.71 | Mem:2.58M, Peak:3.46M | Scene, ViewLayer | Updating Objects Flags
Fra:1 Mem:19.76M (Peak 43.84M) | Time:00:00.72 | Mem:2.58M, Peak:3.46M | Scene, ViewLayer | Updating Primitive Offsets
Fra:1 Mem:19.76M (Peak 43.84M) | Time:00:00.72 | Mem:2.58M, Peak:3.46M | Scene, ViewLayer | Updating Images
Fra:1 Mem:19.76M (Peak 43.84M) | Time:00:00.72 | Mem:2.58M, Peak:3.46M | Scene, ViewLayer | Updating Images | Loading panel-normal.png
Fra:1 Mem:23.76M (Peak 43.84M) | Time:00:00.72 | Mem:2.58M, Peak:3.46M | Scene, ViewLayer | Updating Images | Loading paint-orm.png
Fra:1 Mem:35.77M (Peak 43.84M) | Time:00:00.75 | Mem:18.58M, Peak:18.58M | Scene, ViewLayer | Updating Camera Volume
Fra:1 Mem:35.77M (Peak 43.84M) | Time:00:00.75 | Mem:18.58M, Peak:18.58M | Scene, ViewLayer | Updating Lookup Tables
Fra:1 Mem:35.77M (Peak 43.84M) | Time:00:00.75 | Mem:18.66M, Peak:18.66M | Scene, ViewLayer | Updating Lights
Fra:1 Mem:35.77M (Peak 43.84M) | Time:00:00.75 | Mem:18.66M, Peak:18.66M | Scene, ViewLayer | Updating Lights | Computing tree
Fra:1 Mem:36.03M (Peak 43.84M) | Time:00:00.77 | Mem:18.92M, Peak:18.92M | Scene, ViewLayer | Updating Integrator
Fra:1 Mem:36.03M (Peak 43.84M) | Time:00:00.77 | Mem:18.92M, Peak:18.92M | Scene, ViewLayer | Updating Film
Fra:1 Mem:36.03M (Peak 43.84M) | Time:00:00.77 | Mem:18.84M, Peak:18.92M | Scene, ViewLayer | Updating Lookup Tables
Fra:1 Mem:36.03M (Peak 43.84M) | Time:00:00.77 | Mem:18.92M, Peak:18.92M | Scene, ViewLayer | Updating Baking
Fra:1 Mem:36.03M (Peak 43.84M) | Time:00:00.77 | Mem:18.92M, Peak:18.92M | Scene, ViewLayer | Updating Device | Writing constant memory
Fra:1 Mem:36.04M (Peak 43.84M) | Time:00:00.78 | Mem:18.92M, Peak:18.92M | Scene, ViewLayer | Loading denoising kernels (may take a few minutes the first time)
Fra:1 Mem:40.04M (Peak 43.84M) | Time:00:00.81 | Mem:370.92M, Peak:370.92M | Scene, ViewLayer | Sample 0/24
Fra:1 Mem:116.04M (Peak 116.04M) | Time:00:17.06 | Remaining:06:13.57 | Mem:446.94M, Peak:446.94M | Scene, ViewLayer | Sample 1/24
Fra:1 Mem:116.04M (Peak 116.04M) | Time:00:18.49 | Remaining:00:03.53 | Mem:446.94M, Peak:446.94M | Scene, ViewLayer | Sample 20/24
Fra:1 Mem:148.05M (Peak 196.05M) | Time:00:27.20 | Mem:446.94M, Peak:446.94M | Scene, ViewLayer | Sample 24/24
Fra:1 Mem:148.05M (Peak 196.05M) | Time:00:27.20 | Mem:446.94M, Peak:446.94M | Scene, ViewLayer | Finished
Saved: 'D:\vibe-coding-e\nova-swarm-forum-129-improvements-20260822\docs\fleet-art-v2\ships\20\export\showroom.png'
Time: 00:27.50 (Saving: 00:00.14)

Fra:1 Mem:15.59M (Peak 15.59M) | Time:00:00.45 | Mem:0.00M, Peak:0.00M | Scene, ViewLayer | Synchronizing object | QuartzNeedleV2
Fra:1 Mem:16.66M (Peak 16.66M) | Time:00:00.45 | Mem:0.00M, Peak:0.00M | Scene, ViewLayer | Synchronizing object | Broad neutral key
Fra:1 Mem:17.24M (Peak 17.24M) | Time:00:00.46 | Mem:0.00M, Peak:0.00M | Scene, ViewLayer | Synchronizing object | Neutral fill
Fra:1 Mem:16.94M (Peak 18.59M) | Time:00:00.47 | Mem:0.00M, Peak:0.00M | Scene, ViewLayer | Initializing
Fra:1 Mem:16.47M (Peak 18.59M) | Time:00:00.47 | Mem:0.00M, Peak:0.00M | Scene, ViewLayer | Waiting for render to start
Fra:1 Mem:16.47M (Peak 18.59M) | Time:00:00.47 | Mem:0.00M, Peak:0.00M | Scene, ViewLayer | Updating Scene
Fra:1 Mem:16.47M (Peak 18.59M) | Time:00:00.47 | Mem:0.00M, Peak:0.00M | Scene, ViewLayer | Updating Shaders
Fra:1 Mem:16.47M (Peak 18.59M) | Time:00:00.47 | Mem:0.00M, Peak:0.00M | Scene, ViewLayer | Loading render kernels (may take a few minutes the first time)
Fra:1 Mem:16.56M (Peak 43.84M) | Time:00:00.82 | Mem:0.01M, Peak:0.01M | Scene, ViewLayer | Updating Procedurals
Fra:1 Mem:16.56M (Peak 43.84M) | Time:00:00.82 | Mem:0.01M, Peak:0.01M | Scene, ViewLayer | Updating Background
Fra:1 Mem:16.56M (Peak 43.84M) | Time:00:00.82 | Mem:0.01M, Peak:0.01M | Scene, ViewLayer | Updating Camera
Fra:1 Mem:16.56M (Peak 43.84M) | Time:00:00.82 | Mem:0.01M, Peak:0.01M | Scene, ViewLayer | Updating Meshes Flags
Fra:1 Mem:16.56M (Peak 43.84M) | Time:00:00.82 | Mem:0.01M, Peak:0.01M | Scene, ViewLayer | Updating Objects
Fra:1 Mem:16.56M (Peak 43.84M) | Time:00:00.82 | Mem:0.01M, Peak:0.01M | Scene, ViewLayer | Updating Objects | Copying Transformations to device
Fra:1 Mem:16.56M (Peak 43.84M) | Time:00:00.82 | Mem:0.01M, Peak:0.01M | Scene, ViewLayer | Updating Particle Systems
Fra:1 Mem:16.56M (Peak 43.84M) | Time:00:00.82 | Mem:0.01M, Peak:0.01M | Scene, ViewLayer | Updating Particle Systems | Copying Particles to device
Fra:1 Mem:16.56M (Peak 43.84M) | Time:00:00.82 | Mem:0.01M, Peak:0.01M | Scene, ViewLayer | Updating Meshes
Fra:1 Mem:17.68M (Peak 43.84M) | Time:00:00.86 | Mem:0.01M, Peak:0.01M | Scene, ViewLayer | Updating Objects | Applying Static Transformations
Fra:1 Mem:17.68M (Peak 43.84M) | Time:00:00.86 | Mem:0.01M, Peak:0.01M | Scene, ViewLayer | Updating Mesh | Computing attributes
Fra:1 Mem:19.17M (Peak 43.84M) | Time:00:00.86 | Mem:0.01M, Peak:0.01M | Scene, ViewLayer | Updating Mesh | Copying Attributes to device
Fra:1 Mem:19.17M (Peak 43.84M) | Time:00:00.86 | Mem:1.50M, Peak:1.50M | Scene, ViewLayer | Updating Geometry BVH light 5/4 | Building BVH
Fra:1 Mem:19.17M (Peak 43.84M) | Time:00:00.86 | Mem:1.50M, Peak:1.50M | Scene, ViewLayer | Updating Geometry BVH light 5/4 | Building OptiX acceleration structure
Fra:1 Mem:19.17M (Peak 43.84M) | Time:00:00.86 | Mem:1.50M, Peak:1.50M | Scene, ViewLayer | Updating Geometry BVH Continuous pressure fuselage.016 4/4 | Building BVH
Fra:1 Mem:19.17M (Peak 43.84M) | Time:00:00.86 | Mem:1.50M, Peak:1.50M | Scene, ViewLayer | Updating Geometry BVH Continuous pressure fuselage.016 4/4 | Building OptiX acceleration structure
Fra:1 Mem:19.59M (Peak 43.84M) | Time:00:00.86 | Mem:1.50M, Peak:1.50M | Scene, ViewLayer | Updating Geometry BVH Broad neutral key 2/4 | Building BVH
Fra:1 Mem:19.59M (Peak 43.84M) | Time:00:00.86 | Mem:1.50M, Peak:1.50M | Scene, ViewLayer | Updating Geometry BVH Broad neutral key 2/4 | Building OptiX acceleration structure
Fra:1 Mem:19.59M (Peak 43.84M) | Time:00:00.86 | Mem:1.73M, Peak:1.73M | Scene, ViewLayer | Updating Geometry BVH Neutral fill 3/4 | Building BVH
Fra:1 Mem:19.59M (Peak 43.84M) | Time:00:00.86 | Mem:1.73M, Peak:1.73M | Scene, ViewLayer | Updating Geometry BVH Neutral fill 3/4 | Building OptiX acceleration structure
Fra:1 Mem:19.17M (Peak 43.84M) | Time:00:00.86 | Mem:1.98M, Peak:3.46M | Scene, ViewLayer | Updating Scene BVH | Building
Fra:1 Mem:19.17M (Peak 43.84M) | Time:00:00.86 | Mem:1.98M, Peak:3.46M | Scene, ViewLayer | Updating Scene BVH | Building OptiX acceleration structure
Fra:1 Mem:19.17M (Peak 43.84M) | Time:00:00.87 | Mem:1.99M, Peak:3.46M | Scene, ViewLayer | Updating Scene BVH | Copying BVH to device
Fra:1 Mem:19.17M (Peak 43.84M) | Time:00:00.87 | Mem:1.99M, Peak:3.46M | Scene, ViewLayer | Updating Mesh | Computing normals
Fra:1 Mem:19.76M (Peak 43.84M) | Time:00:00.87 | Mem:1.99M, Peak:3.46M | Scene, ViewLayer | Updating Mesh | Copying Mesh to device
Fra:1 Mem:19.76M (Peak 43.84M) | Time:00:00.87 | Mem:2.58M, Peak:3.46M | Scene, ViewLayer | Updating Objects Flags
Fra:1 Mem:19.76M (Peak 43.84M) | Time:00:00.87 | Mem:2.58M, Peak:3.46M | Scene, ViewLayer | Updating Primitive Offsets
Fra:1 Mem:19.76M (Peak 43.84M) | Time:00:00.87 | Mem:2.58M, Peak:3.46M | Scene, ViewLayer | Updating Images
Fra:1 Mem:19.76M (Peak 43.84M) | Time:00:00.87 | Mem:2.58M, Peak:3.46M | Scene, ViewLayer | Updating Images | Loading panel-normal.png
Fra:1 Mem:23.76M (Peak 43.84M) | Time:00:00.88 | Mem:2.58M, Peak:3.46M | Scene, ViewLayer | Updating Images | Loading white-basecolor.png
Fra:1 Mem:27.76M (Peak 43.84M) | Time:00:00.89 | Mem:2.58M, Peak:3.46M | Scene, ViewLayer | Updating Images | Loading cobalt-basecolor.png
Fra:1 Mem:31.77M (Peak 43.84M) | Time:00:00.90 | Mem:6.58M, Peak:6.58M | Scene, ViewLayer | Updating Images | Loading paint-orm.png
Fra:1 Mem:35.77M (Peak 43.84M) | Time:00:00.93 | Mem:18.58M, Peak:18.58M | Scene, ViewLayer | Updating Camera Volume
Fra:1 Mem:35.77M (Peak 43.84M) | Time:00:00.93 | Mem:18.58M, Peak:18.58M | Scene, ViewLayer | Updating Lookup Tables
Fra:1 Mem:35.77M (Peak 43.84M) | Time:00:00.93 | Mem:18.66M, Peak:18.66M | Scene, ViewLayer | Updating Lights
Fra:1 Mem:35.77M (Peak 43.84M) | Time:00:00.94 | Mem:18.66M, Peak:18.66M | Scene, ViewLayer | Updating Lights | Computing tree
Fra:1 Mem:36.03M (Peak 43.84M) | Time:00:00.95 | Mem:18.92M, Peak:18.92M | Scene, ViewLayer | Updating Integrator
Fra:1 Mem:36.03M (Peak 43.84M) | Time:00:00.95 | Mem:18.92M, Peak:18.92M | Scene, ViewLayer | Updating Film
Fra:1 Mem:36.03M (Peak 43.84M) | Time:00:00.95 | Mem:18.84M, Peak:18.92M | Scene, ViewLayer | Updating Lookup Tables
Fra:1 Mem:36.03M (Peak 43.84M) | Time:00:00.96 | Mem:18.92M, Peak:18.92M | Scene, ViewLayer | Updating Baking
Fra:1 Mem:36.03M (Peak 43.84M) | Time:00:00.96 | Mem:18.92M, Peak:18.92M | Scene, ViewLayer | Updating Device | Writing constant memory
Fra:1 Mem:36.04M (Peak 43.84M) | Time:00:00.96 | Mem:18.92M, Peak:18.92M | Scene, ViewLayer | Loading denoising kernels (may take a few minutes the first time)
Fra:1 Mem:40.04M (Peak 43.84M) | Time:00:01.06 | Mem:370.92M, Peak:370.92M | Scene, ViewLayer | Sample 0/24
Fra:1 Mem:59.04M (Peak 59.04M) | Time:00:01.11 | Remaining:00:01.02 | Mem:389.94M, Peak:389.94M | Scene, ViewLayer | Sample 1/24
Fra:1 Mem:67.05M (Peak 79.05M) | Time:00:02.89 | Mem:389.94M, Peak:389.94M | Scene, ViewLayer | Sample 24/24
Fra:1 Mem:67.05M (Peak 79.05M) | Time:00:02.89 | Mem:389.94M, Peak:389.94M | Scene, ViewLayer | Finished
Saved: 'D:\vibe-coding-e\nova-swarm-forum-129-improvements-20260822\docs\fleet-art-v2\ships\20\export\player.png'
Time: 00:03.14 (Saving: 00:00.07)


FLEET_V2_COMPLETE 20 Quartz Needle
Read blend: "D:\vibe-coding-e\nova-swarm-forum-129-improvements-20260822\docs\fleet-art-v2\ships\21\source.blend"
Fra:1 Mem:14.64M (Peak 14.64M) | Time:00:00.40 | Mem:0.00M, Peak:0.00M | Scene, ViewLayer | Synchronizing object | Broad neutral key
Fra:1 Mem:14.64M (Peak 14.64M) | Time:00:00.40 | Mem:0.00M, Peak:0.00M | Scene, ViewLayer | Synchronizing object | Neutral fill
Fra:1 Mem:14.96M (Peak 14.96M) | Time:00:00.47 | Mem:0.00M, Peak:0.00M | Scene, ViewLayer | Synchronizing object | Continuous pressure fuselage
Fra:1 Mem:15.81M (Peak 15.81M) | Time:00:00.53 | Mem:0.00M, Peak:0.00M | Scene, ViewLayer | Synchronizing object | Cockpit integrated coaming
Fra:1 Mem:16.34M (Peak 16.34M) | Time:00:00.60 | Mem:0.00M, Peak:0.00M | Scene, ViewLayer | Synchronizing object | Pressure canopy glazing
Fra:1 Mem:16.34M (Peak 16.34M) | Time:00:00.60 | Mem:0.00M, Peak:0.00M | Scene, ViewLayer | Synchronizing object | Canopy lower frame
Fra:1 Mem:16.62M (Peak 16.62M) | Time:00:00.60 | Mem:0.00M, Peak:0.00M | Scene, ViewLayer | Synchronizing object | Canopy lower frame.001
Fra:1 Mem:16.62M (Peak 16.62M) | Time:00:00.60 | Mem:0.00M, Peak:0.00M | Scene, ViewLayer | Synchronizing object | Canopy pressure bow
Fra:1 Mem:16.66M (Peak 16.66M) | Time:00:00.60 | Mem:0.00M, Peak:0.00M | Scene, ViewLayer | Synchronizing object | Integrated lifting hull
Fra:1 Mem:16.68M (Peak 16.68M) | Time:00:00.60 | Mem:0.00M, Peak:0.00M | Scene, ViewLayer | Synchronizing object | Nozzle petal seam
Fra:1 Mem:16.68M (Peak 16.68M) | Time:00:00.60 | Mem:0.00M, Peak:0.00M | Scene, ViewLayer | Synchronizing object | Integrated propulsion nacelle
Fra:1 Mem:16.74M (Peak 16.74M) | Time:00:00.60 | Mem:0.00M, Peak:0.00M | Scene, ViewLayer | Synchronizing object | Contoured expansion nozzle
Fra:1 Mem:16.78M (Peak 16.78M) | Time:00:00.60 | Mem:0.00M, Peak:0.00M | Scene, ViewLayer | Synchronizing object | Nozzle petal seam.002
Fra:1 Mem:16.78M (Peak 16.78M) | Time:00:00.60 | Mem:0.00M, Peak:0.00M | Scene, ViewLayer | Synchronizing object | Nozzle petal seam.003
Fra:1 Mem:16.79M (Peak 16.79M) | Time:00:00.60 | Mem:0.00M, Peak:0.00M | Scene, ViewLayer | Synchronizing object | Nozzle petal seam.004
Fra:1 Mem:16.79M (Peak 16.79M) | Time:00:00.60 | Mem:0.00M, Peak:0.00M | Scene, ViewLayer | Synchronizing object | Nozzle petal seam.005
Fra:1 Mem:16.80M (Peak 16.80M) | Time:00:00.60 | Mem:0.00M, Peak:0.00M | Scene, ViewLayer | Synchronizing object | Nozzle petal seam.006
Fra:1 Mem:16.81M (Peak 16.80M) | Time:00:00.60 | Mem:0.00M, Peak:0.00M | Scene, ViewLayer | Synchronizing object | Nozzle petal seam.007
Fra:1 Mem:16.79M (Peak 16.80M) | Time:00:00.60 | Mem:0.00M, Peak:0.00M | Scene, ViewLayer | Synchronizing object | Nozzle petal seam.008
Fra:1 Mem:16.79M (Peak 16.80M) | Time:00:00.60 | Mem:0.00M, Peak:0.00M | Scene, ViewLayer | Synchronizing object | Nozzle petal seam.009
Fra:1 Mem:16.80M (Peak 16.80M) | Time:00:00.60 | Mem:0.00M, Peak:0.00M | Scene, ViewLayer | Synchronizing object | Nozzle petal seam.010
Fra:1 Mem:16.80M (Peak 16.80M) | Time:00:00.60 | Mem:0.00M, Peak:0.00M | Scene, ViewLayer | Synchronizing object | Nozzle petal seam.011
Fra:1 Mem:16.80M (Peak 16.80M) | Time:00:00.60 | Mem:0.00M, Peak:0.00M | Scene, ViewLayer | Synchronizing object | Deep ion throat
Fra:1 Mem:16.86M (Peak 16.86M) | Time:00:00.60 | Mem:0.00M, Peak:0.00M | Scene, ViewLayer | Synchronizing object | Deep intake duct
Fra:1 Mem:16.96M (Peak 16.96M) | Time:00:00.62 | Mem:0.00M, Peak:0.00M | Scene, ViewLayer | Synchronizing object | Recessed accelerator channel
Fra:1 Mem:16.96M (Peak 16.96M) | Time:00:00.62 | Mem:0.00M, Peak:0.00M | Scene, ViewLayer | Synchronizing object | Nozzle petal seam.012
Fra:1 Mem:16.96M (Peak 16.96M) | Time:00:00.62 | Mem:0.00M, Peak:0.00M | Scene, ViewLayer | Synchronizing object | Nozzle petal seam.013
Fra:1 Mem:16.96M (Peak 16.96M) | Time:00:00.62 | Mem:0.00M, Peak:0.00M | Scene, ViewLayer | Synchronizing object | Nozzle petal seam.014
Fra:1 Mem:16.97M (Peak 16.97M) | Time:00:00.62 | Mem:0.00M, Peak:0.00M | Scene, ViewLayer | Synchronizing object | Nozzle petal seam.015
Fra:1 Mem:16.97M (Peak 16.97M) | Time:00:00.62 | Mem:0.00M, Peak:0.00M | Scene, ViewLayer | Synchronizing object | Nozzle petal seam.016
Fra:1 Mem:16.97M (Peak 16.97M) | Time:00:00.62 | Mem:0.00M, Peak:0.00M | Scene, ViewLayer | Synchronizing object | Nozzle petal seam.017
Fra:1 Mem:16.97M (Peak 16.97M) | Time:00:00.62 | Mem:0.00M, Peak:0.00M | Scene, ViewLayer | Synchronizing object | Nozzle petal seam.018
Fra:1 Mem:16.97M (Peak 16.97M) | Time:00:00.62 | Mem:0.00M, Peak:0.00M | Scene, ViewLayer | Synchronizing object | Nozzle petal seam.019
Fra:1 Mem:16.98M (Peak 16.98M) | Time:00:00.62 | Mem:0.00M, Peak:0.00M | Scene, ViewLayer | Synchronizing object | Nozzle petal seam.020
Fra:1 Mem:16.98M (Peak 16.98M) | Time:00:00.62 | Mem:0.00M, Peak:0.00M | Scene, ViewLayer | Synchronizing object | Nozzle petal seam.021
Fra:1 Mem:16.98M (Peak 16.98M) | Time:00:00.62 | Mem:0.00M, Peak:0.00M | Scene, ViewLayer | Synchronizing object | Nozzle petal seam.022
Fra:1 Mem:16.98M (Peak 16.98M) | Time:00:00.62 | Mem:0.00M, Peak:0.00M | Scene, ViewLayer | Synchronizing object | Nozzle petal seam.023
Fra:1 Mem:16.98M (Peak 16.98M) | Time:00:00.63 | Mem:0.00M, Peak:0.00M | Scene, ViewLayer | Synchronizing object | Blended structural fairing
Fra:1 Mem:17.15M (Peak 17.15M) | Time:00:00.63 | Mem:0.00M, Peak:0.00M | Scene, ViewLayer | Synchronizing object | Integrated lifting hull.001
Fra:1 Mem:17.20M (Peak 17.20M) | Time:00:00.63 | Mem:0.00M, Peak:0.00M | Scene, ViewLayer | Synchronizing object | Integrated propulsion nacelle.001
Fra:1 Mem:17.23M (Peak 17.23M) | Time:00:00.64 | Mem:0.00M, Peak:0.00M | Scene, ViewLayer | Synchronizing object | Contoured expansion nozzle.001
Fra:1 Mem:17.25M (Peak 17.25M) | Time:00:00.64 | Mem:0.00M, Peak:0.00M | Scene, ViewLayer | Synchronizing object | Deep ion throat.001
Fra:1 Mem:17.31M (Peak 17.31M) | Time:00:00.64 | Mem:0.00M, Peak:0.00M | Scene, ViewLayer | Synchronizing object | Deep intake duct.001
Fra:1 Mem:17.41M (Peak 17.41M) | Time:00:00.65 | Mem:0.00M, Peak:0.00M | Scene, ViewLayer | Synchronizing object | Recessed accelerator channel.001
Fra:1 Mem:17.41M (Peak 17.41M) | Time:00:00.65 | Mem:0.00M, Peak:0.00M | Scene, ViewLayer | Synchronizing object | Blended structural fairing.001
Fra:1 Mem:17.58M (Peak 17.58M) | Time:00:00.65 | Mem:0.00M, Peak:0.00M | Scene, ViewLayer | Initializing
Fra:1 Mem:13.94M (Peak 17.58M) | Time:00:00.66 | Mem:0.00M, Peak:0.00M | Scene, ViewLayer | Waiting for render to start
Fra:1 Mem:13.94M (Peak 17.58M) | Time:00:00.66 | Mem:0.00M, Peak:0.00M | Scene, ViewLayer | Updating Scene
Fra:1 Mem:13.94M (Peak 17.58M) | Time:00:00.66 | Mem:0.00M, Peak:0.00M | Scene, ViewLayer | Updating Shaders
Fra:1 Mem:13.94M (Peak 17.58M) | Time:00:00.66 | Mem:0.00M, Peak:0.00M | Scene, ViewLayer | Loading render kernels (may take a few minutes the first time)
Fra:1 Mem:14.03M (Peak 41.32M) | Time:00:01.44 | Mem:0.01M, Peak:0.01M | Scene, ViewLayer | Updating Procedurals
Fra:1 Mem:14.03M (Peak 41.32M) | Time:00:01.44 | Mem:0.01M, Peak:0.01M | Scene, ViewLayer | Updating Background
Fra:1 Mem:14.03M (Peak 41.32M) | Time:00:01.44 | Mem:0.01M, Peak:0.01M | Scene, ViewLayer | Updating Camera
Fra:1 Mem:14.03M (Peak 41.32M) | Time:00:01.44 | Mem:0.01M, Peak:0.01M | Scene, ViewLayer | Updating Meshes Flags
Fra:1 Mem:14.03M (Peak 41.32M) | Time:00:01.44 | Mem:0.01M, Peak:0.01M | Scene, ViewLayer | Updating Objects
Fra:1 Mem:14.03M (Peak 41.32M) | Time:00:01.44 | Mem:0.01M, Peak:0.01M | Scene, ViewLayer | Updating Objects | Copying Transformations to device
Fra:1 Mem:14.04M (Peak 41.32M) | Time:00:01.44 | Mem:0.02M, Peak:0.02M | Scene, ViewLayer | Updating Particle Systems
Fra:1 Mem:14.04M (Peak 41.32M) | Time:00:01.44 | Mem:0.02M, Peak:0.02M | Scene, ViewLayer | Updating Particle Systems | Copying Particles to device
Fra:1 Mem:14.04M (Peak 41.32M) | Time:00:01.44 | Mem:0.02M, Peak:0.02M | Scene, ViewLayer | Updating Meshes
Fra:1 Mem:14.69M (Peak 41.32M) | Time:00:01.46 | Mem:0.02M, Peak:0.02M | Scene, ViewLayer | Updating Objects | Applying Static Transformations
Fra:1 Mem:14.69M (Peak 41.32M) | Time:00:01.46 | Mem:0.02M, Peak:0.02M | Scene, ViewLayer | Updating Mesh | Computing attributes
Fra:1 Mem:15.63M (Peak 41.32M) | Time:00:01.46 | Mem:0.03M, Peak:0.03M | Scene, ViewLayer | Updating Mesh | Copying Attributes to device
Fra:1 Mem:15.63M (Peak 41.32M) | Time:00:01.46 | Mem:0.96M, Peak:0.96M | Scene, ViewLayer | Updating Geometry BVH light 48/47 | Building BVH
Fra:1 Mem:15.63M (Peak 41.32M) | Time:00:01.46 | Mem:0.96M, Peak:0.96M | Scene, ViewLayer | Updating Geometry BVH light 48/47 | Building OptiX acceleration structure
Fra:1 Mem:15.63M (Peak 41.32M) | Time:00:01.46 | Mem:0.96M, Peak:0.96M | Scene, ViewLayer | Updating Geometry BVH Recessed accelerator channel.001 47/47 | Building BVH
Fra:1 Mem:15.63M (Peak 41.32M) | Time:00:01.46 | Mem:0.96M, Peak:0.96M | Scene, ViewLayer | Updating Geometry BVH Recessed accelerator channel.001 47/47 | Building OptiX acceleration structure
Fra:1 Mem:15.63M (Peak 41.32M) | Time:00:01.46 | Mem:0.96M, Peak:0.97M | Scene, ViewLayer | Updating Geometry BVH Mesh 46/47 | Building BVH
Fra:1 Mem:15.63M (Peak 41.32M) | Time:00:01.46 | Mem:0.96M, Peak:0.97M | Scene, ViewLayer | Updating Geometry BVH Mesh 46/47 | Building OptiX acceleration structure
Fra:1 Mem:15.63M (Peak 41.32M) | Time:00:01.46 | Mem:1.00M, Peak:1.17M | Scene, ViewLayer | Updating Geometry BVH Deep intake duct.037 45/47 | Building BVH
Fra:1 Mem:15.63M (Peak 41.32M) | Time:00:01.46 | Mem:1.00M, Peak:1.17M | Scene, ViewLayer | Updating Geometry BVH Deep intake duct.037 45/47 | Building OptiX acceleration structure
Fra:1 Mem:15.63M (Peak 41.32M) | Time:00:01.46 | Mem:1.01M, Peak:1.17M | Scene, ViewLayer | Updating Geometry BVH Deep ion throat.073 44/47 | Building BVH
Fra:1 Mem:15.63M (Peak 41.32M) | Time:00:01.46 | Mem:1.01M, Peak:1.17M | Scene, ViewLayer | Updating Geometry BVH Deep ion throat.073 44/47 | Building OptiX acceleration structure
Fra:1 Mem:15.65M (Peak 41.32M) | Time:00:01.48 | Mem:1.07M, Peak:1.17M | Scene, ViewLayer | Updating Geometry BVH Broad neutral key 2/47 | Building BVH
Fra:1 Mem:15.65M (Peak 41.32M) | Time:00:01.48 | Mem:1.07M, Peak:1.17M | Scene, ViewLayer | Updating Geometry BVH Broad neutral key 2/47 | Building OptiX acceleration structure
Fra:1 Mem:15.65M (Peak 41.32M) | Time:00:01.50 | Mem:1.07M, Peak:1.17M | Scene, ViewLayer | Updating Geometry BVH Neutral fill 3/47 | Building BVH
Fra:1 Mem:15.65M (Peak 41.32M) | Time:00:01.50 | Mem:1.07M, Peak:1.17M | Scene, ViewLayer | Updating Geometry BVH Neutral fill 3/47 | Building OptiX acceleration structure
Fra:1 Mem:15.65M (Peak 41.32M) | Time:00:01.50 | Mem:1.07M, Peak:1.17M | Scene, ViewLayer | Updating Geometry BVH Mesh 4/47 | Building BVH
Fra:1 Mem:15.65M (Peak 41.32M) | Time:00:01.50 | Mem:1.07M, Peak:1.17M | Scene, ViewLayer | Updating Geometry BVH Mesh 4/47 | Building OptiX acceleration structure
Fra:1 Mem:15.75M (Peak 41.32M) | Time:00:01.51 | Mem:1.09M, Peak:1.17M | Scene, ViewLayer | Updating Geometry BVH Nozzle petal seam.887 43/47 | Building BVH
Fra:1 Mem:15.75M (Peak 41.32M) | Time:00:01.51 | Mem:1.09M, Peak:1.17M | Scene, ViewLayer | Updating Geometry BVH Nozzle petal seam.887 43/47 | Building OptiX acceleration structure
Fra:1 Mem:15.63M (Peak 41.32M) | Time:00:01.51 | Mem:1.18M, Peak:1.66M | Scene, ViewLayer | Updating Geometry BVH Mesh 5/47 | Building BVH
Fra:1 Mem:15.63M (Peak 41.32M) | Time:00:01.51 | Mem:1.19M, Peak:1.66M | Scene, ViewLayer | Updating Geometry BVH Mesh 5/47 | Building OptiX acceleration structure
Fra:1 Mem:15.71M (Peak 41.32M) | Time:00:01.51 | Mem:1.26M, Peak:1.66M | Scene, ViewLayer | Updating Geometry BVH Nozzle petal seam.886 42/47 | Building BVH
Fra:1 Mem:15.71M (Peak 41.32M) | Time:00:01.51 | Mem:1.44M, Peak:1.66M | Scene, ViewLayer | Updating Geometry BVH Nozzle petal seam.886 42/47 | Building OptiX acceleration structure
Fra:1 Mem:15.63M (Peak 41.32M) | Time:00:01.51 | Mem:1.28M, Peak:1.68M | Scene, ViewLayer | Updating Geometry BVH Mesh 6/47 | Building BVH
Fra:1 Mem:15.63M (Peak 41.32M) | Time:00:01.51 | Mem:1.28M, Peak:1.68M | Scene, ViewLayer | Updating Geometry BVH Mesh 6/47 | Building OptiX acceleration structure
Fra:1 Mem:15.71M (Peak 41.32M) | Time:00:01.51 | Mem:1.36M, Peak:1.68M | Scene, ViewLayer | Updating Geometry BVH Nozzle petal seam.885 41/47 | Building BVH
Fra:1 Mem:15.71M (Peak 41.32M) | Time:00:01.51 | Mem:1.78M, Peak:1.78M | Scene, ViewLayer | Updating Geometry BVH Nozzle petal seam.885 41/47 | Building OptiX acceleration structure
Fra:1 Mem:15.63M (Peak 41.32M) | Time:00:01.52 | Mem:1.38M, Peak:1.78M | Scene, ViewLayer | Updating Geometry BVH Canopy lower frame.034 7/47 | Building BVH
Fra:1 Mem:15.63M (Peak 41.32M) | Time:00:01.52 | Mem:1.39M, Peak:1.78M | Scene, ViewLayer | Updating Geometry BVH Canopy lower frame.034 7/47 | Building OptiX acceleration structure
Fra:1 Mem:15.63M (Peak 41.32M) | Time:00:01.52 | Mem:1.39M, Peak:1.78M | Scene, ViewLayer | Updating Geometry BVH Nozzle petal seam.884 40/47 | Building BVH
Fra:1 Mem:15.63M (Peak 41.32M) | Time:00:01.52 | Mem:1.40M, Peak:1.78M | Scene, ViewLayer | Updating Geometry BVH Nozzle petal seam.884 40/47 | Building OptiX acceleration structure
Fra:1 Mem:15.63M (Peak 41.32M) | Time:00:01.52 | Mem:1.39M, Peak:1.78M | Scene, ViewLayer | Updating Geometry BVH Canopy lower frame.035 8/47 | Building BVH
Fra:1 Mem:15.63M (Peak 41.32M) | Time:00:01.52 | Mem:1.39M, Peak:1.78M | Scene, ViewLayer | Updating Geometry BVH Canopy lower frame.035 8/47 | Building OptiX acceleration structure
Fra:1 Mem:15.63M (Peak 41.32M) | Time:00:01.52 | Mem:1.39M, Peak:1.78M | Scene, ViewLayer | Updating Geometry BVH Nozzle petal seam.883 39/47 | Building BVH
Fra:1 Mem:15.63M (Peak 41.32M) | Time:00:01.52 | Mem:1.39M, Peak:1.78M | Scene, ViewLayer | Updating Geometry BVH Nozzle petal seam.883 39/47 | Building OptiX acceleration structure
Fra:1 Mem:15.63M (Peak 41.32M) | Time:00:01.52 | Mem:1.39M, Peak:1.78M | Scene, ViewLayer | Updating Geometry BVH Canopy pressure bow.017 9/47 | Building BVH
Fra:1 Mem:15.63M (Peak 41.32M) | Time:00:01.52 | Mem:1.39M, Peak:1.78M | Scene, ViewLayer | Updating Geometry BVH Canopy pressure bow.017 9/47 | Building OptiX acceleration structure
Fra:1 Mem:15.63M (Peak 41.32M) | Time:00:01.52 | Mem:1.39M, Peak:1.78M | Scene, ViewLayer | Updating Geometry BVH Nozzle petal seam.882 38/47 | Building BVH
Fra:1 Mem:15.63M (Peak 41.32M) | Time:00:01.52 | Mem:1.39M, Peak:1.78M | Scene, ViewLayer | Updating Geometry BVH Nozzle petal seam.882 38/47 | Building OptiX acceleration structure
Fra:1 Mem:15.63M (Peak 41.32M) | Time:00:01.52 | Mem:1.39M, Peak:1.78M | Scene, ViewLayer | Updating Geometry BVH Integrated lifting hull.034 10/47 | Building BVH
Fra:1 Mem:15.63M (Peak 41.32M) | Time:00:01.52 | Mem:1.39M, Peak:1.78M | Scene, ViewLayer | Updating Geometry BVH Integrated lifting hull.034 10/47 | Building OptiX acceleration structure
Fra:1 Mem:15.64M (Peak 41.32M) | Time:00:01.52 | Mem:1.41M, Peak:1.78M | Scene, ViewLayer | Updating Geometry BVH Nozzle petal seam.881 37/47 | Building BVH
Fra:1 Mem:15.64M (Peak 41.32M) | Time:00:01.52 | Mem:1.43M, Peak:1.78M | Scene, ViewLayer | Updating Geometry BVH Nozzle petal seam.881 37/47 | Building OptiX acceleration structure
Fra:1 Mem:15.63M (Peak 41.32M) | Time:00:01.53 | Mem:1.41M, Peak:1.78M | Scene, ViewLayer | Updating Geometry BVH Nozzle petal seam.880 36/47 | Building BVH
Fra:1 Mem:15.63M (Peak 41.32M) | Time:00:01.53 | Mem:1.41M, Peak:1.78M | Scene, ViewLayer | Updating Geometry BVH Nozzle petal seam.880 36/47 | Building OptiX acceleration structure
Fra:1 Mem:15.63M (Peak 41.32M) | Time:00:01.57 | Mem:1.41M, Peak:1.78M | Scene, ViewLayer | Updating Geometry BVH Nozzle petal seam.879 35/47 | Building BVH
Fra:1 Mem:15.63M (Peak 41.32M) | Time:00:01.57 | Mem:1.41M, Peak:1.78M | Scene, ViewLayer | Updating Geometry BVH Nozzle petal seam.879 35/47 | Building OptiX acceleration structure
Fra:1 Mem:15.63M (Peak 41.32M) | Time:00:01.57 | Mem:1.41M, Peak:1.78M | Scene, ViewLayer | Updating Geometry BVH Integrated propulsion nacelle.036 11/47 | Building BVH
Fra:1 Mem:15.63M (Peak 41.32M) | Time:00:01.57 | Mem:1.41M, Peak:1.78M | Scene, ViewLayer | Updating Geometry BVH Integrated propulsion nacelle.036 11/47 | Building OptiX acceleration structure
Fra:1 Mem:15.63M (Peak 41.32M) | Time:00:01.57 | Mem:1.42M, Peak:1.78M | Scene, ViewLayer | Updating Geometry BVH Nozzle petal seam.878 34/47 | Building BVH
Fra:1 Mem:15.63M (Peak 41.32M) | Time:00:01.57 | Mem:1.45M, Peak:1.78M | Scene, ViewLayer | Updating Geometry BVH Nozzle petal seam.878 34/47 | Building OptiX acceleration structure
Fra:1 Mem:15.63M (Peak 41.32M) | Time:00:01.57 | Mem:1.42M, Peak:1.78M | Scene, ViewLayer | Updating Geometry BVH Contoured expansion nozzle.072 12/47 | Building BVH
Fra:1 Mem:15.63M (Peak 41.32M) | Time:00:01.57 | Mem:1.42M, Peak:1.78M | Scene, ViewLayer | Updating Geometry BVH Contoured expansion nozzle.072 12/47 | Building OptiX acceleration structure
Fra:1 Mem:15.63M (Peak 41.32M) | Time:00:01.57 | Mem:1.43M, Peak:1.78M | Scene, ViewLayer | Updating Geometry BVH Nozzle petal seam.877 33/47 | Building BVH
Fra:1 Mem:15.63M (Peak 41.32M) | Time:00:01.57 | Mem:1.43M, Peak:1.78M | Scene, ViewLayer | Updating Geometry BVH Nozzle petal seam.877 33/47 | Building OptiX acceleration structure
Fra:1 Mem:15.63M (Peak 41.32M) | Time:00:01.58 | Mem:1.43M, Peak:1.78M | Scene, ViewLayer | Updating Geometry BVH Nozzle petal seam.864 13/47 | Building BVH
Fra:1 Mem:15.63M (Peak 41.32M) | Time:00:01.58 | Mem:1.43M, Peak:1.78M | Scene, ViewLayer | Updating Geometry BVH Nozzle petal seam.864 13/47 | Building OptiX acceleration structure
Fra:1 Mem:15.63M (Peak 41.32M) | Time:00:01.58 | Mem:1.43M, Peak:1.78M | Scene, ViewLayer | Updating Geometry BVH Nozzle petal seam.876 32/47 | Building BVH
Fra:1 Mem:15.63M (Peak 41.32M) | Time:00:01.58 | Mem:1.43M, Peak:1.78M | Scene, ViewLayer | Updating Geometry BVH Nozzle petal seam.876 32/47 | Building OptiX acceleration structure
Fra:1 Mem:15.63M (Peak 41.32M) | Time:00:01.58 | Mem:1.43M, Peak:1.78M | Scene, ViewLayer | Updating Geometry BVH Nozzle petal seam.865 14/47 | Building BVH
Fra:1 Mem:15.63M (Peak 41.32M) | Time:00:01.58 | Mem:1.43M, Peak:1.78M | Scene, ViewLayer | Updating Geometry BVH Nozzle petal seam.865 14/47 | Building OptiX acceleration structure
Fra:1 Mem:15.63M (Peak 41.32M) | Time:00:01.58 | Mem:1.43M, Peak:1.78M | Scene, ViewLayer | Updating Geometry BVH Contoured expansion nozzle.073 31/47 | Building BVH
Fra:1 Mem:15.63M (Peak 41.32M) | Time:00:01.58 | Mem:1.44M, Peak:1.78M | Scene, ViewLayer | Updating Geometry BVH Contoured expansion nozzle.073 31/47 | Building OptiX acceleration structure
Fra:1 Mem:15.63M (Peak 41.32M) | Time:00:01.58 | Mem:1.44M, Peak:1.78M | Scene, ViewLayer | Updating Geometry BVH Nozzle petal seam.866 15/47 | Building BVH
Fra:1 Mem:15.63M (Peak 41.32M) | Time:00:01.58 | Mem:1.44M, Peak:1.78M | Scene, ViewLayer | Updating Geometry BVH Nozzle petal seam.866 15/47 | Building OptiX acceleration structure
Fra:1 Mem:15.63M (Peak 41.32M) | Time:00:01.59 | Mem:1.44M, Peak:1.78M | Scene, ViewLayer | Updating Geometry BVH Integrated propulsion nacelle.037 30/47 | Building BVH
Fra:1 Mem:15.63M (Peak 41.32M) | Time:00:01.59 | Mem:1.45M, Peak:1.78M | Scene, ViewLayer | Updating Geometry BVH Integrated propulsion nacelle.037 30/47 | Building OptiX acceleration structure
Fra:1 Mem:15.63M (Peak 41.32M) | Time:00:01.59 | Mem:1.45M, Peak:1.78M | Scene, ViewLayer | Updating Geometry BVH Nozzle petal seam.867 16/47 | Building BVH
Fra:1 Mem:15.63M (Peak 41.32M) | Time:00:01.59 | Mem:1.45M, Peak:1.78M | Scene, ViewLayer | Updating Geometry BVH Nozzle petal seam.867 16/47 | Building OptiX acceleration structure
Fra:1 Mem:15.63M (Peak 41.32M) | Time:00:01.59 | Mem:1.45M, Peak:1.78M | Scene, ViewLayer | Updating Geometry BVH Integrated lifting hull.035 29/47 | Building BVH
Fra:1 Mem:15.63M (Peak 41.32M) | Time:00:01.59 | Mem:1.45M, Peak:1.78M | Scene, ViewLayer | Updating Geometry BVH Integrated lifting hull.035 29/47 | Building OptiX acceleration structure
Fra:1 Mem:15.63M (Peak 41.32M) | Time:00:01.59 | Mem:1.46M, Peak:1.78M | Scene, ViewLayer | Updating Geometry BVH Recessed accelerator channel 28/47 | Building BVH
Fra:1 Mem:15.63M (Peak 41.32M) | Time:00:01.59 | Mem:1.46M, Peak:1.78M | Scene, ViewLayer | Updating Geometry BVH Recessed accelerator channel 28/47 | Building OptiX acceleration structure
Fra:1 Mem:15.63M (Peak 41.32M) | Time:00:01.59 | Mem:1.46M, Peak:1.78M | Scene, ViewLayer | Updating Geometry BVH Nozzle petal seam.868 17/47 | Building BVH
Fra:1 Mem:15.63M (Peak 41.32M) | Time:00:01.60 | Mem:1.46M, Peak:1.78M | Scene, ViewLayer | Updating Geometry BVH Nozzle petal seam.868 17/47 | Building OptiX acceleration structure
Fra:1 Mem:15.63M (Peak 41.32M) | Time:00:01.62 | Mem:1.46M, Peak:1.78M | Scene, ViewLayer | Updating Geometry BVH Nozzle petal seam.870 19/47 | Building BVH
Fra:1 Mem:15.63M (Peak 41.32M) | Time:00:01.62 | Mem:1.46M, Peak:1.78M | Scene, ViewLayer | Updating Geometry BVH Nozzle petal seam.869 18/47 | Building BVH
Fra:1 Mem:15.63M (Peak 41.32M) | Time:00:01.62 | Mem:1.46M, Peak:1.78M | Scene, ViewLayer | Updating Geometry BVH Nozzle petal seam.869 18/47 | Building OptiX acceleration structure
Fra:1 Mem:15.63M (Peak 41.32M) | Time:00:01.62 | Mem:1.46M, Peak:1.78M | Scene, ViewLayer | Updating Geometry BVH Nozzle petal seam.871 20/47 | Building BVH
Fra:1 Mem:15.63M (Peak 41.32M) | Time:00:01.62 | Mem:1.46M, Peak:1.78M | Scene, ViewLayer | Updating Geometry BVH Nozzle petal seam.871 20/47 | Building OptiX acceleration structure
Fra:1 Mem:15.63M (Peak 41.32M) | Time:00:01.62 | Mem:1.47M, Peak:1.78M | Scene, ViewLayer | Updating Geometry BVH Nozzle petal seam.872 21/47 | Building BVH
Fra:1 Mem:15.63M (Peak 41.32M) | Time:00:01.62 | Mem:1.47M, Peak:1.78M | Scene, ViewLayer | Updating Geometry BVH Nozzle petal seam.872 21/47 | Building OptiX acceleration structure
Fra:1 Mem:15.63M (Peak 41.32M) | Time:00:01.62 | Mem:1.47M, Peak:1.78M | Scene, ViewLayer | Updating Geometry BVH Nozzle petal seam.873 22/47 | Building BVH
Fra:1 Mem:15.63M (Peak 41.32M) | Time:00:01.62 | Mem:1.47M, Peak:1.78M | Scene, ViewLayer | Updating Geometry BVH Nozzle petal seam.873 22/47 | Building OptiX acceleration structure
Fra:1 Mem:15.63M (Peak 41.32M) | Time:00:01.62 | Mem:1.47M, Peak:1.78M | Scene, ViewLayer | Updating Geometry BVH Nozzle petal seam.874 23/47 | Building BVH
Fra:1 Mem:15.63M (Peak 41.32M) | Time:00:01.62 | Mem:1.47M, Peak:1.78M | Scene, ViewLayer | Updating Geometry BVH Nozzle petal seam.874 23/47 | Building OptiX acceleration structure
Fra:1 Mem:15.63M (Peak 41.32M) | Time:00:01.62 | Mem:1.47M, Peak:1.78M | Scene, ViewLayer | Updating Geometry BVH Mesh 27/47 | Building BVH
Fra:1 Mem:15.63M (Peak 41.32M) | Time:00:01.62 | Mem:1.48M, Peak:1.78M | Scene, ViewLayer | Updating Geometry BVH Mesh 27/47 | Building OptiX acceleration structure
Fra:1 Mem:15.66M (Peak 41.32M) | Time:00:01.62 | Mem:1.51M, Peak:1.78M | Scene, ViewLayer | Updating Geometry BVH Nozzle petal seam.875 24/47 | Building BVH
Fra:1 Mem:15.66M (Peak 41.32M) | Time:00:01.62 | Mem:1.51M, Peak:1.78M | Scene, ViewLayer | Updating Geometry BVH Nozzle petal seam.875 24/47 | Building OptiX acceleration structure
Fra:1 Mem:15.66M (Peak 41.32M) | Time:00:01.62 | Mem:1.50M, Peak:1.78M | Scene, ViewLayer | Updating Geometry BVH Deep ion throat.072 25/47 | Building BVH
Fra:1 Mem:15.66M (Peak 41.32M) | Time:00:01.62 | Mem:1.51M, Peak:1.78M | Scene, ViewLayer | Updating Geometry BVH Deep ion throat.072 25/47 | Building OptiX acceleration structure
Fra:1 Mem:15.68M (Peak 41.32M) | Time:00:01.62 | Mem:1.53M, Peak:1.78M | Scene, ViewLayer | Updating Geometry BVH Deep intake duct.036 26/47 | Building BVH
Fra:1 Mem:15.68M (Peak 41.32M) | Time:00:01.62 | Mem:1.53M, Peak:1.78M | Scene, ViewLayer | Updating Geometry BVH Deep intake duct.036 26/47 | Building OptiX acceleration structure
Fra:1 Mem:15.63M (Peak 41.32M) | Time:00:01.64 | Mem:1.53M, Peak:1.78M | Scene, ViewLayer | Updating Scene BVH | Building
Fra:1 Mem:15.63M (Peak 41.32M) | Time:00:01.64 | Mem:1.53M, Peak:1.78M | Scene, ViewLayer | Updating Scene BVH | Building OptiX acceleration structure
Fra:1 Mem:15.63M (Peak 41.32M) | Time:00:01.64 | Mem:1.54M, Peak:1.78M | Scene, ViewLayer | Updating Scene BVH | Copying BVH to device
Fra:1 Mem:15.63M (Peak 41.32M) | Time:00:01.64 | Mem:1.54M, Peak:1.78M | Scene, ViewLayer | Updating Mesh | Computing normals
Fra:1 Mem:16.29M (Peak 41.32M) | Time:00:01.65 | Mem:1.54M, Peak:1.78M | Scene, ViewLayer | Updating Mesh | Copying Mesh to device
Fra:1 Mem:16.29M (Peak 41.32M) | Time:00:01.65 | Mem:2.20M, Peak:2.20M | Scene, ViewLayer | Updating Objects Flags
Fra:1 Mem:16.29M (Peak 41.32M) | Time:00:01.65 | Mem:2.20M, Peak:2.20M | Scene, ViewLayer | Updating Primitive Offsets
Fra:1 Mem:16.29M (Peak 41.32M) | Time:00:01.65 | Mem:2.20M, Peak:2.20M | Scene, ViewLayer | Updating Images
Fra:1 Mem:16.29M (Peak 41.32M) | Time:00:01.65 | Mem:2.20M, Peak:2.20M | Scene, ViewLayer | Updating Images | Loading panel-normal.png
Fra:1 Mem:20.29M (Peak 41.32M) | Time:00:01.66 | Mem:2.20M, Peak:2.20M | Scene, ViewLayer | Updating Images | Loading cobalt-basecolor.png
Fra:1 Mem:24.29M (Peak 41.32M) | Time:00:01.67 | Mem:2.20M, Peak:2.20M | Scene, ViewLayer | Updating Images | Loading white-basecolor.png
Fra:1 Mem:24.29M (Peak 41.32M) | Time:00:01.67 | Mem:2.20M, Peak:2.20M | Scene, ViewLayer | Updating Images | Loading paint-orm.png
Fra:1 Mem:32.30M (Peak 41.32M) | Time:00:02.10 | Mem:18.20M, Peak:18.20M | Scene, ViewLayer | Updating Camera Volume
Fra:1 Mem:32.30M (Peak 41.32M) | Time:00:02.10 | Mem:18.20M, Peak:18.20M | Scene, ViewLayer | Updating Lookup Tables
Fra:1 Mem:32.30M (Peak 41.32M) | Time:00:02.10 | Mem:18.28M, Peak:18.28M | Scene, ViewLayer | Updating Lights
Fra:1 Mem:32.30M (Peak 41.32M) | Time:00:02.10 | Mem:18.28M, Peak:18.28M | Scene, ViewLayer | Updating Lights | Computing tree
Fra:1 Mem:32.50M (Peak 41.32M) | Time:00:02.11 | Mem:18.48M, Peak:18.48M | Scene, ViewLayer | Updating Integrator
Fra:1 Mem:32.50M (Peak 41.32M) | Time:00:02.11 | Mem:18.48M, Peak:18.48M | Scene, ViewLayer | Updating Film
Fra:1 Mem:32.50M (Peak 41.32M) | Time:00:02.11 | Mem:18.40M, Peak:18.48M | Scene, ViewLayer | Updating Lookup Tables
Fra:1 Mem:32.50M (Peak 41.32M) | Time:00:02.11 | Mem:18.48M, Peak:18.48M | Scene, ViewLayer | Updating Baking
Fra:1 Mem:32.50M (Peak 41.32M) | Time:00:02.11 | Mem:18.48M, Peak:18.48M | Scene, ViewLayer | Updating Device | Writing constant memory
Fra:1 Mem:32.50M (Peak 41.32M) | Time:00:02.11 | Mem:18.48M, Peak:18.48M | Scene, ViewLayer | Loading denoising kernels (may take a few minutes the first time)
Fra:1 Mem:36.50M (Peak 41.32M) | Time:00:02.26 | Mem:370.49M, Peak:370.49M | Scene, ViewLayer | Sample 0/24
Fra:1 Mem:83.47M (Peak 83.47M) | Time:00:02.30 | Remaining:00:00.96 | Mem:417.47M, Peak:417.47M | Scene, ViewLayer | Sample 1/24
Fra:1 Mem:103.26M (Peak 132.92M) | Time:00:07.51 | Mem:417.47M, Peak:417.47M | Scene, ViewLayer | Sample 24/24
Fra:1 Mem:103.26M (Peak 132.92M) | Time:00:07.51 | Mem:417.47M, Peak:417.47M | Scene, ViewLayer | Finished
Saved: 'D:\vibe-coding-e\nova-swarm-forum-129-improvements-20260822\docs\fleet-art-v2\ships\21\surfaced.png'
Time: 00:07.92 (Saving: 00:00.21)

Info: Saved as "source.blend"
17:10:48 | INFO: Starting glTF 2.0 export
17:10:49 | INFO: Extracting primitive: Continuous pressure fuselage.017
17:10:49 | WARNING: More than one shader node tex image used for a texture. The resulting glTF sampler will behave like the first shader node tex image.
17:10:49 | WARNING: More than one shader node tex image used for a texture. The resulting glTF sampler will behave like the first shader node tex image.
17:10:49 | INFO: Primitives created: 6
17:10:49 | INFO: Finished glTF 2.0 export in 0.28007984161376953 s
Fra:1 Mem:15.31M (Peak 30.81M) | Time:00:00.59 | Mem:0.00M, Peak:0.00M | Scene, ViewLayer | Synchronizing object | ChromeRailV2
Fra:1 Mem:17.25M (Peak 30.81M) | Time:00:00.60 | Mem:0.00M, Peak:0.00M | Scene, ViewLayer | Synchronizing object | Broad neutral key
Fra:1 Mem:17.25M (Peak 30.81M) | Time:00:00.60 | Mem:0.00M, Peak:0.00M | Scene, ViewLayer | Synchronizing object | Neutral fill
Fra:1 Mem:16.95M (Peak 30.81M) | Time:00:00.63 | Mem:0.00M, Peak:0.00M | Scene, ViewLayer | Initializing
Fra:1 Mem:16.48M (Peak 30.81M) | Time:00:00.63 | Mem:0.00M, Peak:0.00M | Scene, ViewLayer | Waiting for render to start
Fra:1 Mem:16.48M (Peak 30.81M) | Time:00:00.63 | Mem:0.00M, Peak:0.00M | Scene, ViewLayer | Updating Scene
Fra:1 Mem:16.48M (Peak 30.81M) | Time:00:00.63 | Mem:0.00M, Peak:0.00M | Scene, ViewLayer | Updating Shaders
Fra:1 Mem:16.48M (Peak 30.81M) | Time:00:00.63 | Mem:0.00M, Peak:0.00M | Scene, ViewLayer | Loading render kernels (may take a few minutes the first time)
Fra:1 Mem:16.57M (Peak 43.86M) | Time:00:01.10 | Mem:0.01M, Peak:0.01M | Scene, ViewLayer | Updating Procedurals
Fra:1 Mem:16.57M (Peak 43.86M) | Time:00:01.10 | Mem:0.01M, Peak:0.01M | Scene, ViewLayer | Updating Background
Fra:1 Mem:16.57M (Peak 43.86M) | Time:00:01.10 | Mem:0.01M, Peak:0.01M | Scene, ViewLayer | Updating Camera
Fra:1 Mem:16.57M (Peak 43.86M) | Time:00:01.10 | Mem:0.01M, Peak:0.01M | Scene, ViewLayer | Updating Meshes Flags
Fra:1 Mem:16.57M (Peak 43.86M) | Time:00:01.10 | Mem:0.01M, Peak:0.01M | Scene, ViewLayer | Updating Objects
Fra:1 Mem:16.57M (Peak 43.86M) | Time:00:01.10 | Mem:0.01M, Peak:0.01M | Scene, ViewLayer | Updating Objects | Copying Transformations to device
Fra:1 Mem:16.57M (Peak 43.86M) | Time:00:01.10 | Mem:0.01M, Peak:0.01M | Scene, ViewLayer | Updating Particle Systems
Fra:1 Mem:16.57M (Peak 43.86M) | Time:00:01.10 | Mem:0.01M, Peak:0.01M | Scene, ViewLayer | Updating Particle Systems | Copying Particles to device
Fra:1 Mem:16.57M (Peak 43.86M) | Time:00:01.10 | Mem:0.01M, Peak:0.01M | Scene, ViewLayer | Updating Meshes
Fra:1 Mem:17.69M (Peak 43.86M) | Time:00:01.15 | Mem:0.01M, Peak:0.01M | Scene, ViewLayer | Updating Objects | Applying Static Transformations
Fra:1 Mem:17.69M (Peak 43.86M) | Time:00:01.15 | Mem:0.01M, Peak:0.01M | Scene, ViewLayer | Updating Mesh | Computing attributes
Fra:1 Mem:19.18M (Peak 43.86M) | Time:00:01.16 | Mem:0.01M, Peak:0.01M | Scene, ViewLayer | Updating Mesh | Copying Attributes to device
Fra:1 Mem:19.18M (Peak 43.86M) | Time:00:01.17 | Mem:1.50M, Peak:1.50M | Scene, ViewLayer | Updating Geometry BVH light 5/4 | Building BVH
Fra:1 Mem:19.18M (Peak 43.86M) | Time:00:01.17 | Mem:1.50M, Peak:1.50M | Scene, ViewLayer | Updating Geometry BVH light 5/4 | Building OptiX acceleration structure
Fra:1 Mem:19.18M (Peak 43.86M) | Time:00:01.17 | Mem:1.50M, Peak:1.50M | Scene, ViewLayer | Updating Geometry BVH Continuous pressure fuselage.017 4/4 | Building BVH
Fra:1 Mem:19.18M (Peak 43.86M) | Time:00:01.17 | Mem:1.50M, Peak:1.50M | Scene, ViewLayer | Updating Geometry BVH Continuous pressure fuselage.017 4/4 | Building OptiX acceleration structure
Fra:1 Mem:19.18M (Peak 43.86M) | Time:00:01.17 | Mem:1.98M, Peak:3.46M | Scene, ViewLayer | Updating Geometry BVH Neutral fill 3/4 | Building BVH
Fra:1 Mem:19.18M (Peak 43.86M) | Time:00:01.17 | Mem:1.98M, Peak:3.46M | Scene, ViewLayer | Updating Geometry BVH Neutral fill 3/4 | Building OptiX acceleration structure
Fra:1 Mem:19.18M (Peak 43.86M) | Time:00:01.17 | Mem:1.98M, Peak:3.46M | Scene, ViewLayer | Updating Geometry BVH Broad neutral key 2/4 | Building BVH
Fra:1 Mem:19.18M (Peak 43.86M) | Time:00:01.17 | Mem:1.98M, Peak:3.46M | Scene, ViewLayer | Updating Geometry BVH Broad neutral key 2/4 | Building OptiX acceleration structure
Fra:1 Mem:19.18M (Peak 43.86M) | Time:00:01.17 | Mem:1.98M, Peak:3.46M | Scene, ViewLayer | Updating Scene BVH | Building
Fra:1 Mem:19.18M (Peak 43.86M) | Time:00:01.17 | Mem:1.98M, Peak:3.46M | Scene, ViewLayer | Updating Scene BVH | Building OptiX acceleration structure
Fra:1 Mem:19.18M (Peak 43.86M) | Time:00:01.17 | Mem:1.98M, Peak:3.46M | Scene, ViewLayer | Updating Scene BVH | Copying BVH to device
Fra:1 Mem:19.18M (Peak 43.86M) | Time:00:01.17 | Mem:1.98M, Peak:3.46M | Scene, ViewLayer | Updating Mesh | Computing normals
Fra:1 Mem:19.77M (Peak 43.86M) | Time:00:01.17 | Mem:1.98M, Peak:3.46M | Scene, ViewLayer | Updating Mesh | Copying Mesh to device
Fra:1 Mem:19.77M (Peak 43.86M) | Time:00:01.17 | Mem:2.57M, Peak:3.46M | Scene, ViewLayer | Updating Objects Flags
Fra:1 Mem:19.77M (Peak 43.86M) | Time:00:01.17 | Mem:2.57M, Peak:3.46M | Scene, ViewLayer | Updating Primitive Offsets
Fra:1 Mem:19.77M (Peak 43.86M) | Time:00:01.17 | Mem:2.57M, Peak:3.46M | Scene, ViewLayer | Updating Images
Fra:1 Mem:19.77M (Peak 43.86M) | Time:00:01.17 | Mem:2.57M, Peak:3.46M | Scene, ViewLayer | Updating Images | Loading panel-normal.png
Fra:1 Mem:23.77M (Peak 43.86M) | Time:00:01.20 | Mem:2.57M, Peak:3.46M | Scene, ViewLayer | Updating Images | Loading cobalt-basecolor.png
Fra:1 Mem:27.78M (Peak 43.86M) | Time:00:01.21 | Mem:6.57M, Peak:6.57M | Scene, ViewLayer | Updating Images | Loading paint-orm.png
Fra:1 Mem:31.78M (Peak 43.86M) | Time:00:01.22 | Mem:10.57M, Peak:10.57M | Scene, ViewLayer | Updating Images | Loading white-basecolor.png
Fra:1 Mem:35.78M (Peak 43.86M) | Time:00:01.28 | Mem:18.57M, Peak:18.57M | Scene, ViewLayer | Updating Camera Volume
Fra:1 Mem:35.78M (Peak 43.86M) | Time:00:01.28 | Mem:18.57M, Peak:18.57M | Scene, ViewLayer | Updating Lookup Tables
Fra:1 Mem:35.78M (Peak 43.86M) | Time:00:01.28 | Mem:18.66M, Peak:18.66M | Scene, ViewLayer | Updating Lights
Fra:1 Mem:35.78M (Peak 43.86M) | Time:00:01.28 | Mem:18.66M, Peak:18.66M | Scene, ViewLayer | Updating Lights | Computing tree
Fra:1 Mem:36.05M (Peak 43.86M) | Time:00:01.29 | Mem:18.92M, Peak:18.92M | Scene, ViewLayer | Updating Integrator
Fra:1 Mem:36.05M (Peak 43.86M) | Time:00:01.29 | Mem:18.92M, Peak:18.92M | Scene, ViewLayer | Updating Film
Fra:1 Mem:36.05M (Peak 43.86M) | Time:00:01.29 | Mem:18.84M, Peak:18.92M | Scene, ViewLayer | Updating Lookup Tables
Fra:1 Mem:36.05M (Peak 43.86M) | Time:00:01.29 | Mem:18.93M, Peak:18.93M | Scene, ViewLayer | Updating Baking
Fra:1 Mem:36.05M (Peak 43.86M) | Time:00:01.29 | Mem:18.93M, Peak:18.93M | Scene, ViewLayer | Updating Device | Writing constant memory
Fra:1 Mem:36.05M (Peak 43.86M) | Time:00:01.29 | Mem:18.93M, Peak:18.93M | Scene, ViewLayer | Loading denoising kernels (may take a few minutes the first time)
Fra:1 Mem:40.06M (Peak 43.86M) | Time:00:01.47 | Mem:370.93M, Peak:370.93M | Scene, ViewLayer | Sample 0/24
Fra:1 Mem:116.06M (Peak 116.06M) | Time:00:01.56 | Remaining:00:02.04 | Mem:446.94M, Peak:446.94M | Scene, ViewLayer | Sample 1/24
Fra:1 Mem:148.06M (Peak 196.07M) | Time:00:10.49 | Mem:446.94M, Peak:446.94M | Scene, ViewLayer | Sample 24/24
Fra:1 Mem:148.06M (Peak 196.07M) | Time:00:10.49 | Mem:446.94M, Peak:446.94M | Scene, ViewLayer | Finished
Saved: 'D:\vibe-coding-e\nova-swarm-forum-129-improvements-20260822\docs\fleet-art-v2\ships\21\export\showroom.png'
Time: 00:11.20 (Saving: 00:00.27)

Fra:1 Mem:15.60M (Peak 15.60M) | Time:00:00.38 | Mem:0.00M, Peak:0.00M | Scene, ViewLayer | Synchronizing object | ChromeRailV2
Fra:1 Mem:15.93M (Peak 15.93M) | Time:00:00.38 | Mem:0.00M, Peak:0.00M | Scene, ViewLayer | Synchronizing object | Neutral fill
Fra:1 Mem:16.95M (Peak 17.96M) | Time:00:00.40 | Mem:0.00M, Peak:0.00M | Scene, ViewLayer | Initializing
Fra:1 Mem:16.48M (Peak 17.96M) | Time:00:00.40 | Mem:0.00M, Peak:0.00M | Scene, ViewLayer | Waiting for render to start
Fra:1 Mem:16.48M (Peak 17.96M) | Time:00:00.40 | Mem:0.00M, Peak:0.00M | Scene, ViewLayer | Updating Scene
Fra:1 Mem:16.48M (Peak 17.96M) | Time:00:00.40 | Mem:0.00M, Peak:0.00M | Scene, ViewLayer | Updating Shaders
Fra:1 Mem:16.48M (Peak 17.96M) | Time:00:00.40 | Mem:0.00M, Peak:0.00M | Scene, ViewLayer | Loading render kernels (may take a few minutes the first time)
Fra:1 Mem:16.57M (Peak 43.86M) | Time:00:00.81 | Mem:0.01M, Peak:0.01M | Scene, ViewLayer | Updating Procedurals
Fra:1 Mem:16.57M (Peak 43.86M) | Time:00:00.81 | Mem:0.01M, Peak:0.01M | Scene, ViewLayer | Updating Background
Fra:1 Mem:16.57M (Peak 43.86M) | Time:00:00.81 | Mem:0.01M, Peak:0.01M | Scene, ViewLayer | Updating Camera
Fra:1 Mem:16.57M (Peak 43.86M) | Time:00:00.81 | Mem:0.01M, Peak:0.01M | Scene, ViewLayer | Updating Meshes Flags
Fra:1 Mem:16.57M (Peak 43.86M) | Time:00:00.81 | Mem:0.01M, Peak:0.01M | Scene, ViewLayer | Updating Objects
Fra:1 Mem:16.57M (Peak 43.86M) | Time:00:00.81 | Mem:0.01M, Peak:0.01M | Scene, ViewLayer | Updating Objects | Copying Transformations to device
Fra:1 Mem:16.57M (Peak 43.86M) | Time:00:00.81 | Mem:0.01M, Peak:0.01M | Scene, ViewLayer | Updating Particle Systems
Fra:1 Mem:16.57M (Peak 43.86M) | Time:00:00.81 | Mem:0.01M, Peak:0.01M | Scene, ViewLayer | Updating Particle Systems | Copying Particles to device
Fra:1 Mem:16.57M (Peak 43.86M) | Time:00:00.81 | Mem:0.01M, Peak:0.01M | Scene, ViewLayer | Updating Meshes
Fra:1 Mem:17.69M (Peak 43.86M) | Time:00:00.85 | Mem:0.01M, Peak:0.01M | Scene, ViewLayer | Updating Objects | Applying Static Transformations
Fra:1 Mem:17.69M (Peak 43.86M) | Time:00:00.85 | Mem:0.01M, Peak:0.01M | Scene, ViewLayer | Updating Mesh | Computing attributes
Fra:1 Mem:19.18M (Peak 43.86M) | Time:00:00.85 | Mem:0.01M, Peak:0.01M | Scene, ViewLayer | Updating Mesh | Copying Attributes to device
Fra:1 Mem:19.18M (Peak 43.86M) | Time:00:00.86 | Mem:1.50M, Peak:1.50M | Scene, ViewLayer | Updating Geometry BVH Broad neutral key 2/1 | Building BVH
Fra:1 Mem:19.18M (Peak 43.86M) | Time:00:00.86 | Mem:1.50M, Peak:1.50M | Scene, ViewLayer | Updating Geometry BVH Broad neutral key 2/1 | Building OptiX acceleration structure
Fra:1 Mem:19.18M (Peak 43.86M) | Time:00:00.86 | Mem:1.50M, Peak:1.50M | Scene, ViewLayer | Updating Geometry BVH light 5/4 | Building BVH
Fra:1 Mem:19.18M (Peak 43.86M) | Time:00:00.86 | Mem:1.50M, Peak:1.50M | Scene, ViewLayer | Updating Geometry BVH light 5/4 | Building OptiX acceleration structure
Fra:1 Mem:19.18M (Peak 43.86M) | Time:00:00.86 | Mem:1.50M, Peak:1.50M | Scene, ViewLayer | Updating Geometry BVH Continuous pressure fuselage.017 4/4 | Building BVH
Fra:1 Mem:19.18M (Peak 43.86M) | Time:00:00.86 | Mem:1.50M, Peak:1.50M | Scene, ViewLayer | Updating Geometry BVH Continuous pressure fuselage.017 4/4 | Building OptiX acceleration structure
Fra:1 Mem:19.60M (Peak 43.86M) | Time:00:00.86 | Mem:3.46M, Peak:3.46M | Scene, ViewLayer | Updating Geometry BVH Neutral fill 3/4 | Building BVH
Fra:1 Mem:19.60M (Peak 43.86M) | Time:00:00.86 | Mem:3.46M, Peak:3.46M | Scene, ViewLayer | Updating Geometry BVH Neutral fill 3/4 | Building OptiX acceleration structure
Fra:1 Mem:19.18M (Peak 43.86M) | Time:00:00.86 | Mem:1.98M, Peak:3.46M | Scene, ViewLayer | Updating Scene BVH | Building
Fra:1 Mem:19.18M (Peak 43.86M) | Time:00:00.86 | Mem:1.98M, Peak:3.46M | Scene, ViewLayer | Updating Scene BVH | Building OptiX acceleration structure
Fra:1 Mem:19.18M (Peak 43.86M) | Time:00:00.87 | Mem:1.98M, Peak:3.46M | Scene, ViewLayer | Updating Scene BVH | Copying BVH to device
Fra:1 Mem:19.18M (Peak 43.86M) | Time:00:00.87 | Mem:1.98M, Peak:3.46M | Scene, ViewLayer | Updating Mesh | Computing normals
Fra:1 Mem:19.77M (Peak 43.86M) | Time:00:00.87 | Mem:1.98M, Peak:3.46M | Scene, ViewLayer | Updating Mesh | Copying Mesh to device
Fra:1 Mem:19.77M (Peak 43.86M) | Time:00:00.88 | Mem:2.57M, Peak:3.46M | Scene, ViewLayer | Updating Objects Flags
Fra:1 Mem:19.77M (Peak 43.86M) | Time:00:00.89 | Mem:2.57M, Peak:3.46M | Scene, ViewLayer | Updating Primitive Offsets
Fra:1 Mem:19.77M (Peak 43.86M) | Time:00:00.89 | Mem:2.57M, Peak:3.46M | Scene, ViewLayer | Updating Images
Fra:1 Mem:19.77M (Peak 43.86M) | Time:00:00.89 | Mem:2.57M, Peak:3.46M | Scene, ViewLayer | Updating Images | Loading white-basecolor.png
Fra:1 Mem:23.77M (Peak 43.86M) | Time:00:00.89 | Mem:2.57M, Peak:3.46M | Scene, ViewLayer | Updating Images | Loading panel-normal.png
Fra:1 Mem:27.77M (Peak 43.86M) | Time:00:00.89 | Mem:2.57M, Peak:3.46M | Scene, ViewLayer | Updating Images | Loading paint-orm.png
Fra:1 Mem:35.78M (Peak 43.86M) | Time:00:00.91 | Mem:18.57M, Peak:18.57M | Scene, ViewLayer | Updating Camera Volume
Fra:1 Mem:35.78M (Peak 43.86M) | Time:00:00.91 | Mem:18.57M, Peak:18.57M | Scene, ViewLayer | Updating Lookup Tables
Fra:1 Mem:35.78M (Peak 43.86M) | Time:00:00.91 | Mem:18.66M, Peak:18.66M | Scene, ViewLayer | Updating Lights
Fra:1 Mem:35.78M (Peak 43.86M) | Time:00:00.91 | Mem:18.66M, Peak:18.66M | Scene, ViewLayer | Updating Lights | Computing tree
Fra:1 Mem:36.05M (Peak 43.86M) | Time:00:00.92 | Mem:18.92M, Peak:18.92M | Scene, ViewLayer | Updating Integrator
Fra:1 Mem:36.05M (Peak 43.86M) | Time:00:00.92 | Mem:18.92M, Peak:18.92M | Scene, ViewLayer | Updating Film
Fra:1 Mem:36.05M (Peak 43.86M) | Time:00:00.92 | Mem:18.84M, Peak:18.92M | Scene, ViewLayer | Updating Lookup Tables
Fra:1 Mem:36.05M (Peak 43.86M) | Time:00:00.92 | Mem:18.93M, Peak:18.93M | Scene, ViewLayer | Updating Baking
Fra:1 Mem:36.05M (Peak 43.86M) | Time:00:00.92 | Mem:18.93M, Peak:18.93M | Scene, ViewLayer | Updating Device | Writing constant memory
Fra:1 Mem:36.05M (Peak 43.86M) | Time:00:00.92 | Mem:18.93M, Peak:18.93M | Scene, ViewLayer | Loading denoising kernels (may take a few minutes the first time)
Fra:1 Mem:40.06M (Peak 43.86M) | Time:00:00.97 | Mem:370.93M, Peak:370.93M | Scene, ViewLayer | Sample 0/24
Fra:1 Mem:59.06M (Peak 59.06M) | Time:00:00.99 | Remaining:00:00.60 | Mem:389.94M, Peak:389.94M | Scene, ViewLayer | Sample 1/24
Fra:1 Mem:67.06M (Peak 79.07M) | Time:00:02.77 | Mem:389.94M, Peak:389.94M | Scene, ViewLayer | Sample 24/24
Fra:1 Mem:67.06M (Peak 79.07M) | Time:00:02.77 | Mem:389.94M, Peak:389.94M | Scene, ViewLayer | Finished
Saved: 'D:\vibe-coding-e\nova-swarm-forum-129-improvements-20260822\docs\fleet-art-v2\ships\21\export\player.png'
Time: 00:03.17 (Saving: 00:00.23)


FLEET_V2_COMPLETE 21 Chrome Rail
Read blend: "D:\vibe-coding-e\nova-swarm-forum-129-improvements-20260822\docs\fleet-art-v2\ships\22\source.blend"
Fra:1 Mem:14.48M (Peak 14.48M) | Time:00:00.32 | Mem:0.00M, Peak:0.00M | Scene, ViewLayer | Synchronizing object | Broad neutral key
Fra:1 Mem:14.48M (Peak 14.48M) | Time:00:00.32 | Mem:0.00M, Peak:0.00M | Scene, ViewLayer | Synchronizing object | Neutral fill
Fra:1 Mem:14.80M (Peak 14.80M) | Time:00:00.47 | Mem:0.00M, Peak:0.00M | Scene, ViewLayer | Synchronizing object | Continuous pressure fuselage
Fra:1 Mem:15.65M (Peak 15.65M) | Time:00:00.56 | Mem:0.00M, Peak:0.00M | Scene, ViewLayer | Synchronizing object | Cockpit integrated coaming
Fra:1 Mem:16.18M (Peak 16.18M) | Time:00:00.67 | Mem:0.00M, Peak:0.00M | Scene, ViewLayer | Synchronizing object | Canopy lower frame
Fra:1 Mem:16.19M (Peak 16.19M) | Time:00:00.67 | Mem:0.00M, Peak:0.00M | Scene, ViewLayer | Synchronizing object | Canopy lower frame.001
Fra:1 Mem:16.19M (Peak 16.19M) | Time:00:00.67 | Mem:0.00M, Peak:0.00M | Scene, ViewLayer | Synchronizing object | Canopy pressure bow
Fra:1 Mem:16.20M (Peak 16.20M) | Time:00:00.67 | Mem:0.00M, Peak:0.00M | Scene, ViewLayer | Synchronizing object | Nozzle petal seam
Fra:1 Mem:16.20M (Peak 16.20M) | Time:00:00.67 | Mem:0.00M, Peak:0.00M | Scene, ViewLayer | Synchronizing object | Nozzle petal seam.001
Fra:1 Mem:16.20M (Peak 16.20M) | Time:00:00.67 | Mem:0.00M, Peak:0.00M | Scene, ViewLayer | Synchronizing object | Nozzle petal seam.002
Fra:1 Mem:16.21M (Peak 16.21M) | Time:00:00.67 | Mem:0.00M, Peak:0.00M | Scene, ViewLayer | Synchronizing object | Nozzle petal seam.003
Fra:1 Mem:16.21M (Peak 16.21M) | Time:00:00.67 | Mem:0.00M, Peak:0.00M | Scene, ViewLayer | Synchronizing object | Nozzle petal seam.004
Fra:1 Mem:16.21M (Peak 16.21M) | Time:00:00.67 | Mem:0.00M, Peak:0.00M | Scene, ViewLayer | Synchronizing object | Nozzle petal seam.005
Fra:1 Mem:16.21M (Peak 16.21M) | Time:00:00.67 | Mem:0.00M, Peak:0.00M | Scene, ViewLayer | Synchronizing object | Nozzle petal seam.006
Fra:1 Mem:16.21M (Peak 16.21M) | Time:00:00.67 | Mem:0.00M, Peak:0.00M | Scene, ViewLayer | Synchronizing object | Nozzle petal seam.007
Fra:1 Mem:16.22M (Peak 16.22M) | Time:00:00.67 | Mem:0.00M, Peak:0.00M | Scene, ViewLayer | Synchronizing object | Nozzle petal seam.008
Fra:1 Mem:16.22M (Peak 16.22M) | Time:00:00.67 | Mem:0.00M, Peak:0.00M | Scene, ViewLayer | Synchronizing object | Nozzle petal seam.009
Fra:1 Mem:16.22M (Peak 16.22M) | Time:00:00.67 | Mem:0.00M, Peak:0.00M | Scene, ViewLayer | Synchronizing object | Nozzle petal seam.010
Fra:1 Mem:16.22M (Peak 16.22M) | Time:00:00.67 | Mem:0.00M, Peak:0.00M | Scene, ViewLayer | Synchronizing object | Nozzle petal seam.011
Fra:1 Mem:16.22M (Peak 16.22M) | Time:00:00.69 | Mem:0.00M, Peak:0.00M | Scene, ViewLayer | Synchronizing object | Pressure canopy glazing
Fra:1 Mem:16.54M (Peak 16.54M) | Time:00:00.69 | Mem:0.00M, Peak:0.00M | Scene, ViewLayer | Synchronizing object | Integrated lifting hull
Fra:1 Mem:16.60M (Peak 16.60M) | Time:00:00.69 | Mem:0.00M, Peak:0.00M | Scene, ViewLayer | Synchronizing object | Integrated propulsion nacelle
Fra:1 Mem:16.58M (Peak 16.60M) | Time:00:00.69 | Mem:0.00M, Peak:0.00M | Scene, ViewLayer | Synchronizing object | Contoured expansion nozzle
Fra:1 Mem:16.59M (Peak 16.60M) | Time:00:00.69 | Mem:0.00M, Peak:0.00M | Scene, ViewLayer | Synchronizing object | Deep ion throat
Fra:1 Mem:16.69M (Peak 16.69M) | Time:00:00.69 | Mem:0.00M, Peak:0.00M | Scene, ViewLayer | Synchronizing object | Deep intake duct
Fra:1 Mem:16.79M (Peak 16.79M) | Time:00:00.70 | Mem:0.00M, Peak:0.00M | Scene, ViewLayer | Synchronizing object | Nozzle petal seam.012
Fra:1 Mem:16.79M (Peak 16.79M) | Time:00:00.70 | Mem:0.00M, Peak:0.00M | Scene, ViewLayer | Synchronizing object | Nozzle petal seam.013
Fra:1 Mem:16.79M (Peak 16.79M) | Time:00:00.70 | Mem:0.00M, Peak:0.00M | Scene, ViewLayer | Synchronizing object | Nozzle petal seam.014
Fra:1 Mem:16.79M (Peak 16.79M) | Time:00:00.70 | Mem:0.00M, Peak:0.00M | Scene, ViewLayer | Synchronizing object | Nozzle petal seam.015
Fra:1 Mem:16.79M (Peak 16.79M) | Time:00:00.70 | Mem:0.00M, Peak:0.00M | Scene, ViewLayer | Synchronizing object | Nozzle petal seam.016
Fra:1 Mem:16.80M (Peak 16.80M) | Time:00:00.70 | Mem:0.00M, Peak:0.00M | Scene, ViewLayer | Synchronizing object | Nozzle petal seam.017
Fra:1 Mem:16.80M (Peak 16.80M) | Time:00:00.70 | Mem:0.00M, Peak:0.00M | Scene, ViewLayer | Synchronizing object | Nozzle petal seam.018
Fra:1 Mem:16.80M (Peak 16.80M) | Time:00:00.70 | Mem:0.00M, Peak:0.00M | Scene, ViewLayer | Synchronizing object | Nozzle petal seam.019
Fra:1 Mem:16.80M (Peak 16.80M) | Time:00:00.70 | Mem:0.00M, Peak:0.00M | Scene, ViewLayer | Synchronizing object | Nozzle petal seam.020
Fra:1 Mem:16.80M (Peak 16.80M) | Time:00:00.70 | Mem:0.00M, Peak:0.00M | Scene, ViewLayer | Synchronizing object | Nozzle petal seam.021
Fra:1 Mem:16.81M (Peak 16.81M) | Time:00:00.70 | Mem:0.00M, Peak:0.00M | Scene, ViewLayer | Synchronizing object | Nozzle petal seam.022
Fra:1 Mem:16.81M (Peak 16.81M) | Time:00:00.70 | Mem:0.00M, Peak:0.00M | Scene, ViewLayer | Synchronizing object | Nozzle petal seam.023
Fra:1 Mem:16.81M (Peak 16.81M) | Time:00:00.70 | Mem:0.00M, Peak:0.00M | Scene, ViewLayer | Synchronizing object | Blended structural fairing
Fra:1 Mem:16.83M (Peak 16.83M) | Time:00:00.70 | Mem:0.00M, Peak:0.00M | Scene, ViewLayer | Synchronizing object | Integrated lifting hull.001
Fra:1 Mem:17.02M (Peak 17.02M) | Time:00:00.71 | Mem:0.00M, Peak:0.00M | Scene, ViewLayer | Synchronizing object | Integrated propulsion nacelle.001
Fra:1 Mem:17.07M (Peak 17.07M) | Time:00:00.71 | Mem:0.00M, Peak:0.00M | Scene, ViewLayer | Synchronizing object | Contoured expansion nozzle.001
Fra:1 Mem:17.09M (Peak 17.09M) | Time:00:00.71 | Mem:0.00M, Peak:0.00M | Scene, ViewLayer | Synchronizing object | Deep ion throat.001
Fra:1 Mem:17.13M (Peak 17.13M) | Time:00:00.71 | Mem:0.00M, Peak:0.00M | Scene, ViewLayer | Synchronizing object | Deep intake duct.001
Fra:1 Mem:17.22M (Peak 17.22M) | Time:00:00.74 | Mem:0.00M, Peak:0.00M | Scene, ViewLayer | Synchronizing object | Blended structural fairing.001
Fra:1 Mem:17.39M (Peak 17.39M) | Time:00:00.74 | Mem:0.00M, Peak:0.00M | Scene, ViewLayer | Initializing
Fra:1 Mem:13.83M (Peak 17.39M) | Time:00:00.75 | Mem:0.00M, Peak:0.00M | Scene, ViewLayer | Waiting for render to start
Fra:1 Mem:13.83M (Peak 17.39M) | Time:00:00.75 | Mem:0.00M, Peak:0.00M | Scene, ViewLayer | Updating Scene
Fra:1 Mem:13.83M (Peak 17.39M) | Time:00:00.75 | Mem:0.00M, Peak:0.00M | Scene, ViewLayer | Updating Shaders
Fra:1 Mem:13.83M (Peak 17.39M) | Time:00:00.75 | Mem:0.00M, Peak:0.00M | Scene, ViewLayer | Loading render kernels (may take a few minutes the first time)
Fra:1 Mem:13.92M (Peak 41.21M) | Time:00:01.42 | Mem:0.01M, Peak:0.01M | Scene, ViewLayer | Updating Procedurals
Fra:1 Mem:13.92M (Peak 41.21M) | Time:00:01.42 | Mem:0.01M, Peak:0.01M | Scene, ViewLayer | Updating Background
Fra:1 Mem:13.92M (Peak 41.21M) | Time:00:01.42 | Mem:0.01M, Peak:0.01M | Scene, ViewLayer | Updating Camera
Fra:1 Mem:13.92M (Peak 41.21M) | Time:00:01.42 | Mem:0.01M, Peak:0.01M | Scene, ViewLayer | Updating Meshes Flags
Fra:1 Mem:13.92M (Peak 41.21M) | Time:00:01.42 | Mem:0.01M, Peak:0.01M | Scene, ViewLayer | Updating Objects
Fra:1 Mem:13.92M (Peak 41.21M) | Time:00:01.42 | Mem:0.01M, Peak:0.01M | Scene, ViewLayer | Updating Objects | Copying Transformations to device
Fra:1 Mem:13.93M (Peak 41.21M) | Time:00:01.42 | Mem:0.02M, Peak:0.02M | Scene, ViewLayer | Updating Particle Systems
Fra:1 Mem:13.93M (Peak 41.21M) | Time:00:01.42 | Mem:0.02M, Peak:0.02M | Scene, ViewLayer | Updating Particle Systems | Copying Particles to device
Fra:1 Mem:13.93M (Peak 41.21M) | Time:00:01.42 | Mem:0.02M, Peak:0.02M | Scene, ViewLayer | Updating Meshes
Fra:1 Mem:14.57M (Peak 41.21M) | Time:00:01.43 | Mem:0.02M, Peak:0.02M | Scene, ViewLayer | Updating Objects | Applying Static Transformations
Fra:1 Mem:14.57M (Peak 41.21M) | Time:00:01.43 | Mem:0.02M, Peak:0.02M | Scene, ViewLayer | Updating Mesh | Computing attributes
Fra:1 Mem:15.49M (Peak 41.21M) | Time:00:01.43 | Mem:0.02M, Peak:0.02M | Scene, ViewLayer | Updating Mesh | Copying Attributes to device
Fra:1 Mem:15.49M (Peak 41.21M) | Time:00:01.43 | Mem:0.94M, Peak:0.94M | Scene, ViewLayer | Updating Geometry BVH Canopy lower frame.037 8/45 | Building BVH
Fra:1 Mem:15.49M (Peak 41.21M) | Time:00:01.43 | Mem:0.94M, Peak:0.94M | Scene, ViewLayer | Updating Geometry BVH light 46/45 | Building BVH
Fra:1 Mem:15.49M (Peak 41.21M) | Time:00:01.43 | Mem:0.94M, Peak:0.94M | Scene, ViewLayer | Updating Geometry BVH light 46/45 | Building OptiX acceleration structure
Fra:1 Mem:15.49M (Peak 41.21M) | Time:00:01.43 | Mem:0.94M, Peak:0.94M | Scene, ViewLayer | Updating Geometry BVH Nozzle petal seam.912 13/45 | Building OptiX acceleration structure
Fra:1 Mem:15.59M (Peak 41.21M) | Time:00:01.44 | Mem:0.94M, Peak:0.94M | Scene, ViewLayer | Updating Geometry BVH Nozzle petal seam.913 14/45 | Building BVH
Fra:1 Mem:15.59M (Peak 41.21M) | Time:00:01.44 | Mem:0.94M, Peak:0.94M | Scene, ViewLayer | Updating Geometry BVH Nozzle petal seam.913 14/45 | Building OptiX acceleration structure
Fra:1 Mem:15.68M (Peak 41.21M) | Time:00:01.44 | Mem:0.95M, Peak:0.95M | Scene, ViewLayer | Updating Geometry BVH Mesh 45/45 | Building OptiX acceleration structure
Fra:1 Mem:15.84M (Peak 41.21M) | Time:00:01.44 | Mem:1.29M, Peak:1.30M | Scene, ViewLayer | Updating Geometry BVH Nozzle petal seam.914 15/45 | Building BVH
Fra:1 Mem:15.84M (Peak 41.21M) | Time:00:01.44 | Mem:1.30M, Peak:1.30M | Scene, ViewLayer | Updating Geometry BVH Nozzle petal seam.914 15/45 | Building OptiX acceleration structure
Fra:1 Mem:15.83M (Peak 41.21M) | Time:00:01.44 | Mem:1.29M, Peak:1.30M | Scene, ViewLayer | Updating Geometry BVH Nozzle petal seam.915 16/45 | Building BVH
Fra:1 Mem:15.83M (Peak 41.21M) | Time:00:01.44 | Mem:1.29M, Peak:1.30M | Scene, ViewLayer | Updating Geometry BVH Nozzle petal seam.915 16/45 | Building OptiX acceleration structure
Fra:1 Mem:15.83M (Peak 41.21M) | Time:00:01.44 | Mem:1.29M, Peak:1.33M | Scene, ViewLayer | Updating Geometry BVH Nozzle petal seam.916 17/45 | Building BVH
Fra:1 Mem:15.83M (Peak 41.21M) | Time:00:01.44 | Mem:1.71M, Peak:1.71M | Scene, ViewLayer | Updating Geometry BVH Nozzle petal seam.916 17/45 | Building OptiX acceleration structure
Fra:1 Mem:15.75M (Peak 41.21M) | Time:00:01.44 | Mem:1.31M, Peak:1.71M | Scene, ViewLayer | Updating Geometry BVH Nozzle petal seam.917 18/45 | Building BVH
Fra:1 Mem:15.75M (Peak 41.21M) | Time:00:01.44 | Mem:1.33M, Peak:1.71M | Scene, ViewLayer | Updating Geometry BVH Nozzle petal seam.917 18/45 | Building OptiX acceleration structure
Fra:1 Mem:15.74M (Peak 41.21M) | Time:00:01.44 | Mem:1.32M, Peak:1.71M | Scene, ViewLayer | Updating Geometry BVH Nozzle petal seam.918 19/45 | Building BVH
Fra:1 Mem:15.74M (Peak 41.21M) | Time:00:01.44 | Mem:1.32M, Peak:1.71M | Scene, ViewLayer | Updating Geometry BVH Nozzle petal seam.918 19/45 | Building OptiX acceleration structure
Fra:1 Mem:15.74M (Peak 41.21M) | Time:00:01.45 | Mem:1.32M, Peak:1.71M | Scene, ViewLayer | Updating Geometry BVH Nozzle petal seam.919 20/45 | Building BVH
Fra:1 Mem:15.74M (Peak 41.21M) | Time:00:01.45 | Mem:1.35M, Peak:1.71M | Scene, ViewLayer | Updating Geometry BVH Nozzle petal seam.919 20/45 | Building OptiX acceleration structure
Fra:1 Mem:15.73M (Peak 41.21M) | Time:00:01.45 | Mem:1.32M, Peak:1.71M | Scene, ViewLayer | Updating Geometry BVH Nozzle petal seam.920 21/45 | Building BVH
Fra:1 Mem:15.73M (Peak 41.21M) | Time:00:01.45 | Mem:1.33M, Peak:1.71M | Scene, ViewLayer | Updating Geometry BVH Nozzle petal seam.920 21/45 | Building OptiX acceleration structure
Fra:1 Mem:15.73M (Peak 41.21M) | Time:00:01.45 | Mem:1.32M, Peak:1.71M | Scene, ViewLayer | Updating Geometry BVH Nozzle petal seam.921 22/45 | Building BVH
Fra:1 Mem:15.73M (Peak 41.21M) | Time:00:01.45 | Mem:1.73M, Peak:1.73M | Scene, ViewLayer | Updating Geometry BVH Nozzle petal seam.921 22/45 | Building OptiX acceleration structure
Fra:1 Mem:15.65M (Peak 41.21M) | Time:00:01.45 | Mem:1.34M, Peak:1.73M | Scene, ViewLayer | Updating Geometry BVH Nozzle petal seam.922 23/45 | Building BVH
Fra:1 Mem:15.65M (Peak 41.21M) | Time:00:01.45 | Mem:1.35M, Peak:1.73M | Scene, ViewLayer | Updating Geometry BVH Nozzle petal seam.922 23/45 | Building OptiX acceleration structure
Fra:1 Mem:15.65M (Peak 41.21M) | Time:00:01.45 | Mem:1.34M, Peak:1.73M | Scene, ViewLayer | Updating Geometry BVH Nozzle petal seam.923 24/45 | Building BVH
Fra:1 Mem:15.65M (Peak 41.21M) | Time:00:01.45 | Mem:1.34M, Peak:1.73M | Scene, ViewLayer | Updating Geometry BVH Nozzle petal seam.923 24/45 | Building OptiX acceleration structure
Fra:1 Mem:15.65M (Peak 41.21M) | Time:00:01.46 | Mem:1.52M, Peak:1.73M | Scene, ViewLayer | Updating Geometry BVH Deep ion throat.076 25/45 | Building BVH
Fra:1 Mem:15.65M (Peak 41.21M) | Time:00:01.46 | Mem:1.52M, Peak:1.73M | Scene, ViewLayer | Updating Geometry BVH Deep ion throat.076 25/45 | Building OptiX acceleration structure
Fra:1 Mem:15.67M (Peak 41.21M) | Time:00:01.46 | Mem:1.41M, Peak:1.73M | Scene, ViewLayer | Updating Geometry BVH Deep intake duct.038 26/45 | Building BVH
Fra:1 Mem:15.67M (Peak 41.21M) | Time:00:01.46 | Mem:1.41M, Peak:1.73M | Scene, ViewLayer | Updating Geometry BVH Deep intake duct.038 26/45 | Building OptiX acceleration structure
Fra:1 Mem:15.67M (Peak 41.21M) | Time:00:01.46 | Mem:1.42M, Peak:1.73M | Scene, ViewLayer | Updating Geometry BVH Mesh 27/45 | Building BVH
Fra:1 Mem:15.67M (Peak 41.21M) | Time:00:01.46 | Mem:1.42M, Peak:1.73M | Scene, ViewLayer | Updating Geometry BVH Mesh 27/45 | Building OptiX acceleration structure
Fra:1 Mem:15.71M (Peak 41.21M) | Time:00:01.46 | Mem:1.44M, Peak:1.73M | Scene, ViewLayer | Updating Geometry BVH Integrated lifting hull.037 28/45 | Building BVH
Fra:1 Mem:15.71M (Peak 41.21M) | Time:00:01.46 | Mem:1.44M, Peak:1.73M | Scene, ViewLayer | Updating Geometry BVH Integrated lifting hull.037 28/45 | Building OptiX acceleration structure
Fra:1 Mem:15.68M (Peak 41.21M) | Time:00:01.46 | Mem:1.43M, Peak:1.73M | Scene, ViewLayer | Updating Geometry BVH Deep intake duct.039 44/45 | Building BVH
Fra:1 Mem:15.68M (Peak 41.21M) | Time:00:01.46 | Mem:1.43M, Peak:1.73M | Scene, ViewLayer | Updating Geometry BVH Deep intake duct.039 44/45 | Building OptiX acceleration structure
Fra:1 Mem:15.68M (Peak 41.21M) | Time:00:01.46 | Mem:1.43M, Peak:1.73M | Scene, ViewLayer | Updating Geometry BVH Integrated propulsion nacelle.039 29/45 | Building BVH
Fra:1 Mem:15.68M (Peak 41.21M) | Time:00:01.46 | Mem:1.43M, Peak:1.73M | Scene, ViewLayer | Updating Geometry BVH Integrated propulsion nacelle.039 29/45 | Building OptiX acceleration structure
Fra:1 Mem:15.69M (Peak 41.21M) | Time:00:01.47 | Mem:1.43M, Peak:1.73M | Scene, ViewLayer | Updating Geometry BVH Contoured expansion nozzle.077 30/45 | Building BVH
Fra:1 Mem:15.69M (Peak 41.21M) | Time:00:01.47 | Mem:1.43M, Peak:1.73M | Scene, ViewLayer | Updating Geometry BVH Contoured expansion nozzle.077 30/45 | Building OptiX acceleration structure
Fra:1 Mem:15.70M (Peak 41.21M) | Time:00:01.47 | Mem:1.44M, Peak:1.73M | Scene, ViewLayer | Updating Geometry BVH Nozzle petal seam.924 31/45 | Building BVH
Fra:1 Mem:15.70M (Peak 41.21M) | Time:00:01.47 | Mem:1.45M, Peak:1.73M | Scene, ViewLayer | Updating Geometry BVH Nozzle petal seam.924 31/45 | Building OptiX acceleration structure
Fra:1 Mem:15.70M (Peak 41.21M) | Time:00:01.47 | Mem:1.44M, Peak:1.73M | Scene, ViewLayer | Updating Geometry BVH Nozzle petal seam.925 32/45 | Building BVH
Fra:1 Mem:15.70M (Peak 41.21M) | Time:00:01.47 | Mem:1.44M, Peak:1.73M | Scene, ViewLayer | Updating Geometry BVH Nozzle petal seam.925 32/45 | Building OptiX acceleration structure
Fra:1 Mem:15.70M (Peak 41.21M) | Time:00:01.47 | Mem:1.44M, Peak:1.73M | Scene, ViewLayer | Updating Geometry BVH Nozzle petal seam.926 33/45 | Building BVH
Fra:1 Mem:15.70M (Peak 41.21M) | Time:00:01.47 | Mem:1.44M, Peak:1.73M | Scene, ViewLayer | Updating Geometry BVH Nozzle petal seam.926 33/45 | Building OptiX acceleration structure
Fra:1 Mem:15.70M (Peak 41.21M) | Time:00:01.47 | Mem:1.45M, Peak:1.73M | Scene, ViewLayer | Updating Geometry BVH Nozzle petal seam.927 34/45 | Building BVH
Fra:1 Mem:15.70M (Peak 41.21M) | Time:00:01.47 | Mem:1.45M, Peak:1.73M | Scene, ViewLayer | Updating Geometry BVH Nozzle petal seam.927 34/45 | Building OptiX acceleration structure
Fra:1 Mem:15.57M (Peak 41.21M) | Time:00:01.48 | Mem:1.48M, Peak:1.96M | Scene, ViewLayer | Updating Geometry BVH Nozzle petal seam.928 35/45 | Building BVH
Fra:1 Mem:15.57M (Peak 41.21M) | Time:00:01.48 | Mem:1.48M, Peak:1.96M | Scene, ViewLayer | Updating Geometry BVH Nozzle petal seam.928 35/45 | Building OptiX acceleration structure
Fra:1 Mem:15.57M (Peak 41.21M) | Time:00:01.48 | Mem:1.48M, Peak:1.96M | Scene, ViewLayer | Updating Geometry BVH Nozzle petal seam.929 36/45 | Building BVH
Fra:1 Mem:15.57M (Peak 41.21M) | Time:00:01.48 | Mem:1.66M, Peak:1.96M | Scene, ViewLayer | Updating Geometry BVH Nozzle petal seam.929 36/45 | Building OptiX acceleration structure
Fra:1 Mem:15.53M (Peak 41.21M) | Time:00:01.49 | Mem:1.49M, Peak:1.96M | Scene, ViewLayer | Updating Geometry BVH Nozzle petal seam.930 37/45 | Building BVH
Fra:1 Mem:15.53M (Peak 41.21M) | Time:00:01.49 | Mem:1.49M, Peak:1.96M | Scene, ViewLayer | Updating Geometry BVH Nozzle petal seam.930 37/45 | Building OptiX acceleration structure
Fra:1 Mem:15.53M (Peak 41.21M) | Time:00:01.49 | Mem:1.49M, Peak:1.96M | Scene, ViewLayer | Updating Geometry BVH Deep ion throat.077 43/45 | Building BVH
Fra:1 Mem:15.53M (Peak 41.21M) | Time:00:01.49 | Mem:1.49M, Peak:1.96M | Scene, ViewLayer | Updating Geometry BVH Deep ion throat.077 43/45 | Building OptiX acceleration structure
Fra:1 Mem:15.53M (Peak 41.21M) | Time:00:01.49 | Mem:1.52M, Peak:1.96M | Scene, ViewLayer | Updating Geometry BVH Nozzle petal seam.931 38/45 | Building BVH
Fra:1 Mem:15.53M (Peak 41.21M) | Time:00:01.49 | Mem:1.53M, Peak:1.96M | Scene, ViewLayer | Updating Geometry BVH Nozzle petal seam.931 38/45 | Building OptiX acceleration structure
Fra:1 Mem:15.53M (Peak 41.21M) | Time:00:01.49 | Mem:1.53M, Peak:1.96M | Scene, ViewLayer | Updating Geometry BVH Nozzle petal seam.932 39/45 | Building BVH
Fra:1 Mem:15.53M (Peak 41.21M) | Time:00:01.49 | Mem:1.53M, Peak:1.96M | Scene, ViewLayer | Updating Geometry BVH Nozzle petal seam.932 39/45 | Building OptiX acceleration structure
Fra:1 Mem:15.53M (Peak 41.21M) | Time:00:01.49 | Mem:1.53M, Peak:1.96M | Scene, ViewLayer | Updating Geometry BVH Nozzle petal seam.933 40/45 | Building BVH
Fra:1 Mem:15.53M (Peak 41.21M) | Time:00:01.49 | Mem:1.53M, Peak:1.96M | Scene, ViewLayer | Updating Geometry BVH Nozzle petal seam.933 40/45 | Building OptiX acceleration structure
Fra:1 Mem:15.53M (Peak 41.21M) | Time:00:01.49 | Mem:1.52M, Peak:1.96M | Scene, ViewLayer | Updating Geometry BVH Nozzle petal seam.934 41/45 | Building BVH
Fra:1 Mem:15.53M (Peak 41.21M) | Time:00:01.49 | Mem:1.52M, Peak:1.96M | Scene, ViewLayer | Updating Geometry BVH Nozzle petal seam.934 41/45 | Building OptiX acceleration structure
Fra:1 Mem:15.53M (Peak 41.21M) | Time:00:01.50 | Mem:1.53M, Peak:1.96M | Scene, ViewLayer | Updating Geometry BVH Nozzle petal seam.935 42/45 | Building BVH
Fra:1 Mem:15.53M (Peak 41.21M) | Time:00:01.50 | Mem:1.53M, Peak:1.96M | Scene, ViewLayer | Updating Geometry BVH Nozzle petal seam.935 42/45 | Building OptiX acceleration structure
Fra:1 Mem:15.49M (Peak 41.21M) | Time:00:01.54 | Mem:1.52M, Peak:1.96M | Scene, ViewLayer | Updating Scene BVH | Building
Fra:1 Mem:15.49M (Peak 41.21M) | Time:00:01.54 | Mem:1.52M, Peak:1.96M | Scene, ViewLayer | Updating Scene BVH | Building OptiX acceleration structure
Fra:1 Mem:15.49M (Peak 41.21M) | Time:00:01.54 | Mem:1.52M, Peak:1.96M | Scene, ViewLayer | Updating Scene BVH | Copying BVH to device
Fra:1 Mem:15.49M (Peak 41.21M) | Time:00:01.54 | Mem:1.52M, Peak:1.96M | Scene, ViewLayer | Updating Mesh | Computing normals
Fra:1 Mem:16.14M (Peak 41.21M) | Time:00:01.54 | Mem:1.52M, Peak:1.96M | Scene, ViewLayer | Updating Mesh | Copying Mesh to device
Fra:1 Mem:16.14M (Peak 41.21M) | Time:00:01.55 | Mem:2.17M, Peak:2.17M | Scene, ViewLayer | Updating Objects Flags
Fra:1 Mem:16.14M (Peak 41.21M) | Time:00:01.55 | Mem:2.17M, Peak:2.17M | Scene, ViewLayer | Updating Primitive Offsets
Fra:1 Mem:16.14M (Peak 41.21M) | Time:00:01.55 | Mem:2.17M, Peak:2.17M | Scene, ViewLayer | Updating Images
Fra:1 Mem:16.14M (Peak 41.21M) | Time:00:01.55 | Mem:2.17M, Peak:2.17M | Scene, ViewLayer | Updating Images | Loading panel-normal.png
Fra:1 Mem:20.14M (Peak 41.21M) | Time:00:01.56 | Mem:2.17M, Peak:2.17M | Scene, ViewLayer | Updating Images | Loading white-basecolor.png
Fra:1 Mem:24.14M (Peak 41.21M) | Time:00:01.58 | Mem:2.17M, Peak:2.17M | Scene, ViewLayer | Updating Images | Loading cobalt-basecolor.png
Fra:1 Mem:28.15M (Peak 41.21M) | Time:00:01.58 | Mem:6.17M, Peak:6.17M | Scene, ViewLayer | Updating Images | Loading paint-orm.png
Fra:1 Mem:32.15M (Peak 41.21M) | Time:00:01.81 | Mem:18.17M, Peak:18.17M | Scene, ViewLayer | Updating Camera Volume
Fra:1 Mem:32.15M (Peak 41.21M) | Time:00:01.81 | Mem:18.17M, Peak:18.17M | Scene, ViewLayer | Updating Lookup Tables
Fra:1 Mem:32.15M (Peak 41.21M) | Time:00:01.81 | Mem:18.25M, Peak:18.25M | Scene, ViewLayer | Updating Lights
Fra:1 Mem:32.15M (Peak 41.21M) | Time:00:01.81 | Mem:18.25M, Peak:18.25M | Scene, ViewLayer | Updating Lights | Computing tree
Fra:1 Mem:32.34M (Peak 41.21M) | Time:00:01.82 | Mem:18.44M, Peak:18.44M | Scene, ViewLayer | Updating Integrator
Fra:1 Mem:32.34M (Peak 41.21M) | Time:00:01.82 | Mem:18.44M, Peak:18.44M | Scene, ViewLayer | Updating Film
Fra:1 Mem:32.34M (Peak 41.21M) | Time:00:01.82 | Mem:18.36M, Peak:18.44M | Scene, ViewLayer | Updating Lookup Tables
Fra:1 Mem:32.34M (Peak 41.21M) | Time:00:01.82 | Mem:18.45M, Peak:18.45M | Scene, ViewLayer | Updating Baking
Fra:1 Mem:32.34M (Peak 41.21M) | Time:00:01.82 | Mem:18.45M, Peak:18.45M | Scene, ViewLayer | Updating Device | Writing constant memory
Fra:1 Mem:32.35M (Peak 41.21M) | Time:00:01.82 | Mem:18.45M, Peak:18.45M | Scene, ViewLayer | Loading denoising kernels (may take a few minutes the first time)
Fra:1 Mem:36.35M (Peak 41.21M) | Time:00:01.91 | Mem:370.45M, Peak:370.45M | Scene, ViewLayer | Sample 0/24
Fra:1 Mem:83.32M (Peak 83.32M) | Time:00:01.94 | Remaining:00:00.71 | Mem:417.43M, Peak:417.43M | Scene, ViewLayer | Sample 1/24
Fra:1 Mem:103.10M (Peak 132.77M) | Time:00:06.85 | Mem:417.43M, Peak:417.43M | Scene, ViewLayer | Sample 24/24
Fra:1 Mem:103.10M (Peak 132.77M) | Time:00:06.85 | Mem:417.43M, Peak:417.43M | Scene, ViewLayer | Finished
Saved: 'D:\vibe-coding-e\nova-swarm-forum-129-improvements-20260822\docs\fleet-art-v2\ships\22\surfaced.png'
Time: 00:07.19 (Saving: 00:00.11)

Info: Saved as "source.blend"
17:11:11 | INFO: Starting glTF 2.0 export
17:11:11 | INFO: Extracting primitive: Continuous pressure fuselage.018
17:11:11 | WARNING: More than one shader node tex image used for a texture. The resulting glTF sampler will behave like the first shader node tex image.
17:11:11 | WARNING: More than one shader node tex image used for a texture. The resulting glTF sampler will behave like the first shader node tex image.
17:11:11 | INFO: Primitives created: 6
17:11:11 | INFO: Finished glTF 2.0 export in 0.2235710620880127 s
Fra:1 Mem:15.24M (Peak 30.75M) | Time:00:00.52 | Mem:0.00M, Peak:0.00M | Scene, ViewLayer | Synchronizing object | Broad neutral key
Fra:1 Mem:15.25M (Peak 30.75M) | Time:00:00.52 | Mem:0.00M, Peak:0.00M | Scene, ViewLayer | Synchronizing object | VerdantFlowV2
Fra:1 Mem:16.86M (Peak 30.75M) | Time:00:00.54 | Mem:0.00M, Peak:0.00M | Scene, ViewLayer | Initializing
Fra:1 Mem:16.39M (Peak 30.75M) | Time:00:00.54 | Mem:0.00M, Peak:0.00M | Scene, ViewLayer | Waiting for render to start
Fra:1 Mem:16.39M (Peak 30.75M) | Time:00:00.54 | Mem:0.00M, Peak:0.00M | Scene, ViewLayer | Updating Scene
Fra:1 Mem:16.39M (Peak 30.75M) | Time:00:00.54 | Mem:0.00M, Peak:0.00M | Scene, ViewLayer | Updating Shaders
Fra:1 Mem:16.39M (Peak 30.75M) | Time:00:00.54 | Mem:0.00M, Peak:0.00M | Scene, ViewLayer | Loading render kernels (may take a few minutes the first time)
Fra:1 Mem:16.48M (Peak 43.76M) | Time:00:00.79 | Mem:0.01M, Peak:0.01M | Scene, ViewLayer | Updating Procedurals
Fra:1 Mem:16.48M (Peak 43.76M) | Time:00:00.79 | Mem:0.01M, Peak:0.01M | Scene, ViewLayer | Updating Background
Fra:1 Mem:16.48M (Peak 43.76M) | Time:00:00.79 | Mem:0.01M, Peak:0.01M | Scene, ViewLayer | Updating Camera
Fra:1 Mem:16.48M (Peak 43.76M) | Time:00:00.79 | Mem:0.01M, Peak:0.01M | Scene, ViewLayer | Updating Meshes Flags
Fra:1 Mem:16.48M (Peak 43.76M) | Time:00:00.79 | Mem:0.01M, Peak:0.01M | Scene, ViewLayer | Updating Objects
Fra:1 Mem:16.48M (Peak 43.76M) | Time:00:00.79 | Mem:0.01M, Peak:0.01M | Scene, ViewLayer | Updating Objects | Copying Transformations to device
Fra:1 Mem:16.48M (Peak 43.76M) | Time:00:00.80 | Mem:0.01M, Peak:0.01M | Scene, ViewLayer | Updating Particle Systems
Fra:1 Mem:16.48M (Peak 43.76M) | Time:00:00.80 | Mem:0.01M, Peak:0.01M | Scene, ViewLayer | Updating Particle Systems | Copying Particles to device
Fra:1 Mem:16.48M (Peak 43.76M) | Time:00:00.80 | Mem:0.01M, Peak:0.01M | Scene, ViewLayer | Updating Meshes
Fra:1 Mem:17.58M (Peak 43.76M) | Time:00:00.83 | Mem:0.01M, Peak:0.01M | Scene, ViewLayer | Updating Objects | Applying Static Transformations
Fra:1 Mem:17.58M (Peak 43.76M) | Time:00:00.83 | Mem:0.01M, Peak:0.01M | Scene, ViewLayer | Updating Mesh | Computing attributes
Fra:1 Mem:19.06M (Peak 43.76M) | Time:00:00.84 | Mem:0.01M, Peak:0.01M | Scene, ViewLayer | Updating Mesh | Copying Attributes to device
Fra:1 Mem:19.05M (Peak 43.76M) | Time:00:00.84 | Mem:1.48M, Peak:1.48M | Scene, ViewLayer | Updating Geometry BVH light 5/4 | Building BVH
Fra:1 Mem:19.05M (Peak 43.76M) | Time:00:00.84 | Mem:1.48M, Peak:1.48M | Scene, ViewLayer | Updating Geometry BVH Continuous pressure fuselage.018 4/4 | Building BVH
Fra:1 Mem:19.05M (Peak 43.76M) | Time:00:00.84 | Mem:1.48M, Peak:1.48M | Scene, ViewLayer | Updating Geometry BVH Continuous pressure fuselage.018 4/4 | Building OptiX acceleration structure
Fra:1 Mem:19.05M (Peak 43.76M) | Time:00:00.85 | Mem:1.96M, Peak:3.42M | Scene, ViewLayer | Updating Scene BVH | Building
Fra:1 Mem:19.05M (Peak 43.76M) | Time:00:00.85 | Mem:1.96M, Peak:3.42M | Scene, ViewLayer | Updating Scene BVH | Building OptiX acceleration structure
Fra:1 Mem:19.05M (Peak 43.76M) | Time:00:00.86 | Mem:1.96M, Peak:3.42M | Scene, ViewLayer | Updating Scene BVH | Copying BVH to device
Fra:1 Mem:19.05M (Peak 43.76M) | Time:00:00.86 | Mem:1.96M, Peak:3.42M | Scene, ViewLayer | Updating Mesh | Computing normals
Fra:1 Mem:19.63M (Peak 43.76M) | Time:00:00.86 | Mem:1.96M, Peak:3.42M | Scene, ViewLayer | Updating Mesh | Copying Mesh to device
Fra:1 Mem:19.63M (Peak 43.76M) | Time:00:00.86 | Mem:2.54M, Peak:3.42M | Scene, ViewLayer | Updating Objects Flags
Fra:1 Mem:19.63M (Peak 43.76M) | Time:00:00.86 | Mem:2.54M, Peak:3.42M | Scene, ViewLayer | Updating Primitive Offsets
Fra:1 Mem:19.63M (Peak 43.76M) | Time:00:00.86 | Mem:2.54M, Peak:3.42M | Scene, ViewLayer | Updating Images
Fra:1 Mem:19.63M (Peak 43.76M) | Time:00:00.86 | Mem:2.54M, Peak:3.42M | Scene, ViewLayer | Updating Images | Loading cobalt-basecolor.png
Fra:1 Mem:23.63M (Peak 43.76M) | Time:00:00.86 | Mem:2.54M, Peak:3.42M | Scene, ViewLayer | Updating Images | Loading paint-orm.png
Fra:1 Mem:35.64M (Peak 43.76M) | Time:00:00.91 | Mem:18.54M, Peak:18.54M | Scene, ViewLayer | Updating Camera Volume
Fra:1 Mem:35.64M (Peak 43.76M) | Time:00:00.91 | Mem:18.54M, Peak:18.54M | Scene, ViewLayer | Updating Lookup Tables
Fra:1 Mem:35.64M (Peak 43.76M) | Time:00:00.91 | Mem:18.62M, Peak:18.62M | Scene, ViewLayer | Updating Lights
Fra:1 Mem:35.65M (Peak 43.76M) | Time:00:00.91 | Mem:18.62M, Peak:18.62M | Scene, ViewLayer | Updating Lights | Computing tree
Fra:1 Mem:35.90M (Peak 43.76M) | Time:00:00.93 | Mem:18.88M, Peak:18.88M | Scene, ViewLayer | Updating Integrator
Fra:1 Mem:35.90M (Peak 43.76M) | Time:00:00.93 | Mem:18.88M, Peak:18.88M | Scene, ViewLayer | Updating Film
Fra:1 Mem:35.91M (Peak 43.76M) | Time:00:00.93 | Mem:18.80M, Peak:18.88M | Scene, ViewLayer | Updating Lookup Tables
Fra:1 Mem:35.91M (Peak 43.76M) | Time:00:00.93 | Mem:18.88M, Peak:18.88M | Scene, ViewLayer | Updating Baking
Fra:1 Mem:35.91M (Peak 43.76M) | Time:00:00.93 | Mem:18.88M, Peak:18.88M | Scene, ViewLayer | Updating Device | Writing constant memory
Fra:1 Mem:35.91M (Peak 43.76M) | Time:00:00.93 | Mem:18.88M, Peak:18.88M | Scene, ViewLayer | Loading denoising kernels (may take a few minutes the first time)
Fra:1 Mem:39.91M (Peak 43.76M) | Time:00:01.05 | Mem:370.89M, Peak:370.89M | Scene, ViewLayer | Sample 0/24
Fra:1 Mem:115.92M (Peak 115.92M) | Time:00:01.13 | Remaining:00:01.84 | Mem:446.90M, Peak:446.90M | Scene, ViewLayer | Sample 1/24
Fra:1 Mem:147.92M (Peak 195.92M) | Time:00:11.31 | Mem:446.90M, Peak:446.90M | Scene, ViewLayer | Sample 24/24
Fra:1 Mem:147.92M (Peak 195.92M) | Time:00:11.31 | Mem:446.90M, Peak:446.90M | Scene, ViewLayer | Finished
Saved: 'D:\vibe-coding-e\nova-swarm-forum-129-improvements-20260822\docs\fleet-art-v2\ships\22\export\showroom.png'
Time: 00:11.63 (Saving: 00:00.15)

Fra:1 Mem:15.54M (Peak 15.54M) | Time:00:00.34 | Mem:0.00M, Peak:0.00M | Scene, ViewLayer | Synchronizing object | Broad neutral key
Fra:1 Mem:15.54M (Peak 15.54M) | Time:00:00.34 | Mem:0.00M, Peak:0.00M | Scene, ViewLayer | Synchronizing object | VerdantFlowV2
Fra:1 Mem:16.86M (Peak 17.64M) | Time:00:00.36 | Mem:0.00M, Peak:0.00M | Scene, ViewLayer | Initializing
Fra:1 Mem:16.39M (Peak 17.64M) | Time:00:00.36 | Mem:0.00M, Peak:0.00M | Scene, ViewLayer | Waiting for render to start
Fra:1 Mem:16.39M (Peak 17.64M) | Time:00:00.36 | Mem:0.00M, Peak:0.00M | Scene, ViewLayer | Updating Scene
Fra:1 Mem:16.39M (Peak 17.64M) | Time:00:00.36 | Mem:0.00M, Peak:0.00M | Scene, ViewLayer | Updating Shaders
Fra:1 Mem:16.39M (Peak 17.64M) | Time:00:00.36 | Mem:0.00M, Peak:0.00M | Scene, ViewLayer | Loading render kernels (may take a few minutes the first time)
Fra:1 Mem:16.48M (Peak 43.76M) | Time:00:00.67 | Mem:0.01M, Peak:0.01M | Scene, ViewLayer | Updating Procedurals
Fra:1 Mem:16.48M (Peak 43.76M) | Time:00:00.67 | Mem:0.01M, Peak:0.01M | Scene, ViewLayer | Updating Background
Fra:1 Mem:16.48M (Peak 43.76M) | Time:00:00.67 | Mem:0.01M, Peak:0.01M | Scene, ViewLayer | Updating Camera
Fra:1 Mem:16.48M (Peak 43.76M) | Time:00:00.67 | Mem:0.01M, Peak:0.01M | Scene, ViewLayer | Updating Meshes Flags
Fra:1 Mem:16.48M (Peak 43.76M) | Time:00:00.67 | Mem:0.01M, Peak:0.01M | Scene, ViewLayer | Updating Objects
Fra:1 Mem:16.48M (Peak 43.76M) | Time:00:00.67 | Mem:0.01M, Peak:0.01M | Scene, ViewLayer | Updating Objects | Copying Transformations to device
Fra:1 Mem:16.48M (Peak 43.76M) | Time:00:00.67 | Mem:0.01M, Peak:0.01M | Scene, ViewLayer | Updating Particle Systems
Fra:1 Mem:16.48M (Peak 43.76M) | Time:00:00.67 | Mem:0.01M, Peak:0.01M | Scene, ViewLayer | Updating Particle Systems | Copying Particles to device
Fra:1 Mem:16.48M (Peak 43.76M) | Time:00:00.67 | Mem:0.01M, Peak:0.01M | Scene, ViewLayer | Updating Meshes
Fra:1 Mem:17.58M (Peak 43.76M) | Time:00:00.70 | Mem:0.01M, Peak:0.01M | Scene, ViewLayer | Updating Objects | Applying Static Transformations
Fra:1 Mem:17.58M (Peak 43.76M) | Time:00:00.70 | Mem:0.01M, Peak:0.01M | Scene, ViewLayer | Updating Mesh | Computing attributes
Fra:1 Mem:19.06M (Peak 43.76M) | Time:00:00.70 | Mem:0.01M, Peak:0.01M | Scene, ViewLayer | Updating Mesh | Copying Attributes to device
Fra:1 Mem:19.05M (Peak 43.76M) | Time:00:00.70 | Mem:1.48M, Peak:1.48M | Scene, ViewLayer | Updating Geometry BVH light 5/4 | Building BVH
Fra:1 Mem:19.05M (Peak 43.76M) | Time:00:00.70 | Mem:1.48M, Peak:1.48M | Scene, ViewLayer | Updating Geometry BVH light 5/4 | Building OptiX acceleration structure
Fra:1 Mem:19.05M (Peak 43.76M) | Time:00:00.70 | Mem:1.48M, Peak:1.48M | Scene, ViewLayer | Updating Geometry BVH Continuous pressure fuselage.018 4/4 | Building BVH
Fra:1 Mem:19.05M (Peak 43.76M) | Time:00:00.70 | Mem:1.48M, Peak:1.48M | Scene, ViewLayer | Updating Geometry BVH Continuous pressure fuselage.018 4/4 | Building OptiX acceleration structure
Fra:1 Mem:19.05M (Peak 43.76M) | Time:00:00.70 | Mem:1.96M, Peak:3.42M | Scene, ViewLayer | Updating Geometry BVH Neutral fill 3/4 | Building BVH
Fra:1 Mem:19.05M (Peak 43.76M) | Time:00:00.70 | Mem:1.96M, Peak:3.42M | Scene, ViewLayer | Updating Geometry BVH Neutral fill 3/4 | Building OptiX acceleration structure
Fra:1 Mem:19.05M (Peak 43.76M) | Time:00:00.70 | Mem:1.96M, Peak:3.42M | Scene, ViewLayer | Updating Geometry BVH Broad neutral key 2/4 | Building BVH
Fra:1 Mem:19.05M (Peak 43.76M) | Time:00:00.70 | Mem:1.96M, Peak:3.42M | Scene, ViewLayer | Updating Geometry BVH Broad neutral key 2/4 | Building OptiX acceleration structure
Fra:1 Mem:19.05M (Peak 43.76M) | Time:00:00.70 | Mem:1.96M, Peak:3.42M | Scene, ViewLayer | Updating Scene BVH | Building
Fra:1 Mem:19.05M (Peak 43.76M) | Time:00:00.70 | Mem:1.96M, Peak:3.42M | Scene, ViewLayer | Updating Scene BVH | Building OptiX acceleration structure
Fra:1 Mem:19.05M (Peak 43.76M) | Time:00:00.71 | Mem:1.96M, Peak:3.42M | Scene, ViewLayer | Updating Scene BVH | Copying BVH to device
Fra:1 Mem:19.05M (Peak 43.76M) | Time:00:00.71 | Mem:1.96M, Peak:3.42M | Scene, ViewLayer | Updating Mesh | Computing normals
Fra:1 Mem:19.63M (Peak 43.76M) | Time:00:00.71 | Mem:1.96M, Peak:3.42M | Scene, ViewLayer | Updating Mesh | Copying Mesh to device
Fra:1 Mem:19.63M (Peak 43.76M) | Time:00:00.71 | Mem:2.54M, Peak:3.42M | Scene, ViewLayer | Updating Objects Flags
Fra:1 Mem:19.63M (Peak 43.76M) | Time:00:00.71 | Mem:2.54M, Peak:3.42M | Scene, ViewLayer | Updating Primitive Offsets
Fra:1 Mem:19.63M (Peak 43.76M) | Time:00:00.71 | Mem:2.54M, Peak:3.42M | Scene, ViewLayer | Updating Images
Fra:1 Mem:19.63M (Peak 43.76M) | Time:00:00.71 | Mem:2.54M, Peak:3.42M | Scene, ViewLayer | Updating Images | Loading panel-normal.png
Fra:1 Mem:23.63M (Peak 43.76M) | Time:00:00.71 | Mem:2.54M, Peak:3.42M | Scene, ViewLayer | Updating Images | Loading cobalt-basecolor.png
Fra:1 Mem:27.63M (Peak 43.76M) | Time:00:00.71 | Mem:2.54M, Peak:3.42M | Scene, ViewLayer | Updating Images | Loading white-basecolor.png
Fra:1 Mem:27.63M (Peak 43.76M) | Time:00:00.71 | Mem:2.54M, Peak:3.42M | Scene, ViewLayer | Updating Images | Loading paint-orm.png
Fra:1 Mem:35.64M (Peak 43.76M) | Time:00:00.78 | Mem:18.54M, Peak:18.54M | Scene, ViewLayer | Updating Camera Volume
Fra:1 Mem:35.64M (Peak 43.76M) | Time:00:00.78 | Mem:18.54M, Peak:18.54M | Scene, ViewLayer | Updating Lookup Tables
Fra:1 Mem:35.64M (Peak 43.76M) | Time:00:00.78 | Mem:18.62M, Peak:18.62M | Scene, ViewLayer | Updating Lights
Fra:1 Mem:35.65M (Peak 43.76M) | Time:00:00.78 | Mem:18.62M, Peak:18.62M | Scene, ViewLayer | Updating Lights | Computing tree
Fra:1 Mem:35.90M (Peak 43.76M) | Time:00:00.79 | Mem:18.88M, Peak:18.88M | Scene, ViewLayer | Updating Integrator
Fra:1 Mem:35.90M (Peak 43.76M) | Time:00:00.79 | Mem:18.88M, Peak:18.88M | Scene, ViewLayer | Updating Film
Fra:1 Mem:35.91M (Peak 43.76M) | Time:00:00.79 | Mem:18.80M, Peak:18.88M | Scene, ViewLayer | Updating Lookup Tables
Fra:1 Mem:35.91M (Peak 43.76M) | Time:00:00.79 | Mem:18.88M, Peak:18.88M | Scene, ViewLayer | Updating Baking
Fra:1 Mem:35.91M (Peak 43.76M) | Time:00:00.79 | Mem:18.88M, Peak:18.88M | Scene, ViewLayer | Updating Device | Writing constant memory
Fra:1 Mem:35.91M (Peak 43.76M) | Time:00:00.80 | Mem:18.88M, Peak:18.88M | Scene, ViewLayer | Loading denoising kernels (may take a few minutes the first time)
Fra:1 Mem:39.91M (Peak 43.76M) | Time:00:00.92 | Mem:370.89M, Peak:370.89M | Scene, ViewLayer | Sample 0/24
Fra:1 Mem:58.92M (Peak 58.92M) | Time:00:00.95 | Remaining:00:00.62 | Mem:389.90M, Peak:389.90M | Scene, ViewLayer | Sample 1/24
Fra:1 Mem:66.92M (Peak 78.92M) | Time:00:03.15 | Mem:389.90M, Peak:389.90M | Scene, ViewLayer | Sample 24/24
Fra:1 Mem:66.92M (Peak 78.92M) | Time:00:03.15 | Mem:389.90M, Peak:389.90M | Scene, ViewLayer | Finished
Saved: 'D:\vibe-coding-e\nova-swarm-forum-129-improvements-20260822\docs\fleet-art-v2\ships\22\export\player.png'
Time: 00:03.45 (Saving: 00:00.11)


FLEET_V2_COMPLETE 22 Verdant Flow
Read blend: "D:\vibe-coding-e\nova-swarm-forum-129-improvements-20260822\docs\fleet-art-v2\ships\23\source.blend"
Fra:1 Mem:14.52M (Peak 14.52M) | Time:00:00.26 | Mem:0.00M, Peak:0.00M | Scene, ViewLayer | Synchronizing object | Broad neutral key
Fra:1 Mem:14.52M (Peak 14.52M) | Time:00:00.26 | Mem:0.00M, Peak:0.00M | Scene, ViewLayer | Synchronizing object | Neutral fill
Fra:1 Mem:14.84M (Peak 14.84M) | Time:00:00.31 | Mem:0.00M, Peak:0.00M | Scene, ViewLayer | Synchronizing object | Continuous pressure fuselage
Fra:1 Mem:15.69M (Peak 15.69M) | Time:00:00.35 | Mem:0.00M, Peak:0.00M | Scene, ViewLayer | Synchronizing object | Cockpit integrated coaming
Fra:1 Mem:16.22M (Peak 16.22M) | Time:00:00.40 | Mem:0.00M, Peak:0.00M | Scene, ViewLayer | Synchronizing object | Pressure canopy glazing
Fra:1 Mem:16.22M (Peak 16.22M) | Time:00:00.40 | Mem:0.00M, Peak:0.00M | Scene, ViewLayer | Synchronizing object | Canopy lower frame
Fra:1 Mem:16.46M (Peak 16.46M) | Time:00:00.40 | Mem:0.00M, Peak:0.00M | Scene, ViewLayer | Synchronizing object | Canopy lower frame.001
Fra:1 Mem:16.51M (Peak 16.51M) | Time:00:00.40 | Mem:0.00M, Peak:0.00M | Scene, ViewLayer | Synchronizing object | Canopy pressure bow
Fra:1 Mem:16.52M (Peak 16.52M) | Time:00:00.40 | Mem:0.00M, Peak:0.00M | Scene, ViewLayer | Synchronizing object | Integrated lifting hull
Fra:1 Mem:16.51M (Peak 16.52M) | Time:00:00.40 | Mem:0.00M, Peak:0.00M | Scene, ViewLayer | Synchronizing object | Integrated propulsion nacelle
Fra:1 Mem:16.52M (Peak 16.52M) | Time:00:00.40 | Mem:0.00M, Peak:0.00M | Scene, ViewLayer | Synchronizing object | Contoured expansion nozzle
Fra:1 Mem:16.63M (Peak 16.63M) | Time:00:00.40 | Mem:0.00M, Peak:0.00M | Scene, ViewLayer | Synchronizing object | Nozzle petal seam.001
Fra:1 Mem:16.61M (Peak 16.63M) | Time:00:00.40 | Mem:0.00M, Peak:0.00M | Scene, ViewLayer | Synchronizing object | Nozzle petal seam.002
Fra:1 Mem:16.61M (Peak 16.63M) | Time:00:00.40 | Mem:0.00M, Peak:0.00M | Scene, ViewLayer | Synchronizing object | Nozzle petal seam.003
Fra:1 Mem:16.62M (Peak 16.63M) | Time:00:00.40 | Mem:0.00M, Peak:0.00M | Scene, ViewLayer | Synchronizing object | Nozzle petal seam.004
Fra:1 Mem:16.63M (Peak 16.63M) | Time:00:00.40 | Mem:0.00M, Peak:0.00M | Scene, ViewLayer | Synchronizing object | Nozzle petal seam.005
Fra:1 Mem:16.64M (Peak 16.64M) | Time:00:00.40 | Mem:0.00M, Peak:0.00M | Scene, ViewLayer | Synchronizing object | Nozzle petal seam.006
Fra:1 Mem:16.65M (Peak 16.65M) | Time:00:00.40 | Mem:0.00M, Peak:0.00M | Scene, ViewLayer | Synchronizing object | Nozzle petal seam.007
Fra:1 Mem:16.66M (Peak 16.66M) | Time:00:00.40 | Mem:0.00M, Peak:0.00M | Scene, ViewLayer | Synchronizing object | Nozzle petal seam.008
Fra:1 Mem:16.68M (Peak 16.68M) | Time:00:00.40 | Mem:0.00M, Peak:0.00M | Scene, ViewLayer | Synchronizing object | Nozzle petal seam.009
Fra:1 Mem:16.68M (Peak 16.68M) | Time:00:00.40 | Mem:0.00M, Peak:0.00M | Scene, ViewLayer | Synchronizing object | Nozzle petal seam.010
Fra:1 Mem:16.68M (Peak 16.68M) | Time:00:00.40 | Mem:0.00M, Peak:0.00M | Scene, ViewLayer | Synchronizing object | Nozzle petal seam.011
Fra:1 Mem:16.68M (Peak 16.68M) | Time:00:00.40 | Mem:0.00M, Peak:0.00M | Scene, ViewLayer | Synchronizing object | Deep ion throat
Fra:1 Mem:16.69M (Peak 16.69M) | Time:00:00.40 | Mem:0.00M, Peak:0.00M | Scene, ViewLayer | Synchronizing object | Deep intake duct
Fra:1 Mem:16.84M (Peak 16.84M) | Time:00:00.41 | Mem:0.00M, Peak:0.00M | Scene, ViewLayer | Synchronizing object | Blended structural fairing
Fra:1 Mem:16.84M (Peak 16.84M) | Time:00:00.41 | Mem:0.00M, Peak:0.00M | Scene, ViewLayer | Synchronizing object | Integrated propulsion nacelle.001
Fra:1 Mem:16.84M (Peak 16.84M) | Time:00:00.41 | Mem:0.00M, Peak:0.00M | Scene, ViewLayer | Synchronizing object | Contoured expansion nozzle.001
Fra:1 Mem:16.88M (Peak 16.88M) | Time:00:00.41 | Mem:0.00M, Peak:0.00M | Scene, ViewLayer | Synchronizing object | Nozzle petal seam.012
Fra:1 Mem:17.03M (Peak 17.03M) | Time:00:00.41 | Mem:0.00M, Peak:0.00M | Scene, ViewLayer | Synchronizing object | Nozzle petal seam.013
Fra:1 Mem:17.04M (Peak 17.04M) | Time:00:00.41 | Mem:0.00M, Peak:0.00M | Scene, ViewLayer | Synchronizing object | Nozzle petal seam.014
Fra:1 Mem:17.04M (Peak 17.04M) | Time:00:00.41 | Mem:0.00M, Peak:0.00M | Scene, ViewLayer | Synchronizing object | Nozzle petal seam.015
Fra:1 Mem:17.06M (Peak 17.06M) | Time:00:00.41 | Mem:0.00M, Peak:0.00M | Scene, ViewLayer | Synchronizing object | Nozzle petal seam.016
Fra:1 Mem:17.13M (Peak 17.13M) | Time:00:00.41 | Mem:0.00M, Peak:0.00M | Scene, ViewLayer | Synchronizing object | Nozzle petal seam.017
Fra:1 Mem:17.13M (Peak 17.13M) | Time:00:00.41 | Mem:0.00M, Peak:0.00M | Scene, ViewLayer | Synchronizing object | Nozzle petal seam.018
Fra:1 Mem:17.18M (Peak 17.18M) | Time:00:00.41 | Mem:0.00M, Peak:0.00M | Scene, ViewLayer | Synchronizing object | Nozzle petal seam.019
Fra:1 Mem:17.13M (Peak 17.18M) | Time:00:00.41 | Mem:0.00M, Peak:0.00M | Scene, ViewLayer | Synchronizing object | Nozzle petal seam.020
Fra:1 Mem:17.13M (Peak 17.18M) | Time:00:00.41 | Mem:0.00M, Peak:0.00M | Scene, ViewLayer | Synchronizing object | Nozzle petal seam.021
Fra:1 Mem:17.13M (Peak 17.18M) | Time:00:00.41 | Mem:0.00M, Peak:0.00M | Scene, ViewLayer | Synchronizing object | Nozzle petal seam.022
Fra:1 Mem:17.13M (Peak 17.18M) | Time:00:00.41 | Mem:0.00M, Peak:0.00M | Scene, ViewLayer | Synchronizing object | Nozzle petal seam.023
Fra:1 Mem:17.13M (Peak 17.18M) | Time:00:00.41 | Mem:0.00M, Peak:0.00M | Scene, ViewLayer | Synchronizing object | Deep ion throat.001
Fra:1 Mem:17.14M (Peak 17.18M) | Time:00:00.41 | Mem:0.00M, Peak:0.00M | Scene, ViewLayer | Synchronizing object | Deep intake duct.001
Fra:1 Mem:17.29M (Peak 17.29M) | Time:00:00.42 | Mem:0.00M, Peak:0.00M | Scene, ViewLayer | Synchronizing object | Blended structural fairing.001
Fra:1 Mem:17.46M (Peak 17.46M) | Time:00:00.42 | Mem:0.00M, Peak:0.00M | Scene, ViewLayer | Initializing
Fra:1 Mem:13.88M (Peak 17.46M) | Time:00:00.42 | Mem:0.00M, Peak:0.00M | Scene, ViewLayer | Waiting for render to start
Fra:1 Mem:13.88M (Peak 17.46M) | Time:00:00.42 | Mem:0.00M, Peak:0.00M | Scene, ViewLayer | Updating Scene
Fra:1 Mem:13.88M (Peak 17.46M) | Time:00:00.42 | Mem:0.00M, Peak:0.00M | Scene, ViewLayer | Updating Shaders
Fra:1 Mem:13.88M (Peak 17.46M) | Time:00:00.42 | Mem:0.00M, Peak:0.00M | Scene, ViewLayer | Loading render kernels (may take a few minutes the first time)
Fra:1 Mem:13.97M (Peak 41.26M) | Time:00:01.27 | Mem:0.01M, Peak:0.01M | Scene, ViewLayer | Updating Procedurals
Fra:1 Mem:13.97M (Peak 41.26M) | Time:00:01.27 | Mem:0.01M, Peak:0.01M | Scene, ViewLayer | Updating Background
Fra:1 Mem:13.97M (Peak 41.26M) | Time:00:01.27 | Mem:0.01M, Peak:0.01M | Scene, ViewLayer | Updating Camera
Fra:1 Mem:13.97M (Peak 41.26M) | Time:00:01.27 | Mem:0.01M, Peak:0.01M | Scene, ViewLayer | Updating Meshes Flags
Fra:1 Mem:13.97M (Peak 41.26M) | Time:00:01.27 | Mem:0.01M, Peak:0.01M | Scene, ViewLayer | Updating Objects
Fra:1 Mem:13.97M (Peak 41.26M) | Time:00:01.27 | Mem:0.01M, Peak:0.01M | Scene, ViewLayer | Updating Objects | Copying Transformations to device
Fra:1 Mem:13.98M (Peak 41.26M) | Time:00:01.27 | Mem:0.02M, Peak:0.02M | Scene, ViewLayer | Updating Particle Systems
Fra:1 Mem:13.98M (Peak 41.26M) | Time:00:01.27 | Mem:0.02M, Peak:0.02M | Scene, ViewLayer | Updating Particle Systems | Copying Particles to device
Fra:1 Mem:13.98M (Peak 41.26M) | Time:00:01.27 | Mem:0.02M, Peak:0.02M | Scene, ViewLayer | Updating Meshes
Fra:1 Mem:14.62M (Peak 41.26M) | Time:00:01.28 | Mem:0.02M, Peak:0.02M | Scene, ViewLayer | Updating Objects | Applying Static Transformations
Fra:1 Mem:14.62M (Peak 41.26M) | Time:00:01.28 | Mem:0.02M, Peak:0.02M | Scene, ViewLayer | Updating Mesh | Computing attributes
Fra:1 Mem:15.57M (Peak 41.26M) | Time:00:01.28 | Mem:0.02M, Peak:0.02M | Scene, ViewLayer | Updating Mesh | Copying Attributes to device
Fra:1 Mem:15.56M (Peak 41.26M) | Time:00:01.28 | Mem:0.96M, Peak:0.96M | Scene, ViewLayer | Updating Geometry BVH light 46/45 | Building BVH
Fra:1 Mem:15.56M (Peak 41.26M) | Time:00:01.28 | Mem:0.96M, Peak:0.96M | Scene, ViewLayer | Updating Geometry BVH Contoured expansion nozzle.080 12/45 | Building BVH
Fra:1 Mem:15.56M (Peak 41.26M) | Time:00:01.28 | Mem:0.96M, Peak:0.96M | Scene, ViewLayer | Updating Geometry BVH Contoured expansion nozzle.080 12/45 | Building OptiX acceleration structure
Fra:1 Mem:15.65M (Peak 41.26M) | Time:00:01.28 | Mem:0.96M, Peak:0.96M | Scene, ViewLayer | Updating Geometry BVH Mesh 45/45 | Building BVH
Fra:1 Mem:15.65M (Peak 41.26M) | Time:00:01.28 | Mem:1.01M, Peak:1.01M | Scene, ViewLayer | Updating Geometry BVH Nozzle petal seam.960 13/45 | Building OptiX acceleration structure
Fra:1 Mem:15.91M (Peak 41.26M) | Time:00:01.28 | Mem:1.03M, Peak:1.03M | Scene, ViewLayer | Updating Geometry BVH Nozzle petal seam.961 14/45 | Building OptiX acceleration structure
Fra:1 Mem:15.83M (Peak 41.26M) | Time:00:01.28 | Mem:1.33M, Peak:1.73M | Scene, ViewLayer | Updating Geometry BVH Nozzle petal seam.962 15/45 | Building BVH
Fra:1 Mem:15.83M (Peak 41.26M) | Time:00:01.28 | Mem:1.37M, Peak:1.73M | Scene, ViewLayer | Updating Geometry BVH Nozzle petal seam.962 15/45 | Building OptiX acceleration structure
Fra:1 Mem:15.83M (Peak 41.26M) | Time:00:01.28 | Mem:1.34M, Peak:1.73M | Scene, ViewLayer | Updating Geometry BVH Nozzle petal seam.963 16/45 | Building BVH
Fra:1 Mem:15.83M (Peak 41.26M) | Time:00:01.28 | Mem:1.51M, Peak:1.73M | Scene, ViewLayer | Updating Geometry BVH Nozzle petal seam.963 16/45 | Building OptiX acceleration structure
Fra:1 Mem:15.79M (Peak 41.26M) | Time:00:01.28 | Mem:1.35M, Peak:1.73M | Scene, ViewLayer | Updating Geometry BVH Deep intake duct.041 44/45 | Building BVH
Fra:1 Mem:15.79M (Peak 41.26M) | Time:00:01.28 | Mem:1.53M, Peak:1.73M | Scene, ViewLayer | Updating Geometry BVH Deep intake duct.041 44/45 | Building OptiX acceleration structure
Fra:1 Mem:15.72M (Peak 41.26M) | Time:00:01.29 | Mem:1.37M, Peak:1.76M | Scene, ViewLayer | Updating Geometry BVH Nozzle petal seam.964 17/45 | Building BVH
Fra:1 Mem:15.72M (Peak 41.26M) | Time:00:01.29 | Mem:1.37M, Peak:1.76M | Scene, ViewLayer | Updating Geometry BVH Nozzle petal seam.964 17/45 | Building OptiX acceleration structure
Fra:1 Mem:15.70M (Peak 41.26M) | Time:00:01.29 | Mem:1.37M, Peak:1.76M | Scene, ViewLayer | Updating Geometry BVH Nozzle petal seam.965 18/45 | Building BVH
Fra:1 Mem:15.70M (Peak 41.26M) | Time:00:01.29 | Mem:1.37M, Peak:1.76M | Scene, ViewLayer | Updating Geometry BVH Nozzle petal seam.965 18/45 | Building OptiX acceleration structure
Fra:1 Mem:15.70M (Peak 41.26M) | Time:00:01.29 | Mem:1.37M, Peak:1.76M | Scene, ViewLayer | Updating Geometry BVH Nozzle petal seam.966 19/45 | Building BVH
Fra:1 Mem:15.70M (Peak 41.26M) | Time:00:01.29 | Mem:1.42M, Peak:1.76M | Scene, ViewLayer | Updating Geometry BVH Nozzle petal seam.966 19/45 | Building OptiX acceleration structure
Fra:1 Mem:15.58M (Peak 41.26M) | Time:00:01.29 | Mem:1.40M, Peak:1.88M | Scene, ViewLayer | Updating Geometry BVH Nozzle petal seam.967 20/45 | Building BVH
Fra:1 Mem:15.58M (Peak 41.26M) | Time:00:01.29 | Mem:1.41M, Peak:1.88M | Scene, ViewLayer | Updating Geometry BVH Nozzle petal seam.967 20/45 | Building OptiX acceleration structure
Fra:1 Mem:15.58M (Peak 41.26M) | Time:00:01.29 | Mem:1.40M, Peak:1.88M | Scene, ViewLayer | Updating Geometry BVH Nozzle petal seam.968 21/45 | Building BVH
Fra:1 Mem:15.58M (Peak 41.26M) | Time:00:01.29 | Mem:1.43M, Peak:1.88M | Scene, ViewLayer | Updating Geometry BVH Nozzle petal seam.968 21/45 | Building OptiX acceleration structure
Fra:1 Mem:15.57M (Peak 41.26M) | Time:00:01.29 | Mem:1.40M, Peak:1.88M | Scene, ViewLayer | Updating Geometry BVH Nozzle petal seam.969 22/45 | Building BVH
Fra:1 Mem:15.57M (Peak 41.26M) | Time:00:01.29 | Mem:1.40M, Peak:1.88M | Scene, ViewLayer | Updating Geometry BVH Nozzle petal seam.969 22/45 | Building OptiX acceleration structure
Fra:1 Mem:15.57M (Peak 41.26M) | Time:00:01.29 | Mem:1.41M, Peak:1.88M | Scene, ViewLayer | Updating Geometry BVH Nozzle petal seam.970 23/45 | Building BVH
Fra:1 Mem:15.57M (Peak 41.26M) | Time:00:01.29 | Mem:1.42M, Peak:1.88M | Scene, ViewLayer | Updating Geometry BVH Nozzle petal seam.970 23/45 | Building OptiX acceleration structure
Fra:1 Mem:15.57M (Peak 41.26M) | Time:00:01.30 | Mem:1.41M, Peak:1.88M | Scene, ViewLayer | Updating Geometry BVH Nozzle petal seam.971 24/45 | Building BVH
Fra:1 Mem:15.57M (Peak 41.26M) | Time:00:01.30 | Mem:1.41M, Peak:1.88M | Scene, ViewLayer | Updating Geometry BVH Nozzle petal seam.971 24/45 | Building OptiX acceleration structure
Fra:1 Mem:15.57M (Peak 41.26M) | Time:00:01.30 | Mem:1.41M, Peak:1.88M | Scene, ViewLayer | Updating Geometry BVH Deep ion throat.080 25/45 | Building BVH
Fra:1 Mem:15.57M (Peak 41.26M) | Time:00:01.30 | Mem:1.41M, Peak:1.88M | Scene, ViewLayer | Updating Geometry BVH Deep ion throat.080 25/45 | Building OptiX acceleration structure
Fra:1 Mem:15.59M (Peak 41.26M) | Time:00:01.30 | Mem:1.43M, Peak:1.88M | Scene, ViewLayer | Updating Geometry BVH Deep intake duct.040 26/45 | Building BVH
Fra:1 Mem:15.59M (Peak 41.26M) | Time:00:01.30 | Mem:1.43M, Peak:1.88M | Scene, ViewLayer | Updating Geometry BVH Deep intake duct.040 26/45 | Building OptiX acceleration structure
Fra:1 Mem:15.59M (Peak 41.26M) | Time:00:01.30 | Mem:1.43M, Peak:1.88M | Scene, ViewLayer | Updating Geometry BVH Mesh 27/45 | Building BVH
Fra:1 Mem:15.59M (Peak 41.26M) | Time:00:01.30 | Mem:1.45M, Peak:1.88M | Scene, ViewLayer | Updating Geometry BVH Mesh 27/45 | Building OptiX acceleration structure
Fra:1 Mem:15.62M (Peak 41.26M) | Time:00:01.30 | Mem:1.47M, Peak:1.88M | Scene, ViewLayer | Updating Geometry BVH Deep ion throat.081 43/45 | Building BVH
Fra:1 Mem:15.62M (Peak 41.26M) | Time:00:01.30 | Mem:1.47M, Peak:1.88M | Scene, ViewLayer | Updating Geometry BVH Deep ion throat.081 43/45 | Building OptiX acceleration structure
Fra:1 Mem:15.64M (Peak 41.26M) | Time:00:01.30 | Mem:1.49M, Peak:1.88M | Scene, ViewLayer | Updating Geometry BVH Integrated lifting hull.039 28/45 | Building BVH
Fra:1 Mem:15.64M (Peak 41.26M) | Time:00:01.30 | Mem:1.50M, Peak:1.88M | Scene, ViewLayer | Updating Geometry BVH Integrated lifting hull.039 28/45 | Building OptiX acceleration structure
Fra:1 Mem:15.65M (Peak 41.26M) | Time:00:01.30 | Mem:1.50M, Peak:1.88M | Scene, ViewLayer | Updating Geometry BVH Integrated propulsion nacelle.041 29/45 | Building BVH
Fra:1 Mem:15.65M (Peak 41.26M) | Time:00:01.30 | Mem:1.51M, Peak:1.88M | Scene, ViewLayer | Updating Geometry BVH Integrated propulsion nacelle.041 29/45 | Building OptiX acceleration structure
Fra:1 Mem:15.66M (Peak 41.26M) | Time:00:01.31 | Mem:1.51M, Peak:1.88M | Scene, ViewLayer | Updating Geometry BVH Contoured expansion nozzle.081 30/45 | Building BVH
Fra:1 Mem:15.66M (Peak 41.26M) | Time:00:01.31 | Mem:1.52M, Peak:1.88M | Scene, ViewLayer | Updating Geometry BVH Contoured expansion nozzle.081 30/45 | Building OptiX acceleration structure
Fra:1 Mem:15.67M (Peak 41.26M) | Time:00:01.31 | Mem:1.52M, Peak:1.88M | Scene, ViewLayer | Updating Geometry BVH Nozzle petal seam.972 31/45 | Building BVH
Fra:1 Mem:15.67M (Peak 41.26M) | Time:00:01.31 | Mem:1.52M, Peak:1.88M | Scene, ViewLayer | Updating Geometry BVH Nozzle petal seam.972 31/45 | Building OptiX acceleration structure
Fra:1 Mem:15.67M (Peak 41.26M) | Time:00:01.31 | Mem:1.52M, Peak:1.88M | Scene, ViewLayer | Updating Geometry BVH Nozzle petal seam.973 32/45 | Building BVH
Fra:1 Mem:15.67M (Peak 41.26M) | Time:00:01.31 | Mem:1.52M, Peak:1.88M | Scene, ViewLayer | Updating Geometry BVH Nozzle petal seam.973 32/45 | Building OptiX acceleration structure
Fra:1 Mem:15.67M (Peak 41.26M) | Time:00:01.31 | Mem:1.52M, Peak:1.88M | Scene, ViewLayer | Updating Geometry BVH Nozzle petal seam.974 33/45 | Building BVH
Fra:1 Mem:15.67M (Peak 41.26M) | Time:00:01.31 | Mem:1.52M, Peak:1.88M | Scene, ViewLayer | Updating Geometry BVH Nozzle petal seam.974 33/45 | Building OptiX acceleration structure
Fra:1 Mem:15.67M (Peak 41.26M) | Time:00:01.31 | Mem:1.52M, Peak:1.88M | Scene, ViewLayer | Updating Geometry BVH Nozzle petal seam.975 34/45 | Building BVH
Fra:1 Mem:15.67M (Peak 41.26M) | Time:00:01.31 | Mem:1.53M, Peak:1.88M | Scene, ViewLayer | Updating Geometry BVH Nozzle petal seam.975 34/45 | Building OptiX acceleration structure
Fra:1 Mem:15.67M (Peak 41.26M) | Time:00:01.31 | Mem:1.52M, Peak:1.88M | Scene, ViewLayer | Updating Geometry BVH Nozzle petal seam.976 35/45 | Building BVH
Fra:1 Mem:15.67M (Peak 41.26M) | Time:00:01.31 | Mem:1.58M, Peak:1.88M | Scene, ViewLayer | Updating Geometry BVH Nozzle petal seam.976 35/45 | Building OptiX acceleration structure
Fra:1 Mem:15.65M (Peak 41.26M) | Time:00:01.32 | Mem:1.52M, Peak:1.88M | Scene, ViewLayer | Updating Geometry BVH Nozzle petal seam.977 36/45 | Building BVH
Fra:1 Mem:15.65M (Peak 41.26M) | Time:00:01.32 | Mem:1.52M, Peak:1.88M | Scene, ViewLayer | Updating Geometry BVH Nozzle petal seam.977 36/45 | Building OptiX acceleration structure
Fra:1 Mem:15.65M (Peak 41.26M) | Time:00:01.32 | Mem:1.52M, Peak:1.88M | Scene, ViewLayer | Updating Geometry BVH Nozzle petal seam.978 37/45 | Building BVH
Fra:1 Mem:15.65M (Peak 41.26M) | Time:00:01.32 | Mem:1.52M, Peak:1.88M | Scene, ViewLayer | Updating Geometry BVH Nozzle petal seam.978 37/45 | Building OptiX acceleration structure
Fra:1 Mem:15.61M (Peak 41.26M) | Time:00:01.32 | Mem:1.53M, Peak:1.88M | Scene, ViewLayer | Updating Geometry BVH Nozzle petal seam.979 38/45 | Building BVH
Fra:1 Mem:15.61M (Peak 41.26M) | Time:00:01.32 | Mem:1.53M, Peak:1.88M | Scene, ViewLayer | Updating Geometry BVH Nozzle petal seam.979 38/45 | Building OptiX acceleration structure
Fra:1 Mem:15.59M (Peak 41.26M) | Time:00:01.32 | Mem:1.52M, Peak:1.88M | Scene, ViewLayer | Updating Geometry BVH Nozzle petal seam.983 42/45 | Building BVH
Fra:1 Mem:15.59M (Peak 41.26M) | Time:00:01.32 | Mem:1.52M, Peak:1.88M | Scene, ViewLayer | Updating Geometry BVH Nozzle petal seam.983 42/45 | Building OptiX acceleration structure
Fra:1 Mem:15.58M (Peak 41.26M) | Time:00:01.32 | Mem:1.52M, Peak:1.88M | Scene, ViewLayer | Updating Geometry BVH Nozzle petal seam.980 39/45 | Building BVH
Fra:1 Mem:15.58M (Peak 41.26M) | Time:00:01.32 | Mem:1.52M, Peak:1.88M | Scene, ViewLayer | Updating Geometry BVH Nozzle petal seam.980 39/45 | Building OptiX acceleration structure
Fra:1 Mem:15.57M (Peak 41.26M) | Time:00:01.32 | Mem:1.52M, Peak:1.88M | Scene, ViewLayer | Updating Geometry BVH Nozzle petal seam.981 40/45 | Building BVH
Fra:1 Mem:15.57M (Peak 41.26M) | Time:00:01.32 | Mem:1.52M, Peak:1.88M | Scene, ViewLayer | Updating Geometry BVH Nozzle petal seam.981 40/45 | Building OptiX acceleration structure
Fra:1 Mem:15.57M (Peak 41.26M) | Time:00:01.33 | Mem:1.52M, Peak:1.88M | Scene, ViewLayer | Updating Geometry BVH Nozzle petal seam.982 41/45 | Building BVH
Fra:1 Mem:15.57M (Peak 41.26M) | Time:00:01.33 | Mem:1.53M, Peak:1.88M | Scene, ViewLayer | Updating Geometry BVH Nozzle petal seam.982 41/45 | Building OptiX acceleration structure
Fra:1 Mem:15.56M (Peak 41.26M) | Time:00:01.34 | Mem:1.54M, Peak:1.88M | Scene, ViewLayer | Updating Scene BVH | Building
Fra:1 Mem:15.56M (Peak 41.26M) | Time:00:01.34 | Mem:1.54M, Peak:1.88M | Scene, ViewLayer | Updating Scene BVH | Building OptiX acceleration structure
Fra:1 Mem:15.56M (Peak 41.26M) | Time:00:01.35 | Mem:1.54M, Peak:1.88M | Scene, ViewLayer | Updating Scene BVH | Copying BVH to device
Fra:1 Mem:15.56M (Peak 41.26M) | Time:00:01.35 | Mem:1.54M, Peak:1.88M | Scene, ViewLayer | Updating Mesh | Computing normals
Fra:1 Mem:16.22M (Peak 41.26M) | Time:00:01.35 | Mem:1.54M, Peak:1.88M | Scene, ViewLayer | Updating Mesh | Copying Mesh to device
Fra:1 Mem:16.22M (Peak 41.26M) | Time:00:01.35 | Mem:2.20M, Peak:2.20M | Scene, ViewLayer | Updating Objects Flags
Fra:1 Mem:16.22M (Peak 41.26M) | Time:00:01.35 | Mem:2.20M, Peak:2.20M | Scene, ViewLayer | Updating Primitive Offsets
Fra:1 Mem:16.22M (Peak 41.26M) | Time:00:01.35 | Mem:2.20M, Peak:2.20M | Scene, ViewLayer | Updating Images
Fra:1 Mem:16.22M (Peak 41.26M) | Time:00:01.35 | Mem:2.20M, Peak:2.20M | Scene, ViewLayer | Updating Images | Loading panel-normal.png
Fra:1 Mem:16.22M (Peak 41.26M) | Time:00:01.35 | Mem:2.20M, Peak:2.20M | Scene, ViewLayer | Updating Images | Loading cobalt-basecolor.png
Fra:1 Mem:16.22M (Peak 41.26M) | Time:00:01.35 | Mem:2.20M, Peak:2.20M | Scene, ViewLayer | Updating Images | Loading paint-orm.png
Fra:1 Mem:32.23M (Peak 41.26M) | Time:00:01.51 | Mem:18.20M, Peak:18.20M | Scene, ViewLayer | Updating Camera Volume
Fra:1 Mem:32.23M (Peak 41.26M) | Time:00:01.51 | Mem:18.20M, Peak:18.20M | Scene, ViewLayer | Updating Lookup Tables
Fra:1 Mem:32.23M (Peak 41.26M) | Time:00:01.51 | Mem:18.28M, Peak:18.28M | Scene, ViewLayer | Updating Lights
Fra:1 Mem:32.23M (Peak 41.26M) | Time:00:01.51 | Mem:18.28M, Peak:18.28M | Scene, ViewLayer | Updating Lights | Computing tree
Fra:1 Mem:32.42M (Peak 41.26M) | Time:00:01.54 | Mem:18.47M, Peak:18.47M | Scene, ViewLayer | Updating Integrator
Fra:1 Mem:32.42M (Peak 41.26M) | Time:00:01.54 | Mem:18.47M, Peak:18.47M | Scene, ViewLayer | Updating Film
Fra:1 Mem:32.43M (Peak 41.26M) | Time:00:01.54 | Mem:18.39M, Peak:18.47M | Scene, ViewLayer | Updating Lookup Tables
Fra:1 Mem:32.43M (Peak 41.26M) | Time:00:01.54 | Mem:18.48M, Peak:18.48M | Scene, ViewLayer | Updating Baking
Fra:1 Mem:32.43M (Peak 41.26M) | Time:00:01.54 | Mem:18.48M, Peak:18.48M | Scene, ViewLayer | Updating Device | Writing constant memory
Fra:1 Mem:32.43M (Peak 41.26M) | Time:00:01.54 | Mem:18.48M, Peak:18.48M | Scene, ViewLayer | Loading denoising kernels (may take a few minutes the first time)
Fra:1 Mem:36.43M (Peak 41.26M) | Time:00:01.57 | Mem:370.48M, Peak:370.48M | Scene, ViewLayer | Sample 0/24
Fra:1 Mem:83.40M (Peak 83.40M) | Time:00:01.76 | Remaining:00:04.28 | Mem:417.46M, Peak:417.46M | Scene, ViewLayer | Sample 1/24
Fra:1 Mem:103.19M (Peak 132.85M) | Time:00:07.89 | Mem:417.46M, Peak:417.46M | Scene, ViewLayer | Sample 24/24
Fra:1 Mem:103.19M (Peak 132.85M) | Time:00:07.89 | Mem:417.46M, Peak:417.46M | Scene, ViewLayer | Finished
Saved: 'D:\vibe-coding-e\nova-swarm-forum-129-improvements-20260822\docs\fleet-art-v2\ships\23\surfaced.png'
Time: 00:08.22 (Saving: 00:00.17)

Info: Saved as "source.blend"
17:11:35 | INFO: Starting glTF 2.0 export
17:11:35 | INFO: Extracting primitive: Continuous pressure fuselage.019
17:11:35 | WARNING: More than one shader node tex image used for a texture. The resulting glTF sampler will behave like the first shader node tex image.
17:11:35 | WARNING: More than one shader node tex image used for a texture. The resulting glTF sampler will behave like the first shader node tex image.
17:11:35 | INFO: Primitives created: 6
17:11:35 | INFO: Finished glTF 2.0 export in 0.19681787490844727 s
Fra:1 Mem:15.29M (Peak 30.79M) | Time:00:00.25 | Mem:0.00M, Peak:0.00M | Scene, ViewLayer | Synchronizing object | Broad neutral key
Fra:1 Mem:15.29M (Peak 30.79M) | Time:00:00.25 | Mem:0.00M, Peak:0.00M | Scene, ViewLayer | Synchronizing object | HazardRamV2
Fra:1 Mem:16.93M (Peak 30.79M) | Time:00:00.26 | Mem:0.00M, Peak:0.00M | Scene, ViewLayer | Initializing
Fra:1 Mem:16.46M (Peak 30.79M) | Time:00:00.26 | Mem:0.00M, Peak:0.00M | Scene, ViewLayer | Waiting for render to start
Fra:1 Mem:16.46M (Peak 30.79M) | Time:00:00.26 | Mem:0.00M, Peak:0.00M | Scene, ViewLayer | Updating Scene
Fra:1 Mem:16.46M (Peak 30.79M) | Time:00:00.26 | Mem:0.00M, Peak:0.00M | Scene, ViewLayer | Updating Shaders
Fra:1 Mem:16.46M (Peak 30.79M) | Time:00:00.26 | Mem:0.00M, Peak:0.00M | Scene, ViewLayer | Loading render kernels (may take a few minutes the first time)
Fra:1 Mem:16.54M (Peak 43.83M) | Time:00:00.49 | Mem:0.01M, Peak:0.01M | Scene, ViewLayer | Updating Procedurals
Fra:1 Mem:16.54M (Peak 43.83M) | Time:00:00.49 | Mem:0.01M, Peak:0.01M | Scene, ViewLayer | Updating Background
Fra:1 Mem:16.54M (Peak 43.83M) | Time:00:00.49 | Mem:0.01M, Peak:0.01M | Scene, ViewLayer | Updating Camera
Fra:1 Mem:16.54M (Peak 43.83M) | Time:00:00.49 | Mem:0.01M, Peak:0.01M | Scene, ViewLayer | Updating Meshes Flags
Fra:1 Mem:16.54M (Peak 43.83M) | Time:00:00.49 | Mem:0.01M, Peak:0.01M | Scene, ViewLayer | Updating Objects
Fra:1 Mem:16.54M (Peak 43.83M) | Time:00:00.49 | Mem:0.01M, Peak:0.01M | Scene, ViewLayer | Updating Objects | Copying Transformations to device
Fra:1 Mem:16.54M (Peak 43.83M) | Time:00:00.49 | Mem:0.01M, Peak:0.01M | Scene, ViewLayer | Updating Particle Systems
Fra:1 Mem:16.54M (Peak 43.83M) | Time:00:00.49 | Mem:0.01M, Peak:0.01M | Scene, ViewLayer | Updating Particle Systems | Copying Particles to device
Fra:1 Mem:16.54M (Peak 43.83M) | Time:00:00.49 | Mem:0.01M, Peak:0.01M | Scene, ViewLayer | Updating Meshes
Fra:1 Mem:17.66M (Peak 43.83M) | Time:00:00.51 | Mem:0.01M, Peak:0.01M | Scene, ViewLayer | Updating Objects | Applying Static Transformations
Fra:1 Mem:17.66M (Peak 43.83M) | Time:00:00.51 | Mem:0.01M, Peak:0.01M | Scene, ViewLayer | Updating Mesh | Computing attributes
Fra:1 Mem:19.15M (Peak 43.83M) | Time:00:00.51 | Mem:0.01M, Peak:0.01M | Scene, ViewLayer | Updating Mesh | Copying Attributes to device
Fra:1 Mem:19.15M (Peak 43.83M) | Time:00:00.53 | Mem:1.50M, Peak:1.50M | Scene, ViewLayer | Updating Geometry BVH Neutral fill 3/4 | Building BVH
Fra:1 Mem:19.15M (Peak 43.83M) | Time:00:00.53 | Mem:1.50M, Peak:1.50M | Scene, ViewLayer | Updating Geometry BVH light 5/4 | Building BVH
Fra:1 Mem:19.15M (Peak 43.83M) | Time:00:00.53 | Mem:1.50M, Peak:1.50M | Scene, ViewLayer | Updating Geometry BVH light 5/4 | Building OptiX acceleration structure
Fra:1 Mem:19.15M (Peak 43.83M) | Time:00:00.53 | Mem:1.50M, Peak:1.50M | Scene, ViewLayer | Updating Geometry BVH Continuous pressure fuselage.019 4/4 | Building BVH
Fra:1 Mem:19.15M (Peak 43.83M) | Time:00:00.53 | Mem:1.50M, Peak:1.50M | Scene, ViewLayer | Updating Geometry BVH Continuous pressure fuselage.019 4/4 | Building OptiX acceleration structure
Fra:1 Mem:19.15M (Peak 43.83M) | Time:00:00.54 | Mem:1.98M, Peak:3.46M | Scene, ViewLayer | Updating Scene BVH | Building
Fra:1 Mem:19.15M (Peak 43.83M) | Time:00:00.54 | Mem:1.98M, Peak:3.46M | Scene, ViewLayer | Updating Scene BVH | Building OptiX acceleration structure
Fra:1 Mem:19.15M (Peak 43.83M) | Time:00:00.55 | Mem:1.99M, Peak:3.46M | Scene, ViewLayer | Updating Scene BVH | Copying BVH to device
Fra:1 Mem:19.15M (Peak 43.83M) | Time:00:00.55 | Mem:1.99M, Peak:3.46M | Scene, ViewLayer | Updating Mesh | Computing normals
Fra:1 Mem:19.74M (Peak 43.83M) | Time:00:00.55 | Mem:1.99M, Peak:3.46M | Scene, ViewLayer | Updating Mesh | Copying Mesh to device
Fra:1 Mem:19.74M (Peak 43.83M) | Time:00:00.56 | Mem:2.58M, Peak:3.46M | Scene, ViewLayer | Updating Objects Flags
Fra:1 Mem:19.74M (Peak 43.83M) | Time:00:00.56 | Mem:2.58M, Peak:3.46M | Scene, ViewLayer | Updating Primitive Offsets
Fra:1 Mem:19.74M (Peak 43.83M) | Time:00:00.56 | Mem:2.58M, Peak:3.46M | Scene, ViewLayer | Updating Images
Fra:1 Mem:19.74M (Peak 43.83M) | Time:00:00.56 | Mem:2.58M, Peak:3.46M | Scene, ViewLayer | Updating Images | Loading panel-normal.png
Fra:1 Mem:23.74M (Peak 43.83M) | Time:00:00.56 | Mem:2.58M, Peak:3.46M | Scene, ViewLayer | Updating Images | Loading white-basecolor.png
Fra:1 Mem:27.74M (Peak 43.83M) | Time:00:00.56 | Mem:2.58M, Peak:3.46M | Scene, ViewLayer | Updating Images | Loading paint-orm.png
Fra:1 Mem:35.75M (Peak 43.83M) | Time:00:00.60 | Mem:18.58M, Peak:18.58M | Scene, ViewLayer | Updating Camera Volume
Fra:1 Mem:35.75M (Peak 43.83M) | Time:00:00.60 | Mem:18.58M, Peak:18.58M | Scene, ViewLayer | Updating Lookup Tables
Fra:1 Mem:35.75M (Peak 43.83M) | Time:00:00.60 | Mem:18.66M, Peak:18.66M | Scene, ViewLayer | Updating Lights
Fra:1 Mem:35.75M (Peak 43.83M) | Time:00:00.60 | Mem:18.66M, Peak:18.66M | Scene, ViewLayer | Updating Lights | Computing tree
Fra:1 Mem:36.01M (Peak 43.83M) | Time:00:00.62 | Mem:18.92M, Peak:18.92M | Scene, ViewLayer | Updating Integrator
Fra:1 Mem:36.01M (Peak 43.83M) | Time:00:00.63 | Mem:18.92M, Peak:18.92M | Scene, ViewLayer | Updating Film
Fra:1 Mem:36.02M (Peak 43.83M) | Time:00:00.63 | Mem:18.84M, Peak:18.92M | Scene, ViewLayer | Updating Lookup Tables
Fra:1 Mem:36.02M (Peak 43.83M) | Time:00:00.63 | Mem:18.92M, Peak:18.92M | Scene, ViewLayer | Updating Baking
Fra:1 Mem:36.02M (Peak 43.83M) | Time:00:00.63 | Mem:18.92M, Peak:18.92M | Scene, ViewLayer | Updating Device | Writing constant memory
Fra:1 Mem:36.02M (Peak 43.83M) | Time:00:00.63 | Mem:18.92M, Peak:18.92M | Scene, ViewLayer | Loading denoising kernels (may take a few minutes the first time)
Fra:1 Mem:40.02M (Peak 43.83M) | Time:00:00.68 | Mem:370.92M, Peak:370.92M | Scene, ViewLayer | Sample 0/24
Fra:1 Mem:116.02M (Peak 116.02M) | Time:00:01.15 | Remaining:00:10.93 | Mem:446.94M, Peak:446.94M | Scene, ViewLayer | Sample 1/24
Fra:1 Mem:148.03M (Peak 196.03M) | Time:00:15.50 | Mem:446.94M, Peak:446.94M | Scene, ViewLayer | Sample 24/24
Fra:1 Mem:148.03M (Peak 196.03M) | Time:00:15.50 | Mem:446.94M, Peak:446.94M | Scene, ViewLayer | Finished
Saved: 'D:\vibe-coding-e\nova-swarm-forum-129-improvements-20260822\docs\fleet-art-v2\ships\23\export\showroom.png'
Time: 00:16.34 (Saving: 00:00.31)

Fra:1 Mem:15.58M (Peak 15.58M) | Time:00:01.95 | Mem:0.00M, Peak:0.00M | Scene, ViewLayer | Synchronizing object | HazardRamV2
Fra:1 Mem:16.32M (Peak 16.32M) | Time:00:01.96 | Mem:0.00M, Peak:0.00M | Scene, ViewLayer | Synchronizing object | Broad neutral key
Fra:1 Mem:16.69M (Peak 16.69M) | Time:00:01.96 | Mem:0.00M, Peak:0.00M | Scene, ViewLayer | Synchronizing object | Neutral fill
Fra:1 Mem:16.93M (Peak 17.72M) | Time:00:01.96 | Mem:0.00M, Peak:0.00M | Scene, ViewLayer | Initializing
Fra:1 Mem:16.46M (Peak 17.72M) | Time:00:01.96 | Mem:0.00M, Peak:0.00M | Scene, ViewLayer | Waiting for render to start
Fra:1 Mem:16.46M (Peak 17.72M) | Time:00:01.97 | Mem:0.00M, Peak:0.00M | Scene, ViewLayer | Updating Scene
Fra:1 Mem:16.46M (Peak 17.72M) | Time:00:01.97 | Mem:0.00M, Peak:0.00M | Scene, ViewLayer | Updating Shaders
Fra:1 Mem:16.46M (Peak 17.72M) | Time:00:01.97 | Mem:0.00M, Peak:0.00M | Scene, ViewLayer | Loading render kernels (may take a few minutes the first time)
Fra:1 Mem:16.54M (Peak 43.83M) | Time:00:02.84 | Mem:0.01M, Peak:0.01M | Scene, ViewLayer | Updating Procedurals
Fra:1 Mem:16.54M (Peak 43.83M) | Time:00:02.84 | Mem:0.01M, Peak:0.01M | Scene, ViewLayer | Updating Background
Fra:1 Mem:16.54M (Peak 43.83M) | Time:00:02.84 | Mem:0.01M, Peak:0.01M | Scene, ViewLayer | Updating Camera
Fra:1 Mem:16.54M (Peak 43.83M) | Time:00:02.84 | Mem:0.01M, Peak:0.01M | Scene, ViewLayer | Updating Meshes Flags
Fra:1 Mem:16.54M (Peak 43.83M) | Time:00:02.84 | Mem:0.01M, Peak:0.01M | Scene, ViewLayer | Updating Objects
Fra:1 Mem:16.54M (Peak 43.83M) | Time:00:02.84 | Mem:0.01M, Peak:0.01M | Scene, ViewLayer | Updating Objects | Copying Transformations to device
Fra:1 Mem:16.54M (Peak 43.83M) | Time:00:02.84 | Mem:0.01M, Peak:0.01M | Scene, ViewLayer | Updating Particle Systems
Fra:1 Mem:16.54M (Peak 43.83M) | Time:00:02.84 | Mem:0.01M, Peak:0.01M | Scene, ViewLayer | Updating Particle Systems | Copying Particles to device
Fra:1 Mem:16.54M (Peak 43.83M) | Time:00:02.84 | Mem:0.01M, Peak:0.01M | Scene, ViewLayer | Updating Meshes
Fra:1 Mem:17.66M (Peak 43.83M) | Time:00:02.86 | Mem:0.01M, Peak:0.01M | Scene, ViewLayer | Updating Objects | Applying Static Transformations
Fra:1 Mem:17.66M (Peak 43.83M) | Time:00:02.86 | Mem:0.01M, Peak:0.01M | Scene, ViewLayer | Updating Mesh | Computing attributes
Fra:1 Mem:19.15M (Peak 43.83M) | Time:00:02.87 | Mem:0.01M, Peak:0.01M | Scene, ViewLayer | Updating Mesh | Copying Attributes to device
Fra:1 Mem:19.15M (Peak 43.83M) | Time:00:02.87 | Mem:1.50M, Peak:1.50M | Scene, ViewLayer | Updating Geometry BVH light 5/4 | Building BVH
Fra:1 Mem:19.15M (Peak 43.83M) | Time:00:02.87 | Mem:1.50M, Peak:1.50M | Scene, ViewLayer | Updating Geometry BVH Broad neutral key 2/4 | Building BVH
Fra:1 Mem:19.15M (Peak 43.83M) | Time:00:02.87 | Mem:1.50M, Peak:1.50M | Scene, ViewLayer | Updating Geometry BVH Broad neutral key 2/4 | Building OptiX acceleration structure
Fra:1 Mem:19.15M (Peak 43.83M) | Time:00:02.87 | Mem:1.50M, Peak:1.50M | Scene, ViewLayer | Updating Geometry BVH Continuous pressure fuselage.019 4/4 | Building BVH
Fra:1 Mem:19.15M (Peak 43.83M) | Time:00:02.87 | Mem:1.50M, Peak:1.50M | Scene, ViewLayer | Updating Geometry BVH Neutral fill 3/4 | Building OptiX acceleration structure
Fra:1 Mem:19.15M (Peak 43.83M) | Time:00:02.88 | Mem:1.98M, Peak:3.46M | Scene, ViewLayer | Updating Scene BVH | Building
Fra:1 Mem:19.15M (Peak 43.83M) | Time:00:02.88 | Mem:1.98M, Peak:3.46M | Scene, ViewLayer | Updating Scene BVH | Building OptiX acceleration structure
Fra:1 Mem:19.15M (Peak 43.83M) | Time:00:02.88 | Mem:1.99M, Peak:3.46M | Scene, ViewLayer | Updating Scene BVH | Copying BVH to device
Fra:1 Mem:19.15M (Peak 43.83M) | Time:00:02.88 | Mem:1.99M, Peak:3.46M | Scene, ViewLayer | Updating Mesh | Computing normals
Fra:1 Mem:19.74M (Peak 43.83M) | Time:00:02.88 | Mem:1.99M, Peak:3.46M | Scene, ViewLayer | Updating Mesh | Copying Mesh to device
Fra:1 Mem:19.74M (Peak 43.83M) | Time:00:02.89 | Mem:2.58M, Peak:3.46M | Scene, ViewLayer | Updating Objects Flags
Fra:1 Mem:19.74M (Peak 43.83M) | Time:00:02.89 | Mem:2.58M, Peak:3.46M | Scene, ViewLayer | Updating Primitive Offsets
Fra:1 Mem:19.74M (Peak 43.83M) | Time:00:02.89 | Mem:2.58M, Peak:3.46M | Scene, ViewLayer | Updating Images
Fra:1 Mem:19.74M (Peak 43.83M) | Time:00:02.89 | Mem:2.58M, Peak:3.46M | Scene, ViewLayer | Updating Images | Loading panel-normal.png
Fra:1 Mem:23.74M (Peak 43.83M) | Time:00:02.89 | Mem:2.58M, Peak:3.46M | Scene, ViewLayer | Updating Images | Loading white-basecolor.png
Fra:1 Mem:27.74M (Peak 43.83M) | Time:00:02.89 | Mem:2.58M, Peak:3.46M | Scene, ViewLayer | Updating Images | Loading paint-orm.png
Fra:1 Mem:35.75M (Peak 43.83M) | Time:00:03.23 | Mem:18.58M, Peak:18.58M | Scene, ViewLayer | Updating Camera Volume
Fra:1 Mem:35.75M (Peak 43.83M) | Time:00:03.23 | Mem:18.58M, Peak:18.58M | Scene, ViewLayer | Updating Lookup Tables
Fra:1 Mem:35.75M (Peak 43.83M) | Time:00:03.24 | Mem:18.66M, Peak:18.66M | Scene, ViewLayer | Updating Lights
Fra:1 Mem:35.75M (Peak 43.83M) | Time:00:03.24 | Mem:18.66M, Peak:18.66M | Scene, ViewLayer | Updating Lights | Computing tree
Fra:1 Mem:36.01M (Peak 43.83M) | Time:00:03.26 | Mem:18.92M, Peak:18.92M | Scene, ViewLayer | Updating Integrator
Fra:1 Mem:36.01M (Peak 43.83M) | Time:00:03.26 | Mem:18.92M, Peak:18.92M | Scene, ViewLayer | Updating Film
Fra:1 Mem:36.02M (Peak 43.83M) | Time:00:03.30 | Mem:18.84M, Peak:18.92M | Scene, ViewLayer | Updating Lookup Tables
Fra:1 Mem:36.02M (Peak 43.83M) | Time:00:03.34 | Mem:18.92M, Peak:18.92M | Scene, ViewLayer | Updating Baking
Fra:1 Mem:36.02M (Peak 43.83M) | Time:00:03.34 | Mem:18.92M, Peak:18.92M | Scene, ViewLayer | Updating Device | Writing constant memory
Fra:1 Mem:36.02M (Peak 43.83M) | Time:00:03.39 | Mem:18.92M, Peak:18.92M | Scene, ViewLayer | Loading denoising kernels (may take a few minutes the first time)
Fra:1 Mem:40.02M (Peak 43.83M) | Time:00:03.46 | Mem:370.92M, Peak:370.92M | Scene, ViewLayer | Sample 0/24
Fra:1 Mem:59.02M (Peak 59.02M) | Time:00:03.69 | Remaining:00:05.32 | Mem:389.94M, Peak:389.94M | Scene, ViewLayer | Sample 1/24
Fra:1 Mem:67.03M (Peak 79.03M) | Time:00:06.55 | Mem:389.94M, Peak:389.94M | Scene, ViewLayer | Sample 24/24
Fra:1 Mem:67.03M (Peak 79.03M) | Time:00:06.55 | Mem:389.94M, Peak:389.94M | Scene, ViewLayer | Finished
Saved: 'D:\vibe-coding-e\nova-swarm-forum-129-improvements-20260822\docs\fleet-art-v2\ships\23\export\player.png'
Time: 00:06.83 (Saving: 00:00.12)


FLEET_V2_COMPLETE 23 Hazard Ram
Read blend: "D:\vibe-coding-e\nova-swarm-forum-129-improvements-20260822\docs\fleet-art-v2\ships\24\source.blend"
Fra:1 Mem:14.62M (Peak 14.62M) | Time:00:00.39 | Mem:0.00M, Peak:0.00M | Scene, ViewLayer | Synchronizing object | Neutral fill
Fra:1 Mem:14.94M (Peak 14.94M) | Time:00:00.47 | Mem:0.00M, Peak:0.00M | Scene, ViewLayer | Synchronizing object | Continuous pressure fuselage
Fra:1 Mem:15.79M (Peak 15.79M) | Time:00:00.53 | Mem:0.00M, Peak:0.00M | Scene, ViewLayer | Synchronizing object | Cockpit integrated coaming
Fra:1 Mem:16.32M (Peak 16.32M) | Time:00:00.58 | Mem:0.00M, Peak:0.00M | Scene, ViewLayer | Synchronizing object | Pressure canopy glazing
Fra:1 Mem:16.32M (Peak 16.32M) | Time:00:00.58 | Mem:0.00M, Peak:0.00M | Scene, ViewLayer | Synchronizing object | Canopy lower frame
Fra:1 Mem:16.55M (Peak 16.55M) | Time:00:00.58 | Mem:0.00M, Peak:0.00M | Scene, ViewLayer | Synchronizing object | Canopy lower frame.001
Fra:1 Mem:16.61M (Peak 16.61M) | Time:00:00.58 | Mem:0.00M, Peak:0.00M | Scene, ViewLayer | Synchronizing object | Canopy pressure bow
Fra:1 Mem:16.61M (Peak 16.61M) | Time:00:00.58 | Mem:0.00M, Peak:0.00M | Scene, ViewLayer | Synchronizing object | Integrated propulsion nacelle
Fra:1 Mem:16.64M (Peak 16.64M) | Time:00:00.58 | Mem:0.00M, Peak:0.00M | Scene, ViewLayer | Synchronizing object | Nozzle petal seam
Fra:1 Mem:16.76M (Peak 16.76M) | Time:00:00.58 | Mem:0.00M, Peak:0.00M | Scene, ViewLayer | Synchronizing object | Nozzle petal seam.001
Fra:1 Mem:16.76M (Peak 16.76M) | Time:00:00.58 | Mem:0.00M, Peak:0.00M | Scene, ViewLayer | Synchronizing object | Nozzle petal seam.002
Fra:1 Mem:16.78M (Peak 16.78M) | Time:00:00.58 | Mem:0.00M, Peak:0.00M | Scene, ViewLayer | Synchronizing object | Nozzle petal seam.003
Fra:1 Mem:16.79M (Peak 16.79M) | Time:00:00.58 | Mem:0.00M, Peak:0.00M | Scene, ViewLayer | Synchronizing object | Nozzle petal seam.004
Fra:1 Mem:16.76M (Peak 16.79M) | Time:00:00.58 | Mem:0.00M, Peak:0.00M | Scene, ViewLayer | Synchronizing object | Nozzle petal seam.005
Fra:1 Mem:16.76M (Peak 16.79M) | Time:00:00.58 | Mem:0.00M, Peak:0.00M | Scene, ViewLayer | Synchronizing object | Nozzle petal seam.006
Fra:1 Mem:16.76M (Peak 16.79M) | Time:00:00.58 | Mem:0.00M, Peak:0.00M | Scene, ViewLayer | Synchronizing object | Nozzle petal seam.007
Fra:1 Mem:16.76M (Peak 16.79M) | Time:00:00.58 | Mem:0.00M, Peak:0.00M | Scene, ViewLayer | Synchronizing object | Nozzle petal seam.008
Fra:1 Mem:16.77M (Peak 16.79M) | Time:00:00.58 | Mem:0.00M, Peak:0.00M | Scene, ViewLayer | Synchronizing object | Nozzle petal seam.009
Fra:1 Mem:16.77M (Peak 16.79M) | Time:00:00.58 | Mem:0.00M, Peak:0.00M | Scene, ViewLayer | Synchronizing object | Nozzle petal seam.010
Fra:1 Mem:16.77M (Peak 16.79M) | Time:00:00.58 | Mem:0.00M, Peak:0.00M | Scene, ViewLayer | Synchronizing object | Nozzle petal seam.011
Fra:1 Mem:16.77M (Peak 16.79M) | Time:00:00.58 | Mem:0.00M, Peak:0.00M | Scene, ViewLayer | Synchronizing object | Deep ion throat
Fra:1 Mem:16.77M (Peak 16.79M) | Time:00:00.58 | Mem:0.00M, Peak:0.00M | Scene, ViewLayer | Synchronizing object | Deep intake duct
Fra:1 Mem:16.93M (Peak 16.93M) | Time:00:00.59 | Mem:0.00M, Peak:0.00M | Scene, ViewLayer | Synchronizing object | Blended structural fairing
Fra:1 Mem:16.93M (Peak 16.93M) | Time:00:00.59 | Mem:0.00M, Peak:0.00M | Scene, ViewLayer | Synchronizing object | Recessed induction aperture
Fra:1 Mem:17.04M (Peak 17.04M) | Time:00:00.59 | Mem:0.00M, Peak:0.00M | Scene, ViewLayer | Synchronizing object | Integrated lifting hull.001
Fra:1 Mem:17.10M (Peak 17.10M) | Time:00:00.59 | Mem:0.00M, Peak:0.00M | Scene, ViewLayer | Synchronizing object | Integrated propulsion nacelle.001
Fra:1 Mem:17.10M (Peak 17.10M) | Time:00:00.59 | Mem:0.00M, Peak:0.00M | Scene, ViewLayer | Synchronizing object | Contoured expansion nozzle.001
Fra:1 Mem:17.23M (Peak 17.23M) | Time:00:00.59 | Mem:0.00M, Peak:0.00M | Scene, ViewLayer | Synchronizing object | Nozzle petal seam.012
Fra:1 Mem:17.20M (Peak 17.23M) | Time:00:00.59 | Mem:0.00M, Peak:0.00M | Scene, ViewLayer | Synchronizing object | Nozzle petal seam.013
Fra:1 Mem:17.20M (Peak 17.23M) | Time:00:00.59 | Mem:0.00M, Peak:0.00M | Scene, ViewLayer | Synchronizing object | Nozzle petal seam.014
Fra:1 Mem:17.20M (Peak 17.23M) | Time:00:00.59 | Mem:0.00M, Peak:0.00M | Scene, ViewLayer | Synchronizing object | Nozzle petal seam.015
Fra:1 Mem:17.20M (Peak 17.23M) | Time:00:00.59 | Mem:0.00M, Peak:0.00M | Scene, ViewLayer | Synchronizing object | Nozzle petal seam.016
Fra:1 Mem:17.20M (Peak 17.23M) | Time:00:00.59 | Mem:0.00M, Peak:0.00M | Scene, ViewLayer | Synchronizing object | Nozzle petal seam.017
Fra:1 Mem:17.21M (Peak 17.23M) | Time:00:00.59 | Mem:0.00M, Peak:0.00M | Scene, ViewLayer | Synchronizing object | Nozzle petal seam.018
Fra:1 Mem:17.21M (Peak 17.23M) | Time:00:00.59 | Mem:0.00M, Peak:0.00M | Scene, ViewLayer | Synchronizing object | Nozzle petal seam.019
Fra:1 Mem:17.21M (Peak 17.23M) | Time:00:00.59 | Mem:0.00M, Peak:0.00M | Scene, ViewLayer | Synchronizing object | Nozzle petal seam.020
Fra:1 Mem:17.21M (Peak 17.23M) | Time:00:00.59 | Mem:0.00M, Peak:0.00M | Scene, ViewLayer | Synchronizing object | Nozzle petal seam.021
Fra:1 Mem:17.21M (Peak 17.23M) | Time:00:00.59 | Mem:0.00M, Peak:0.00M | Scene, ViewLayer | Synchronizing object | Nozzle petal seam.022
Fra:1 Mem:17.21M (Peak 17.23M) | Time:00:00.59 | Mem:0.00M, Peak:0.00M | Scene, ViewLayer | Synchronizing object | Nozzle petal seam.023
Fra:1 Mem:17.22M (Peak 17.23M) | Time:00:00.59 | Mem:0.00M, Peak:0.00M | Scene, ViewLayer | Synchronizing object | Deep ion throat.001
Fra:1 Mem:17.28M (Peak 17.28M) | Time:00:00.60 | Mem:0.00M, Peak:0.00M | Scene, ViewLayer | Synchronizing object | Deep intake duct.001
Fra:1 Mem:17.37M (Peak 17.37M) | Time:00:00.61 | Mem:0.00M, Peak:0.00M | Scene, ViewLayer | Synchronizing object | Blended structural fairing.001
Fra:1 Mem:17.37M (Peak 17.37M) | Time:00:00.61 | Mem:0.00M, Peak:0.00M | Scene, ViewLayer | Synchronizing object | Recessed induction aperture.001
Fra:1 Mem:17.55M (Peak 17.55M) | Time:00:00.61 | Mem:0.00M, Peak:0.00M | Scene, ViewLayer | Initializing
Fra:1 Mem:13.92M (Peak 17.55M) | Time:00:00.62 | Mem:0.00M, Peak:0.00M | Scene, ViewLayer | Waiting for render to start
Fra:1 Mem:13.92M (Peak 17.55M) | Time:00:00.62 | Mem:0.00M, Peak:0.00M | Scene, ViewLayer | Updating Scene
Fra:1 Mem:13.92M (Peak 17.55M) | Time:00:00.62 | Mem:0.00M, Peak:0.00M | Scene, ViewLayer | Updating Shaders
Fra:1 Mem:13.92M (Peak 17.55M) | Time:00:00.62 | Mem:0.00M, Peak:0.00M | Scene, ViewLayer | Loading render kernels (may take a few minutes the first time)
Fra:1 Mem:14.01M (Peak 41.30M) | Time:00:01.48 | Mem:0.01M, Peak:0.01M | Scene, ViewLayer | Updating Procedurals
Fra:1 Mem:14.01M (Peak 41.30M) | Time:00:01.48 | Mem:0.01M, Peak:0.01M | Scene, ViewLayer | Updating Background
Fra:1 Mem:14.01M (Peak 41.30M) | Time:00:01.48 | Mem:0.01M, Peak:0.01M | Scene, ViewLayer | Updating Camera
Fra:1 Mem:14.01M (Peak 41.30M) | Time:00:01.48 | Mem:0.01M, Peak:0.01M | Scene, ViewLayer | Updating Meshes Flags
Fra:1 Mem:14.01M (Peak 41.30M) | Time:00:01.48 | Mem:0.01M, Peak:0.01M | Scene, ViewLayer | Updating Objects
Fra:1 Mem:14.01M (Peak 41.30M) | Time:00:01.48 | Mem:0.01M, Peak:0.01M | Scene, ViewLayer | Updating Objects | Copying Transformations to device
Fra:1 Mem:14.02M (Peak 41.30M) | Time:00:01.48 | Mem:0.02M, Peak:0.02M | Scene, ViewLayer | Updating Particle Systems
Fra:1 Mem:14.02M (Peak 41.30M) | Time:00:01.48 | Mem:0.02M, Peak:0.02M | Scene, ViewLayer | Updating Particle Systems | Copying Particles to device
Fra:1 Mem:14.02M (Peak 41.30M) | Time:00:01.48 | Mem:0.02M, Peak:0.02M | Scene, ViewLayer | Updating Meshes
Fra:1 Mem:14.66M (Peak 41.30M) | Time:00:01.49 | Mem:0.02M, Peak:0.02M | Scene, ViewLayer | Updating Objects | Applying Static Transformations
Fra:1 Mem:14.66M (Peak 41.30M) | Time:00:01.49 | Mem:0.02M, Peak:0.02M | Scene, ViewLayer | Updating Mesh | Computing attributes
Fra:1 Mem:15.59M (Peak 41.30M) | Time:00:01.50 | Mem:0.03M, Peak:0.03M | Scene, ViewLayer | Updating Mesh | Copying Attributes to device
Fra:1 Mem:15.59M (Peak 41.30M) | Time:00:01.50 | Mem:0.95M, Peak:0.95M | Scene, ViewLayer | Updating Geometry BVH light 48/47 | Building BVH
Fra:1 Mem:15.59M (Peak 41.30M) | Time:00:01.50 | Mem:0.95M, Peak:0.95M | Scene, ViewLayer | Updating Geometry BVH Contoured expansion nozzle.084 12/47 | Building OptiX acceleration structure
Fra:1 Mem:15.59M (Peak 41.30M) | Time:00:01.50 | Mem:0.95M, Peak:0.95M | Scene, ViewLayer | Updating Geometry BVH Recessed induction aperture.005 47/47 | Building BVH
Fra:1 Mem:15.59M (Peak 41.30M) | Time:00:01.50 | Mem:0.95M, Peak:0.95M | Scene, ViewLayer | Updating Geometry BVH Recessed induction aperture.005 47/47 | Building OptiX acceleration structure
Fra:1 Mem:15.76M (Peak 41.30M) | Time:00:01.50 | Mem:1.00M, Peak:1.00M | Scene, ViewLayer | Updating Geometry BVH Nozzle petal seam.1008 13/47 | Building OptiX acceleration structure
Fra:1 Mem:15.89M (Peak 41.30M) | Time:00:01.50 | Mem:1.05M, Peak:1.05M | Scene, ViewLayer | Updating Geometry BVH Nozzle petal seam.1009 14/47 | Building OptiX acceleration structure
Fra:1 Mem:15.90M (Peak 41.30M) | Time:00:01.51 | Mem:1.27M, Peak:1.28M | Scene, ViewLayer | Updating Geometry BVH Mesh 46/47 | Building BVH
Fra:1 Mem:15.90M (Peak 41.30M) | Time:00:01.51 | Mem:1.45M, Peak:1.45M | Scene, ViewLayer | Updating Geometry BVH Mesh 46/47 | Building OptiX acceleration structure
Fra:1 Mem:15.86M (Peak 41.30M) | Time:00:01.51 | Mem:1.32M, Peak:1.72M | Scene, ViewLayer | Updating Geometry BVH Nozzle petal seam.1010 15/47 | Building BVH
Fra:1 Mem:15.86M (Peak 41.30M) | Time:00:01.51 | Mem:1.34M, Peak:1.72M | Scene, ViewLayer | Updating Geometry BVH Nozzle petal seam.1010 15/47 | Building OptiX acceleration structure
Fra:1 Mem:15.86M (Peak 41.30M) | Time:00:01.51 | Mem:1.33M, Peak:1.72M | Scene, ViewLayer | Updating Geometry BVH Nozzle petal seam.1011 16/47 | Building BVH
Fra:1 Mem:15.86M (Peak 41.30M) | Time:00:01.51 | Mem:1.33M, Peak:1.72M | Scene, ViewLayer | Updating Geometry BVH Nozzle petal seam.1011 16/47 | Building OptiX acceleration structure
Fra:1 Mem:15.85M (Peak 41.30M) | Time:00:01.51 | Mem:1.33M, Peak:1.72M | Scene, ViewLayer | Updating Geometry BVH Nozzle petal seam.1012 17/47 | Building BVH
Fra:1 Mem:15.85M (Peak 41.30M) | Time:00:01.51 | Mem:1.33M, Peak:1.72M | Scene, ViewLayer | Updating Geometry BVH Nozzle petal seam.1012 17/47 | Building OptiX acceleration structure
Fra:1 Mem:15.85M (Peak 41.30M) | Time:00:01.51 | Mem:1.33M, Peak:1.72M | Scene, ViewLayer | Updating Geometry BVH Nozzle petal seam.1013 18/47 | Building BVH
Fra:1 Mem:15.85M (Peak 41.30M) | Time:00:01.51 | Mem:1.74M, Peak:1.74M | Scene, ViewLayer | Updating Geometry BVH Nozzle petal seam.1013 18/47 | Building OptiX acceleration structure
Fra:1 Mem:15.77M (Peak 41.30M) | Time:00:01.51 | Mem:1.35M, Peak:1.75M | Scene, ViewLayer | Updating Geometry BVH Nozzle petal seam.1014 19/47 | Building BVH
Fra:1 Mem:15.77M (Peak 41.30M) | Time:00:01.51 | Mem:1.40M, Peak:1.75M | Scene, ViewLayer | Updating Geometry BVH Nozzle petal seam.1014 19/47 | Building OptiX acceleration structure
Fra:1 Mem:15.64M (Peak 41.30M) | Time:00:01.51 | Mem:1.39M, Peak:1.87M | Scene, ViewLayer | Updating Geometry BVH Nozzle petal seam.1015 20/47 | Building BVH
Fra:1 Mem:15.64M (Peak 41.30M) | Time:00:01.51 | Mem:1.39M, Peak:1.87M | Scene, ViewLayer | Updating Geometry BVH Nozzle petal seam.1015 20/47 | Building OptiX acceleration structure
Fra:1 Mem:15.63M (Peak 41.30M) | Time:00:01.51 | Mem:1.38M, Peak:1.87M | Scene, ViewLayer | Updating Geometry BVH Nozzle petal seam.1016 21/47 | Building BVH
Fra:1 Mem:15.63M (Peak 41.30M) | Time:00:01.51 | Mem:1.38M, Peak:1.87M | Scene, ViewLayer | Updating Geometry BVH Nozzle petal seam.1016 21/47 | Building OptiX acceleration structure
Fra:1 Mem:15.63M (Peak 41.30M) | Time:00:01.51 | Mem:1.38M, Peak:1.87M | Scene, ViewLayer | Updating Geometry BVH Nozzle petal seam.1017 22/47 | Building BVH
Fra:1 Mem:15.63M (Peak 41.30M) | Time:00:01.51 | Mem:1.42M, Peak:1.87M | Scene, ViewLayer | Updating Geometry BVH Nozzle petal seam.1017 22/47 | Building OptiX acceleration structure
Fra:1 Mem:15.63M (Peak 41.30M) | Time:00:01.52 | Mem:1.39M, Peak:1.87M | Scene, ViewLayer | Updating Geometry BVH Nozzle petal seam.1018 23/47 | Building BVH
Fra:1 Mem:15.63M (Peak 41.30M) | Time:00:01.52 | Mem:1.39M, Peak:1.87M | Scene, ViewLayer | Updating Geometry BVH Nozzle petal seam.1018 23/47 | Building OptiX acceleration structure
Fra:1 Mem:15.63M (Peak 41.30M) | Time:00:01.52 | Mem:1.39M, Peak:1.87M | Scene, ViewLayer | Updating Geometry BVH Nozzle petal seam.1019 24/47 | Building BVH
Fra:1 Mem:15.63M (Peak 41.30M) | Time:00:01.52 | Mem:1.40M, Peak:1.87M | Scene, ViewLayer | Updating Geometry BVH Nozzle petal seam.1019 24/47 | Building OptiX acceleration structure
Fra:1 Mem:15.63M (Peak 41.30M) | Time:00:01.52 | Mem:1.39M, Peak:1.87M | Scene, ViewLayer | Updating Geometry BVH Deep ion throat.084 25/47 | Building BVH
Fra:1 Mem:15.63M (Peak 41.30M) | Time:00:01.52 | Mem:1.56M, Peak:1.87M | Scene, ViewLayer | Updating Geometry BVH Deep ion throat.084 25/47 | Building OptiX acceleration structure
Fra:1 Mem:15.61M (Peak 41.30M) | Time:00:01.52 | Mem:1.42M, Peak:1.87M | Scene, ViewLayer | Updating Geometry BVH Deep intake duct.043 45/47 | Building BVH
Fra:1 Mem:15.61M (Peak 41.30M) | Time:00:01.52 | Mem:1.42M, Peak:1.87M | Scene, ViewLayer | Updating Geometry BVH Deep intake duct.043 45/47 | Building OptiX acceleration structure
Fra:1 Mem:15.62M (Peak 41.30M) | Time:00:01.52 | Mem:1.42M, Peak:1.87M | Scene, ViewLayer | Updating Geometry BVH Deep intake duct.042 26/47 | Building BVH
Fra:1 Mem:15.62M (Peak 41.30M) | Time:00:01.52 | Mem:1.43M, Peak:1.87M | Scene, ViewLayer | Updating Geometry BVH Deep intake duct.042 26/47 | Building OptiX acceleration structure
Fra:1 Mem:15.62M (Peak 41.30M) | Time:00:01.52 | Mem:1.43M, Peak:1.87M | Scene, ViewLayer | Updating Geometry BVH Mesh 27/47 | Building BVH
Fra:1 Mem:15.62M (Peak 41.30M) | Time:00:01.52 | Mem:1.43M, Peak:1.87M | Scene, ViewLayer | Updating Geometry BVH Mesh 27/47 | Building OptiX acceleration structure
Fra:1 Mem:15.65M (Peak 41.30M) | Time:00:01.52 | Mem:1.46M, Peak:1.87M | Scene, ViewLayer | Updating Geometry BVH Recessed induction aperture.004 28/47 | Building BVH
Fra:1 Mem:15.65M (Peak 41.30M) | Time:00:01.52 | Mem:1.47M, Peak:1.87M | Scene, ViewLayer | Updating Geometry BVH Recessed induction aperture.004 28/47 | Building OptiX acceleration structure
Fra:1 Mem:15.65M (Peak 41.30M) | Time:00:01.52 | Mem:1.46M, Peak:1.87M | Scene, ViewLayer | Updating Geometry BVH Integrated lifting hull.041 29/47 | Building BVH
Fra:1 Mem:15.65M (Peak 41.30M) | Time:00:01.52 | Mem:1.47M, Peak:1.87M | Scene, ViewLayer | Updating Geometry BVH Integrated lifting hull.041 29/47 | Building OptiX acceleration structure
Fra:1 Mem:15.66M (Peak 41.30M) | Time:00:01.52 | Mem:1.47M, Peak:1.87M | Scene, ViewLayer | Updating Geometry BVH Integrated propulsion nacelle.043 30/47 | Building BVH
Fra:1 Mem:15.66M (Peak 41.30M) | Time:00:01.52 | Mem:1.48M, Peak:1.87M | Scene, ViewLayer | Updating Geometry BVH Integrated propulsion nacelle.043 30/47 | Building OptiX acceleration structure
Fra:1 Mem:15.67M (Peak 41.30M) | Time:00:01.52 | Mem:1.48M, Peak:1.87M | Scene, ViewLayer | Updating Geometry BVH Contoured expansion nozzle.085 31/47 | Building BVH
Fra:1 Mem:15.67M (Peak 41.30M) | Time:00:01.52 | Mem:1.49M, Peak:1.87M | Scene, ViewLayer | Updating Geometry BVH Contoured expansion nozzle.085 31/47 | Building OptiX acceleration structure
Fra:1 Mem:15.67M (Peak 41.30M) | Time:00:01.52 | Mem:1.49M, Peak:1.87M | Scene, ViewLayer | Updating Geometry BVH Nozzle petal seam.1020 32/47 | Building BVH
Fra:1 Mem:15.67M (Peak 41.30M) | Time:00:01.52 | Mem:1.50M, Peak:1.87M | Scene, ViewLayer | Updating Geometry BVH Nozzle petal seam.1020 32/47 | Building OptiX acceleration structure
Fra:1 Mem:15.67M (Peak 41.30M) | Time:00:01.52 | Mem:1.49M, Peak:1.87M | Scene, ViewLayer | Updating Geometry BVH Nozzle petal seam.1021 33/47 | Building BVH
Fra:1 Mem:15.67M (Peak 41.30M) | Time:00:01.52 | Mem:1.49M, Peak:1.87M | Scene, ViewLayer | Updating Geometry BVH Nozzle petal seam.1021 33/47 | Building OptiX acceleration structure
Fra:1 Mem:15.67M (Peak 41.30M) | Time:00:01.52 | Mem:1.49M, Peak:1.87M | Scene, ViewLayer | Updating Geometry BVH Nozzle petal seam.1022 34/47 | Building BVH
Fra:1 Mem:15.67M (Peak 41.30M) | Time:00:01.52 | Mem:1.49M, Peak:1.87M | Scene, ViewLayer | Updating Geometry BVH Nozzle petal seam.1022 34/47 | Building OptiX acceleration structure
Fra:1 Mem:15.67M (Peak 41.30M) | Time:00:01.54 | Mem:1.49M, Peak:1.87M | Scene, ViewLayer | Updating Geometry BVH Nozzle petal seam.1023 35/47 | Building BVH
Fra:1 Mem:15.67M (Peak 41.30M) | Time:00:01.54 | Mem:1.52M, Peak:1.87M | Scene, ViewLayer | Updating Geometry BVH Nozzle petal seam.1023 35/47 | Building OptiX acceleration structure
Fra:1 Mem:15.65M (Peak 41.30M) | Time:00:01.54 | Mem:1.49M, Peak:1.87M | Scene, ViewLayer | Updating Geometry BVH Nozzle petal seam.1024 36/47 | Building BVH
Fra:1 Mem:15.65M (Peak 41.30M) | Time:00:01.54 | Mem:1.49M, Peak:1.87M | Scene, ViewLayer | Updating Geometry BVH Nozzle petal seam.1024 36/47 | Building OptiX acceleration structure
Fra:1 Mem:15.65M (Peak 41.30M) | Time:00:01.54 | Mem:1.49M, Peak:1.87M | Scene, ViewLayer | Updating Geometry BVH Deep ion throat.085 44/47 | Building BVH
Fra:1 Mem:15.65M (Peak 41.30M) | Time:00:01.54 | Mem:1.51M, Peak:1.87M | Scene, ViewLayer | Updating Geometry BVH Deep ion throat.085 44/47 | Building OptiX acceleration structure
Fra:1 Mem:15.67M (Peak 41.30M) | Time:00:01.54 | Mem:1.51M, Peak:1.87M | Scene, ViewLayer | Updating Geometry BVH Nozzle petal seam.1025 37/47 | Building BVH
Fra:1 Mem:15.67M (Peak 41.30M) | Time:00:01.54 | Mem:1.59M, Peak:1.87M | Scene, ViewLayer | Updating Geometry BVH Nozzle petal seam.1025 37/47 | Building OptiX acceleration structure
Fra:1 Mem:15.64M (Peak 41.30M) | Time:00:01.54 | Mem:1.53M, Peak:1.87M | Scene, ViewLayer | Updating Geometry BVH Nozzle petal seam.1026 38/47 | Building BVH
Fra:1 Mem:15.64M (Peak 41.30M) | Time:00:01.54 | Mem:1.53M, Peak:1.87M | Scene, ViewLayer | Updating Geometry BVH Nozzle petal seam.1026 38/47 | Building OptiX acceleration structure
Fra:1 Mem:15.64M (Peak 41.30M) | Time:00:01.54 | Mem:1.52M, Peak:1.87M | Scene, ViewLayer | Updating Geometry BVH Nozzle petal seam.1027 39/47 | Building BVH
Fra:1 Mem:15.64M (Peak 41.30M) | Time:00:01.54 | Mem:1.55M, Peak:1.87M | Scene, ViewLayer | Updating Geometry BVH Nozzle petal seam.1027 39/47 | Building OptiX acceleration structure
Fra:1 Mem:15.63M (Peak 41.30M) | Time:00:01.55 | Mem:1.52M, Peak:1.87M | Scene, ViewLayer | Updating Geometry BVH Nozzle petal seam.1028 40/47 | Building BVH
Fra:1 Mem:15.63M (Peak 41.30M) | Time:00:01.55 | Mem:1.52M, Peak:1.87M | Scene, ViewLayer | Updating Geometry BVH Nozzle petal seam.1028 40/47 | Building OptiX acceleration structure
Fra:1 Mem:15.62M (Peak 41.30M) | Time:00:01.55 | Mem:1.52M, Peak:1.87M | Scene, ViewLayer | Updating Geometry BVH Nozzle petal seam.1029 41/47 | Building BVH
Fra:1 Mem:15.62M (Peak 41.30M) | Time:00:01.55 | Mem:1.56M, Peak:1.87M | Scene, ViewLayer | Updating Geometry BVH Nozzle petal seam.1029 41/47 | Building OptiX acceleration structure
Fra:1 Mem:15.61M (Peak 41.30M) | Time:00:01.55 | Mem:1.52M, Peak:1.87M | Scene, ViewLayer | Updating Geometry BVH Nozzle petal seam.1030 42/47 | Building BVH
Fra:1 Mem:15.61M (Peak 41.30M) | Time:00:01.55 | Mem:1.52M, Peak:1.87M | Scene, ViewLayer | Updating Geometry BVH Nozzle petal seam.1030 42/47 | Building OptiX acceleration structure
Fra:1 Mem:15.61M (Peak 41.30M) | Time:00:01.55 | Mem:1.52M, Peak:1.87M | Scene, ViewLayer | Updating Geometry BVH Nozzle petal seam.1031 43/47 | Building BVH
Fra:1 Mem:15.61M (Peak 41.30M) | Time:00:01.55 | Mem:1.53M, Peak:1.87M | Scene, ViewLayer | Updating Geometry BVH Nozzle petal seam.1031 43/47 | Building OptiX acceleration structure
Fra:1 Mem:15.59M (Peak 41.30M) | Time:00:01.57 | Mem:1.53M, Peak:1.87M | Scene, ViewLayer | Updating Scene BVH | Building
Fra:1 Mem:15.59M (Peak 41.30M) | Time:00:01.57 | Mem:1.53M, Peak:1.87M | Scene, ViewLayer | Updating Scene BVH | Building OptiX acceleration structure
Fra:1 Mem:15.59M (Peak 41.30M) | Time:00:01.57 | Mem:1.54M, Peak:1.87M | Scene, ViewLayer | Updating Scene BVH | Copying BVH to device
Fra:1 Mem:15.59M (Peak 41.30M) | Time:00:01.57 | Mem:1.54M, Peak:1.87M | Scene, ViewLayer | Updating Mesh | Computing normals
Fra:1 Mem:16.24M (Peak 41.30M) | Time:00:01.57 | Mem:1.54M, Peak:1.87M | Scene, ViewLayer | Updating Mesh | Copying Mesh to device
Fra:1 Mem:16.24M (Peak 41.30M) | Time:00:01.57 | Mem:2.19M, Peak:2.19M | Scene, ViewLayer | Updating Objects Flags
Fra:1 Mem:16.24M (Peak 41.30M) | Time:00:01.57 | Mem:2.19M, Peak:2.19M | Scene, ViewLayer | Updating Primitive Offsets
Fra:1 Mem:16.24M (Peak 41.30M) | Time:00:01.57 | Mem:2.19M, Peak:2.19M | Scene, ViewLayer | Updating Images
Fra:1 Mem:16.24M (Peak 41.30M) | Time:00:01.57 | Mem:2.19M, Peak:2.19M | Scene, ViewLayer | Updating Images | Loading panel-normal.png
Fra:1 Mem:16.24M (Peak 41.30M) | Time:00:01.57 | Mem:2.19M, Peak:2.19M | Scene, ViewLayer | Updating Images | Loading white-basecolor.png
Fra:1 Mem:16.24M (Peak 41.30M) | Time:00:01.57 | Mem:2.19M, Peak:2.19M | Scene, ViewLayer | Updating Images | Loading paint-orm.png
Fra:1 Mem:32.26M (Peak 41.30M) | Time:00:01.95 | Mem:18.19M, Peak:18.19M | Scene, ViewLayer | Updating Camera Volume
Fra:1 Mem:32.26M (Peak 41.30M) | Time:00:01.95 | Mem:18.19M, Peak:18.19M | Scene, ViewLayer | Updating Lookup Tables
Fra:1 Mem:32.26M (Peak 41.30M) | Time:00:01.95 | Mem:18.27M, Peak:18.27M | Scene, ViewLayer | Updating Lights
Fra:1 Mem:32.26M (Peak 41.30M) | Time:00:01.96 | Mem:18.27M, Peak:18.27M | Scene, ViewLayer | Updating Lights | Computing tree
Fra:1 Mem:32.45M (Peak 41.30M) | Time:00:02.01 | Mem:18.47M, Peak:18.47M | Scene, ViewLayer | Updating Integrator
Fra:1 Mem:32.45M (Peak 41.30M) | Time:00:02.01 | Mem:18.47M, Peak:18.47M | Scene, ViewLayer | Updating Film
Fra:1 Mem:32.46M (Peak 41.30M) | Time:00:02.01 | Mem:18.39M, Peak:18.47M | Scene, ViewLayer | Updating Lookup Tables
Fra:1 Mem:32.46M (Peak 41.30M) | Time:00:02.01 | Mem:18.47M, Peak:18.47M | Scene, ViewLayer | Updating Baking
Fra:1 Mem:32.46M (Peak 41.30M) | Time:00:02.01 | Mem:18.47M, Peak:18.47M | Scene, ViewLayer | Updating Device | Writing constant memory
Fra:1 Mem:32.46M (Peak 41.30M) | Time:00:02.01 | Mem:18.47M, Peak:18.47M | Scene, ViewLayer | Loading denoising kernels (may take a few minutes the first time)
Fra:1 Mem:36.46M (Peak 41.30M) | Time:00:02.05 | Mem:370.47M, Peak:370.47M | Scene, ViewLayer | Sample 0/24
Fra:1 Mem:83.43M (Peak 83.43M) | Time:00:02.61 | Remaining:00:12.84 | Mem:417.45M, Peak:417.45M | Scene, ViewLayer | Sample 1/24
Fra:1 Mem:103.21M (Peak 132.88M) | Time:00:38.27 | Mem:417.46M, Peak:417.46M | Scene, ViewLayer | Sample 24/24
Fra:1 Mem:103.21M (Peak 132.88M) | Time:00:38.27 | Mem:417.46M, Peak:417.46M | Scene, ViewLayer | Finished
Saved: 'D:\vibe-coding-e\nova-swarm-forum-129-improvements-20260822\docs\fleet-art-v2\ships\24\surfaced.png'
Time: 00:38.91 (Saving: 00:00.50)

Info: Saved as "source.blend"
17:12:38 | INFO: Starting glTF 2.0 export
17:12:38 | INFO: Extracting primitive: Continuous pressure fuselage.020
17:12:38 | WARNING: More than one shader node tex image used for a texture. The resulting glTF sampler will behave like the first shader node tex image.
17:12:39 | WARNING: More than one shader node tex image used for a texture. The resulting glTF sampler will behave like the first shader node tex image.
17:12:39 | INFO: Primitives created: 6
17:12:39 | INFO: Finished glTF 2.0 export in 1.0763771533966064 s
Fra:1 Mem:15.28M (Peak 30.79M) | Time:00:00.21 | Mem:0.00M, Peak:0.00M | Scene, ViewLayer | Synchronizing object | Broad neutral key
Fra:1 Mem:15.29M (Peak 30.79M) | Time:00:00.21 | Mem:0.00M, Peak:0.00M | Scene, ViewLayer | Synchronizing object | NovaOverdriveV2
Fra:1 Mem:16.92M (Peak 30.79M) | Time:00:00.22 | Mem:0.00M, Peak:0.00M | Scene, ViewLayer | Initializing
Fra:1 Mem:16.44M (Peak 30.79M) | Time:00:00.22 | Mem:0.00M, Peak:0.00M | Scene, ViewLayer | Waiting for render to start
Fra:1 Mem:16.44M (Peak 30.79M) | Time:00:00.22 | Mem:0.00M, Peak:0.00M | Scene, ViewLayer | Updating Scene
Fra:1 Mem:16.44M (Peak 30.79M) | Time:00:00.22 | Mem:0.00M, Peak:0.00M | Scene, ViewLayer | Updating Shaders
Fra:1 Mem:16.45M (Peak 30.79M) | Time:00:00.22 | Mem:0.00M, Peak:0.00M | Scene, ViewLayer | Loading render kernels (may take a few minutes the first time)
Fra:1 Mem:16.53M (Peak 43.82M) | Time:00:00.42 | Mem:0.01M, Peak:0.01M | Scene, ViewLayer | Updating Procedurals
Fra:1 Mem:16.53M (Peak 43.82M) | Time:00:00.42 | Mem:0.01M, Peak:0.01M | Scene, ViewLayer | Updating Background
Fra:1 Mem:16.53M (Peak 43.82M) | Time:00:00.42 | Mem:0.01M, Peak:0.01M | Scene, ViewLayer | Updating Camera
Fra:1 Mem:16.53M (Peak 43.82M) | Time:00:00.42 | Mem:0.01M, Peak:0.01M | Scene, ViewLayer | Updating Meshes Flags
Fra:1 Mem:16.53M (Peak 43.82M) | Time:00:00.42 | Mem:0.01M, Peak:0.01M | Scene, ViewLayer | Updating Objects
Fra:1 Mem:16.53M (Peak 43.82M) | Time:00:00.42 | Mem:0.01M, Peak:0.01M | Scene, ViewLayer | Updating Objects | Copying Transformations to device
Fra:1 Mem:16.53M (Peak 43.82M) | Time:00:00.42 | Mem:0.01M, Peak:0.01M | Scene, ViewLayer | Updating Particle Systems
Fra:1 Mem:16.53M (Peak 43.82M) | Time:00:00.42 | Mem:0.01M, Peak:0.01M | Scene, ViewLayer | Updating Particle Systems | Copying Particles to device
Fra:1 Mem:16.53M (Peak 43.82M) | Time:00:00.42 | Mem:0.01M, Peak:0.01M | Scene, ViewLayer | Updating Meshes
Fra:1 Mem:17.65M (Peak 43.82M) | Time:00:00.44 | Mem:0.01M, Peak:0.01M | Scene, ViewLayer | Updating Objects | Applying Static Transformations
Fra:1 Mem:17.65M (Peak 43.82M) | Time:00:00.44 | Mem:0.01M, Peak:0.01M | Scene, ViewLayer | Updating Mesh | Computing attributes
Fra:1 Mem:19.13M (Peak 43.82M) | Time:00:00.44 | Mem:0.01M, Peak:0.01M | Scene, ViewLayer | Updating Mesh | Copying Attributes to device
Fra:1 Mem:19.13M (Peak 43.82M) | Time:00:00.44 | Mem:1.49M, Peak:1.49M | Scene, ViewLayer | Updating Geometry BVH Broad neutral key 2/4 | Building BVH
Fra:1 Mem:19.13M (Peak 43.82M) | Time:00:00.44 | Mem:1.49M, Peak:1.49M | Scene, ViewLayer | Updating Geometry BVH light 5/4 | Building OptiX acceleration structure
Fra:1 Mem:19.13M (Peak 43.82M) | Time:00:00.44 | Mem:1.49M, Peak:1.49M | Scene, ViewLayer | Updating Geometry BVH Continuous pressure fuselage.020 4/4 | Building BVH
Fra:1 Mem:19.13M (Peak 43.82M) | Time:00:00.44 | Mem:1.49M, Peak:1.49M | Scene, ViewLayer | Updating Geometry BVH Continuous pressure fuselage.020 4/4 | Building OptiX acceleration structure
Fra:1 Mem:19.13M (Peak 43.82M) | Time:00:00.45 | Mem:1.97M, Peak:3.44M | Scene, ViewLayer | Updating Scene BVH | Building
Fra:1 Mem:19.13M (Peak 43.82M) | Time:00:00.45 | Mem:1.97M, Peak:3.44M | Scene, ViewLayer | Updating Scene BVH | Building OptiX acceleration structure
Fra:1 Mem:19.13M (Peak 43.82M) | Time:00:00.45 | Mem:1.98M, Peak:3.44M | Scene, ViewLayer | Updating Scene BVH | Copying BVH to device
Fra:1 Mem:19.13M (Peak 43.82M) | Time:00:00.45 | Mem:1.98M, Peak:3.44M | Scene, ViewLayer | Updating Mesh | Computing normals
Fra:1 Mem:19.71M (Peak 43.82M) | Time:00:00.45 | Mem:1.98M, Peak:3.44M | Scene, ViewLayer | Updating Mesh | Copying Mesh to device
Fra:1 Mem:19.71M (Peak 43.82M) | Time:00:00.45 | Mem:2.56M, Peak:3.44M | Scene, ViewLayer | Updating Objects Flags
Fra:1 Mem:19.71M (Peak 43.82M) | Time:00:00.45 | Mem:2.56M, Peak:3.44M | Scene, ViewLayer | Updating Primitive Offsets
Fra:1 Mem:19.71M (Peak 43.82M) | Time:00:00.45 | Mem:2.56M, Peak:3.44M | Scene, ViewLayer | Updating Images
Fra:1 Mem:19.71M (Peak 43.82M) | Time:00:00.45 | Mem:2.56M, Peak:3.44M | Scene, ViewLayer | Updating Images | Loading panel-normal.png
Fra:1 Mem:23.71M (Peak 43.82M) | Time:00:00.45 | Mem:2.56M, Peak:3.44M | Scene, ViewLayer | Updating Images | Loading white-basecolor.png
Fra:1 Mem:27.71M (Peak 43.82M) | Time:00:00.45 | Mem:2.56M, Peak:3.44M | Scene, ViewLayer | Updating Images | Loading paint-orm.png
Fra:1 Mem:35.73M (Peak 43.82M) | Time:00:00.48 | Mem:18.56M, Peak:18.56M | Scene, ViewLayer | Updating Camera Volume
Fra:1 Mem:35.73M (Peak 43.82M) | Time:00:00.48 | Mem:18.56M, Peak:18.56M | Scene, ViewLayer | Updating Lookup Tables
Fra:1 Mem:35.73M (Peak 43.82M) | Time:00:00.48 | Mem:18.64M, Peak:18.64M | Scene, ViewLayer | Updating Lights
Fra:1 Mem:35.73M (Peak 43.82M) | Time:00:00.48 | Mem:18.64M, Peak:18.64M | Scene, ViewLayer | Updating Lights | Computing tree
Fra:1 Mem:35.99M (Peak 43.82M) | Time:00:00.49 | Mem:18.91M, Peak:18.91M | Scene, ViewLayer | Updating Integrator
Fra:1 Mem:35.99M (Peak 43.82M) | Time:00:00.49 | Mem:18.91M, Peak:18.91M | Scene, ViewLayer | Updating Film
Fra:1 Mem:35.99M (Peak 43.82M) | Time:00:00.49 | Mem:18.83M, Peak:18.91M | Scene, ViewLayer | Updating Lookup Tables
Fra:1 Mem:35.99M (Peak 43.82M) | Time:00:00.49 | Mem:18.91M, Peak:18.91M | Scene, ViewLayer | Updating Baking
Fra:1 Mem:35.99M (Peak 43.82M) | Time:00:00.49 | Mem:18.91M, Peak:18.91M | Scene, ViewLayer | Updating Device | Writing constant memory
Fra:1 Mem:36.00M (Peak 43.82M) | Time:00:00.49 | Mem:18.91M, Peak:18.91M | Scene, ViewLayer | Loading denoising kernels (may take a few minutes the first time)
Fra:1 Mem:40.00M (Peak 43.82M) | Time:00:00.55 | Mem:370.91M, Peak:370.91M | Scene, ViewLayer | Sample 0/24
Fra:1 Mem:116.00M (Peak 116.00M) | Time:00:00.58 | Remaining:00:00.78 | Mem:446.93M, Peak:446.93M | Scene, ViewLayer | Sample 1/24
Fra:1 Mem:148.01M (Peak 196.01M) | Time:00:07.94 | Mem:446.93M, Peak:446.93M | Scene, ViewLayer | Sample 24/24
Fra:1 Mem:148.01M (Peak 196.01M) | Time:00:07.94 | Mem:446.93M, Peak:446.93M | Scene, ViewLayer | Finished
Saved: 'D:\vibe-coding-e\nova-swarm-forum-129-improvements-20260822\docs\fleet-art-v2\ships\24\export\showroom.png'
Time: 00:08.85 (Saving: 00:00.24)

Fra:1 Mem:15.58M (Peak 15.58M) | Time:00:00.25 | Mem:0.00M, Peak:0.00M | Scene, ViewLayer | Synchronizing object | Broad neutral key
Fra:1 Mem:15.58M (Peak 15.58M) | Time:00:00.25 | Mem:0.00M, Peak:0.00M | Scene, ViewLayer | Synchronizing object | NovaOverdriveV2
Fra:1 Mem:16.92M (Peak 17.70M) | Time:00:00.26 | Mem:0.00M, Peak:0.00M | Scene, ViewLayer | Initializing
Fra:1 Mem:16.44M (Peak 17.70M) | Time:00:00.26 | Mem:0.00M, Peak:0.00M | Scene, ViewLayer | Waiting for render to start
Fra:1 Mem:16.44M (Peak 17.70M) | Time:00:00.26 | Mem:0.00M, Peak:0.00M | Scene, ViewLayer | Updating Scene
Fra:1 Mem:16.44M (Peak 17.70M) | Time:00:00.26 | Mem:0.00M, Peak:0.00M | Scene, ViewLayer | Updating Shaders
Fra:1 Mem:16.45M (Peak 17.70M) | Time:00:00.26 | Mem:0.00M, Peak:0.00M | Scene, ViewLayer | Loading render kernels (may take a few minutes the first time)
Fra:1 Mem:16.53M (Peak 43.82M) | Time:00:00.47 | Mem:0.01M, Peak:0.01M | Scene, ViewLayer | Updating Procedurals
Fra:1 Mem:16.53M (Peak 43.82M) | Time:00:00.47 | Mem:0.01M, Peak:0.01M | Scene, ViewLayer | Updating Background
Fra:1 Mem:16.53M (Peak 43.82M) | Time:00:00.47 | Mem:0.01M, Peak:0.01M | Scene, ViewLayer | Updating Camera
Fra:1 Mem:16.53M (Peak 43.82M) | Time:00:00.47 | Mem:0.01M, Peak:0.01M | Scene, ViewLayer | Updating Meshes Flags
Fra:1 Mem:16.53M (Peak 43.82M) | Time:00:00.47 | Mem:0.01M, Peak:0.01M | Scene, ViewLayer | Updating Objects
Fra:1 Mem:16.53M (Peak 43.82M) | Time:00:00.47 | Mem:0.01M, Peak:0.01M | Scene, ViewLayer | Updating Objects | Copying Transformations to device
Fra:1 Mem:16.53M (Peak 43.82M) | Time:00:00.47 | Mem:0.01M, Peak:0.01M | Scene, ViewLayer | Updating Particle Systems
Fra:1 Mem:16.53M (Peak 43.82M) | Time:00:00.47 | Mem:0.01M, Peak:0.01M | Scene, ViewLayer | Updating Particle Systems | Copying Particles to device
Fra:1 Mem:16.53M (Peak 43.82M) | Time:00:00.47 | Mem:0.01M, Peak:0.01M | Scene, ViewLayer | Updating Meshes
Fra:1 Mem:17.65M (Peak 43.82M) | Time:00:00.49 | Mem:0.01M, Peak:0.01M | Scene, ViewLayer | Updating Objects | Applying Static Transformations
Fra:1 Mem:17.65M (Peak 43.82M) | Time:00:00.49 | Mem:0.01M, Peak:0.01M | Scene, ViewLayer | Updating Mesh | Computing attributes
Fra:1 Mem:19.13M (Peak 43.82M) | Time:00:00.49 | Mem:0.01M, Peak:0.01M | Scene, ViewLayer | Updating Mesh | Copying Attributes to device
Fra:1 Mem:19.13M (Peak 43.82M) | Time:00:00.49 | Mem:1.49M, Peak:1.49M | Scene, ViewLayer | Updating Geometry BVH light 5/4 | Building BVH
Fra:1 Mem:19.13M (Peak 43.82M) | Time:00:00.49 | Mem:1.49M, Peak:1.49M | Scene, ViewLayer | Updating Geometry BVH Continuous pressure fuselage.020 4/4 | Building BVH
Fra:1 Mem:19.13M (Peak 43.82M) | Time:00:00.49 | Mem:1.49M, Peak:1.49M | Scene, ViewLayer | Updating Geometry BVH Continuous pressure fuselage.020 4/4 | Building OptiX acceleration structure
Fra:1 Mem:19.13M (Peak 43.82M) | Time:00:00.50 | Mem:1.97M, Peak:3.44M | Scene, ViewLayer | Updating Scene BVH | Building
Fra:1 Mem:19.13M (Peak 43.82M) | Time:00:00.50 | Mem:1.97M, Peak:3.44M | Scene, ViewLayer | Updating Scene BVH | Building OptiX acceleration structure
Fra:1 Mem:19.13M (Peak 43.82M) | Time:00:00.50 | Mem:1.98M, Peak:3.44M | Scene, ViewLayer | Updating Scene BVH | Copying BVH to device
Fra:1 Mem:19.13M (Peak 43.82M) | Time:00:00.50 | Mem:1.98M, Peak:3.44M | Scene, ViewLayer | Updating Mesh | Computing normals
Fra:1 Mem:19.71M (Peak 43.82M) | Time:00:00.50 | Mem:1.98M, Peak:3.44M | Scene, ViewLayer | Updating Mesh | Copying Mesh to device
Fra:1 Mem:19.71M (Peak 43.82M) | Time:00:00.50 | Mem:2.56M, Peak:3.44M | Scene, ViewLayer | Updating Objects Flags
Fra:1 Mem:19.71M (Peak 43.82M) | Time:00:00.50 | Mem:2.56M, Peak:3.44M | Scene, ViewLayer | Updating Primitive Offsets
Fra:1 Mem:19.71M (Peak 43.82M) | Time:00:00.50 | Mem:2.56M, Peak:3.44M | Scene, ViewLayer | Updating Images
Fra:1 Mem:19.71M (Peak 43.82M) | Time:00:00.50 | Mem:2.56M, Peak:3.44M | Scene, ViewLayer | Updating Images | Loading panel-normal.png
Fra:1 Mem:23.71M (Peak 43.82M) | Time:00:00.50 | Mem:2.56M, Peak:3.44M | Scene, ViewLayer | Updating Images | Loading cobalt-basecolor.png
Fra:1 Mem:27.71M (Peak 43.82M) | Time:00:00.50 | Mem:2.56M, Peak:3.44M | Scene, ViewLayer | Updating Images | Loading paint-orm.png
Fra:1 Mem:35.73M (Peak 43.82M) | Time:00:00.53 | Mem:18.56M, Peak:18.56M | Scene, ViewLayer | Updating Camera Volume
Fra:1 Mem:35.73M (Peak 43.82M) | Time:00:00.53 | Mem:18.56M, Peak:18.56M | Scene, ViewLayer | Updating Lookup Tables
Fra:1 Mem:35.73M (Peak 43.82M) | Time:00:00.53 | Mem:18.64M, Peak:18.64M | Scene, ViewLayer | Updating Lights
Fra:1 Mem:35.73M (Peak 43.82M) | Time:00:00.53 | Mem:18.64M, Peak:18.64M | Scene, ViewLayer | Updating Lights | Computing tree
Fra:1 Mem:35.99M (Peak 43.82M) | Time:00:00.54 | Mem:18.91M, Peak:18.91M | Scene, ViewLayer | Updating Integrator
Fra:1 Mem:35.99M (Peak 43.82M) | Time:00:00.54 | Mem:18.91M, Peak:18.91M | Scene, ViewLayer | Updating Film
Fra:1 Mem:35.99M (Peak 43.82M) | Time:00:00.54 | Mem:18.83M, Peak:18.91M | Scene, ViewLayer | Updating Lookup Tables
Fra:1 Mem:35.99M (Peak 43.82M) | Time:00:00.54 | Mem:18.91M, Peak:18.91M | Scene, ViewLayer | Updating Baking
Fra:1 Mem:35.99M (Peak 43.82M) | Time:00:00.54 | Mem:18.91M, Peak:18.91M | Scene, ViewLayer | Updating Device | Writing constant memory
Fra:1 Mem:36.00M (Peak 43.82M) | Time:00:00.54 | Mem:18.91M, Peak:18.91M | Scene, ViewLayer | Loading denoising kernels (may take a few minutes the first time)
Fra:1 Mem:40.00M (Peak 43.82M) | Time:00:00.61 | Mem:370.91M, Peak:370.91M | Scene, ViewLayer | Sample 0/24
Fra:1 Mem:59.00M (Peak 59.00M) | Time:00:00.62 | Remaining:00:00.42 | Mem:389.92M, Peak:389.92M | Scene, ViewLayer | Sample 1/24
Fra:1 Mem:67.01M (Peak 79.01M) | Time:00:02.50 | Mem:389.93M, Peak:389.93M | Scene, ViewLayer | Sample 24/24
Fra:1 Mem:67.01M (Peak 79.01M) | Time:00:02.50 | Mem:389.93M, Peak:389.93M | Scene, ViewLayer | Finished
Saved: 'D:\vibe-coding-e\nova-swarm-forum-129-improvements-20260822\docs\fleet-art-v2\ships\24\export\player.png'
Time: 00:03.36 (Saving: 00:00.07)


FLEET_V2_COMPLETE 24 Nova Overdrive
Read blend: "D:\vibe-coding-e\nova-swarm-forum-129-improvements-20260822\docs\fleet-art-v2\ships\25\source.blend"
Fra:1 Mem:14.66M (Peak 14.66M) | Time:00:00.24 | Mem:0.00M, Peak:0.00M | Scene, ViewLayer | Synchronizing object | Broad neutral key
Fra:1 Mem:14.67M (Peak 14.67M) | Time:00:00.24 | Mem:0.00M, Peak:0.00M | Scene, ViewLayer | Synchronizing object | Neutral fill
Fra:1 Mem:14.98M (Peak 14.98M) | Time:00:00.32 | Mem:0.00M, Peak:0.00M | Scene, ViewLayer | Synchronizing object | Continuous pressure fuselage
Fra:1 Mem:15.83M (Peak 15.83M) | Time:00:00.39 | Mem:0.00M, Peak:0.00M | Scene, ViewLayer | Synchronizing object | Cockpit integrated coaming
Fra:1 Mem:16.36M (Peak 16.36M) | Time:00:00.45 | Mem:0.00M, Peak:0.00M | Scene, ViewLayer | Synchronizing object | Pressure canopy glazing
Fra:1 Mem:16.36M (Peak 16.36M) | Time:00:00.45 | Mem:0.00M, Peak:0.00M | Scene, ViewLayer | Synchronizing object | Canopy lower frame
Fra:1 Mem:16.60M (Peak 16.60M) | Time:00:00.45 | Mem:0.00M, Peak:0.00M | Scene, ViewLayer | Synchronizing object | Canopy lower frame.001
Fra:1 Mem:16.65M (Peak 16.65M) | Time:00:00.45 | Mem:0.00M, Peak:0.00M | Scene, ViewLayer | Synchronizing object | Canopy pressure bow
Fra:1 Mem:16.65M (Peak 16.65M) | Time:00:00.45 | Mem:0.00M, Peak:0.00M | Scene, ViewLayer | Synchronizing object | Integrated propulsion nacelle
Fra:1 Mem:16.65M (Peak 16.65M) | Time:00:00.45 | Mem:0.00M, Peak:0.00M | Scene, ViewLayer | Synchronizing object | Contoured expansion nozzle
Fra:1 Mem:16.77M (Peak 16.77M) | Time:00:00.45 | Mem:0.00M, Peak:0.00M | Scene, ViewLayer | Synchronizing object | Nozzle petal seam.001
Fra:1 Mem:16.80M (Peak 16.80M) | Time:00:00.45 | Mem:0.00M, Peak:0.00M | Scene, ViewLayer | Synchronizing object | Nozzle petal seam.002
Fra:1 Mem:16.79M (Peak 16.80M) | Time:00:00.45 | Mem:0.00M, Peak:0.00M | Scene, ViewLayer | Synchronizing object | Nozzle petal seam.003
Fra:1 Mem:16.81M (Peak 16.81M) | Time:00:00.45 | Mem:0.00M, Peak:0.00M | Scene, ViewLayer | Synchronizing object | Nozzle petal seam.004
Fra:1 Mem:16.83M (Peak 16.83M) | Time:00:00.45 | Mem:0.00M, Peak:0.00M | Scene, ViewLayer | Synchronizing object | Nozzle petal seam.005
Fra:1 Mem:16.81M (Peak 16.83M) | Time:00:00.45 | Mem:0.00M, Peak:0.00M | Scene, ViewLayer | Synchronizing object | Nozzle petal seam.006
Fra:1 Mem:16.82M (Peak 16.83M) | Time:00:00.45 | Mem:0.00M, Peak:0.00M | Scene, ViewLayer | Synchronizing object | Nozzle petal seam.007
Fra:1 Mem:16.82M (Peak 16.83M) | Time:00:00.45 | Mem:0.00M, Peak:0.00M | Scene, ViewLayer | Synchronizing object | Nozzle petal seam.008
Fra:1 Mem:16.81M (Peak 16.83M) | Time:00:00.45 | Mem:0.00M, Peak:0.00M | Scene, ViewLayer | Synchronizing object | Nozzle petal seam.009
Fra:1 Mem:16.81M (Peak 16.83M) | Time:00:00.45 | Mem:0.00M, Peak:0.00M | Scene, ViewLayer | Synchronizing object | Nozzle petal seam.010
Fra:1 Mem:16.82M (Peak 16.83M) | Time:00:00.45 | Mem:0.00M, Peak:0.00M | Scene, ViewLayer | Synchronizing object | Nozzle petal seam.011
Fra:1 Mem:16.82M (Peak 16.83M) | Time:00:00.45 | Mem:0.00M, Peak:0.00M | Scene, ViewLayer | Synchronizing object | Deep ion throat
Fra:1 Mem:16.82M (Peak 16.83M) | Time:00:00.45 | Mem:0.00M, Peak:0.00M | Scene, ViewLayer | Synchronizing object | Deep intake duct
Fra:1 Mem:16.98M (Peak 16.98M) | Time:00:00.46 | Mem:0.00M, Peak:0.00M | Scene, ViewLayer | Synchronizing object | Blended structural fairing
Fra:1 Mem:17.24M (Peak 17.24M) | Time:00:00.47 | Mem:0.00M, Peak:0.00M | Scene, ViewLayer | Synchronizing object | Blended structural fairing.001
Fra:1 Mem:17.24M (Peak 17.24M) | Time:00:00.47 | Mem:0.00M, Peak:0.00M | Scene, ViewLayer | Synchronizing object | Nozzle petal seam.012
Fra:1 Mem:17.36M (Peak 17.36M) | Time:00:00.47 | Mem:0.00M, Peak:0.00M | Scene, ViewLayer | Synchronizing object | Nozzle petal seam.013
Fra:1 Mem:17.36M (Peak 17.36M) | Time:00:00.47 | Mem:0.00M, Peak:0.00M | Scene, ViewLayer | Synchronizing object | Nozzle petal seam.014
Fra:1 Mem:17.36M (Peak 17.36M) | Time:00:00.47 | Mem:0.00M, Peak:0.00M | Scene, ViewLayer | Synchronizing object | Nozzle petal seam.015
Fra:1 Mem:17.36M (Peak 17.36M) | Time:00:00.47 | Mem:0.00M, Peak:0.00M | Scene, ViewLayer | Synchronizing object | Nozzle petal seam.016
Fra:1 Mem:17.46M (Peak 17.46M) | Time:00:00.47 | Mem:0.00M, Peak:0.00M | Scene, ViewLayer | Synchronizing object | Nozzle petal seam.017
Fra:1 Mem:17.45M (Peak 17.46M) | Time:00:00.47 | Mem:0.00M, Peak:0.00M | Scene, ViewLayer | Synchronizing object | Nozzle petal seam.018
Fra:1 Mem:17.45M (Peak 17.46M) | Time:00:00.47 | Mem:0.00M, Peak:0.00M | Scene, ViewLayer | Synchronizing object | Nozzle petal seam.019
Fra:1 Mem:17.46M (Peak 17.46M) | Time:00:00.47 | Mem:0.00M, Peak:0.00M | Scene, ViewLayer | Synchronizing object | Nozzle petal seam.020
Fra:1 Mem:17.48M (Peak 17.48M) | Time:00:00.47 | Mem:0.00M, Peak:0.00M | Scene, ViewLayer | Synchronizing object | Nozzle petal seam.021
Fra:1 Mem:17.56M (Peak 17.56M) | Time:00:00.47 | Mem:0.00M, Peak:0.00M | Scene, ViewLayer | Synchronizing object | Nozzle petal seam.022
Fra:1 Mem:17.52M (Peak 17.56M) | Time:00:00.47 | Mem:0.00M, Peak:0.00M | Scene, ViewLayer | Synchronizing object | Nozzle petal seam.023
Fra:1 Mem:17.52M (Peak 17.56M) | Time:00:00.47 | Mem:0.00M, Peak:0.00M | Scene, ViewLayer | Synchronizing object | Deep ion throat.001
Fra:1 Mem:17.53M (Peak 17.56M) | Time:00:00.47 | Mem:0.00M, Peak:0.00M | Scene, ViewLayer | Synchronizing object | Deep intake duct.001
Fra:1 Mem:17.68M (Peak 17.68M) | Time:00:00.49 | Mem:0.00M, Peak:0.00M | Scene, ViewLayer | Synchronizing object | Blended structural fairing.002
Fra:1 Mem:17.94M (Peak 17.94M) | Time:00:00.50 | Mem:0.00M, Peak:0.00M | Scene, ViewLayer | Synchronizing object | Blended structural fairing.003
Fra:1 Mem:18.11M (Peak 18.11M) | Time:00:00.50 | Mem:0.00M, Peak:0.00M | Scene, ViewLayer | Initializing
Fra:1 Mem:14.17M (Peak 18.11M) | Time:00:00.51 | Mem:0.00M, Peak:0.00M | Scene, ViewLayer | Waiting for render to start
Fra:1 Mem:14.17M (Peak 18.11M) | Time:00:00.51 | Mem:0.00M, Peak:0.00M | Scene, ViewLayer | Updating Scene
Fra:1 Mem:14.17M (Peak 18.11M) | Time:00:00.51 | Mem:0.00M, Peak:0.00M | Scene, ViewLayer | Updating Shaders
Fra:1 Mem:14.17M (Peak 18.11M) | Time:00:00.51 | Mem:0.00M, Peak:0.00M | Scene, ViewLayer | Loading render kernels (may take a few minutes the first time)
Fra:1 Mem:14.25M (Peak 41.54M) | Time:00:01.44 | Mem:0.01M, Peak:0.01M | Scene, ViewLayer | Updating Procedurals
Fra:1 Mem:14.25M (Peak 41.54M) | Time:00:01.44 | Mem:0.01M, Peak:0.01M | Scene, ViewLayer | Updating Background
Fra:1 Mem:14.25M (Peak 41.54M) | Time:00:01.44 | Mem:0.01M, Peak:0.01M | Scene, ViewLayer | Updating Camera
Fra:1 Mem:14.25M (Peak 41.54M) | Time:00:01.44 | Mem:0.01M, Peak:0.01M | Scene, ViewLayer | Updating Meshes Flags
Fra:1 Mem:14.25M (Peak 41.54M) | Time:00:01.44 | Mem:0.01M, Peak:0.01M | Scene, ViewLayer | Updating Objects
Fra:1 Mem:14.25M (Peak 41.54M) | Time:00:01.44 | Mem:0.01M, Peak:0.01M | Scene, ViewLayer | Updating Objects | Copying Transformations to device
Fra:1 Mem:14.26M (Peak 41.54M) | Time:00:01.44 | Mem:0.02M, Peak:0.02M | Scene, ViewLayer | Updating Particle Systems
Fra:1 Mem:14.26M (Peak 41.54M) | Time:00:01.44 | Mem:0.02M, Peak:0.02M | Scene, ViewLayer | Updating Particle Systems | Copying Particles to device
Fra:1 Mem:14.26M (Peak 41.54M) | Time:00:01.44 | Mem:0.02M, Peak:0.02M | Scene, ViewLayer | Updating Meshes
Fra:1 Mem:15.10M (Peak 41.54M) | Time:00:01.45 | Mem:0.02M, Peak:0.02M | Scene, ViewLayer | Updating Objects | Applying Static Transformations
Fra:1 Mem:15.10M (Peak 41.54M) | Time:00:01.45 | Mem:0.02M, Peak:0.02M | Scene, ViewLayer | Updating Mesh | Computing attributes
Fra:1 Mem:16.30M (Peak 41.54M) | Time:00:01.45 | Mem:0.03M, Peak:0.03M | Scene, ViewLayer | Updating Mesh | Copying Attributes to device
Fra:1 Mem:16.29M (Peak 41.54M) | Time:00:01.45 | Mem:1.21M, Peak:1.21M | Scene, ViewLayer | Updating Geometry BVH light 48/47 | Building BVH
Fra:1 Mem:16.29M (Peak 41.54M) | Time:00:01.45 | Mem:1.21M, Peak:1.21M | Scene, ViewLayer | Updating Geometry BVH Contoured expansion nozzle.088 12/47 | Building BVH
Fra:1 Mem:16.29M (Peak 41.54M) | Time:00:01.45 | Mem:1.21M, Peak:1.21M | Scene, ViewLayer | Updating Geometry BVH Contoured expansion nozzle.088 12/47 | Building OptiX acceleration structure
Fra:1 Mem:16.29M (Peak 41.54M) | Time:00:01.45 | Mem:1.21M, Peak:1.21M | Scene, ViewLayer | Updating Geometry BVH Nozzle petal seam.1056 13/47 | Building BVH
Fra:1 Mem:16.29M (Peak 41.54M) | Time:00:01.45 | Mem:1.21M, Peak:1.21M | Scene, ViewLayer | Updating Geometry BVH Nozzle petal seam.1056 13/47 | Building OptiX acceleration structure
Fra:1 Mem:16.39M (Peak 41.54M) | Time:00:01.45 | Mem:1.21M, Peak:1.21M | Scene, ViewLayer | Updating Geometry BVH Mesh 47/47 | Building BVH
Fra:1 Mem:16.39M (Peak 41.54M) | Time:00:01.45 | Mem:1.21M, Peak:1.21M | Scene, ViewLayer | Updating Geometry BVH Mesh 47/47 | Building OptiX acceleration structure
Fra:1 Mem:16.39M (Peak 41.54M) | Time:00:01.45 | Mem:1.26M, Peak:1.26M | Scene, ViewLayer | Updating Geometry BVH Nozzle petal seam.1057 14/47 | Building BVH
Fra:1 Mem:16.39M (Peak 41.54M) | Time:00:01.45 | Mem:1.26M, Peak:1.26M | Scene, ViewLayer | Updating Geometry BVH Nozzle petal seam.1057 14/47 | Building OptiX acceleration structure
Fra:1 Mem:16.64M (Peak 41.54M) | Time:00:01.45 | Mem:1.56M, Peak:1.57M | Scene, ViewLayer | Updating Geometry BVH Nozzle petal seam.1058 15/47 | Building BVH
Fra:1 Mem:16.64M (Peak 41.54M) | Time:00:01.45 | Mem:1.60M, Peak:1.60M | Scene, ViewLayer | Updating Geometry BVH Nozzle petal seam.1058 15/47 | Building OptiX acceleration structure
Fra:1 Mem:16.63M (Peak 41.54M) | Time:00:01.45 | Mem:1.56M, Peak:1.60M | Scene, ViewLayer | Updating Geometry BVH Nozzle petal seam.1059 16/47 | Building BVH
Fra:1 Mem:16.63M (Peak 41.54M) | Time:00:01.45 | Mem:1.56M, Peak:1.60M | Scene, ViewLayer | Updating Geometry BVH Nozzle petal seam.1059 16/47 | Building OptiX acceleration structure
Fra:1 Mem:16.63M (Peak 41.54M) | Time:00:01.45 | Mem:1.56M, Peak:1.60M | Scene, ViewLayer | Updating Geometry BVH Nozzle petal seam.1060 17/47 | Building BVH
Fra:1 Mem:16.63M (Peak 41.54M) | Time:00:01.45 | Mem:1.98M, Peak:1.98M | Scene, ViewLayer | Updating Geometry BVH Nozzle petal seam.1060 17/47 | Building OptiX acceleration structure
Fra:1 Mem:16.55M (Peak 41.54M) | Time:00:01.46 | Mem:1.58M, Peak:1.98M | Scene, ViewLayer | Updating Geometry BVH Nozzle petal seam.1061 18/47 | Building BVH
Fra:1 Mem:16.55M (Peak 41.54M) | Time:00:01.46 | Mem:1.58M, Peak:1.98M | Scene, ViewLayer | Updating Geometry BVH Nozzle petal seam.1061 18/47 | Building OptiX acceleration structure
Fra:1 Mem:16.52M (Peak 41.54M) | Time:00:01.46 | Mem:1.59M, Peak:1.98M | Scene, ViewLayer | Updating Geometry BVH Mesh 46/47 | Building BVH
Fra:1 Mem:16.52M (Peak 41.54M) | Time:00:01.46 | Mem:1.59M, Peak:1.98M | Scene, ViewLayer | Updating Geometry BVH Mesh 46/47 | Building OptiX acceleration structure
Fra:1 Mem:16.55M (Peak 41.54M) | Time:00:01.46 | Mem:1.62M, Peak:1.98M | Scene, ViewLayer | Updating Geometry BVH Nozzle petal seam.1062 19/47 | Building BVH
Fra:1 Mem:16.55M (Peak 41.54M) | Time:00:01.46 | Mem:1.62M, Peak:1.98M | Scene, ViewLayer | Updating Geometry BVH Nozzle petal seam.1062 19/47 | Building OptiX acceleration structure
Fra:1 Mem:16.55M (Peak 41.54M) | Time:00:01.46 | Mem:1.62M, Peak:1.98M | Scene, ViewLayer | Updating Geometry BVH Nozzle petal seam.1063 20/47 | Building BVH
Fra:1 Mem:16.55M (Peak 41.54M) | Time:00:01.46 | Mem:1.64M, Peak:1.98M | Scene, ViewLayer | Updating Geometry BVH Nozzle petal seam.1063 20/47 | Building OptiX acceleration structure
Fra:1 Mem:16.54M (Peak 41.54M) | Time:00:01.46 | Mem:1.63M, Peak:1.98M | Scene, ViewLayer | Updating Geometry BVH Nozzle petal seam.1064 21/47 | Building BVH
Fra:1 Mem:16.54M (Peak 41.54M) | Time:00:01.46 | Mem:1.68M, Peak:1.98M | Scene, ViewLayer | Updating Geometry BVH Nozzle petal seam.1064 21/47 | Building OptiX acceleration structure
Fra:1 Mem:16.42M (Peak 41.54M) | Time:00:01.46 | Mem:1.66M, Peak:2.15M | Scene, ViewLayer | Updating Geometry BVH Nozzle petal seam.1065 22/47 | Building BVH
Fra:1 Mem:16.42M (Peak 41.54M) | Time:00:01.46 | Mem:1.66M, Peak:2.15M | Scene, ViewLayer | Updating Geometry BVH Nozzle petal seam.1065 22/47 | Building OptiX acceleration structure
Fra:1 Mem:16.34M (Peak 41.54M) | Time:00:01.46 | Mem:1.68M, Peak:2.15M | Scene, ViewLayer | Updating Geometry BVH Nozzle petal seam.1066 23/47 | Building BVH
Fra:1 Mem:16.34M (Peak 41.54M) | Time:00:01.46 | Mem:1.72M, Peak:2.15M | Scene, ViewLayer | Updating Geometry BVH Nozzle petal seam.1066 23/47 | Building OptiX acceleration structure
Fra:1 Mem:16.33M (Peak 41.54M) | Time:00:01.46 | Mem:1.69M, Peak:2.15M | Scene, ViewLayer | Updating Geometry BVH Nozzle petal seam.1067 24/47 | Building BVH
Fra:1 Mem:16.33M (Peak 41.54M) | Time:00:01.46 | Mem:1.69M, Peak:2.15M | Scene, ViewLayer | Updating Geometry BVH Nozzle petal seam.1067 24/47 | Building OptiX acceleration structure
Fra:1 Mem:16.33M (Peak 41.54M) | Time:00:01.46 | Mem:1.69M, Peak:2.15M | Scene, ViewLayer | Updating Geometry BVH Deep ion throat.088 25/47 | Building BVH
Fra:1 Mem:16.33M (Peak 41.54M) | Time:00:01.46 | Mem:1.69M, Peak:2.15M | Scene, ViewLayer | Updating Geometry BVH Deep ion throat.088 25/47 | Building OptiX acceleration structure
Fra:1 Mem:16.35M (Peak 41.54M) | Time:00:01.47 | Mem:1.71M, Peak:2.15M | Scene, ViewLayer | Updating Geometry BVH Deep intake duct.044 26/47 | Building BVH
Fra:1 Mem:16.35M (Peak 41.54M) | Time:00:01.47 | Mem:1.72M, Peak:2.15M | Scene, ViewLayer | Updating Geometry BVH Deep intake duct.044 26/47 | Building OptiX acceleration structure
Fra:1 Mem:16.35M (Peak 41.54M) | Time:00:01.47 | Mem:1.71M, Peak:2.15M | Scene, ViewLayer | Updating Geometry BVH Mesh 27/47 | Building BVH
Fra:1 Mem:16.35M (Peak 41.54M) | Time:00:01.47 | Mem:1.71M, Peak:2.15M | Scene, ViewLayer | Updating Geometry BVH Mesh 27/47 | Building OptiX acceleration structure
Fra:1 Mem:16.39M (Peak 41.54M) | Time:00:01.47 | Mem:1.75M, Peak:2.15M | Scene, ViewLayer | Updating Geometry BVH Mesh 28/47 | Building BVH
Fra:1 Mem:16.39M (Peak 41.54M) | Time:00:01.47 | Mem:1.75M, Peak:2.15M | Scene, ViewLayer | Updating Geometry BVH Mesh 28/47 | Building OptiX acceleration structure
Fra:1 Mem:16.42M (Peak 41.54M) | Time:00:01.47 | Mem:1.78M, Peak:2.15M | Scene, ViewLayer | Updating Geometry BVH Integrated lifting hull.043 29/47 | Building BVH
Fra:1 Mem:16.42M (Peak 41.54M) | Time:00:01.47 | Mem:1.86M, Peak:2.15M | Scene, ViewLayer | Updating Geometry BVH Integrated lifting hull.043 29/47 | Building OptiX acceleration structure
Fra:1 Mem:16.40M (Peak 41.54M) | Time:00:01.47 | Mem:1.80M, Peak:2.15M | Scene, ViewLayer | Updating Geometry BVH Deep intake duct.045 45/47 | Building BVH
Fra:1 Mem:16.40M (Peak 41.54M) | Time:00:01.47 | Mem:1.81M, Peak:2.15M | Scene, ViewLayer | Updating Geometry BVH Deep intake duct.045 45/47 | Building OptiX acceleration structure
Fra:1 Mem:16.40M (Peak 41.54M) | Time:00:01.47 | Mem:1.80M, Peak:2.15M | Scene, ViewLayer | Updating Geometry BVH Integrated propulsion nacelle.045 30/47 | Building BVH
Fra:1 Mem:16.40M (Peak 41.54M) | Time:00:01.47 | Mem:1.80M, Peak:2.15M | Scene, ViewLayer | Updating Geometry BVH Integrated propulsion nacelle.045 30/47 | Building OptiX acceleration structure
Fra:1 Mem:16.41M (Peak 41.54M) | Time:00:01.47 | Mem:1.81M, Peak:2.15M | Scene, ViewLayer | Updating Geometry BVH Contoured expansion nozzle.089 31/47 | Building BVH
Fra:1 Mem:16.41M (Peak 41.54M) | Time:00:01.47 | Mem:1.81M, Peak:2.15M | Scene, ViewLayer | Updating Geometry BVH Contoured expansion nozzle.089 31/47 | Building OptiX acceleration structure
Fra:1 Mem:16.41M (Peak 41.54M) | Time:00:01.47 | Mem:1.82M, Peak:2.15M | Scene, ViewLayer | Updating Geometry BVH Nozzle petal seam.1068 32/47 | Building BVH
Fra:1 Mem:16.41M (Peak 41.54M) | Time:00:01.47 | Mem:1.82M, Peak:2.15M | Scene, ViewLayer | Updating Geometry BVH Nozzle petal seam.1068 32/47 | Building OptiX acceleration structure
Fra:1 Mem:16.41M (Peak 41.54M) | Time:00:01.47 | Mem:1.82M, Peak:2.15M | Scene, ViewLayer | Updating Geometry BVH Nozzle petal seam.1069 33/47 | Building BVH
Fra:1 Mem:16.41M (Peak 41.54M) | Time:00:01.47 | Mem:1.82M, Peak:2.15M | Scene, ViewLayer | Updating Geometry BVH Nozzle petal seam.1069 33/47 | Building OptiX acceleration structure
Fra:1 Mem:16.41M (Peak 41.54M) | Time:00:01.47 | Mem:1.82M, Peak:2.15M | Scene, ViewLayer | Updating Geometry BVH Nozzle petal seam.1070 34/47 | Building BVH
Fra:1 Mem:16.41M (Peak 41.54M) | Time:00:01.47 | Mem:1.83M, Peak:2.15M | Scene, ViewLayer | Updating Geometry BVH Nozzle petal seam.1070 34/47 | Building OptiX acceleration structure
Fra:1 Mem:16.41M (Peak 41.54M) | Time:00:01.47 | Mem:1.82M, Peak:2.15M | Scene, ViewLayer | Updating Geometry BVH Nozzle petal seam.1071 35/47 | Building BVH
Fra:1 Mem:16.41M (Peak 41.54M) | Time:00:01.47 | Mem:1.88M, Peak:2.15M | Scene, ViewLayer | Updating Geometry BVH Nozzle petal seam.1071 35/47 | Building OptiX acceleration structure
Fra:1 Mem:16.39M (Peak 41.54M) | Time:00:01.47 | Mem:1.82M, Peak:2.15M | Scene, ViewLayer | Updating Geometry BVH Nozzle petal seam.1072 36/47 | Building BVH
Fra:1 Mem:16.39M (Peak 41.54M) | Time:00:01.47 | Mem:1.82M, Peak:2.15M | Scene, ViewLayer | Updating Geometry BVH Nozzle petal seam.1072 36/47 | Building OptiX acceleration structure
Fra:1 Mem:16.39M (Peak 41.54M) | Time:00:01.48 | Mem:1.82M, Peak:2.15M | Scene, ViewLayer | Updating Geometry BVH Nozzle petal seam.1073 37/47 | Building BVH
Fra:1 Mem:16.39M (Peak 41.54M) | Time:00:01.48 | Mem:1.90M, Peak:2.15M | Scene, ViewLayer | Updating Geometry BVH Nozzle petal seam.1073 37/47 | Building OptiX acceleration structure
Fra:1 Mem:16.36M (Peak 41.54M) | Time:00:01.48 | Mem:1.83M, Peak:2.15M | Scene, ViewLayer | Updating Geometry BVH Nozzle petal seam.1074 38/47 | Building BVH
Fra:1 Mem:16.36M (Peak 41.54M) | Time:00:01.48 | Mem:1.83M, Peak:2.15M | Scene, ViewLayer | Updating Geometry BVH Nozzle petal seam.1074 38/47 | Building OptiX acceleration structure
Fra:1 Mem:16.33M (Peak 41.54M) | Time:00:01.48 | Mem:1.84M, Peak:2.15M | Scene, ViewLayer | Updating Geometry BVH Nozzle petal seam.1075 39/47 | Building BVH
Fra:1 Mem:16.33M (Peak 41.54M) | Time:00:01.48 | Mem:1.88M, Peak:2.15M | Scene, ViewLayer | Updating Geometry BVH Nozzle petal seam.1075 39/47 | Building OptiX acceleration structure
Fra:1 Mem:16.31M (Peak 41.54M) | Time:00:01.48 | Mem:1.84M, Peak:2.15M | Scene, ViewLayer | Updating Geometry BVH Nozzle petal seam.1076 40/47 | Building BVH
Fra:1 Mem:16.31M (Peak 41.54M) | Time:00:01.48 | Mem:1.86M, Peak:2.15M | Scene, ViewLayer | Updating Geometry BVH Nozzle petal seam.1076 40/47 | Building OptiX acceleration structure
Fra:1 Mem:16.31M (Peak 41.54M) | Time:00:01.48 | Mem:1.84M, Peak:2.15M | Scene, ViewLayer | Updating Geometry BVH Deep ion throat.089 44/47 | Building BVH
Fra:1 Mem:16.31M (Peak 41.54M) | Time:00:01.48 | Mem:1.84M, Peak:2.15M | Scene, ViewLayer | Updating Geometry BVH Deep ion throat.089 44/47 | Building OptiX acceleration structure
Fra:1 Mem:16.32M (Peak 41.54M) | Time:00:01.48 | Mem:1.86M, Peak:2.15M | Scene, ViewLayer | Updating Geometry BVH Nozzle petal seam.1077 41/47 | Building BVH
Fra:1 Mem:16.32M (Peak 41.54M) | Time:00:01.48 | Mem:1.90M, Peak:2.15M | Scene, ViewLayer | Updating Geometry BVH Nozzle petal seam.1077 41/47 | Building OptiX acceleration structure
Fra:1 Mem:16.32M (Peak 41.54M) | Time:00:01.48 | Mem:1.87M, Peak:2.15M | Scene, ViewLayer | Updating Geometry BVH Nozzle petal seam.1078 42/47 | Building BVH
Fra:1 Mem:16.32M (Peak 41.54M) | Time:00:01.48 | Mem:1.87M, Peak:2.15M | Scene, ViewLayer | Updating Geometry BVH Nozzle petal seam.1078 42/47 | Building OptiX acceleration structure
Fra:1 Mem:16.32M (Peak 41.54M) | Time:00:01.48 | Mem:1.87M, Peak:2.15M | Scene, ViewLayer | Updating Geometry BVH Nozzle petal seam.1079 43/47 | Building BVH
Fra:1 Mem:16.32M (Peak 41.54M) | Time:00:01.48 | Mem:1.87M, Peak:2.15M | Scene, ViewLayer | Updating Geometry BVH Nozzle petal seam.1079 43/47 | Building OptiX acceleration structure
Fra:1 Mem:16.29M (Peak 41.54M) | Time:00:01.49 | Mem:1.87M, Peak:2.15M | Scene, ViewLayer | Updating Scene BVH | Building
Fra:1 Mem:16.29M (Peak 41.54M) | Time:00:01.49 | Mem:1.87M, Peak:2.15M | Scene, ViewLayer | Updating Scene BVH | Building OptiX acceleration structure
Fra:1 Mem:16.29M (Peak 41.54M) | Time:00:01.49 | Mem:1.88M, Peak:2.15M | Scene, ViewLayer | Updating Scene BVH | Copying BVH to device
Fra:1 Mem:16.29M (Peak 41.54M) | Time:00:01.49 | Mem:1.88M, Peak:2.15M | Scene, ViewLayer | Updating Mesh | Computing normals
Fra:1 Mem:17.04M (Peak 41.54M) | Time:00:01.49 | Mem:1.88M, Peak:2.15M | Scene, ViewLayer | Updating Mesh | Copying Mesh to device
Fra:1 Mem:17.04M (Peak 41.54M) | Time:00:01.49 | Mem:2.62M, Peak:2.62M | Scene, ViewLayer | Updating Objects Flags
Fra:1 Mem:17.04M (Peak 41.54M) | Time:00:01.49 | Mem:2.62M, Peak:2.62M | Scene, ViewLayer | Updating Primitive Offsets
Fra:1 Mem:17.04M (Peak 41.54M) | Time:00:01.49 | Mem:2.62M, Peak:2.62M | Scene, ViewLayer | Updating Images
Fra:1 Mem:17.04M (Peak 41.54M) | Time:00:01.49 | Mem:2.62M, Peak:2.62M | Scene, ViewLayer | Updating Images | Loading panel-normal.png
Fra:1 Mem:17.04M (Peak 41.54M) | Time:00:01.49 | Mem:2.62M, Peak:2.62M | Scene, ViewLayer | Updating Images | Loading white-basecolor.png
Fra:1 Mem:17.04M (Peak 41.54M) | Time:00:01.49 | Mem:2.62M, Peak:2.62M | Scene, ViewLayer | Updating Images | Loading paint-orm.png
Fra:1 Mem:33.05M (Peak 41.54M) | Time:00:01.94 | Mem:18.62M, Peak:18.62M | Scene, ViewLayer | Updating Camera Volume
Fra:1 Mem:33.05M (Peak 41.54M) | Time:00:01.94 | Mem:18.62M, Peak:18.62M | Scene, ViewLayer | Updating Lookup Tables
Fra:1 Mem:33.05M (Peak 41.54M) | Time:00:01.94 | Mem:18.70M, Peak:18.70M | Scene, ViewLayer | Updating Lights
Fra:1 Mem:33.05M (Peak 41.54M) | Time:00:01.94 | Mem:18.71M, Peak:18.71M | Scene, ViewLayer | Updating Lights | Computing tree
Fra:1 Mem:33.24M (Peak 41.54M) | Time:00:01.94 | Mem:18.89M, Peak:18.89M | Scene, ViewLayer | Updating Integrator
Fra:1 Mem:33.24M (Peak 41.54M) | Time:00:01.94 | Mem:18.89M, Peak:18.89M | Scene, ViewLayer | Updating Film
Fra:1 Mem:33.25M (Peak 41.54M) | Time:00:01.94 | Mem:18.81M, Peak:18.89M | Scene, ViewLayer | Updating Lookup Tables
Fra:1 Mem:33.25M (Peak 41.54M) | Time:00:01.94 | Mem:18.90M, Peak:18.90M | Scene, ViewLayer | Updating Baking
Fra:1 Mem:33.25M (Peak 41.54M) | Time:00:01.94 | Mem:18.90M, Peak:18.90M | Scene, ViewLayer | Updating Device | Writing constant memory
Fra:1 Mem:33.25M (Peak 41.54M) | Time:00:01.94 | Mem:18.90M, Peak:18.90M | Scene, ViewLayer | Loading denoising kernels (may take a few minutes the first time)
Fra:1 Mem:37.25M (Peak 41.54M) | Time:00:01.98 | Mem:370.90M, Peak:370.90M | Scene, ViewLayer | Sample 0/24
Fra:1 Mem:84.22M (Peak 84.22M) | Time:00:02.03 | Remaining:00:00.98 | Mem:417.88M, Peak:417.88M | Scene, ViewLayer | Sample 1/24
Fra:1 Mem:104.00M (Peak 133.67M) | Time:00:09.05 | Mem:417.88M, Peak:417.88M | Scene, ViewLayer | Sample 24/24
Fra:1 Mem:104.00M (Peak 133.67M) | Time:00:09.05 | Mem:417.88M, Peak:417.88M | Scene, ViewLayer | Finished
Saved: 'D:\vibe-coding-e\nova-swarm-forum-129-improvements-20260822\docs\fleet-art-v2\ships\25\surfaced.png'
Time: 00:09.59 (Saving: 00:00.29)

Info: Saved as "source.blend"
17:13:02 | INFO: Starting glTF 2.0 export
17:13:02 | INFO: Extracting primitive: Continuous pressure fuselage.021
17:13:02 | WARNING: More than one shader node tex image used for a texture. The resulting glTF sampler will behave like the first shader node tex image.
17:13:02 | WARNING: More than one shader node tex image used for a texture. The resulting glTF sampler will behave like the first shader node tex image.
17:13:02 | INFO: Primitives created: 6
17:13:02 | INFO: Finished glTF 2.0 export in 0.24244093894958496 s
Fra:1 Mem:15.46M (Peak 30.96M) | Time:00:00.34 | Mem:0.00M, Peak:0.00M | Scene, ViewLayer | Synchronizing object | ArcadeLegendV2
Fra:1 Mem:15.46M (Peak 30.96M) | Time:00:00.34 | Mem:0.00M, Peak:0.00M | Scene, ViewLayer | Synchronizing object | Broad neutral key
Fra:1 Mem:15.48M (Peak 30.96M) | Time:00:00.34 | Mem:0.00M, Peak:0.00M | Scene, ViewLayer | Synchronizing object | Neutral fill
Fra:1 Mem:17.16M (Peak 30.96M) | Time:00:00.35 | Mem:0.00M, Peak:0.00M | Scene, ViewLayer | Initializing
Fra:1 Mem:16.69M (Peak 30.96M) | Time:00:00.36 | Mem:0.00M, Peak:0.00M | Scene, ViewLayer | Waiting for render to start
Fra:1 Mem:16.69M (Peak 30.96M) | Time:00:00.36 | Mem:0.00M, Peak:0.00M | Scene, ViewLayer | Updating Scene
Fra:1 Mem:16.69M (Peak 30.96M) | Time:00:00.36 | Mem:0.00M, Peak:0.00M | Scene, ViewLayer | Updating Shaders
Fra:1 Mem:16.69M (Peak 30.96M) | Time:00:00.36 | Mem:0.00M, Peak:0.00M | Scene, ViewLayer | Loading render kernels (may take a few minutes the first time)
Fra:1 Mem:16.77M (Peak 44.06M) | Time:00:00.65 | Mem:0.01M, Peak:0.01M | Scene, ViewLayer | Updating Procedurals
Fra:1 Mem:16.77M (Peak 44.06M) | Time:00:00.65 | Mem:0.01M, Peak:0.01M | Scene, ViewLayer | Updating Background
Fra:1 Mem:16.77M (Peak 44.06M) | Time:00:00.65 | Mem:0.01M, Peak:0.01M | Scene, ViewLayer | Updating Camera
Fra:1 Mem:16.77M (Peak 44.06M) | Time:00:00.65 | Mem:0.01M, Peak:0.01M | Scene, ViewLayer | Updating Meshes Flags
Fra:1 Mem:16.77M (Peak 44.06M) | Time:00:00.65 | Mem:0.01M, Peak:0.01M | Scene, ViewLayer | Updating Objects
Fra:1 Mem:16.77M (Peak 44.06M) | Time:00:00.65 | Mem:0.01M, Peak:0.01M | Scene, ViewLayer | Updating Objects | Copying Transformations to device
Fra:1 Mem:16.77M (Peak 44.06M) | Time:00:00.65 | Mem:0.01M, Peak:0.01M | Scene, ViewLayer | Updating Particle Systems
Fra:1 Mem:16.77M (Peak 44.06M) | Time:00:00.65 | Mem:0.01M, Peak:0.01M | Scene, ViewLayer | Updating Particle Systems | Copying Particles to device
Fra:1 Mem:16.77M (Peak 44.06M) | Time:00:00.65 | Mem:0.01M, Peak:0.01M | Scene, ViewLayer | Updating Meshes
Fra:1 Mem:17.94M (Peak 44.06M) | Time:00:00.68 | Mem:0.01M, Peak:0.01M | Scene, ViewLayer | Updating Objects | Applying Static Transformations
Fra:1 Mem:17.94M (Peak 44.06M) | Time:00:00.68 | Mem:0.01M, Peak:0.01M | Scene, ViewLayer | Updating Mesh | Computing attributes
Fra:1 Mem:19.48M (Peak 44.06M) | Time:00:00.68 | Mem:0.01M, Peak:0.01M | Scene, ViewLayer | Updating Mesh | Copying Attributes to device
Fra:1 Mem:19.48M (Peak 44.06M) | Time:00:00.69 | Mem:1.56M, Peak:1.56M | Scene, ViewLayer | Updating Geometry BVH light 5/4 | Building BVH
Fra:1 Mem:19.48M (Peak 44.06M) | Time:00:00.69 | Mem:1.56M, Peak:1.56M | Scene, ViewLayer | Updating Geometry BVH light 5/4 | Building OptiX acceleration structure
Fra:1 Mem:19.48M (Peak 44.06M) | Time:00:00.69 | Mem:1.56M, Peak:1.56M | Scene, ViewLayer | Updating Geometry BVH Continuous pressure fuselage.021 4/4 | Building BVH
Fra:1 Mem:19.48M (Peak 44.06M) | Time:00:00.69 | Mem:1.56M, Peak:1.56M | Scene, ViewLayer | Updating Geometry BVH Continuous pressure fuselage.021 4/4 | Building OptiX acceleration structure
Fra:1 Mem:19.91M (Peak 44.06M) | Time:00:00.70 | Mem:3.26M, Peak:3.26M | Scene, ViewLayer | Updating Geometry BVH Broad neutral key 2/4 | Building BVH
Fra:1 Mem:19.91M (Peak 44.06M) | Time:00:00.70 | Mem:3.26M, Peak:3.26M | Scene, ViewLayer | Updating Geometry BVH Broad neutral key 2/4 | Building OptiX acceleration structure
Fra:1 Mem:19.91M (Peak 44.06M) | Time:00:00.70 | Mem:3.26M, Peak:3.26M | Scene, ViewLayer | Updating Geometry BVH Neutral fill 3/4 | Building BVH
Fra:1 Mem:19.91M (Peak 44.06M) | Time:00:00.70 | Mem:3.26M, Peak:3.26M | Scene, ViewLayer | Updating Geometry BVH Neutral fill 3/4 | Building OptiX acceleration structure
Fra:1 Mem:19.48M (Peak 44.06M) | Time:00:00.70 | Mem:2.06M, Peak:3.59M | Scene, ViewLayer | Updating Scene BVH | Building
Fra:1 Mem:19.48M (Peak 44.06M) | Time:00:00.70 | Mem:2.06M, Peak:3.59M | Scene, ViewLayer | Updating Scene BVH | Building OptiX acceleration structure
Fra:1 Mem:19.48M (Peak 44.06M) | Time:00:00.70 | Mem:2.06M, Peak:3.59M | Scene, ViewLayer | Updating Scene BVH | Copying BVH to device
Fra:1 Mem:19.48M (Peak 44.06M) | Time:00:00.70 | Mem:2.06M, Peak:3.59M | Scene, ViewLayer | Updating Mesh | Computing normals
Fra:1 Mem:20.09M (Peak 44.06M) | Time:00:00.70 | Mem:2.06M, Peak:3.59M | Scene, ViewLayer | Updating Mesh | Copying Mesh to device
Fra:1 Mem:20.09M (Peak 44.06M) | Time:00:00.71 | Mem:2.67M, Peak:3.59M | Scene, ViewLayer | Updating Objects Flags
Fra:1 Mem:20.09M (Peak 44.06M) | Time:00:00.72 | Mem:2.67M, Peak:3.59M | Scene, ViewLayer | Updating Primitive Offsets
Fra:1 Mem:20.09M (Peak 44.06M) | Time:00:00.72 | Mem:2.67M, Peak:3.59M | Scene, ViewLayer | Updating Images
Fra:1 Mem:20.09M (Peak 44.06M) | Time:00:00.72 | Mem:2.67M, Peak:3.59M | Scene, ViewLayer | Updating Images | Loading panel-normal.png
Fra:1 Mem:24.09M (Peak 44.06M) | Time:00:00.72 | Mem:2.67M, Peak:3.59M | Scene, ViewLayer | Updating Images | Loading white-basecolor.png
Fra:1 Mem:28.09M (Peak 44.06M) | Time:00:00.72 | Mem:2.67M, Peak:3.59M | Scene, ViewLayer | Updating Images | Loading cobalt-basecolor.png
Fra:1 Mem:32.09M (Peak 44.06M) | Time:00:00.73 | Mem:2.67M, Peak:3.59M | Scene, ViewLayer | Updating Images | Loading paint-orm.png
Fra:1 Mem:36.10M (Peak 44.06M) | Time:00:00.76 | Mem:18.67M, Peak:18.67M | Scene, ViewLayer | Updating Camera Volume
Fra:1 Mem:36.10M (Peak 44.06M) | Time:00:00.76 | Mem:18.67M, Peak:18.67M | Scene, ViewLayer | Updating Lookup Tables
Fra:1 Mem:36.10M (Peak 44.06M) | Time:00:00.76 | Mem:18.75M, Peak:18.75M | Scene, ViewLayer | Updating Lights
Fra:1 Mem:36.10M (Peak 44.06M) | Time:00:00.76 | Mem:18.75M, Peak:18.75M | Scene, ViewLayer | Updating Lights | Computing tree
Fra:1 Mem:36.37M (Peak 44.06M) | Time:00:00.78 | Mem:19.01M, Peak:19.01M | Scene, ViewLayer | Updating Integrator
Fra:1 Mem:36.37M (Peak 44.06M) | Time:00:00.78 | Mem:19.01M, Peak:19.01M | Scene, ViewLayer | Updating Film
Fra:1 Mem:36.37M (Peak 44.06M) | Time:00:00.78 | Mem:18.93M, Peak:19.01M | Scene, ViewLayer | Updating Lookup Tables
Fra:1 Mem:36.37M (Peak 44.06M) | Time:00:00.78 | Mem:19.02M, Peak:19.02M | Scene, ViewLayer | Updating Baking
Fra:1 Mem:36.37M (Peak 44.06M) | Time:00:00.78 | Mem:19.02M, Peak:19.02M | Scene, ViewLayer | Updating Device | Writing constant memory
Fra:1 Mem:36.37M (Peak 44.06M) | Time:00:00.79 | Mem:19.02M, Peak:19.02M | Scene, ViewLayer | Loading denoising kernels (may take a few minutes the first time)
Fra:1 Mem:40.38M (Peak 44.06M) | Time:00:00.87 | Mem:371.02M, Peak:371.02M | Scene, ViewLayer | Sample 0/24
Fra:1 Mem:116.38M (Peak 116.38M) | Time:00:00.97 | Remaining:00:02.28 | Mem:447.03M, Peak:447.03M | Scene, ViewLayer | Sample 1/24
Fra:1 Mem:148.38M (Peak 196.39M) | Time:00:09.40 | Mem:447.03M, Peak:447.03M | Scene, ViewLayer | Sample 24/24
Fra:1 Mem:148.38M (Peak 196.39M) | Time:00:09.40 | Mem:447.03M, Peak:447.03M | Scene, ViewLayer | Finished
Saved: 'D:\vibe-coding-e\nova-swarm-forum-129-improvements-20260822\docs\fleet-art-v2\ships\25\export\showroom.png'
Time: 00:09.78 (Saving: 00:00.21)

Fra:1 Mem:15.77M (Peak 15.77M) | Time:00:00.25 | Mem:0.00M, Peak:0.00M | Scene, ViewLayer | Synchronizing object | Broad neutral key
Fra:1 Mem:15.77M (Peak 15.77M) | Time:00:00.25 | Mem:0.00M, Peak:0.00M | Scene, ViewLayer | Synchronizing object | ArcadeLegendV2
Fra:1 Mem:17.16M (Peak 17.90M) | Time:00:00.26 | Mem:0.00M, Peak:0.00M | Scene, ViewLayer | Initializing
Fra:1 Mem:16.69M (Peak 17.90M) | Time:00:00.26 | Mem:0.00M, Peak:0.00M | Scene, ViewLayer | Waiting for render to start
Fra:1 Mem:16.69M (Peak 17.90M) | Time:00:00.26 | Mem:0.00M, Peak:0.00M | Scene, ViewLayer | Updating Scene
Fra:1 Mem:16.69M (Peak 17.90M) | Time:00:00.26 | Mem:0.00M, Peak:0.00M | Scene, ViewLayer | Updating Shaders
Fra:1 Mem:16.69M (Peak 17.90M) | Time:00:00.26 | Mem:0.00M, Peak:0.00M | Scene, ViewLayer | Loading render kernels (may take a few minutes the first time)
Fra:1 Mem:16.77M (Peak 44.06M) | Time:00:00.45 | Mem:0.01M, Peak:0.01M | Scene, ViewLayer | Updating Procedurals
Fra:1 Mem:16.77M (Peak 44.06M) | Time:00:00.45 | Mem:0.01M, Peak:0.01M | Scene, ViewLayer | Updating Background
Fra:1 Mem:16.77M (Peak 44.06M) | Time:00:00.45 | Mem:0.01M, Peak:0.01M | Scene, ViewLayer | Updating Camera
Fra:1 Mem:16.77M (Peak 44.06M) | Time:00:00.45 | Mem:0.01M, Peak:0.01M | Scene, ViewLayer | Updating Meshes Flags
Fra:1 Mem:16.77M (Peak 44.06M) | Time:00:00.45 | Mem:0.01M, Peak:0.01M | Scene, ViewLayer | Updating Objects
Fra:1 Mem:16.77M (Peak 44.06M) | Time:00:00.45 | Mem:0.01M, Peak:0.01M | Scene, ViewLayer | Updating Objects | Copying Transformations to device
Fra:1 Mem:16.77M (Peak 44.06M) | Time:00:00.45 | Mem:0.01M, Peak:0.01M | Scene, ViewLayer | Updating Particle Systems
Fra:1 Mem:16.77M (Peak 44.06M) | Time:00:00.45 | Mem:0.01M, Peak:0.01M | Scene, ViewLayer | Updating Particle Systems | Copying Particles to device
Fra:1 Mem:16.77M (Peak 44.06M) | Time:00:00.45 | Mem:0.01M, Peak:0.01M | Scene, ViewLayer | Updating Meshes
Fra:1 Mem:17.94M (Peak 44.06M) | Time:00:00.47 | Mem:0.01M, Peak:0.01M | Scene, ViewLayer | Updating Objects | Applying Static Transformations
Fra:1 Mem:17.94M (Peak 44.06M) | Time:00:00.47 | Mem:0.01M, Peak:0.01M | Scene, ViewLayer | Updating Mesh | Computing attributes
Fra:1 Mem:19.48M (Peak 44.06M) | Time:00:00.47 | Mem:0.01M, Peak:0.01M | Scene, ViewLayer | Updating Mesh | Copying Attributes to device
Fra:1 Mem:19.48M (Peak 44.06M) | Time:00:00.47 | Mem:1.56M, Peak:1.56M | Scene, ViewLayer | Updating Geometry BVH light 5/4 | Building BVH
Fra:1 Mem:19.48M (Peak 44.06M) | Time:00:00.47 | Mem:1.56M, Peak:1.56M | Scene, ViewLayer | Updating Geometry BVH Neutral fill 3/4 | Building OptiX acceleration structure
Fra:1 Mem:19.48M (Peak 44.06M) | Time:00:00.47 | Mem:1.56M, Peak:1.56M | Scene, ViewLayer | Updating Geometry BVH Continuous pressure fuselage.021 4/4 | Building BVH
Fra:1 Mem:19.48M (Peak 44.06M) | Time:00:00.47 | Mem:1.56M, Peak:1.56M | Scene, ViewLayer | Updating Geometry BVH Continuous pressure fuselage.021 4/4 | Building OptiX acceleration structure
Fra:1 Mem:19.48M (Peak 44.06M) | Time:00:00.48 | Mem:2.06M, Peak:3.59M | Scene, ViewLayer | Updating Scene BVH | Building
Fra:1 Mem:19.48M (Peak 44.06M) | Time:00:00.48 | Mem:2.06M, Peak:3.59M | Scene, ViewLayer | Updating Scene BVH | Building OptiX acceleration structure
Fra:1 Mem:19.48M (Peak 44.06M) | Time:00:00.48 | Mem:2.06M, Peak:3.59M | Scene, ViewLayer | Updating Scene BVH | Copying BVH to device
Fra:1 Mem:19.48M (Peak 44.06M) | Time:00:00.48 | Mem:2.06M, Peak:3.59M | Scene, ViewLayer | Updating Mesh | Computing normals
Fra:1 Mem:20.09M (Peak 44.06M) | Time:00:00.48 | Mem:2.06M, Peak:3.59M | Scene, ViewLayer | Updating Mesh | Copying Mesh to device
Fra:1 Mem:20.09M (Peak 44.06M) | Time:00:00.48 | Mem:2.67M, Peak:3.59M | Scene, ViewLayer | Updating Objects Flags
Fra:1 Mem:20.09M (Peak 44.06M) | Time:00:00.48 | Mem:2.67M, Peak:3.59M | Scene, ViewLayer | Updating Primitive Offsets
Fra:1 Mem:20.09M (Peak 44.06M) | Time:00:00.48 | Mem:2.67M, Peak:3.59M | Scene, ViewLayer | Updating Images
Fra:1 Mem:20.09M (Peak 44.06M) | Time:00:00.48 | Mem:2.67M, Peak:3.59M | Scene, ViewLayer | Updating Images | Loading panel-normal.png
Fra:1 Mem:24.09M (Peak 44.06M) | Time:00:00.48 | Mem:2.67M, Peak:3.59M | Scene, ViewLayer | Updating Images | Loading cobalt-basecolor.png
Fra:1 Mem:28.09M (Peak 44.06M) | Time:00:00.48 | Mem:2.67M, Peak:3.59M | Scene, ViewLayer | Updating Images | Loading paint-orm.png
Fra:1 Mem:36.10M (Peak 44.06M) | Time:00:00.50 | Mem:18.67M, Peak:18.67M | Scene, ViewLayer | Updating Camera Volume
Fra:1 Mem:36.10M (Peak 44.06M) | Time:00:00.50 | Mem:18.67M, Peak:18.67M | Scene, ViewLayer | Updating Lookup Tables
Fra:1 Mem:36.10M (Peak 44.06M) | Time:00:00.50 | Mem:18.75M, Peak:18.75M | Scene, ViewLayer | Updating Lights
Fra:1 Mem:36.10M (Peak 44.06M) | Time:00:00.51 | Mem:18.75M, Peak:18.75M | Scene, ViewLayer | Updating Lights | Computing tree
Fra:1 Mem:36.37M (Peak 44.06M) | Time:00:00.51 | Mem:19.01M, Peak:19.01M | Scene, ViewLayer | Updating Integrator
Fra:1 Mem:36.37M (Peak 44.06M) | Time:00:00.51 | Mem:19.01M, Peak:19.01M | Scene, ViewLayer | Updating Film
Fra:1 Mem:36.37M (Peak 44.06M) | Time:00:00.52 | Mem:18.93M, Peak:19.01M | Scene, ViewLayer | Updating Lookup Tables
Fra:1 Mem:36.37M (Peak 44.06M) | Time:00:00.52 | Mem:19.02M, Peak:19.02M | Scene, ViewLayer | Updating Baking
Fra:1 Mem:36.37M (Peak 44.06M) | Time:00:00.52 | Mem:19.02M, Peak:19.02M | Scene, ViewLayer | Updating Device | Writing constant memory
Fra:1 Mem:36.37M (Peak 44.06M) | Time:00:00.52 | Mem:19.02M, Peak:19.02M | Scene, ViewLayer | Loading denoising kernels (may take a few minutes the first time)
Fra:1 Mem:40.38M (Peak 44.06M) | Time:00:00.56 | Mem:371.02M, Peak:371.02M | Scene, ViewLayer | Sample 0/24
Fra:1 Mem:59.38M (Peak 59.38M) | Time:00:00.59 | Remaining:00:00.67 | Mem:390.03M, Peak:390.03M | Scene, ViewLayer | Sample 1/24
Fra:1 Mem:67.38M (Peak 79.39M) | Time:00:02.80 | Mem:390.03M, Peak:390.03M | Scene, ViewLayer | Sample 24/24
Fra:1 Mem:67.38M (Peak 79.39M) | Time:00:02.80 | Mem:390.03M, Peak:390.03M | Scene, ViewLayer | Finished
Saved: 'D:\vibe-coding-e\nova-swarm-forum-129-improvements-20260822\docs\fleet-art-v2\ships\25\export\player.png'
Time: 00:03.00 (Saving: 00:00.09)


FLEET_V2_COMPLETE 25 Arcade Legend
Read blend: "D:\vibe-coding-e\nova-swarm-forum-129-improvements-20260822\docs\fleet-art-v2\ships\26\source.blend"
Fra:1 Mem:15.08M (Peak 15.08M) | Time:00:00.20 | Mem:0.00M, Peak:0.00M | Scene, ViewLayer | Synchronizing object | Broad neutral key
Fra:1 Mem:15.09M (Peak 15.09M) | Time:00:00.20 | Mem:0.00M, Peak:0.00M | Scene, ViewLayer | Synchronizing object | Neutral fill
Fra:1 Mem:15.41M (Peak 15.41M) | Time:00:00.26 | Mem:0.00M, Peak:0.00M | Scene, ViewLayer | Synchronizing object | Continuous pressure fuselage
Fra:1 Mem:16.26M (Peak 16.26M) | Time:00:00.31 | Mem:0.00M, Peak:0.00M | Scene, ViewLayer | Synchronizing object | Cockpit integrated coaming
Fra:1 Mem:16.79M (Peak 16.79M) | Time:00:00.36 | Mem:0.00M, Peak:0.00M | Scene, ViewLayer | Synchronizing object | Pressure canopy glazing
Fra:1 Mem:16.79M (Peak 16.79M) | Time:00:00.36 | Mem:0.00M, Peak:0.00M | Scene, ViewLayer | Synchronizing object | Canopy lower frame
Fra:1 Mem:17.03M (Peak 17.03M) | Time:00:00.36 | Mem:0.00M, Peak:0.00M | Scene, ViewLayer | Synchronizing object | Canopy lower frame.001
Fra:1 Mem:17.08M (Peak 17.08M) | Time:00:00.36 | Mem:0.00M, Peak:0.00M | Scene, ViewLayer | Synchronizing object | Canopy pressure bow
Fra:1 Mem:17.07M (Peak 17.08M) | Time:00:00.36 | Mem:0.00M, Peak:0.00M | Scene, ViewLayer | Synchronizing object | Integrated lifting hull
Fra:1 Mem:17.08M (Peak 17.08M) | Time:00:00.36 | Mem:0.00M, Peak:0.00M | Scene, ViewLayer | Synchronizing object | Nozzle petal seam
Fra:1 Mem:17.08M (Peak 17.08M) | Time:00:00.36 | Mem:0.00M, Peak:0.00M | Scene, ViewLayer | Synchronizing object | Contoured expansion nozzle
Fra:1 Mem:17.13M (Peak 17.13M) | Time:00:00.36 | Mem:0.00M, Peak:0.00M | Scene, ViewLayer | Synchronizing object | Nozzle petal seam.001
Fra:1 Mem:17.19M (Peak 17.19M) | Time:00:00.36 | Mem:0.00M, Peak:0.00M | Scene, ViewLayer | Synchronizing object | Nozzle petal seam.002
Fra:1 Mem:17.16M (Peak 17.19M) | Time:00:00.36 | Mem:0.00M, Peak:0.00M | Scene, ViewLayer | Synchronizing object | Nozzle petal seam.003
Fra:1 Mem:17.17M (Peak 17.19M) | Time:00:00.36 | Mem:0.00M, Peak:0.00M | Scene, ViewLayer | Synchronizing object | Nozzle petal seam.004
Fra:1 Mem:17.17M (Peak 17.19M) | Time:00:00.36 | Mem:0.00M, Peak:0.00M | Scene, ViewLayer | Synchronizing object | Nozzle petal seam.005
Fra:1 Mem:17.21M (Peak 17.21M) | Time:00:00.36 | Mem:0.00M, Peak:0.00M | Scene, ViewLayer | Synchronizing object | Nozzle petal seam.006
Fra:1 Mem:17.18M (Peak 17.21M) | Time:00:00.36 | Mem:0.00M, Peak:0.00M | Scene, ViewLayer | Synchronizing object | Nozzle petal seam.007
Fra:1 Mem:17.17M (Peak 17.21M) | Time:00:00.36 | Mem:0.00M, Peak:0.00M | Scene, ViewLayer | Synchronizing object | Nozzle petal seam.008
Fra:1 Mem:17.18M (Peak 17.21M) | Time:00:00.36 | Mem:0.00M, Peak:0.00M | Scene, ViewLayer | Synchronizing object | Nozzle petal seam.009
Fra:1 Mem:17.18M (Peak 17.21M) | Time:00:00.36 | Mem:0.00M, Peak:0.00M | Scene, ViewLayer | Synchronizing object | Nozzle petal seam.010
Fra:1 Mem:17.18M (Peak 17.21M) | Time:00:00.36 | Mem:0.00M, Peak:0.00M | Scene, ViewLayer | Synchronizing object | Nozzle petal seam.011
Fra:1 Mem:17.18M (Peak 17.21M) | Time:00:00.36 | Mem:0.00M, Peak:0.00M | Scene, ViewLayer | Synchronizing object | Deep ion throat
Fra:1 Mem:17.24M (Peak 17.24M) | Time:00:00.36 | Mem:0.00M, Peak:0.00M | Scene, ViewLayer | Synchronizing object | Nozzle petal seam.012
Fra:1 Mem:17.25M (Peak 17.25M) | Time:00:00.36 | Mem:0.00M, Peak:0.00M | Scene, ViewLayer | Synchronizing object | Articulated feather lifting vane
Fra:1 Mem:17.30M (Peak 17.30M) | Time:00:00.36 | Mem:0.00M, Peak:0.00M | Scene, ViewLayer | Synchronizing object | Nozzle petal seam.013
Fra:1 Mem:17.32M (Peak 17.32M) | Time:00:00.36 | Mem:0.00M, Peak:0.00M | Scene, ViewLayer | Synchronizing object | Articulated feather lifting vane.002
Fra:1 Mem:17.36M (Peak 17.36M) | Time:00:00.36 | Mem:0.00M, Peak:0.00M | Scene, ViewLayer | Synchronizing object | Nozzle petal seam.014
Fra:1 Mem:17.38M (Peak 17.38M) | Time:00:00.36 | Mem:0.00M, Peak:0.00M | Scene, ViewLayer | Synchronizing object | Nozzle petal seam.015
Fra:1 Mem:17.38M (Peak 17.38M) | Time:00:00.36 | Mem:0.00M, Peak:0.00M | Scene, ViewLayer | Synchronizing object | Nozzle petal seam.016
Fra:1 Mem:17.38M (Peak 17.38M) | Time:00:00.36 | Mem:0.00M, Peak:0.00M | Scene, ViewLayer | Synchronizing object | Articulated feather lifting vane.001
Fra:1 Mem:17.38M (Peak 17.38M) | Time:00:00.36 | Mem:0.00M, Peak:0.00M | Scene, ViewLayer | Synchronizing object | Nozzle petal seam.017
Fra:1 Mem:17.38M (Peak 17.38M) | Time:00:00.36 | Mem:0.00M, Peak:0.00M | Scene, ViewLayer | Synchronizing object | Nozzle petal seam.018
Fra:1 Mem:17.39M (Peak 17.39M) | Time:00:00.36 | Mem:0.00M, Peak:0.00M | Scene, ViewLayer | Synchronizing object | Nozzle petal seam.019
Fra:1 Mem:17.42M (Peak 17.42M) | Time:00:00.36 | Mem:0.00M, Peak:0.00M | Scene, ViewLayer | Synchronizing object | Integrated lifting hull.001
Fra:1 Mem:17.43M (Peak 17.43M) | Time:00:00.36 | Mem:0.00M, Peak:0.00M | Scene, ViewLayer | Synchronizing object | Integrated propulsion nacelle.001
Fra:1 Mem:17.47M (Peak 17.47M) | Time:00:00.36 | Mem:0.00M, Peak:0.00M | Scene, ViewLayer | Synchronizing object | Contoured expansion nozzle.001
Fra:1 Mem:17.49M (Peak 17.49M) | Time:00:00.37 | Mem:0.00M, Peak:0.00M | Scene, ViewLayer | Synchronizing object | Nozzle petal seam.021
Fra:1 Mem:17.53M (Peak 17.53M) | Time:00:00.37 | Mem:0.00M, Peak:0.00M | Scene, ViewLayer | Synchronizing object | Nozzle petal seam.022
Fra:1 Mem:17.56M (Peak 17.56M) | Time:00:00.37 | Mem:0.00M, Peak:0.00M | Scene, ViewLayer | Synchronizing object | Nozzle petal seam.023
Fra:1 Mem:17.51M (Peak 17.56M) | Time:00:00.37 | Mem:0.00M, Peak:0.00M | Scene, ViewLayer | Synchronizing object | Deep ion throat.001
Fra:1 Mem:17.51M (Peak 17.56M) | Time:00:00.37 | Mem:0.00M, Peak:0.00M | Scene, ViewLayer | Synchronizing object | Articulated feather lifting vane.005
Fra:1 Mem:17.51M (Peak 17.56M) | Time:00:00.37 | Mem:0.00M, Peak:0.00M | Scene, ViewLayer | Synchronizing object | Articulated feather lifting vane.004
Fra:1 Mem:17.66M (Peak 17.66M) | Time:00:00.37 | Mem:0.00M, Peak:0.00M | Scene, ViewLayer | Initializing
Fra:1 Mem:14.11M (Peak 17.66M) | Time:00:00.37 | Mem:0.00M, Peak:0.00M | Scene, ViewLayer | Waiting for render to start
Fra:1 Mem:14.11M (Peak 17.66M) | Time:00:00.37 | Mem:0.00M, Peak:0.00M | Scene, ViewLayer | Updating Scene
Fra:1 Mem:14.11M (Peak 17.66M) | Time:00:00.37 | Mem:0.00M, Peak:0.00M | Scene, ViewLayer | Updating Shaders
Fra:1 Mem:14.11M (Peak 17.66M) | Time:00:00.37 | Mem:0.00M, Peak:0.00M | Scene, ViewLayer | Loading render kernels (may take a few minutes the first time)
Fra:1 Mem:14.19M (Peak 41.48M) | Time:00:01.23 | Mem:0.01M, Peak:0.01M | Scene, ViewLayer | Updating Procedurals
Fra:1 Mem:14.19M (Peak 41.48M) | Time:00:01.23 | Mem:0.01M, Peak:0.01M | Scene, ViewLayer | Updating Background
Fra:1 Mem:14.19M (Peak 41.48M) | Time:00:01.23 | Mem:0.01M, Peak:0.01M | Scene, ViewLayer | Updating Camera
Fra:1 Mem:14.19M (Peak 41.48M) | Time:00:01.23 | Mem:0.01M, Peak:0.01M | Scene, ViewLayer | Updating Meshes Flags
Fra:1 Mem:14.19M (Peak 41.48M) | Time:00:01.23 | Mem:0.01M, Peak:0.01M | Scene, ViewLayer | Updating Objects
Fra:1 Mem:14.19M (Peak 41.48M) | Time:00:01.23 | Mem:0.01M, Peak:0.01M | Scene, ViewLayer | Updating Objects | Copying Transformations to device
Fra:1 Mem:14.21M (Peak 41.48M) | Time:00:01.23 | Mem:0.02M, Peak:0.02M | Scene, ViewLayer | Updating Particle Systems
Fra:1 Mem:14.21M (Peak 41.48M) | Time:00:01.23 | Mem:0.02M, Peak:0.02M | Scene, ViewLayer | Updating Particle Systems | Copying Particles to device
Fra:1 Mem:14.21M (Peak 41.48M) | Time:00:01.23 | Mem:0.02M, Peak:0.02M | Scene, ViewLayer | Updating Meshes
Fra:1 Mem:14.72M (Peak 41.48M) | Time:00:01.23 | Mem:0.02M, Peak:0.02M | Scene, ViewLayer | Updating Objects | Applying Static Transformations
Fra:1 Mem:14.72M (Peak 41.48M) | Time:00:01.23 | Mem:0.02M, Peak:0.02M | Scene, ViewLayer | Updating Mesh | Computing attributes
Fra:1 Mem:15.51M (Peak 41.48M) | Time:00:01.23 | Mem:0.03M, Peak:0.03M | Scene, ViewLayer | Updating Mesh | Copying Attributes to device
Fra:1 Mem:15.50M (Peak 41.48M) | Time:00:01.23 | Mem:0.80M, Peak:0.80M | Scene, ViewLayer | Updating Geometry BVH light 50/49 | Building BVH
Fra:1 Mem:15.50M (Peak 41.48M) | Time:00:01.23 | Mem:0.80M, Peak:0.80M | Scene, ViewLayer | Updating Geometry BVH Neutral fill 3/49 | Building BVH
Fra:1 Mem:15.50M (Peak 41.48M) | Time:00:01.23 | Mem:0.80M, Peak:0.80M | Scene, ViewLayer | Updating Geometry BVH Integrated lifting hull.006 10/49 | Building BVH
Fra:1 Mem:15.50M (Peak 41.48M) | Time:00:01.23 | Mem:0.80M, Peak:0.80M | Scene, ViewLayer | Updating Geometry BVH Contoured expansion nozzle.014 12/49 | Building OptiX acceleration structure
Fra:1 Mem:15.73M (Peak 41.48M) | Time:00:01.23 | Mem:0.81M, Peak:0.81M | Scene, ViewLayer | Updating Geometry BVH Nozzle petal seam.168 13/49 | Building BVH
Fra:1 Mem:15.73M (Peak 41.48M) | Time:00:01.23 | Mem:0.81M, Peak:0.81M | Scene, ViewLayer | Updating Geometry BVH Nozzle petal seam.169 14/49 | Building BVH
Fra:1 Mem:15.73M (Peak 41.48M) | Time:00:01.23 | Mem:0.81M, Peak:0.81M | Scene, ViewLayer | Updating Geometry BVH Articulated feather lifting vane.005 49/49 | Building OptiX acceleration structure
Fra:1 Mem:15.81M (Peak 41.48M) | Time:00:01.24 | Mem:1.12M, Peak:1.15M | Scene, ViewLayer | Updating Geometry BVH Nozzle petal seam.170 15/49 | Building BVH
Fra:1 Mem:15.81M (Peak 41.48M) | Time:00:01.24 | Mem:1.12M, Peak:1.15M | Scene, ViewLayer | Updating Geometry BVH Nozzle petal seam.170 15/49 | Building OptiX acceleration structure
Fra:1 Mem:15.81M (Peak 41.48M) | Time:00:01.24 | Mem:1.13M, Peak:1.15M | Scene, ViewLayer | Updating Geometry BVH Nozzle petal seam.171 16/49 | Building BVH
Fra:1 Mem:15.81M (Peak 41.48M) | Time:00:01.24 | Mem:1.16M, Peak:1.16M | Scene, ViewLayer | Updating Geometry BVH Nozzle petal seam.171 16/49 | Building OptiX acceleration structure
Fra:1 Mem:15.81M (Peak 41.48M) | Time:00:01.24 | Mem:1.13M, Peak:1.16M | Scene, ViewLayer | Updating Geometry BVH Nozzle petal seam.172 17/49 | Building BVH
Fra:1 Mem:15.81M (Peak 41.48M) | Time:00:01.24 | Mem:1.17M, Peak:1.17M | Scene, ViewLayer | Updating Geometry BVH Nozzle petal seam.172 17/49 | Building OptiX acceleration structure
Fra:1 Mem:15.80M (Peak 41.48M) | Time:00:01.24 | Mem:1.13M, Peak:1.17M | Scene, ViewLayer | Updating Geometry BVH Nozzle petal seam.173 18/49 | Building BVH
Fra:1 Mem:15.80M (Peak 41.48M) | Time:00:01.24 | Mem:1.13M, Peak:1.17M | Scene, ViewLayer | Updating Geometry BVH Nozzle petal seam.173 18/49 | Building OptiX acceleration structure
Fra:1 Mem:15.80M (Peak 41.48M) | Time:00:01.24 | Mem:1.13M, Peak:1.17M | Scene, ViewLayer | Updating Geometry BVH Nozzle petal seam.174 19/49 | Building BVH
Fra:1 Mem:15.80M (Peak 41.48M) | Time:00:01.24 | Mem:1.32M, Peak:1.32M | Scene, ViewLayer | Updating Geometry BVH Nozzle petal seam.174 19/49 | Building OptiX acceleration structure
Fra:1 Mem:15.72M (Peak 41.48M) | Time:00:01.24 | Mem:1.15M, Peak:1.55M | Scene, ViewLayer | Updating Geometry BVH Nozzle petal seam.175 20/49 | Building BVH
Fra:1 Mem:15.72M (Peak 41.48M) | Time:00:01.24 | Mem:1.18M, Peak:1.55M | Scene, ViewLayer | Updating Geometry BVH Nozzle petal seam.175 20/49 | Building OptiX acceleration structure
Fra:1 Mem:15.71M (Peak 41.48M) | Time:00:01.24 | Mem:1.15M, Peak:1.55M | Scene, ViewLayer | Updating Geometry BVH Articulated feather lifting vane.004 48/49 | Building BVH
Fra:1 Mem:15.71M (Peak 41.48M) | Time:00:01.24 | Mem:1.56M, Peak:1.56M | Scene, ViewLayer | Updating Geometry BVH Articulated feather lifting vane.004 48/49 | Building OptiX acceleration structure
Fra:1 Mem:15.59M (Peak 41.48M) | Time:00:01.24 | Mem:1.20M, Peak:1.68M | Scene, ViewLayer | Updating Geometry BVH Nozzle petal seam.176 21/49 | Building BVH
Fra:1 Mem:15.59M (Peak 41.48M) | Time:00:01.24 | Mem:1.21M, Peak:1.68M | Scene, ViewLayer | Updating Geometry BVH Nozzle petal seam.176 21/49 | Building OptiX acceleration structure
Fra:1 Mem:15.59M (Peak 41.48M) | Time:00:01.24 | Mem:1.20M, Peak:1.68M | Scene, ViewLayer | Updating Geometry BVH Nozzle petal seam.177 22/49 | Building BVH
Fra:1 Mem:15.59M (Peak 41.48M) | Time:00:01.24 | Mem:1.20M, Peak:1.68M | Scene, ViewLayer | Updating Geometry BVH Nozzle petal seam.177 22/49 | Building OptiX acceleration structure
Fra:1 Mem:15.59M (Peak 41.48M) | Time:00:01.24 | Mem:1.20M, Peak:1.68M | Scene, ViewLayer | Updating Geometry BVH Nozzle petal seam.178 23/49 | Building BVH
Fra:1 Mem:15.59M (Peak 41.48M) | Time:00:01.24 | Mem:1.20M, Peak:1.68M | Scene, ViewLayer | Updating Geometry BVH Nozzle petal seam.178 23/49 | Building OptiX acceleration structure
Fra:1 Mem:15.51M (Peak 41.48M) | Time:00:01.24 | Mem:1.22M, Peak:1.68M | Scene, ViewLayer | Updating Geometry BVH Nozzle petal seam.179 24/49 | Building BVH
Fra:1 Mem:15.51M (Peak 41.48M) | Time:00:01.24 | Mem:1.22M, Peak:1.68M | Scene, ViewLayer | Updating Geometry BVH Nozzle petal seam.179 24/49 | Building OptiX acceleration structure
Fra:1 Mem:15.51M (Peak 41.48M) | Time:00:01.25 | Mem:1.22M, Peak:1.68M | Scene, ViewLayer | Updating Geometry BVH Deep ion throat.014 25/49 | Building BVH
Fra:1 Mem:15.51M (Peak 41.48M) | Time:00:01.25 | Mem:1.22M, Peak:1.68M | Scene, ViewLayer | Updating Geometry BVH Deep ion throat.014 25/49 | Building OptiX acceleration structure
Fra:1 Mem:15.53M (Peak 41.48M) | Time:00:01.25 | Mem:1.24M, Peak:1.68M | Scene, ViewLayer | Updating Geometry BVH Deep intake duct.006 26/49 | Building BVH
Fra:1 Mem:15.53M (Peak 41.48M) | Time:00:01.25 | Mem:1.25M, Peak:1.68M | Scene, ViewLayer | Updating Geometry BVH Deep intake duct.006 26/49 | Building OptiX acceleration structure
Fra:1 Mem:15.54M (Peak 41.48M) | Time:00:01.25 | Mem:1.25M, Peak:1.68M | Scene, ViewLayer | Updating Geometry BVH Articulated feather lifting vane 27/49 | Building BVH
Fra:1 Mem:15.54M (Peak 41.48M) | Time:00:01.25 | Mem:1.25M, Peak:1.68M | Scene, ViewLayer | Updating Geometry BVH Articulated feather lifting vane 27/49 | Building OptiX acceleration structure
Fra:1 Mem:15.55M (Peak 41.48M) | Time:00:01.25 | Mem:1.26M, Peak:1.68M | Scene, ViewLayer | Updating Geometry BVH Articulated feather lifting vane.001 28/49 | Building BVH
Fra:1 Mem:15.55M (Peak 41.48M) | Time:00:01.25 | Mem:1.26M, Peak:1.68M | Scene, ViewLayer | Updating Geometry BVH Articulated feather lifting vane.001 28/49 | Building OptiX acceleration structure
Fra:1 Mem:15.55M (Peak 41.48M) | Time:00:01.25 | Mem:1.27M, Peak:1.68M | Scene, ViewLayer | Updating Geometry BVH Articulated feather lifting vane.002 29/49 | Building BVH
Fra:1 Mem:15.55M (Peak 41.48M) | Time:00:01.25 | Mem:1.27M, Peak:1.68M | Scene, ViewLayer | Updating Geometry BVH Articulated feather lifting vane.002 29/49 | Building OptiX acceleration structure
Fra:1 Mem:15.56M (Peak 41.48M) | Time:00:01.25 | Mem:1.28M, Peak:1.68M | Scene, ViewLayer | Updating Geometry BVH Integrated lifting hull.007 30/49 | Building BVH
Fra:1 Mem:15.56M (Peak 41.48M) | Time:00:01.25 | Mem:1.28M, Peak:1.68M | Scene, ViewLayer | Updating Geometry BVH Integrated lifting hull.007 30/49 | Building OptiX acceleration structure
Fra:1 Mem:15.57M (Peak 41.48M) | Time:00:01.25 | Mem:1.29M, Peak:1.68M | Scene, ViewLayer | Updating Geometry BVH Integrated propulsion nacelle.007 31/49 | Building BVH
Fra:1 Mem:15.57M (Peak 41.48M) | Time:00:01.25 | Mem:1.31M, Peak:1.68M | Scene, ViewLayer | Updating Geometry BVH Integrated propulsion nacelle.007 31/49 | Building OptiX acceleration structure
Fra:1 Mem:15.57M (Peak 41.48M) | Time:00:01.25 | Mem:1.29M, Peak:1.68M | Scene, ViewLayer | Updating Geometry BVH Articulated feather lifting vane.003 47/49 | Building BVH
Fra:1 Mem:15.57M (Peak 41.48M) | Time:00:01.25 | Mem:1.29M, Peak:1.68M | Scene, ViewLayer | Updating Geometry BVH Articulated feather lifting vane.003 47/49 | Building OptiX acceleration structure
Fra:1 Mem:15.58M (Peak 41.48M) | Time:00:01.25 | Mem:1.30M, Peak:1.68M | Scene, ViewLayer | Updating Geometry BVH Contoured expansion nozzle.015 32/49 | Building BVH
Fra:1 Mem:15.58M (Peak 41.48M) | Time:00:01.25 | Mem:1.31M, Peak:1.68M | Scene, ViewLayer | Updating Geometry BVH Contoured expansion nozzle.015 32/49 | Building OptiX acceleration structure
Fra:1 Mem:15.58M (Peak 41.48M) | Time:00:01.25 | Mem:1.31M, Peak:1.68M | Scene, ViewLayer | Updating Geometry BVH Nozzle petal seam.180 33/49 | Building BVH
Fra:1 Mem:15.58M (Peak 41.48M) | Time:00:01.25 | Mem:1.32M, Peak:1.68M | Scene, ViewLayer | Updating Geometry BVH Nozzle petal seam.180 33/49 | Building OptiX acceleration structure
Fra:1 Mem:15.58M (Peak 41.48M) | Time:00:01.25 | Mem:1.31M, Peak:1.68M | Scene, ViewLayer | Updating Geometry BVH Nozzle petal seam.181 34/49 | Building BVH
Fra:1 Mem:15.58M (Peak 41.48M) | Time:00:01.25 | Mem:1.32M, Peak:1.68M | Scene, ViewLayer | Updating Geometry BVH Nozzle petal seam.181 34/49 | Building OptiX acceleration structure
Fra:1 Mem:15.58M (Peak 41.48M) | Time:00:01.25 | Mem:1.31M, Peak:1.68M | Scene, ViewLayer | Updating Geometry BVH Nozzle petal seam.182 35/49 | Building BVH
Fra:1 Mem:15.58M (Peak 41.48M) | Time:00:01.25 | Mem:1.31M, Peak:1.68M | Scene, ViewLayer | Updating Geometry BVH Nozzle petal seam.182 35/49 | Building OptiX acceleration structure
Fra:1 Mem:15.56M (Peak 41.48M) | Time:00:01.25 | Mem:1.31M, Peak:1.68M | Scene, ViewLayer | Updating Geometry BVH Nozzle petal seam.183 36/49 | Building BVH
Fra:1 Mem:15.56M (Peak 41.48M) | Time:00:01.25 | Mem:1.31M, Peak:1.68M | Scene, ViewLayer | Updating Geometry BVH Nozzle petal seam.183 36/49 | Building OptiX acceleration structure
Fra:1 Mem:15.56M (Peak 41.48M) | Time:00:01.26 | Mem:1.31M, Peak:1.68M | Scene, ViewLayer | Updating Geometry BVH Nozzle petal seam.184 37/49 | Building BVH
Fra:1 Mem:15.56M (Peak 41.48M) | Time:00:01.26 | Mem:1.32M, Peak:1.68M | Scene, ViewLayer | Updating Geometry BVH Nozzle petal seam.184 37/49 | Building OptiX acceleration structure
Fra:1 Mem:15.55M (Peak 41.48M) | Time:00:01.26 | Mem:1.31M, Peak:1.68M | Scene, ViewLayer | Updating Geometry BVH Nozzle petal seam.185 38/49 | Building BVH
Fra:1 Mem:15.55M (Peak 41.48M) | Time:00:01.26 | Mem:1.32M, Peak:1.68M | Scene, ViewLayer | Updating Geometry BVH Nozzle petal seam.185 38/49 | Building OptiX acceleration structure
Fra:1 Mem:15.54M (Peak 41.48M) | Time:00:01.26 | Mem:1.30M, Peak:1.68M | Scene, ViewLayer | Updating Geometry BVH Nozzle petal seam.186 39/49 | Building BVH
Fra:1 Mem:15.54M (Peak 41.48M) | Time:00:01.26 | Mem:1.32M, Peak:1.68M | Scene, ViewLayer | Updating Geometry BVH Nozzle petal seam.186 39/49 | Building OptiX acceleration structure
Fra:1 Mem:15.54M (Peak 41.48M) | Time:00:01.26 | Mem:1.30M, Peak:1.68M | Scene, ViewLayer | Updating Geometry BVH Nozzle petal seam.187 40/49 | Building BVH
Fra:1 Mem:15.54M (Peak 41.48M) | Time:00:01.26 | Mem:1.33M, Peak:1.68M | Scene, ViewLayer | Updating Geometry BVH Nozzle petal seam.187 40/49 | Building OptiX acceleration structure
Fra:1 Mem:15.53M (Peak 41.48M) | Time:00:01.26 | Mem:1.30M, Peak:1.68M | Scene, ViewLayer | Updating Geometry BVH Nozzle petal seam.188 41/49 | Building BVH
Fra:1 Mem:15.53M (Peak 41.48M) | Time:00:01.26 | Mem:1.32M, Peak:1.68M | Scene, ViewLayer | Updating Geometry BVH Nozzle petal seam.188 41/49 | Building OptiX acceleration structure
Fra:1 Mem:15.52M (Peak 41.48M) | Time:00:01.26 | Mem:1.30M, Peak:1.68M | Scene, ViewLayer | Updating Geometry BVH Nozzle petal seam.189 42/49 | Building BVH
Fra:1 Mem:15.52M (Peak 41.48M) | Time:00:01.26 | Mem:1.30M, Peak:1.68M | Scene, ViewLayer | Updating Geometry BVH Nozzle petal seam.189 42/49 | Building OptiX acceleration structure
Fra:1 Mem:15.51M (Peak 41.48M) | Time:00:01.26 | Mem:1.30M, Peak:1.68M | Scene, ViewLayer | Updating Geometry BVH Deep intake duct.007 46/49 | Building BVH
Fra:1 Mem:15.51M (Peak 41.48M) | Time:00:01.26 | Mem:1.30M, Peak:1.68M | Scene, ViewLayer | Updating Geometry BVH Deep intake duct.007 46/49 | Building OptiX acceleration structure
Fra:1 Mem:15.51M (Peak 41.48M) | Time:00:01.26 | Mem:1.31M, Peak:1.68M | Scene, ViewLayer | Updating Geometry BVH Nozzle petal seam.190 43/49 | Building BVH
Fra:1 Mem:15.51M (Peak 41.48M) | Time:00:01.26 | Mem:1.31M, Peak:1.68M | Scene, ViewLayer | Updating Geometry BVH Nozzle petal seam.190 43/49 | Building OptiX acceleration structure
Fra:1 Mem:15.51M (Peak 41.48M) | Time:00:01.26 | Mem:1.31M, Peak:1.68M | Scene, ViewLayer | Updating Geometry BVH Nozzle petal seam.191 44/49 | Building BVH
Fra:1 Mem:15.51M (Peak 41.48M) | Time:00:01.26 | Mem:1.32M, Peak:1.68M | Scene, ViewLayer | Updating Geometry BVH Nozzle petal seam.191 44/49 | Building OptiX acceleration structure
Fra:1 Mem:15.51M (Peak 41.48M) | Time:00:01.26 | Mem:1.31M, Peak:1.68M | Scene, ViewLayer | Updating Geometry BVH Deep ion throat.015 45/49 | Building BVH
Fra:1 Mem:15.51M (Peak 41.48M) | Time:00:01.26 | Mem:1.31M, Peak:1.68M | Scene, ViewLayer | Updating Geometry BVH Deep ion throat.015 45/49 | Building OptiX acceleration structure
Fra:1 Mem:15.50M (Peak 41.48M) | Time:00:01.27 | Mem:1.33M, Peak:1.68M | Scene, ViewLayer | Updating Scene BVH | Building
Fra:1 Mem:15.50M (Peak 41.48M) | Time:00:01.27 | Mem:1.33M, Peak:1.68M | Scene, ViewLayer | Updating Scene BVH | Building OptiX acceleration structure
Fra:1 Mem:15.50M (Peak 41.48M) | Time:00:01.27 | Mem:1.34M, Peak:1.68M | Scene, ViewLayer | Updating Scene BVH | Copying BVH to device
Fra:1 Mem:15.50M (Peak 41.48M) | Time:00:01.27 | Mem:1.34M, Peak:1.68M | Scene, ViewLayer | Updating Mesh | Computing normals
Fra:1 Mem:16.13M (Peak 41.48M) | Time:00:01.27 | Mem:1.34M, Peak:1.68M | Scene, ViewLayer | Updating Mesh | Copying Mesh to device
Fra:1 Mem:16.13M (Peak 41.48M) | Time:00:01.27 | Mem:1.97M, Peak:1.97M | Scene, ViewLayer | Updating Objects Flags
Fra:1 Mem:16.13M (Peak 41.48M) | Time:00:01.27 | Mem:1.97M, Peak:1.97M | Scene, ViewLayer | Updating Primitive Offsets
Fra:1 Mem:16.13M (Peak 41.48M) | Time:00:01.27 | Mem:1.97M, Peak:1.97M | Scene, ViewLayer | Updating Images
Fra:1 Mem:16.13M (Peak 41.48M) | Time:00:01.27 | Mem:1.97M, Peak:1.97M | Scene, ViewLayer | Updating Images | Loading panel-normal.png
Fra:1 Mem:20.13M (Peak 41.48M) | Time:00:01.27 | Mem:1.97M, Peak:1.97M | Scene, ViewLayer | Updating Images | Loading white-basecolor.png
Fra:1 Mem:24.13M (Peak 41.48M) | Time:00:01.27 | Mem:1.97M, Peak:1.97M | Scene, ViewLayer | Updating Images | Loading cobalt-basecolor.png
Fra:1 Mem:32.15M (Peak 41.48M) | Time:00:02.10 | Mem:17.97M, Peak:17.97M | Scene, ViewLayer | Updating Camera Volume
Fra:1 Mem:32.15M (Peak 41.48M) | Time:00:02.10 | Mem:17.97M, Peak:17.97M | Scene, ViewLayer | Updating Lookup Tables
Fra:1 Mem:32.15M (Peak 41.48M) | Time:00:02.10 | Mem:18.05M, Peak:18.05M | Scene, ViewLayer | Updating Lights
Fra:1 Mem:32.15M (Peak 41.48M) | Time:00:02.10 | Mem:18.06M, Peak:18.06M | Scene, ViewLayer | Updating Lights | Computing tree
Fra:1 Mem:32.34M (Peak 41.48M) | Time:00:02.13 | Mem:18.24M, Peak:18.24M | Scene, ViewLayer | Updating Integrator
Fra:1 Mem:32.34M (Peak 41.48M) | Time:00:02.13 | Mem:18.24M, Peak:18.24M | Scene, ViewLayer | Updating Film
Fra:1 Mem:32.34M (Peak 41.48M) | Time:00:02.13 | Mem:18.16M, Peak:18.24M | Scene, ViewLayer | Updating Lookup Tables
Fra:1 Mem:32.34M (Peak 41.48M) | Time:00:02.13 | Mem:18.25M, Peak:18.25M | Scene, ViewLayer | Updating Baking
Fra:1 Mem:32.34M (Peak 41.48M) | Time:00:02.13 | Mem:18.25M, Peak:18.25M | Scene, ViewLayer | Updating Device | Writing constant memory
Fra:1 Mem:32.34M (Peak 41.48M) | Time:00:02.13 | Mem:18.25M, Peak:18.25M | Scene, ViewLayer | Loading denoising kernels (may take a few minutes the first time)
Fra:1 Mem:36.35M (Peak 41.48M) | Time:00:02.32 | Mem:370.25M, Peak:370.25M | Scene, ViewLayer | Sample 0/24
Fra:1 Mem:83.32M (Peak 83.32M) | Time:00:02.35 | Remaining:00:00.59 | Mem:417.23M, Peak:417.23M | Scene, ViewLayer | Sample 1/24
Fra:1 Mem:103.10M (Peak 132.76M) | Time:00:07.12 | Mem:417.23M, Peak:417.23M | Scene, ViewLayer | Sample 24/24
Fra:1 Mem:103.10M (Peak 132.76M) | Time:00:07.12 | Mem:417.23M, Peak:417.23M | Scene, ViewLayer | Finished
Saved: 'D:\vibe-coding-e\nova-swarm-forum-129-improvements-20260822\docs\fleet-art-v2\ships\26\surfaced.png'
Time: 00:07.53 (Saving: 00:00.19)

Info: Saved as "source.blend"
17:13:23 | INFO: Starting glTF 2.0 export
17:13:23 | INFO: Extracting primitive: Continuous pressure fuselage.003
17:13:23 | WARNING: More than one shader node tex image used for a texture. The resulting glTF sampler will behave like the first shader node tex image.
17:13:23 | WARNING: More than one shader node tex image used for a texture. The resulting glTF sampler will behave like the first shader node tex image.
17:13:23 | INFO: Primitives created: 6
17:13:23 | INFO: Finished glTF 2.0 export in 0.2858593463897705 s
Fra:1 Mem:15.36M (Peak 30.86M) | Time:00:00.29 | Mem:0.00M, Peak:0.00M | Scene, ViewLayer | Synchronizing object | Broad neutral key
Fra:1 Mem:15.36M (Peak 30.86M) | Time:00:00.29 | Mem:0.00M, Peak:0.00M | Scene, ViewLayer | Synchronizing object | Neutral fill
Fra:1 Mem:17.10M (Peak 30.86M) | Time:00:00.30 | Mem:0.00M, Peak:0.00M | Scene, ViewLayer | Initializing
Fra:1 Mem:16.63M (Peak 30.86M) | Time:00:00.30 | Mem:0.00M, Peak:0.00M | Scene, ViewLayer | Waiting for render to start
Fra:1 Mem:16.63M (Peak 30.86M) | Time:00:00.30 | Mem:0.00M, Peak:0.00M | Scene, ViewLayer | Updating Scene
Fra:1 Mem:16.63M (Peak 30.86M) | Time:00:00.30 | Mem:0.00M, Peak:0.00M | Scene, ViewLayer | Updating Shaders
Fra:1 Mem:16.63M (Peak 30.86M) | Time:00:00.30 | Mem:0.00M, Peak:0.00M | Scene, ViewLayer | Loading render kernels (may take a few minutes the first time)
Fra:1 Mem:16.71M (Peak 44.00M) | Time:00:00.67 | Mem:0.01M, Peak:0.01M | Scene, ViewLayer | Updating Procedurals
Fra:1 Mem:16.71M (Peak 44.00M) | Time:00:00.67 | Mem:0.01M, Peak:0.01M | Scene, ViewLayer | Updating Background
Fra:1 Mem:16.71M (Peak 44.00M) | Time:00:00.67 | Mem:0.01M, Peak:0.01M | Scene, ViewLayer | Updating Camera
Fra:1 Mem:16.71M (Peak 44.00M) | Time:00:00.67 | Mem:0.01M, Peak:0.01M | Scene, ViewLayer | Updating Meshes Flags
Fra:1 Mem:16.71M (Peak 44.00M) | Time:00:00.67 | Mem:0.01M, Peak:0.01M | Scene, ViewLayer | Updating Objects
Fra:1 Mem:16.71M (Peak 44.00M) | Time:00:00.67 | Mem:0.01M, Peak:0.01M | Scene, ViewLayer | Updating Objects | Copying Transformations to device
Fra:1 Mem:16.71M (Peak 44.00M) | Time:00:00.67 | Mem:0.01M, Peak:0.01M | Scene, ViewLayer | Updating Particle Systems
Fra:1 Mem:16.71M (Peak 44.00M) | Time:00:00.67 | Mem:0.01M, Peak:0.01M | Scene, ViewLayer | Updating Particle Systems | Copying Particles to device
Fra:1 Mem:16.71M (Peak 44.00M) | Time:00:00.67 | Mem:0.01M, Peak:0.01M | Scene, ViewLayer | Updating Meshes
Fra:1 Mem:17.85M (Peak 44.00M) | Time:00:00.73 | Mem:0.01M, Peak:0.01M | Scene, ViewLayer | Updating Objects | Applying Static Transformations
Fra:1 Mem:17.85M (Peak 44.00M) | Time:00:00.73 | Mem:0.01M, Peak:0.01M | Scene, ViewLayer | Updating Mesh | Computing attributes
Fra:1 Mem:19.37M (Peak 44.00M) | Time:00:00.73 | Mem:0.01M, Peak:0.01M | Scene, ViewLayer | Updating Mesh | Copying Attributes to device
Fra:1 Mem:19.37M (Peak 44.00M) | Time:00:00.73 | Mem:1.54M, Peak:1.54M | Scene, ViewLayer | Updating Geometry BVH light 5/4 | Building BVH
Fra:1 Mem:19.37M (Peak 44.00M) | Time:00:00.73 | Mem:1.54M, Peak:1.54M | Scene, ViewLayer | Updating Geometry BVH light 5/4 | Building OptiX acceleration structure
Fra:1 Mem:19.37M (Peak 44.00M) | Time:00:00.73 | Mem:1.54M, Peak:1.54M | Scene, ViewLayer | Updating Geometry BVH Continuous pressure fuselage.003 4/4 | Building BVH
Fra:1 Mem:19.37M (Peak 44.00M) | Time:00:00.73 | Mem:1.54M, Peak:1.54M | Scene, ViewLayer | Updating Geometry BVH Continuous pressure fuselage.003 4/4 | Building OptiX acceleration structure
Fra:1 Mem:19.37M (Peak 44.00M) | Time:00:00.73 | Mem:2.03M, Peak:3.54M | Scene, ViewLayer | Updating Geometry BVH Neutral fill 3/4 | Building BVH
Fra:1 Mem:19.37M (Peak 44.00M) | Time:00:00.73 | Mem:2.03M, Peak:3.54M | Scene, ViewLayer | Updating Geometry BVH Neutral fill 3/4 | Building OptiX acceleration structure
Fra:1 Mem:19.37M (Peak 44.00M) | Time:00:00.73 | Mem:2.03M, Peak:3.54M | Scene, ViewLayer | Updating Geometry BVH Broad neutral key 2/4 | Building BVH
Fra:1 Mem:19.37M (Peak 44.00M) | Time:00:00.73 | Mem:2.03M, Peak:3.54M | Scene, ViewLayer | Updating Geometry BVH Broad neutral key 2/4 | Building OptiX acceleration structure
Fra:1 Mem:19.37M (Peak 44.00M) | Time:00:00.73 | Mem:2.03M, Peak:3.54M | Scene, ViewLayer | Updating Scene BVH | Building
Fra:1 Mem:19.37M (Peak 44.00M) | Time:00:00.73 | Mem:2.03M, Peak:3.54M | Scene, ViewLayer | Updating Scene BVH | Building OptiX acceleration structure
Fra:1 Mem:19.37M (Peak 44.00M) | Time:00:00.73 | Mem:2.03M, Peak:3.54M | Scene, ViewLayer | Updating Scene BVH | Copying BVH to device
Fra:1 Mem:19.37M (Peak 44.00M) | Time:00:00.73 | Mem:2.03M, Peak:3.54M | Scene, ViewLayer | Updating Mesh | Computing normals
Fra:1 Mem:20.00M (Peak 44.00M) | Time:00:00.74 | Mem:2.03M, Peak:3.54M | Scene, ViewLayer | Updating Mesh | Copying Mesh to device
Fra:1 Mem:20.00M (Peak 44.00M) | Time:00:00.74 | Mem:2.66M, Peak:3.54M | Scene, ViewLayer | Updating Objects Flags
Fra:1 Mem:20.00M (Peak 44.00M) | Time:00:00.74 | Mem:2.66M, Peak:3.54M | Scene, ViewLayer | Updating Primitive Offsets
Fra:1 Mem:20.00M (Peak 44.00M) | Time:00:00.74 | Mem:2.66M, Peak:3.54M | Scene, ViewLayer | Updating Images
Fra:1 Mem:20.00M (Peak 44.00M) | Time:00:00.74 | Mem:2.66M, Peak:3.54M | Scene, ViewLayer | Updating Images | Loading panel-normal.png
Fra:1 Mem:24.01M (Peak 44.00M) | Time:00:00.76 | Mem:6.66M, Peak:6.66M | Scene, ViewLayer | Updating Images | Loading paint-orm.png
Fra:1 Mem:28.01M (Peak 44.00M) | Time:00:00.77 | Mem:6.66M, Peak:6.66M | Scene, ViewLayer | Updating Images | Loading white-basecolor.png
Fra:1 Mem:32.01M (Peak 44.00M) | Time:00:00.77 | Mem:6.66M, Peak:6.66M | Scene, ViewLayer | Updating Images | Loading cobalt-basecolor.png
Fra:1 Mem:36.01M (Peak 44.00M) | Time:00:00.79 | Mem:18.66M, Peak:18.66M | Scene, ViewLayer | Updating Camera Volume
Fra:1 Mem:36.01M (Peak 44.00M) | Time:00:00.79 | Mem:18.66M, Peak:18.66M | Scene, ViewLayer | Updating Lookup Tables
Fra:1 Mem:36.01M (Peak 44.00M) | Time:00:00.79 | Mem:18.74M, Peak:18.74M | Scene, ViewLayer | Updating Lights
Fra:1 Mem:36.02M (Peak 44.00M) | Time:00:00.79 | Mem:18.74M, Peak:18.74M | Scene, ViewLayer | Updating Lights | Computing tree
Fra:1 Mem:36.28M (Peak 44.00M) | Time:00:00.80 | Mem:19.00M, Peak:19.00M | Scene, ViewLayer | Updating Integrator
Fra:1 Mem:36.28M (Peak 44.00M) | Time:00:00.80 | Mem:19.00M, Peak:19.00M | Scene, ViewLayer | Updating Film
Fra:1 Mem:36.28M (Peak 44.00M) | Time:00:00.80 | Mem:18.92M, Peak:19.00M | Scene, ViewLayer | Updating Lookup Tables
Fra:1 Mem:36.28M (Peak 44.00M) | Time:00:00.80 | Mem:19.01M, Peak:19.01M | Scene, ViewLayer | Updating Baking
Fra:1 Mem:36.28M (Peak 44.00M) | Time:00:00.80 | Mem:19.01M, Peak:19.01M | Scene, ViewLayer | Updating Device | Writing constant memory
Fra:1 Mem:36.28M (Peak 44.00M) | Time:00:00.80 | Mem:19.01M, Peak:19.01M | Scene, ViewLayer | Loading denoising kernels (may take a few minutes the first time)
Fra:1 Mem:40.28M (Peak 44.00M) | Time:00:00.84 | Mem:371.01M, Peak:371.01M | Scene, ViewLayer | Sample 0/24
Fra:1 Mem:116.29M (Peak 116.29M) | Time:00:00.88 | Remaining:00:00.78 | Mem:447.02M, Peak:447.02M | Scene, ViewLayer | Sample 1/24
Fra:1 Mem:148.29M (Peak 196.29M) | Time:00:09.13 | Mem:447.02M, Peak:447.02M | Scene, ViewLayer | Sample 24/24
Fra:1 Mem:148.29M (Peak 196.29M) | Time:00:09.13 | Mem:447.02M, Peak:447.02M | Scene, ViewLayer | Finished
Saved: 'D:\vibe-coding-e\nova-swarm-forum-129-improvements-20260822\docs\fleet-art-v2\ships\26\export\showroom.png'
Time: 00:09.65 (Saving: 00:00.35)

Fra:1 Mem:15.66M (Peak 15.66M) | Time:00:00.32 | Mem:0.00M, Peak:0.00M | Scene, ViewLayer | Synchronizing object | PhaseSeraphV2
Fra:1 Mem:16.85M (Peak 16.85M) | Time:00:00.32 | Mem:0.00M, Peak:0.00M | Scene, ViewLayer | Synchronizing object | Broad neutral key
Fra:1 Mem:16.85M (Peak 16.85M) | Time:00:00.32 | Mem:0.00M, Peak:0.00M | Scene, ViewLayer | Synchronizing object | Neutral fill
Fra:1 Mem:17.10M (Peak 17.88M) | Time:00:00.34 | Mem:0.00M, Peak:0.00M | Scene, ViewLayer | Initializing
Fra:1 Mem:16.63M (Peak 17.88M) | Time:00:00.34 | Mem:0.00M, Peak:0.00M | Scene, ViewLayer | Waiting for render to start
Fra:1 Mem:16.63M (Peak 17.88M) | Time:00:00.34 | Mem:0.00M, Peak:0.00M | Scene, ViewLayer | Updating Scene
Fra:1 Mem:16.63M (Peak 17.88M) | Time:00:00.34 | Mem:0.00M, Peak:0.00M | Scene, ViewLayer | Updating Shaders
Fra:1 Mem:16.63M (Peak 17.88M) | Time:00:00.34 | Mem:0.00M, Peak:0.00M | Scene, ViewLayer | Loading render kernels (may take a few minutes the first time)
Fra:1 Mem:16.71M (Peak 44.00M) | Time:00:00.67 | Mem:0.01M, Peak:0.01M | Scene, ViewLayer | Updating Procedurals
Fra:1 Mem:16.71M (Peak 44.00M) | Time:00:00.67 | Mem:0.01M, Peak:0.01M | Scene, ViewLayer | Updating Background
Fra:1 Mem:16.71M (Peak 44.00M) | Time:00:00.67 | Mem:0.01M, Peak:0.01M | Scene, ViewLayer | Updating Camera
Fra:1 Mem:16.71M (Peak 44.00M) | Time:00:00.67 | Mem:0.01M, Peak:0.01M | Scene, ViewLayer | Updating Meshes Flags
Fra:1 Mem:16.71M (Peak 44.00M) | Time:00:00.67 | Mem:0.01M, Peak:0.01M | Scene, ViewLayer | Updating Objects
Fra:1 Mem:16.71M (Peak 44.00M) | Time:00:00.67 | Mem:0.01M, Peak:0.01M | Scene, ViewLayer | Updating Objects | Copying Transformations to device
Fra:1 Mem:16.71M (Peak 44.00M) | Time:00:00.67 | Mem:0.01M, Peak:0.01M | Scene, ViewLayer | Updating Particle Systems
Fra:1 Mem:16.71M (Peak 44.00M) | Time:00:00.67 | Mem:0.01M, Peak:0.01M | Scene, ViewLayer | Updating Particle Systems | Copying Particles to device
Fra:1 Mem:16.71M (Peak 44.00M) | Time:00:00.67 | Mem:0.01M, Peak:0.01M | Scene, ViewLayer | Updating Meshes
Fra:1 Mem:17.85M (Peak 44.00M) | Time:00:00.74 | Mem:0.01M, Peak:0.01M | Scene, ViewLayer | Updating Objects | Applying Static Transformations
Fra:1 Mem:17.85M (Peak 44.00M) | Time:00:00.74 | Mem:0.01M, Peak:0.01M | Scene, ViewLayer | Updating Mesh | Computing attributes
Fra:1 Mem:19.37M (Peak 44.00M) | Time:00:00.74 | Mem:0.01M, Peak:0.01M | Scene, ViewLayer | Updating Mesh | Copying Attributes to device
Fra:1 Mem:19.37M (Peak 44.00M) | Time:00:00.74 | Mem:1.54M, Peak:1.54M | Scene, ViewLayer | Updating Geometry BVH light 5/4 | Building BVH
Fra:1 Mem:19.37M (Peak 44.00M) | Time:00:00.74 | Mem:1.54M, Peak:1.54M | Scene, ViewLayer | Updating Geometry BVH Continuous pressure fuselage.003 4/4 | Building BVH
Fra:1 Mem:19.37M (Peak 44.00M) | Time:00:00.74 | Mem:1.54M, Peak:1.54M | Scene, ViewLayer | Updating Geometry BVH Continuous pressure fuselage.003 4/4 | Building OptiX acceleration structure
Fra:1 Mem:19.37M (Peak 44.00M) | Time:00:00.75 | Mem:2.03M, Peak:3.54M | Scene, ViewLayer | Updating Scene BVH | Building
Fra:1 Mem:19.37M (Peak 44.00M) | Time:00:00.75 | Mem:2.03M, Peak:3.54M | Scene, ViewLayer | Updating Scene BVH | Building OptiX acceleration structure
Fra:1 Mem:19.37M (Peak 44.00M) | Time:00:00.75 | Mem:2.03M, Peak:3.54M | Scene, ViewLayer | Updating Scene BVH | Copying BVH to device
Fra:1 Mem:19.37M (Peak 44.00M) | Time:00:00.75 | Mem:2.03M, Peak:3.54M | Scene, ViewLayer | Updating Mesh | Computing normals
Fra:1 Mem:20.00M (Peak 44.00M) | Time:00:00.75 | Mem:2.03M, Peak:3.54M | Scene, ViewLayer | Updating Mesh | Copying Mesh to device
Fra:1 Mem:20.00M (Peak 44.00M) | Time:00:00.76 | Mem:2.66M, Peak:3.54M | Scene, ViewLayer | Updating Objects Flags
Fra:1 Mem:20.00M (Peak 44.00M) | Time:00:00.76 | Mem:2.66M, Peak:3.54M | Scene, ViewLayer | Updating Primitive Offsets
Fra:1 Mem:20.00M (Peak 44.00M) | Time:00:00.76 | Mem:2.66M, Peak:3.54M | Scene, ViewLayer | Updating Images
Fra:1 Mem:20.00M (Peak 44.00M) | Time:00:00.76 | Mem:2.66M, Peak:3.54M | Scene, ViewLayer | Updating Images | Loading white-basecolor.png
Fra:1 Mem:24.00M (Peak 44.00M) | Time:00:00.76 | Mem:2.66M, Peak:3.54M | Scene, ViewLayer | Updating Images | Loading panel-normal.png
Fra:1 Mem:28.00M (Peak 44.00M) | Time:00:00.76 | Mem:2.66M, Peak:3.54M | Scene, ViewLayer | Updating Images | Loading cobalt-basecolor.png
Fra:1 Mem:32.00M (Peak 44.00M) | Time:00:00.76 | Mem:2.66M, Peak:3.54M | Scene, ViewLayer | Updating Images | Loading paint-orm.png
Fra:1 Mem:36.01M (Peak 44.00M) | Time:00:00.82 | Mem:18.66M, Peak:18.66M | Scene, ViewLayer | Updating Camera Volume
Fra:1 Mem:36.01M (Peak 44.00M) | Time:00:00.82 | Mem:18.66M, Peak:18.66M | Scene, ViewLayer | Updating Lookup Tables
Fra:1 Mem:36.01M (Peak 44.00M) | Time:00:00.82 | Mem:18.74M, Peak:18.74M | Scene, ViewLayer | Updating Lights
Fra:1 Mem:36.01M (Peak 44.00M) | Time:00:00.82 | Mem:18.74M, Peak:18.74M | Scene, ViewLayer | Updating Lights | Computing tree
Fra:1 Mem:36.28M (Peak 44.00M) | Time:00:00.86 | Mem:19.00M, Peak:19.00M | Scene, ViewLayer | Updating Integrator
Fra:1 Mem:36.28M (Peak 44.00M) | Time:00:00.86 | Mem:19.00M, Peak:19.00M | Scene, ViewLayer | Updating Film
Fra:1 Mem:36.28M (Peak 44.00M) | Time:00:00.86 | Mem:18.92M, Peak:19.00M | Scene, ViewLayer | Updating Lookup Tables
Fra:1 Mem:36.28M (Peak 44.00M) | Time:00:00.87 | Mem:19.01M, Peak:19.01M | Scene, ViewLayer | Updating Baking
Fra:1 Mem:36.28M (Peak 44.00M) | Time:00:00.87 | Mem:19.01M, Peak:19.01M | Scene, ViewLayer | Updating Device | Writing constant memory
Fra:1 Mem:36.28M (Peak 44.00M) | Time:00:00.87 | Mem:19.01M, Peak:19.01M | Scene, ViewLayer | Loading denoising kernels (may take a few minutes the first time)
Fra:1 Mem:40.28M (Peak 44.00M) | Time:00:00.99 | Mem:371.01M, Peak:371.01M | Scene, ViewLayer | Sample 0/24
Fra:1 Mem:59.29M (Peak 59.29M) | Time:00:01.03 | Remaining:00:00.80 | Mem:390.02M, Peak:390.02M | Scene, ViewLayer | Sample 1/24
Fra:1 Mem:67.29M (Peak 79.29M) | Time:00:02.90 | Mem:390.02M, Peak:390.02M | Scene, ViewLayer | Sample 24/24
Fra:1 Mem:67.29M (Peak 79.29M) | Time:00:02.90 | Mem:390.02M, Peak:390.02M | Scene, ViewLayer | Finished
Saved: 'D:\vibe-coding-e\nova-swarm-forum-129-improvements-20260822\docs\fleet-art-v2\ships\26\export\player.png'
Time: 00:03.17 (Saving: 00:00.07)


FLEET_V2_COMPLETE 26 Phase Seraph
Read blend: "D:\vibe-coding-e\nova-swarm-forum-129-improvements-20260822\docs\fleet-art-v2\ships\27\source.blend"
Fra:1 Mem:14.50M (Peak 14.50M) | Time:00:00.28 | Mem:0.00M, Peak:0.00M | Scene, ViewLayer | Synchronizing object | Broad neutral key
Fra:1 Mem:14.50M (Peak 14.50M) | Time:00:00.28 | Mem:0.00M, Peak:0.00M | Scene, ViewLayer | Synchronizing object | Neutral fill
Fra:1 Mem:14.82M (Peak 14.82M) | Time:00:00.34 | Mem:0.00M, Peak:0.00M | Scene, ViewLayer | Synchronizing object | Continuous pressure fuselage
Fra:1 Mem:15.67M (Peak 15.67M) | Time:00:00.40 | Mem:0.00M, Peak:0.00M | Scene, ViewLayer | Synchronizing object | Cockpit integrated coaming
Fra:1 Mem:16.20M (Peak 16.20M) | Time:00:00.46 | Mem:0.00M, Peak:0.00M | Scene, ViewLayer | Synchronizing object | Pressure canopy glazing
Fra:1 Mem:16.20M (Peak 16.20M) | Time:00:00.46 | Mem:0.00M, Peak:0.00M | Scene, ViewLayer | Synchronizing object | Canopy lower frame
Fra:1 Mem:16.44M (Peak 16.44M) | Time:00:00.46 | Mem:0.00M, Peak:0.00M | Scene, ViewLayer | Synchronizing object | Canopy lower frame.001
Fra:1 Mem:16.48M (Peak 16.48M) | Time:00:00.46 | Mem:0.00M, Peak:0.00M | Scene, ViewLayer | Synchronizing object | Canopy pressure bow
Fra:1 Mem:16.49M (Peak 16.49M) | Time:00:00.46 | Mem:0.00M, Peak:0.00M | Scene, ViewLayer | Synchronizing object | Integrated lifting hull
Fra:1 Mem:16.52M (Peak 16.52M) | Time:00:00.46 | Mem:0.00M, Peak:0.00M | Scene, ViewLayer | Synchronizing object | Nozzle petal seam
Fra:1 Mem:16.63M (Peak 16.63M) | Time:00:00.46 | Mem:0.00M, Peak:0.00M | Scene, ViewLayer | Synchronizing object | Nozzle petal seam.001
Fra:1 Mem:16.67M (Peak 16.67M) | Time:00:00.46 | Mem:0.00M, Peak:0.00M | Scene, ViewLayer | Synchronizing object | Nozzle petal seam.002
Fra:1 Mem:16.64M (Peak 16.67M) | Time:00:00.46 | Mem:0.00M, Peak:0.00M | Scene, ViewLayer | Synchronizing object | Nozzle petal seam.003
Fra:1 Mem:16.64M (Peak 16.67M) | Time:00:00.46 | Mem:0.00M, Peak:0.00M | Scene, ViewLayer | Synchronizing object | Nozzle petal seam.004
Fra:1 Mem:16.68M (Peak 16.68M) | Time:00:00.46 | Mem:0.00M, Peak:0.00M | Scene, ViewLayer | Synchronizing object | Nozzle petal seam.005
Fra:1 Mem:16.64M (Peak 16.68M) | Time:00:00.46 | Mem:0.00M, Peak:0.00M | Scene, ViewLayer | Synchronizing object | Nozzle petal seam.006
Fra:1 Mem:16.64M (Peak 16.68M) | Time:00:00.46 | Mem:0.00M, Peak:0.00M | Scene, ViewLayer | Synchronizing object | Nozzle petal seam.007
Fra:1 Mem:16.64M (Peak 16.68M) | Time:00:00.46 | Mem:0.00M, Peak:0.00M | Scene, ViewLayer | Synchronizing object | Nozzle petal seam.008
Fra:1 Mem:16.65M (Peak 16.68M) | Time:00:00.46 | Mem:0.00M, Peak:0.00M | Scene, ViewLayer | Synchronizing object | Nozzle petal seam.009
Fra:1 Mem:16.65M (Peak 16.68M) | Time:00:00.46 | Mem:0.00M, Peak:0.00M | Scene, ViewLayer | Synchronizing object | Nozzle petal seam.010
Fra:1 Mem:16.65M (Peak 16.68M) | Time:00:00.46 | Mem:0.00M, Peak:0.00M | Scene, ViewLayer | Synchronizing object | Nozzle petal seam.011
Fra:1 Mem:16.65M (Peak 16.68M) | Time:00:00.46 | Mem:0.00M, Peak:0.00M | Scene, ViewLayer | Synchronizing object | Deep ion throat
Fra:1 Mem:16.65M (Peak 16.68M) | Time:00:00.46 | Mem:0.00M, Peak:0.00M | Scene, ViewLayer | Synchronizing object | Deep intake duct
Fra:1 Mem:16.81M (Peak 16.81M) | Time:00:00.49 | Mem:0.00M, Peak:0.00M | Scene, ViewLayer | Synchronizing object | Blended structural fairing
Fra:1 Mem:16.81M (Peak 16.81M) | Time:00:00.49 | Mem:0.00M, Peak:0.00M | Scene, ViewLayer | Synchronizing object | Integrated lifting hull.001
Fra:1 Mem:16.83M (Peak 16.83M) | Time:00:00.49 | Mem:0.00M, Peak:0.00M | Scene, ViewLayer | Synchronizing object | Nozzle petal seam.012
Fra:1 Mem:16.96M (Peak 16.96M) | Time:00:00.49 | Mem:0.00M, Peak:0.00M | Scene, ViewLayer | Synchronizing object | Nozzle petal seam.013
Fra:1 Mem:16.97M (Peak 16.97M) | Time:00:00.49 | Mem:0.00M, Peak:0.00M | Scene, ViewLayer | Synchronizing object | Nozzle petal seam.014
Fra:1 Mem:16.99M (Peak 16.99M) | Time:00:00.49 | Mem:0.00M, Peak:0.00M | Scene, ViewLayer | Synchronizing object | Nozzle petal seam.015
Fra:1 Mem:17.09M (Peak 17.09M) | Time:00:00.49 | Mem:0.00M, Peak:0.00M | Scene, ViewLayer | Synchronizing object | Nozzle petal seam.016
Fra:1 Mem:17.10M (Peak 17.10M) | Time:00:00.49 | Mem:0.00M, Peak:0.00M | Scene, ViewLayer | Synchronizing object | Nozzle petal seam.017
Fra:1 Mem:17.09M (Peak 17.10M) | Time:00:00.49 | Mem:0.00M, Peak:0.00M | Scene, ViewLayer | Synchronizing object | Nozzle petal seam.018
Fra:1 Mem:17.12M (Peak 17.12M) | Time:00:00.49 | Mem:0.00M, Peak:0.00M | Scene, ViewLayer | Synchronizing object | Nozzle petal seam.019
Fra:1 Mem:17.11M (Peak 17.12M) | Time:00:00.49 | Mem:0.00M, Peak:0.00M | Scene, ViewLayer | Synchronizing object | Nozzle petal seam.020
Fra:1 Mem:17.09M (Peak 17.12M) | Time:00:00.49 | Mem:0.00M, Peak:0.00M | Scene, ViewLayer | Synchronizing object | Nozzle petal seam.021
Fra:1 Mem:17.09M (Peak 17.12M) | Time:00:00.49 | Mem:0.00M, Peak:0.00M | Scene, ViewLayer | Synchronizing object | Nozzle petal seam.022
Fra:1 Mem:17.09M (Peak 17.12M) | Time:00:00.49 | Mem:0.00M, Peak:0.00M | Scene, ViewLayer | Synchronizing object | Nozzle petal seam.023
Fra:1 Mem:17.10M (Peak 17.12M) | Time:00:00.49 | Mem:0.00M, Peak:0.00M | Scene, ViewLayer | Synchronizing object | Deep ion throat.001
Fra:1 Mem:17.10M (Peak 17.12M) | Time:00:00.49 | Mem:0.00M, Peak:0.00M | Scene, ViewLayer | Synchronizing object | Deep intake duct.001
Fra:1 Mem:17.25M (Peak 17.25M) | Time:00:00.50 | Mem:0.00M, Peak:0.00M | Scene, ViewLayer | Synchronizing object | Blended structural fairing.001
Fra:1 Mem:17.42M (Peak 17.42M) | Time:00:00.50 | Mem:0.00M, Peak:0.00M | Scene, ViewLayer | Initializing
Fra:1 Mem:13.85M (Peak 17.42M) | Time:00:00.50 | Mem:0.00M, Peak:0.00M | Scene, ViewLayer | Waiting for render to start
Fra:1 Mem:13.85M (Peak 17.42M) | Time:00:00.50 | Mem:0.00M, Peak:0.00M | Scene, ViewLayer | Updating Scene
Fra:1 Mem:13.85M (Peak 17.42M) | Time:00:00.50 | Mem:0.00M, Peak:0.00M | Scene, ViewLayer | Updating Shaders
Fra:1 Mem:13.85M (Peak 17.42M) | Time:00:00.50 | Mem:0.00M, Peak:0.00M | Scene, ViewLayer | Loading render kernels (may take a few minutes the first time)
Fra:1 Mem:13.94M (Peak 41.23M) | Time:00:01.22 | Mem:0.01M, Peak:0.01M | Scene, ViewLayer | Updating Procedurals
Fra:1 Mem:13.94M (Peak 41.23M) | Time:00:01.22 | Mem:0.01M, Peak:0.01M | Scene, ViewLayer | Updating Background
Fra:1 Mem:13.94M (Peak 41.23M) | Time:00:01.22 | Mem:0.01M, Peak:0.01M | Scene, ViewLayer | Updating Camera
Fra:1 Mem:13.94M (Peak 41.23M) | Time:00:01.22 | Mem:0.01M, Peak:0.01M | Scene, ViewLayer | Updating Meshes Flags
Fra:1 Mem:13.94M (Peak 41.23M) | Time:00:01.22 | Mem:0.01M, Peak:0.01M | Scene, ViewLayer | Updating Objects
Fra:1 Mem:13.94M (Peak 41.23M) | Time:00:01.22 | Mem:0.01M, Peak:0.01M | Scene, ViewLayer | Updating Objects | Copying Transformations to device
Fra:1 Mem:13.95M (Peak 41.23M) | Time:00:01.22 | Mem:0.02M, Peak:0.02M | Scene, ViewLayer | Updating Particle Systems
Fra:1 Mem:13.95M (Peak 41.23M) | Time:00:01.22 | Mem:0.02M, Peak:0.02M | Scene, ViewLayer | Updating Particle Systems | Copying Particles to device
Fra:1 Mem:13.95M (Peak 41.23M) | Time:00:01.22 | Mem:0.02M, Peak:0.02M | Scene, ViewLayer | Updating Meshes
Fra:1 Mem:14.59M (Peak 41.23M) | Time:00:01.23 | Mem:0.02M, Peak:0.02M | Scene, ViewLayer | Updating Objects | Applying Static Transformations
Fra:1 Mem:14.59M (Peak 41.23M) | Time:00:01.23 | Mem:0.02M, Peak:0.02M | Scene, ViewLayer | Updating Mesh | Computing attributes
Fra:1 Mem:15.53M (Peak 41.23M) | Time:00:01.23 | Mem:0.02M, Peak:0.02M | Scene, ViewLayer | Updating Mesh | Copying Attributes to device
Fra:1 Mem:15.52M (Peak 41.23M) | Time:00:01.24 | Mem:0.95M, Peak:0.95M | Scene, ViewLayer | Updating Geometry BVH light 46/45 | Building BVH
Fra:1 Mem:15.52M (Peak 41.23M) | Time:00:01.24 | Mem:0.95M, Peak:0.95M | Scene, ViewLayer | Updating Geometry BVH Neutral fill 3/45 | Building OptiX acceleration structure
Fra:1 Mem:15.52M (Peak 41.23M) | Time:00:01.24 | Mem:0.95M, Peak:0.95M | Scene, ViewLayer | Updating Geometry BVH Mesh 45/45 | Building BVH
Fra:1 Mem:15.52M (Peak 41.23M) | Time:00:01.24 | Mem:0.95M, Peak:0.95M | Scene, ViewLayer | Updating Geometry BVH Mesh 45/45 | Building OptiX acceleration structure
Fra:1 Mem:15.55M (Peak 41.23M) | Time:00:01.24 | Mem:0.95M, Peak:0.95M | Scene, ViewLayer | Updating Geometry BVH Mesh 4/45 | Building BVH
Fra:1 Mem:15.55M (Peak 41.23M) | Time:00:01.24 | Mem:0.95M, Peak:0.95M | Scene, ViewLayer | Updating Geometry BVH Mesh 6/45 | Building OptiX acceleration structure
Fra:1 Mem:15.71M (Peak 41.23M) | Time:00:01.24 | Mem:1.30M, Peak:1.79M | Scene, ViewLayer | Updating Geometry BVH Canopy lower frame.044 7/45 | Building BVH
Fra:1 Mem:15.71M (Peak 41.23M) | Time:00:01.24 | Mem:1.38M, Peak:1.79M | Scene, ViewLayer | Updating Geometry BVH Canopy lower frame.044 7/45 | Building OptiX acceleration structure
Fra:1 Mem:15.71M (Peak 41.23M) | Time:00:01.24 | Mem:1.48M, Peak:1.79M | Scene, ViewLayer | Updating Geometry BVH Canopy lower frame.045 8/45 | Building BVH
Fra:1 Mem:15.72M (Peak 41.23M) | Time:00:01.24 | Mem:1.48M, Peak:1.79M | Scene, ViewLayer | Updating Geometry BVH Canopy lower frame.045 8/45 | Building OptiX acceleration structure
Fra:1 Mem:15.68M (Peak 41.23M) | Time:00:01.24 | Mem:1.32M, Peak:1.79M | Scene, ViewLayer | Updating Geometry BVH Deep intake duct.047 44/45 | Building BVH
Fra:1 Mem:15.68M (Peak 41.23M) | Time:00:01.24 | Mem:1.32M, Peak:1.79M | Scene, ViewLayer | Updating Geometry BVH Deep intake duct.047 44/45 | Building OptiX acceleration structure
Fra:1 Mem:15.69M (Peak 41.23M) | Time:00:01.24 | Mem:1.65M, Peak:1.79M | Scene, ViewLayer | Updating Geometry BVH Integrated lifting hull.044 10/45 | Building BVH
Fra:1 Mem:15.69M (Peak 41.23M) | Time:00:01.24 | Mem:1.65M, Peak:1.79M | Scene, ViewLayer | Updating Geometry BVH Integrated lifting hull.044 10/45 | Building OptiX acceleration structure
Fra:1 Mem:15.62M (Peak 41.23M) | Time:00:01.24 | Mem:1.52M, Peak:1.79M | Scene, ViewLayer | Updating Geometry BVH Integrated propulsion nacelle.046 11/45 | Building BVH
Fra:1 Mem:15.62M (Peak 41.23M) | Time:00:01.24 | Mem:1.52M, Peak:1.79M | Scene, ViewLayer | Updating Geometry BVH Integrated propulsion nacelle.046 11/45 | Building OptiX acceleration structure
Fra:1 Mem:15.63M (Peak 41.23M) | Time:00:01.24 | Mem:1.53M, Peak:1.79M | Scene, ViewLayer | Updating Geometry BVH Contoured expansion nozzle.092 12/45 | Building BVH
Fra:1 Mem:15.63M (Peak 41.23M) | Time:00:01.24 | Mem:1.53M, Peak:1.79M | Scene, ViewLayer | Updating Geometry BVH Contoured expansion nozzle.092 12/45 | Building OptiX acceleration structure
Fra:1 Mem:15.63M (Peak 41.23M) | Time:00:01.24 | Mem:1.77M, Peak:1.79M | Scene, ViewLayer | Updating Geometry BVH Nozzle petal seam.1104 13/45 | Building BVH
Fra:1 Mem:15.63M (Peak 41.23M) | Time:00:01.24 | Mem:1.77M, Peak:1.79M | Scene, ViewLayer | Updating Geometry BVH Nozzle petal seam.1104 13/45 | Building OptiX acceleration structure
Fra:1 Mem:15.55M (Peak 41.23M) | Time:00:01.25 | Mem:1.38M, Peak:1.79M | Scene, ViewLayer | Updating Geometry BVH Nozzle petal seam.1105 14/45 | Building BVH
Fra:1 Mem:15.55M (Peak 41.23M) | Time:00:01.25 | Mem:1.40M, Peak:1.79M | Scene, ViewLayer | Updating Geometry BVH Nozzle petal seam.1105 14/45 | Building OptiX acceleration structure
Fra:1 Mem:15.55M (Peak 41.23M) | Time:00:01.25 | Mem:1.39M, Peak:1.79M | Scene, ViewLayer | Updating Geometry BVH Nozzle petal seam.1107 16/45 | Building BVH
Fra:1 Mem:15.55M (Peak 41.23M) | Time:00:01.25 | Mem:1.39M, Peak:1.79M | Scene, ViewLayer | Updating Geometry BVH Nozzle petal seam.1107 16/45 | Building OptiX acceleration structure
Fra:1 Mem:15.55M (Peak 41.23M) | Time:00:01.25 | Mem:1.39M, Peak:1.79M | Scene, ViewLayer | Updating Geometry BVH Nozzle petal seam.1108 17/45 | Building BVH
Fra:1 Mem:15.55M (Peak 41.23M) | Time:00:01.25 | Mem:1.40M, Peak:1.79M | Scene, ViewLayer | Updating Geometry BVH Nozzle petal seam.1108 17/45 | Building OptiX acceleration structure
Fra:1 Mem:15.55M (Peak 41.23M) | Time:00:01.25 | Mem:1.39M, Peak:1.79M | Scene, ViewLayer | Updating Geometry BVH Deep ion throat.093 43/45 | Building BVH
Fra:1 Mem:15.55M (Peak 41.23M) | Time:00:01.25 | Mem:1.39M, Peak:1.79M | Scene, ViewLayer | Updating Geometry BVH Deep ion throat.093 43/45 | Building OptiX acceleration structure
Fra:1 Mem:15.56M (Peak 41.23M) | Time:00:01.25 | Mem:1.41M, Peak:1.79M | Scene, ViewLayer | Updating Geometry BVH Nozzle petal seam.1109 18/45 | Building BVH
Fra:1 Mem:15.56M (Peak 41.23M) | Time:00:01.25 | Mem:1.41M, Peak:1.79M | Scene, ViewLayer | Updating Geometry BVH Nozzle petal seam.1109 18/45 | Building OptiX acceleration structure
Fra:1 Mem:15.56M (Peak 41.23M) | Time:00:01.25 | Mem:1.42M, Peak:1.79M | Scene, ViewLayer | Updating Geometry BVH Nozzle petal seam.1110 19/45 | Building BVH
Fra:1 Mem:15.56M (Peak 41.23M) | Time:00:01.25 | Mem:1.44M, Peak:1.79M | Scene, ViewLayer | Updating Geometry BVH Nozzle petal seam.1110 19/45 | Building OptiX acceleration structure
Fra:1 Mem:15.55M (Peak 41.23M) | Time:00:01.25 | Mem:1.41M, Peak:1.79M | Scene, ViewLayer | Updating Geometry BVH Nozzle petal seam.1111 20/45 | Building BVH
Fra:1 Mem:15.55M (Peak 41.23M) | Time:00:01.25 | Mem:1.41M, Peak:1.79M | Scene, ViewLayer | Updating Geometry BVH Nozzle petal seam.1111 20/45 | Building OptiX acceleration structure
Fra:1 Mem:15.55M (Peak 41.23M) | Time:00:01.25 | Mem:1.41M, Peak:1.79M | Scene, ViewLayer | Updating Geometry BVH Nozzle petal seam.1112 21/45 | Building BVH
Fra:1 Mem:15.55M (Peak 41.23M) | Time:00:01.25 | Mem:1.41M, Peak:1.79M | Scene, ViewLayer | Updating Geometry BVH Nozzle petal seam.1112 21/45 | Building OptiX acceleration structure
Fra:1 Mem:15.54M (Peak 41.23M) | Time:00:01.26 | Mem:1.41M, Peak:1.79M | Scene, ViewLayer | Updating Geometry BVH Nozzle petal seam.1113 22/45 | Building BVH
Fra:1 Mem:15.54M (Peak 41.23M) | Time:00:01.26 | Mem:1.41M, Peak:1.79M | Scene, ViewLayer | Updating Geometry BVH Nozzle petal seam.1113 22/45 | Building OptiX acceleration structure
Fra:1 Mem:15.54M (Peak 41.23M) | Time:00:01.26 | Mem:1.42M, Peak:1.79M | Scene, ViewLayer | Updating Geometry BVH Nozzle petal seam.1114 23/45 | Building BVH
Fra:1 Mem:15.54M (Peak 41.23M) | Time:00:01.26 | Mem:1.42M, Peak:1.79M | Scene, ViewLayer | Updating Geometry BVH Nozzle petal seam.1114 23/45 | Building OptiX acceleration structure
Fra:1 Mem:15.54M (Peak 41.23M) | Time:00:01.26 | Mem:1.42M, Peak:1.79M | Scene, ViewLayer | Updating Geometry BVH Nozzle petal seam.1115 24/45 | Building BVH
Fra:1 Mem:15.54M (Peak 41.23M) | Time:00:01.26 | Mem:1.42M, Peak:1.79M | Scene, ViewLayer | Updating Geometry BVH Nozzle petal seam.1115 24/45 | Building OptiX acceleration structure
Fra:1 Mem:15.54M (Peak 41.23M) | Time:00:01.26 | Mem:1.42M, Peak:1.79M | Scene, ViewLayer | Updating Geometry BVH Deep ion throat.092 25/45 | Building BVH
Fra:1 Mem:15.54M (Peak 41.23M) | Time:00:01.26 | Mem:1.43M, Peak:1.79M | Scene, ViewLayer | Updating Geometry BVH Deep ion throat.092 25/45 | Building OptiX acceleration structure
Fra:1 Mem:15.56M (Peak 41.23M) | Time:00:01.26 | Mem:1.44M, Peak:1.79M | Scene, ViewLayer | Updating Geometry BVH Deep intake duct.046 26/45 | Building BVH
Fra:1 Mem:15.56M (Peak 41.23M) | Time:00:01.26 | Mem:1.50M, Peak:1.79M | Scene, ViewLayer | Updating Geometry BVH Deep intake duct.046 26/45 | Building OptiX acceleration structure
Fra:1 Mem:15.57M (Peak 41.23M) | Time:00:01.26 | Mem:1.50M, Peak:1.79M | Scene, ViewLayer | Updating Geometry BVH Mesh 27/45 | Building BVH
Fra:1 Mem:15.57M (Peak 41.23M) | Time:00:01.26 | Mem:1.50M, Peak:1.79M | Scene, ViewLayer | Updating Geometry BVH Mesh 27/45 | Building OptiX acceleration structure
Fra:1 Mem:15.58M (Peak 41.23M) | Time:00:01.26 | Mem:1.47M, Peak:1.79M | Scene, ViewLayer | Updating Geometry BVH Nozzle petal seam.1127 42/45 | Building BVH
Fra:1 Mem:15.58M (Peak 41.23M) | Time:00:01.26 | Mem:1.48M, Peak:1.79M | Scene, ViewLayer | Updating Geometry BVH Nozzle petal seam.1127 42/45 | Building OptiX acceleration structure
Fra:1 Mem:15.58M (Peak 41.23M) | Time:00:01.26 | Mem:1.47M, Peak:1.79M | Scene, ViewLayer | Updating Geometry BVH Integrated lifting hull.045 28/45 | Building BVH
Fra:1 Mem:15.58M (Peak 41.23M) | Time:00:01.26 | Mem:1.47M, Peak:1.79M | Scene, ViewLayer | Updating Geometry BVH Integrated lifting hull.045 28/45 | Building OptiX acceleration structure
Fra:1 Mem:15.59M (Peak 41.23M) | Time:00:01.26 | Mem:1.47M, Peak:1.79M | Scene, ViewLayer | Updating Geometry BVH Integrated propulsion nacelle.047 29/45 | Building BVH
Fra:1 Mem:15.59M (Peak 41.23M) | Time:00:01.26 | Mem:1.47M, Peak:1.79M | Scene, ViewLayer | Updating Geometry BVH Integrated propulsion nacelle.047 29/45 | Building OptiX acceleration structure
Fra:1 Mem:15.60M (Peak 41.23M) | Time:00:01.26 | Mem:1.49M, Peak:1.79M | Scene, ViewLayer | Updating Geometry BVH Contoured expansion nozzle.093 30/45 | Building BVH
Fra:1 Mem:15.60M (Peak 41.23M) | Time:00:01.26 | Mem:1.49M, Peak:1.79M | Scene, ViewLayer | Updating Geometry BVH Contoured expansion nozzle.093 30/45 | Building OptiX acceleration structure
Fra:1 Mem:15.60M (Peak 41.23M) | Time:00:01.26 | Mem:1.50M, Peak:1.79M | Scene, ViewLayer | Updating Geometry BVH Nozzle petal seam.1116 31/45 | Building BVH
Fra:1 Mem:15.60M (Peak 41.23M) | Time:00:01.26 | Mem:1.50M, Peak:1.79M | Scene, ViewLayer | Updating Geometry BVH Nozzle petal seam.1116 31/45 | Building OptiX acceleration structure
Fra:1 Mem:15.60M (Peak 41.23M) | Time:00:01.26 | Mem:1.50M, Peak:1.79M | Scene, ViewLayer | Updating Geometry BVH Nozzle petal seam.1117 32/45 | Building BVH
Fra:1 Mem:15.60M (Peak 41.23M) | Time:00:01.26 | Mem:1.51M, Peak:1.79M | Scene, ViewLayer | Updating Geometry BVH Nozzle petal seam.1117 32/45 | Building OptiX acceleration structure
Fra:1 Mem:15.60M (Peak 41.23M) | Time:00:01.26 | Mem:1.50M, Peak:1.79M | Scene, ViewLayer | Updating Geometry BVH Nozzle petal seam.1118 33/45 | Building BVH
Fra:1 Mem:15.60M (Peak 41.23M) | Time:00:01.26 | Mem:1.50M, Peak:1.79M | Scene, ViewLayer | Updating Geometry BVH Nozzle petal seam.1118 33/45 | Building OptiX acceleration structure
Fra:1 Mem:15.60M (Peak 41.23M) | Time:00:01.27 | Mem:1.50M, Peak:1.79M | Scene, ViewLayer | Updating Geometry BVH Nozzle petal seam.1119 34/45 | Building BVH
Fra:1 Mem:15.60M (Peak 41.23M) | Time:00:01.27 | Mem:1.56M, Peak:1.79M | Scene, ViewLayer | Updating Geometry BVH Nozzle petal seam.1119 34/45 | Building OptiX acceleration structure
Fra:1 Mem:15.58M (Peak 41.23M) | Time:00:01.27 | Mem:1.50M, Peak:1.79M | Scene, ViewLayer | Updating Geometry BVH Nozzle petal seam.1120 35/45 | Building BVH
Fra:1 Mem:15.58M (Peak 41.23M) | Time:00:01.27 | Mem:1.50M, Peak:1.79M | Scene, ViewLayer | Updating Geometry BVH Nozzle petal seam.1120 35/45 | Building OptiX acceleration structure
Fra:1 Mem:15.55M (Peak 41.23M) | Time:00:01.27 | Mem:1.51M, Peak:1.79M | Scene, ViewLayer | Updating Geometry BVH Nozzle petal seam.1121 36/45 | Building BVH
Fra:1 Mem:15.55M (Peak 41.23M) | Time:00:01.27 | Mem:1.51M, Peak:1.79M | Scene, ViewLayer | Updating Geometry BVH Nozzle petal seam.1121 36/45 | Building OptiX acceleration structure
Fra:1 Mem:15.55M (Peak 41.23M) | Time:00:01.27 | Mem:1.51M, Peak:1.79M | Scene, ViewLayer | Updating Geometry BVH Nozzle petal seam.1126 41/45 | Building BVH
Fra:1 Mem:15.55M (Peak 41.23M) | Time:00:01.27 | Mem:1.52M, Peak:1.79M | Scene, ViewLayer | Updating Geometry BVH Nozzle petal seam.1126 41/45 | Building OptiX acceleration structure
Fra:1 Mem:15.54M (Peak 41.23M) | Time:00:01.27 | Mem:1.50M, Peak:1.79M | Scene, ViewLayer | Updating Geometry BVH Nozzle petal seam.1122 37/45 | Building BVH
Fra:1 Mem:15.54M (Peak 41.23M) | Time:00:01.27 | Mem:1.52M, Peak:1.79M | Scene, ViewLayer | Updating Geometry BVH Nozzle petal seam.1122 37/45 | Building OptiX acceleration structure
Fra:1 Mem:15.53M (Peak 41.23M) | Time:00:01.27 | Mem:1.51M, Peak:1.79M | Scene, ViewLayer | Updating Geometry BVH Nozzle petal seam.1123 38/45 | Building BVH
Fra:1 Mem:15.53M (Peak 41.23M) | Time:00:01.27 | Mem:1.51M, Peak:1.79M | Scene, ViewLayer | Updating Geometry BVH Nozzle petal seam.1123 38/45 | Building OptiX acceleration structure
Fra:1 Mem:15.52M (Peak 41.23M) | Time:00:01.27 | Mem:1.51M, Peak:1.79M | Scene, ViewLayer | Updating Geometry BVH Nozzle petal seam.1124 39/45 | Building BVH
Fra:1 Mem:15.52M (Peak 41.23M) | Time:00:01.27 | Mem:1.51M, Peak:1.79M | Scene, ViewLayer | Updating Geometry BVH Nozzle petal seam.1124 39/45 | Building OptiX acceleration structure
Fra:1 Mem:15.52M (Peak 41.23M) | Time:00:01.27 | Mem:1.51M, Peak:1.79M | Scene, ViewLayer | Updating Geometry BVH Nozzle petal seam.1125 40/45 | Building BVH
Fra:1 Mem:15.52M (Peak 41.23M) | Time:00:01.27 | Mem:1.52M, Peak:1.79M | Scene, ViewLayer | Updating Geometry BVH Nozzle petal seam.1125 40/45 | Building OptiX acceleration structure
Fra:1 Mem:15.52M (Peak 41.23M) | Time:00:01.28 | Mem:1.52M, Peak:1.79M | Scene, ViewLayer | Updating Scene BVH | Building
Fra:1 Mem:15.52M (Peak 41.23M) | Time:00:01.28 | Mem:1.52M, Peak:1.79M | Scene, ViewLayer | Updating Scene BVH | Building OptiX acceleration structure
Fra:1 Mem:15.52M (Peak 41.23M) | Time:00:01.28 | Mem:1.53M, Peak:1.79M | Scene, ViewLayer | Updating Scene BVH | Copying BVH to device
Fra:1 Mem:15.52M (Peak 41.23M) | Time:00:01.28 | Mem:1.53M, Peak:1.79M | Scene, ViewLayer | Updating Mesh | Computing normals
Fra:1 Mem:16.17M (Peak 41.23M) | Time:00:01.29 | Mem:1.53M, Peak:1.79M | Scene, ViewLayer | Updating Mesh | Copying Mesh to device
Fra:1 Mem:16.17M (Peak 41.23M) | Time:00:01.29 | Mem:2.18M, Peak:2.18M | Scene, ViewLayer | Updating Objects Flags
Fra:1 Mem:16.17M (Peak 41.23M) | Time:00:01.29 | Mem:2.18M, Peak:2.18M | Scene, ViewLayer | Updating Primitive Offsets
Fra:1 Mem:16.17M (Peak 41.23M) | Time:00:01.29 | Mem:2.18M, Peak:2.18M | Scene, ViewLayer | Updating Images
Fra:1 Mem:16.17M (Peak 41.23M) | Time:00:01.29 | Mem:2.18M, Peak:2.18M | Scene, ViewLayer | Updating Images | Loading panel-normal.png
Fra:1 Mem:20.17M (Peak 41.23M) | Time:00:01.29 | Mem:2.18M, Peak:2.18M | Scene, ViewLayer | Updating Images | Loading white-basecolor.png
Fra:1 Mem:24.17M (Peak 41.23M) | Time:00:01.29 | Mem:2.18M, Peak:2.18M | Scene, ViewLayer | Updating Images | Loading cobalt-basecolor.png
Fra:1 Mem:28.17M (Peak 41.23M) | Time:00:01.30 | Mem:2.18M, Peak:2.18M | Scene, ViewLayer | Updating Images | Loading paint-orm.png
Fra:1 Mem:32.18M (Peak 41.23M) | Time:00:01.45 | Mem:18.18M, Peak:18.18M | Scene, ViewLayer | Updating Camera Volume
Fra:1 Mem:32.18M (Peak 41.23M) | Time:00:01.45 | Mem:18.18M, Peak:18.18M | Scene, ViewLayer | Updating Lookup Tables
Fra:1 Mem:32.18M (Peak 41.23M) | Time:00:01.45 | Mem:18.26M, Peak:18.26M | Scene, ViewLayer | Updating Lights
Fra:1 Mem:32.18M (Peak 41.23M) | Time:00:01.45 | Mem:18.26M, Peak:18.26M | Scene, ViewLayer | Updating Lights | Computing tree
Fra:1 Mem:32.37M (Peak 41.23M) | Time:00:01.47 | Mem:18.45M, Peak:18.45M | Scene, ViewLayer | Updating Integrator
Fra:1 Mem:32.37M (Peak 41.23M) | Time:00:01.47 | Mem:18.45M, Peak:18.45M | Scene, ViewLayer | Updating Film
Fra:1 Mem:32.38M (Peak 41.23M) | Time:00:01.47 | Mem:18.37M, Peak:18.45M | Scene, ViewLayer | Updating Lookup Tables
Fra:1 Mem:32.38M (Peak 41.23M) | Time:00:01.47 | Mem:18.46M, Peak:18.46M | Scene, ViewLayer | Updating Baking
Fra:1 Mem:32.38M (Peak 41.23M) | Time:00:01.47 | Mem:18.46M, Peak:18.46M | Scene, ViewLayer | Updating Device | Writing constant memory
Fra:1 Mem:32.38M (Peak 41.23M) | Time:00:01.47 | Mem:18.46M, Peak:18.46M | Scene, ViewLayer | Loading denoising kernels (may take a few minutes the first time)
Fra:1 Mem:36.38M (Peak 41.23M) | Time:00:01.50 | Mem:370.46M, Peak:370.46M | Scene, ViewLayer | Sample 0/24
Fra:1 Mem:83.35M (Peak 83.35M) | Time:00:01.52 | Remaining:00:00.47 | Mem:417.44M, Peak:417.44M | Scene, ViewLayer | Sample 1/24
Fra:1 Mem:103.14M (Peak 132.80M) | Time:00:06.71 | Mem:417.44M, Peak:417.44M | Scene, ViewLayer | Sample 24/24
Fra:1 Mem:103.14M (Peak 132.80M) | Time:00:06.71 | Mem:417.44M, Peak:417.44M | Scene, ViewLayer | Finished
Saved: 'D:\vibe-coding-e\nova-swarm-forum-129-improvements-20260822\docs\fleet-art-v2\ships\27\surfaced.png'
Time: 00:07.07 (Saving: 00:00.23)

Info: Saved as "source.blend"
17:13:44 | INFO: Starting glTF 2.0 export
17:13:44 | INFO: Extracting primitive: Continuous pressure fuselage.022
17:13:44 | WARNING: More than one shader node tex image used for a texture. The resulting glTF sampler will behave like the first shader node tex image.
17:13:44 | WARNING: More than one shader node tex image used for a texture. The resulting glTF sampler will behave like the first shader node tex image.
17:13:44 | INFO: Primitives created: 6
17:13:44 | INFO: Finished glTF 2.0 export in 0.3045966625213623 s
Fra:1 Mem:15.26M (Peak 30.76M) | Time:00:00.23 | Mem:0.00M, Peak:0.00M | Scene, ViewLayer | Synchronizing object | Broad neutral key
Fra:1 Mem:15.26M (Peak 30.76M) | Time:00:00.23 | Mem:0.00M, Peak:0.00M | Scene, ViewLayer | Synchronizing object | EiriktheVikingV2
Fra:1 Mem:16.89M (Peak 30.76M) | Time:00:00.24 | Mem:0.00M, Peak:0.00M | Scene, ViewLayer | Initializing
Fra:1 Mem:16.42M (Peak 30.76M) | Time:00:00.24 | Mem:0.00M, Peak:0.00M | Scene, ViewLayer | Waiting for render to start
Fra:1 Mem:16.42M (Peak 30.76M) | Time:00:00.24 | Mem:0.00M, Peak:0.00M | Scene, ViewLayer | Updating Scene
Fra:1 Mem:16.42M (Peak 30.76M) | Time:00:00.24 | Mem:0.00M, Peak:0.00M | Scene, ViewLayer | Updating Shaders
Fra:1 Mem:16.42M (Peak 30.76M) | Time:00:00.24 | Mem:0.00M, Peak:0.00M | Scene, ViewLayer | Loading render kernels (may take a few minutes the first time)
Fra:1 Mem:16.50M (Peak 43.79M) | Time:00:00.40 | Mem:0.01M, Peak:0.01M | Scene, ViewLayer | Updating Procedurals
Fra:1 Mem:16.50M (Peak 43.79M) | Time:00:00.40 | Mem:0.01M, Peak:0.01M | Scene, ViewLayer | Updating Background
Fra:1 Mem:16.50M (Peak 43.79M) | Time:00:00.40 | Mem:0.01M, Peak:0.01M | Scene, ViewLayer | Updating Camera
Fra:1 Mem:16.50M (Peak 43.79M) | Time:00:00.40 | Mem:0.01M, Peak:0.01M | Scene, ViewLayer | Updating Meshes Flags
Fra:1 Mem:16.50M (Peak 43.79M) | Time:00:00.40 | Mem:0.01M, Peak:0.01M | Scene, ViewLayer | Updating Objects
Fra:1 Mem:16.50M (Peak 43.79M) | Time:00:00.40 | Mem:0.01M, Peak:0.01M | Scene, ViewLayer | Updating Objects | Copying Transformations to device
Fra:1 Mem:16.51M (Peak 43.79M) | Time:00:00.40 | Mem:0.01M, Peak:0.01M | Scene, ViewLayer | Updating Particle Systems
Fra:1 Mem:16.51M (Peak 43.79M) | Time:00:00.40 | Mem:0.01M, Peak:0.01M | Scene, ViewLayer | Updating Particle Systems | Copying Particles to device
Fra:1 Mem:16.51M (Peak 43.79M) | Time:00:00.40 | Mem:0.01M, Peak:0.01M | Scene, ViewLayer | Updating Meshes
Fra:1 Mem:17.62M (Peak 43.79M) | Time:00:00.42 | Mem:0.01M, Peak:0.01M | Scene, ViewLayer | Updating Objects | Applying Static Transformations
Fra:1 Mem:17.62M (Peak 43.79M) | Time:00:00.42 | Mem:0.01M, Peak:0.01M | Scene, ViewLayer | Updating Mesh | Computing attributes
Fra:1 Mem:19.10M (Peak 43.79M) | Time:00:00.42 | Mem:0.01M, Peak:0.01M | Scene, ViewLayer | Updating Mesh | Copying Attributes to device
Fra:1 Mem:19.10M (Peak 43.79M) | Time:00:00.42 | Mem:1.49M, Peak:1.49M | Scene, ViewLayer | Updating Geometry BVH light 5/4 | Building BVH
Fra:1 Mem:19.10M (Peak 43.79M) | Time:00:00.42 | Mem:1.49M, Peak:1.49M | Scene, ViewLayer | Updating Geometry BVH Continuous pressure fuselage.022 4/4 | Building BVH
Fra:1 Mem:19.10M (Peak 43.79M) | Time:00:00.42 | Mem:1.49M, Peak:1.49M | Scene, ViewLayer | Updating Geometry BVH Continuous pressure fuselage.022 4/4 | Building OptiX acceleration structure
Fra:1 Mem:19.10M (Peak 43.79M) | Time:00:00.42 | Mem:1.97M, Peak:3.44M | Scene, ViewLayer | Updating Scene BVH | Building
Fra:1 Mem:19.10M (Peak 43.79M) | Time:00:00.42 | Mem:1.97M, Peak:3.44M | Scene, ViewLayer | Updating Scene BVH | Building OptiX acceleration structure
Fra:1 Mem:19.10M (Peak 43.79M) | Time:00:00.42 | Mem:1.97M, Peak:3.44M | Scene, ViewLayer | Updating Scene BVH | Copying BVH to device
Fra:1 Mem:19.10M (Peak 43.79M) | Time:00:00.42 | Mem:1.97M, Peak:3.44M | Scene, ViewLayer | Updating Mesh | Computing normals
Fra:1 Mem:19.68M (Peak 43.79M) | Time:00:00.43 | Mem:1.97M, Peak:3.44M | Scene, ViewLayer | Updating Mesh | Copying Mesh to device
Fra:1 Mem:19.68M (Peak 43.79M) | Time:00:00.43 | Mem:2.55M, Peak:3.44M | Scene, ViewLayer | Updating Objects Flags
Fra:1 Mem:19.68M (Peak 43.79M) | Time:00:00.43 | Mem:2.55M, Peak:3.44M | Scene, ViewLayer | Updating Primitive Offsets
Fra:1 Mem:19.68M (Peak 43.79M) | Time:00:00.43 | Mem:2.55M, Peak:3.44M | Scene, ViewLayer | Updating Images
Fra:1 Mem:19.68M (Peak 43.79M) | Time:00:00.43 | Mem:2.55M, Peak:3.44M | Scene, ViewLayer | Updating Images | Loading panel-normal.png
Fra:1 Mem:23.68M (Peak 43.79M) | Time:00:00.43 | Mem:2.55M, Peak:3.44M | Scene, ViewLayer | Updating Images | Loading white-basecolor.png
Fra:1 Mem:27.68M (Peak 43.79M) | Time:00:00.43 | Mem:2.55M, Peak:3.44M | Scene, ViewLayer | Updating Images | Loading cobalt-basecolor.png
Fra:1 Mem:35.69M (Peak 43.79M) | Time:00:00.45 | Mem:18.55M, Peak:18.55M | Scene, ViewLayer | Updating Camera Volume
Fra:1 Mem:35.69M (Peak 43.79M) | Time:00:00.45 | Mem:18.55M, Peak:18.55M | Scene, ViewLayer | Updating Lookup Tables
Fra:1 Mem:35.69M (Peak 43.79M) | Time:00:00.45 | Mem:18.64M, Peak:18.64M | Scene, ViewLayer | Updating Lights
Fra:1 Mem:35.69M (Peak 43.79M) | Time:00:00.45 | Mem:18.64M, Peak:18.64M | Scene, ViewLayer | Updating Lights | Computing tree
Fra:1 Mem:35.95M (Peak 43.79M) | Time:00:00.46 | Mem:18.90M, Peak:18.90M | Scene, ViewLayer | Updating Integrator
Fra:1 Mem:35.95M (Peak 43.79M) | Time:00:00.46 | Mem:18.90M, Peak:18.90M | Scene, ViewLayer | Updating Film
Fra:1 Mem:35.95M (Peak 43.79M) | Time:00:00.46 | Mem:18.81M, Peak:18.90M | Scene, ViewLayer | Updating Lookup Tables
Fra:1 Mem:35.95M (Peak 43.79M) | Time:00:00.46 | Mem:18.90M, Peak:18.90M | Scene, ViewLayer | Updating Baking
Fra:1 Mem:35.95M (Peak 43.79M) | Time:00:00.46 | Mem:18.90M, Peak:18.90M | Scene, ViewLayer | Updating Device | Writing constant memory
Fra:1 Mem:35.96M (Peak 43.79M) | Time:00:00.46 | Mem:18.90M, Peak:18.90M | Scene, ViewLayer | Loading denoising kernels (may take a few minutes the first time)
Fra:1 Mem:39.96M (Peak 43.79M) | Time:00:00.50 | Mem:370.90M, Peak:370.90M | Scene, ViewLayer | Sample 0/24
Fra:1 Mem:115.96M (Peak 115.96M) | Time:00:00.56 | Remaining:00:01.49 | Mem:446.91M, Peak:446.91M | Scene, ViewLayer | Sample 1/24
Fra:1 Mem:147.97M (Peak 195.97M) | Time:00:09.72 | Mem:446.92M, Peak:446.92M | Scene, ViewLayer | Sample 24/24
Fra:1 Mem:147.97M (Peak 195.97M) | Time:00:09.72 | Mem:446.92M, Peak:446.92M | Scene, ViewLayer | Finished
Saved: 'D:\vibe-coding-e\nova-swarm-forum-129-improvements-20260822\docs\fleet-art-v2\ships\27\export\showroom.png'
Time: 00:10.11 (Saving: 00:00.22)

Fra:1 Mem:15.56M (Peak 15.56M) | Time:00:00.23 | Mem:0.00M, Peak:0.00M | Scene, ViewLayer | Synchronizing object | Broad neutral key
Fra:1 Mem:15.56M (Peak 15.56M) | Time:00:00.23 | Mem:0.00M, Peak:0.00M | Scene, ViewLayer | Synchronizing object | EiriktheVikingV2
Fra:1 Mem:16.89M (Peak 17.68M) | Time:00:00.24 | Mem:0.00M, Peak:0.00M | Scene, ViewLayer | Initializing
Fra:1 Mem:16.42M (Peak 17.68M) | Time:00:00.24 | Mem:0.00M, Peak:0.00M | Scene, ViewLayer | Waiting for render to start
Fra:1 Mem:16.42M (Peak 17.68M) | Time:00:00.24 | Mem:0.00M, Peak:0.00M | Scene, ViewLayer | Updating Scene
Fra:1 Mem:16.42M (Peak 17.68M) | Time:00:00.24 | Mem:0.00M, Peak:0.00M | Scene, ViewLayer | Updating Shaders
Fra:1 Mem:16.42M (Peak 17.68M) | Time:00:00.24 | Mem:0.00M, Peak:0.00M | Scene, ViewLayer | Loading render kernels (may take a few minutes the first time)
Fra:1 Mem:16.50M (Peak 43.79M) | Time:00:00.38 | Mem:0.01M, Peak:0.01M | Scene, ViewLayer | Updating Procedurals
Fra:1 Mem:16.50M (Peak 43.79M) | Time:00:00.38 | Mem:0.01M, Peak:0.01M | Scene, ViewLayer | Updating Background
Fra:1 Mem:16.50M (Peak 43.79M) | Time:00:00.38 | Mem:0.01M, Peak:0.01M | Scene, ViewLayer | Updating Camera
Fra:1 Mem:16.50M (Peak 43.79M) | Time:00:00.38 | Mem:0.01M, Peak:0.01M | Scene, ViewLayer | Updating Meshes Flags
Fra:1 Mem:16.50M (Peak 43.79M) | Time:00:00.38 | Mem:0.01M, Peak:0.01M | Scene, ViewLayer | Updating Objects
Fra:1 Mem:16.50M (Peak 43.79M) | Time:00:00.38 | Mem:0.01M, Peak:0.01M | Scene, ViewLayer | Updating Objects | Copying Transformations to device
Fra:1 Mem:16.51M (Peak 43.79M) | Time:00:00.38 | Mem:0.01M, Peak:0.01M | Scene, ViewLayer | Updating Particle Systems
Fra:1 Mem:16.51M (Peak 43.79M) | Time:00:00.38 | Mem:0.01M, Peak:0.01M | Scene, ViewLayer | Updating Particle Systems | Copying Particles to device
Fra:1 Mem:16.51M (Peak 43.79M) | Time:00:00.38 | Mem:0.01M, Peak:0.01M | Scene, ViewLayer | Updating Meshes
Fra:1 Mem:17.62M (Peak 43.79M) | Time:00:00.39 | Mem:0.01M, Peak:0.01M | Scene, ViewLayer | Updating Objects | Applying Static Transformations
Fra:1 Mem:17.62M (Peak 43.79M) | Time:00:00.39 | Mem:0.01M, Peak:0.01M | Scene, ViewLayer | Updating Mesh | Computing attributes
Fra:1 Mem:19.10M (Peak 43.79M) | Time:00:00.39 | Mem:0.01M, Peak:0.01M | Scene, ViewLayer | Updating Mesh | Copying Attributes to device
Fra:1 Mem:19.10M (Peak 43.79M) | Time:00:00.40 | Mem:1.49M, Peak:1.49M | Scene, ViewLayer | Updating Geometry BVH light 5/4 | Building BVH
Fra:1 Mem:19.10M (Peak 43.79M) | Time:00:00.40 | Mem:1.49M, Peak:1.49M | Scene, ViewLayer | Updating Geometry BVH Neutral fill 3/4 | Building BVH
Fra:1 Mem:19.10M (Peak 43.79M) | Time:00:00.40 | Mem:1.49M, Peak:1.49M | Scene, ViewLayer | Updating Geometry BVH Neutral fill 3/4 | Building OptiX acceleration structure
Fra:1 Mem:19.10M (Peak 43.79M) | Time:00:00.40 | Mem:1.49M, Peak:1.49M | Scene, ViewLayer | Updating Geometry BVH Continuous pressure fuselage.022 4/4 | Building BVH
Fra:1 Mem:19.10M (Peak 43.79M) | Time:00:00.40 | Mem:1.49M, Peak:1.49M | Scene, ViewLayer | Updating Geometry BVH Continuous pressure fuselage.022 4/4 | Building OptiX acceleration structure
Fra:1 Mem:19.10M (Peak 43.79M) | Time:00:00.40 | Mem:1.97M, Peak:3.44M | Scene, ViewLayer | Updating Scene BVH | Building
Fra:1 Mem:19.10M (Peak 43.79M) | Time:00:00.40 | Mem:1.97M, Peak:3.44M | Scene, ViewLayer | Updating Scene BVH | Building OptiX acceleration structure
Fra:1 Mem:19.10M (Peak 43.79M) | Time:00:00.40 | Mem:1.97M, Peak:3.44M | Scene, ViewLayer | Updating Scene BVH | Copying BVH to device
Fra:1 Mem:19.10M (Peak 43.79M) | Time:00:00.40 | Mem:1.97M, Peak:3.44M | Scene, ViewLayer | Updating Mesh | Computing normals
Fra:1 Mem:19.68M (Peak 43.79M) | Time:00:00.40 | Mem:1.97M, Peak:3.44M | Scene, ViewLayer | Updating Mesh | Copying Mesh to device
Fra:1 Mem:19.68M (Peak 43.79M) | Time:00:00.40 | Mem:2.55M, Peak:3.44M | Scene, ViewLayer | Updating Objects Flags
Fra:1 Mem:19.68M (Peak 43.79M) | Time:00:00.40 | Mem:2.55M, Peak:3.44M | Scene, ViewLayer | Updating Primitive Offsets
Fra:1 Mem:19.68M (Peak 43.79M) | Time:00:00.40 | Mem:2.55M, Peak:3.44M | Scene, ViewLayer | Updating Images
Fra:1 Mem:19.68M (Peak 43.79M) | Time:00:00.40 | Mem:2.55M, Peak:3.44M | Scene, ViewLayer | Updating Images | Loading panel-normal.png
Fra:1 Mem:23.68M (Peak 43.79M) | Time:00:00.40 | Mem:2.55M, Peak:3.44M | Scene, ViewLayer | Updating Images | Loading cobalt-basecolor.png
Fra:1 Mem:27.68M (Peak 43.79M) | Time:00:00.40 | Mem:2.55M, Peak:3.44M | Scene, ViewLayer | Updating Images | Loading paint-orm.png
Fra:1 Mem:35.69M (Peak 43.79M) | Time:00:00.42 | Mem:18.55M, Peak:18.55M | Scene, ViewLayer | Updating Camera Volume
Fra:1 Mem:35.69M (Peak 43.79M) | Time:00:00.42 | Mem:18.55M, Peak:18.55M | Scene, ViewLayer | Updating Lookup Tables
Fra:1 Mem:35.69M (Peak 43.79M) | Time:00:00.42 | Mem:18.64M, Peak:18.64M | Scene, ViewLayer | Updating Lights
Fra:1 Mem:35.69M (Peak 43.79M) | Time:00:00.42 | Mem:18.64M, Peak:18.64M | Scene, ViewLayer | Updating Lights | Computing tree
Fra:1 Mem:35.95M (Peak 43.79M) | Time:00:00.43 | Mem:18.90M, Peak:18.90M | Scene, ViewLayer | Updating Integrator
Fra:1 Mem:35.95M (Peak 43.79M) | Time:00:00.43 | Mem:18.90M, Peak:18.90M | Scene, ViewLayer | Updating Film
Fra:1 Mem:35.95M (Peak 43.79M) | Time:00:00.43 | Mem:18.81M, Peak:18.90M | Scene, ViewLayer | Updating Lookup Tables
Fra:1 Mem:35.95M (Peak 43.79M) | Time:00:00.43 | Mem:18.90M, Peak:18.90M | Scene, ViewLayer | Updating Baking
Fra:1 Mem:35.95M (Peak 43.79M) | Time:00:00.43 | Mem:18.90M, Peak:18.90M | Scene, ViewLayer | Updating Device | Writing constant memory
Fra:1 Mem:35.96M (Peak 43.79M) | Time:00:00.43 | Mem:18.90M, Peak:18.90M | Scene, ViewLayer | Loading denoising kernels (may take a few minutes the first time)
Fra:1 Mem:39.96M (Peak 43.79M) | Time:00:00.45 | Mem:370.90M, Peak:370.90M | Scene, ViewLayer | Sample 0/24
Fra:1 Mem:58.96M (Peak 58.96M) | Time:00:00.47 | Remaining:00:00.41 | Mem:389.91M, Peak:389.91M | Scene, ViewLayer | Sample 1/24
Fra:1 Mem:66.97M (Peak 78.97M) | Time:00:02.84 | Mem:389.92M, Peak:389.92M | Scene, ViewLayer | Sample 24/24
Fra:1 Mem:66.97M (Peak 78.97M) | Time:00:02.84 | Mem:389.92M, Peak:389.92M | Scene, ViewLayer | Finished
Saved: 'D:\vibe-coding-e\nova-swarm-forum-129-improvements-20260822\docs\fleet-art-v2\ships\27\export\player.png'
Time: 00:03.04 (Saving: 00:00.06)


FLEET_V2_COMPLETE 27 Eirik the Viking
Read blend: "D:\vibe-coding-e\nova-swarm-forum-129-improvements-20260822\docs\fleet-art-v2\ships\28\source.blend"
Fra:1 Mem:15.38M (Peak 15.38M) | Time:00:00.24 | Mem:0.00M, Peak:0.00M | Scene, ViewLayer | Synchronizing object | Broad neutral key
Fra:1 Mem:15.38M (Peak 15.38M) | Time:00:00.24 | Mem:0.00M, Peak:0.00M | Scene, ViewLayer | Synchronizing object | Neutral fill
Fra:1 Mem:15.70M (Peak 15.70M) | Time:00:00.30 | Mem:0.00M, Peak:0.00M | Scene, ViewLayer | Synchronizing object | Continuous pressure fuselage
Fra:1 Mem:16.55M (Peak 16.55M) | Time:00:00.35 | Mem:0.00M, Peak:0.00M | Scene, ViewLayer | Synchronizing object | Cockpit integrated coaming
Fra:1 Mem:17.08M (Peak 17.08M) | Time:00:00.40 | Mem:0.00M, Peak:0.00M | Scene, ViewLayer | Synchronizing object | Pressure canopy glazing
Fra:1 Mem:17.08M (Peak 17.08M) | Time:00:00.40 | Mem:0.00M, Peak:0.00M | Scene, ViewLayer | Synchronizing object | Canopy lower frame
Fra:1 Mem:17.36M (Peak 17.36M) | Time:00:00.40 | Mem:0.00M, Peak:0.00M | Scene, ViewLayer | Synchronizing object | Canopy lower frame.001
Fra:1 Mem:17.39M (Peak 17.39M) | Time:00:00.40 | Mem:0.00M, Peak:0.00M | Scene, ViewLayer | Synchronizing object | Canopy pressure bow
Fra:1 Mem:17.41M (Peak 17.41M) | Time:00:00.40 | Mem:0.00M, Peak:0.00M | Scene, ViewLayer | Synchronizing object | Integrated lifting hull
Fra:1 Mem:17.42M (Peak 17.42M) | Time:00:00.40 | Mem:0.00M, Peak:0.00M | Scene, ViewLayer | Synchronizing object | Integrated propulsion nacelle
Fra:1 Mem:17.42M (Peak 17.42M) | Time:00:00.40 | Mem:0.00M, Peak:0.00M | Scene, ViewLayer | Synchronizing object | Contoured expansion nozzle
Fra:1 Mem:17.53M (Peak 17.53M) | Time:00:00.40 | Mem:0.00M, Peak:0.00M | Scene, ViewLayer | Synchronizing object | Nozzle petal seam.001
Fra:1 Mem:17.52M (Peak 17.53M) | Time:00:00.40 | Mem:0.00M, Peak:0.00M | Scene, ViewLayer | Synchronizing object | Nozzle petal seam.002
Fra:1 Mem:17.52M (Peak 17.53M) | Time:00:00.40 | Mem:0.00M, Peak:0.00M | Scene, ViewLayer | Synchronizing object | Nozzle petal seam.003
Fra:1 Mem:17.52M (Peak 17.53M) | Time:00:00.40 | Mem:0.00M, Peak:0.00M | Scene, ViewLayer | Synchronizing object | Nozzle petal seam.004
Fra:1 Mem:17.55M (Peak 17.55M) | Time:00:00.40 | Mem:0.00M, Peak:0.00M | Scene, ViewLayer | Synchronizing object | Nozzle petal seam.005
Fra:1 Mem:17.53M (Peak 17.55M) | Time:00:00.40 | Mem:0.00M, Peak:0.00M | Scene, ViewLayer | Synchronizing object | Nozzle petal seam.006
Fra:1 Mem:17.52M (Peak 17.55M) | Time:00:00.40 | Mem:0.00M, Peak:0.00M | Scene, ViewLayer | Synchronizing object | Nozzle petal seam.007
Fra:1 Mem:17.52M (Peak 17.55M) | Time:00:00.40 | Mem:0.00M, Peak:0.00M | Scene, ViewLayer | Synchronizing object | Nozzle petal seam.008
Fra:1 Mem:17.53M (Peak 17.55M) | Time:00:00.40 | Mem:0.00M, Peak:0.00M | Scene, ViewLayer | Synchronizing object | Nozzle petal seam.009
Fra:1 Mem:17.53M (Peak 17.55M) | Time:00:00.40 | Mem:0.00M, Peak:0.00M | Scene, ViewLayer | Synchronizing object | Nozzle petal seam.010
Fra:1 Mem:17.53M (Peak 17.55M) | Time:00:00.40 | Mem:0.00M, Peak:0.00M | Scene, ViewLayer | Synchronizing object | Nozzle petal seam.011
Fra:1 Mem:17.53M (Peak 17.55M) | Time:00:00.40 | Mem:0.00M, Peak:0.00M | Scene, ViewLayer | Synchronizing object | Deep ion throat
Fra:1 Mem:17.53M (Peak 17.55M) | Time:00:00.40 | Mem:0.00M, Peak:0.00M | Scene, ViewLayer | Synchronizing object | Recessed shield field slit
Fra:1 Mem:17.63M (Peak 17.63M) | Time:00:00.40 | Mem:0.00M, Peak:0.00M | Scene, ViewLayer | Synchronizing object | Recessed shield field slit.001
Fra:1 Mem:17.79M (Peak 17.79M) | Time:00:00.40 | Mem:0.00M, Peak:0.00M | Scene, ViewLayer | Synchronizing object | Recessed shield field slit.002
Fra:1 Mem:17.78M (Peak 17.79M) | Time:00:00.40 | Mem:0.00M, Peak:0.00M | Scene, ViewLayer | Synchronizing object | Recessed shield field slit.003
Fra:1 Mem:17.73M (Peak 17.79M) | Time:00:00.40 | Mem:0.00M, Peak:0.00M | Scene, ViewLayer | Synchronizing object | Integrated lifting hull.001
Fra:1 Mem:17.73M (Peak 17.79M) | Time:00:00.40 | Mem:0.00M, Peak:0.00M | Scene, ViewLayer | Synchronizing object | Integrated propulsion nacelle.001
Fra:1 Mem:17.74M (Peak 17.79M) | Time:00:00.40 | Mem:0.00M, Peak:0.00M | Scene, ViewLayer | Synchronizing object | Contoured expansion nozzle.001
Fra:1 Mem:17.81M (Peak 17.81M) | Time:00:00.40 | Mem:0.00M, Peak:0.00M | Scene, ViewLayer | Synchronizing object | Nozzle petal seam.013
Fra:1 Mem:17.88M (Peak 17.88M) | Time:00:00.40 | Mem:0.00M, Peak:0.00M | Scene, ViewLayer | Synchronizing object | Nozzle petal seam.014
Fra:1 Mem:17.83M (Peak 17.88M) | Time:00:00.40 | Mem:0.00M, Peak:0.00M | Scene, ViewLayer | Synchronizing object | Nozzle petal seam.015
Fra:1 Mem:17.85M (Peak 17.88M) | Time:00:00.40 | Mem:0.00M, Peak:0.00M | Scene, ViewLayer | Synchronizing object | Nozzle petal seam.016
Fra:1 Mem:17.83M (Peak 17.88M) | Time:00:00.40 | Mem:0.00M, Peak:0.00M | Scene, ViewLayer | Synchronizing object | Nozzle petal seam.017
Fra:1 Mem:17.83M (Peak 17.88M) | Time:00:00.40 | Mem:0.00M, Peak:0.00M | Scene, ViewLayer | Synchronizing object | Nozzle petal seam.018
Fra:1 Mem:17.93M (Peak 17.93M) | Time:00:00.40 | Mem:0.00M, Peak:0.00M | Scene, ViewLayer | Synchronizing object | Nozzle petal seam.019
Fra:1 Mem:17.85M (Peak 17.93M) | Time:00:00.40 | Mem:0.00M, Peak:0.00M | Scene, ViewLayer | Synchronizing object | Nozzle petal seam.020
Fra:1 Mem:17.85M (Peak 17.93M) | Time:00:00.40 | Mem:0.00M, Peak:0.00M | Scene, ViewLayer | Synchronizing object | Nozzle petal seam.021
Fra:1 Mem:17.85M (Peak 17.93M) | Time:00:00.40 | Mem:0.00M, Peak:0.00M | Scene, ViewLayer | Synchronizing object | Nozzle petal seam.022
Fra:1 Mem:17.85M (Peak 17.93M) | Time:00:00.40 | Mem:0.00M, Peak:0.00M | Scene, ViewLayer | Synchronizing object | Nozzle petal seam.023
Fra:1 Mem:17.86M (Peak 17.93M) | Time:00:00.40 | Mem:0.00M, Peak:0.00M | Scene, ViewLayer | Synchronizing object | Deep ion throat.001
Fra:1 Mem:17.86M (Peak 17.93M) | Time:00:00.40 | Mem:0.00M, Peak:0.00M | Scene, ViewLayer | Synchronizing object | Recessed shield field slit.004
Fra:1 Mem:17.92M (Peak 17.93M) | Time:00:00.40 | Mem:0.00M, Peak:0.00M | Scene, ViewLayer | Synchronizing object | Deep intake duct.001
Fra:1 Mem:17.95M (Peak 17.95M) | Time:00:00.40 | Mem:0.00M, Peak:0.00M | Scene, ViewLayer | Synchronizing object | Continuous shield crescent.001
Fra:1 Mem:17.95M (Peak 17.95M) | Time:00:00.40 | Mem:0.00M, Peak:0.00M | Scene, ViewLayer | Synchronizing object | Recessed shield field slit.005
Fra:1 Mem:18.07M (Peak 18.07M) | Time:00:00.40 | Mem:0.00M, Peak:0.00M | Scene, ViewLayer | Synchronizing object | Recessed shield field slit.006
Fra:1 Mem:18.10M (Peak 18.10M) | Time:00:00.40 | Mem:0.00M, Peak:0.00M | Scene, ViewLayer | Synchronizing object | Recessed shield field slit.007
Fra:1 Mem:18.06M (Peak 18.10M) | Time:00:00.40 | Mem:0.00M, Peak:0.00M | Scene, ViewLayer | Initializing
Fra:1 Mem:14.34M (Peak 18.10M) | Time:00:00.41 | Mem:0.00M, Peak:0.00M | Scene, ViewLayer | Waiting for render to start
Fra:1 Mem:14.34M (Peak 18.10M) | Time:00:00.41 | Mem:0.00M, Peak:0.00M | Scene, ViewLayer | Updating Scene
Fra:1 Mem:14.34M (Peak 18.10M) | Time:00:00.41 | Mem:0.00M, Peak:0.00M | Scene, ViewLayer | Updating Shaders
Fra:1 Mem:14.34M (Peak 18.10M) | Time:00:00.41 | Mem:0.00M, Peak:0.00M | Scene, ViewLayer | Loading render kernels (may take a few minutes the first time)
Fra:1 Mem:14.43M (Peak 41.72M) | Time:00:01.47 | Mem:0.01M, Peak:0.01M | Scene, ViewLayer | Updating Procedurals
Fra:1 Mem:14.43M (Peak 41.72M) | Time:00:01.47 | Mem:0.01M, Peak:0.01M | Scene, ViewLayer | Updating Background
Fra:1 Mem:14.43M (Peak 41.72M) | Time:00:01.47 | Mem:0.01M, Peak:0.01M | Scene, ViewLayer | Updating Camera
Fra:1 Mem:14.43M (Peak 41.72M) | Time:00:01.47 | Mem:0.01M, Peak:0.01M | Scene, ViewLayer | Updating Meshes Flags
Fra:1 Mem:14.43M (Peak 41.72M) | Time:00:01.47 | Mem:0.01M, Peak:0.01M | Scene, ViewLayer | Updating Objects
Fra:1 Mem:14.43M (Peak 41.72M) | Time:00:01.47 | Mem:0.01M, Peak:0.01M | Scene, ViewLayer | Updating Objects | Copying Transformations to device
Fra:1 Mem:14.44M (Peak 41.72M) | Time:00:01.47 | Mem:0.02M, Peak:0.02M | Scene, ViewLayer | Updating Particle Systems
Fra:1 Mem:14.44M (Peak 41.72M) | Time:00:01.47 | Mem:0.02M, Peak:0.02M | Scene, ViewLayer | Updating Particle Systems | Copying Particles to device
Fra:1 Mem:14.44M (Peak 41.72M) | Time:00:01.47 | Mem:0.02M, Peak:0.02M | Scene, ViewLayer | Updating Meshes
Fra:1 Mem:14.99M (Peak 41.72M) | Time:00:01.47 | Mem:0.02M, Peak:0.02M | Scene, ViewLayer | Updating Objects | Applying Static Transformations
Fra:1 Mem:14.99M (Peak 41.72M) | Time:00:01.47 | Mem:0.02M, Peak:0.02M | Scene, ViewLayer | Updating Mesh | Computing attributes
Fra:1 Mem:15.84M (Peak 41.72M) | Time:00:01.47 | Mem:0.03M, Peak:0.03M | Scene, ViewLayer | Updating Mesh | Copying Attributes to device
Fra:1 Mem:15.83M (Peak 41.72M) | Time:00:01.47 | Mem:0.86M, Peak:0.86M | Scene, ViewLayer | Updating Geometry BVH Broad neutral key 2/53 | Building BVH
Fra:1 Mem:15.83M (Peak 41.72M) | Time:00:01.47 | Mem:0.86M, Peak:0.86M | Scene, ViewLayer | Updating Geometry BVH Integrated propulsion nacelle.008 11/53 | Building OptiX acceleration structure
Fra:1 Mem:15.83M (Peak 41.72M) | Time:00:01.47 | Mem:0.86M, Peak:0.86M | Scene, ViewLayer | Updating Geometry BVH Contoured expansion nozzle.018 12/53 | Building BVH
Fra:1 Mem:15.83M (Peak 41.72M) | Time:00:01.47 | Mem:0.86M, Peak:0.86M | Scene, ViewLayer | Updating Geometry BVH Nozzle petal seam.216 13/53 | Building OptiX acceleration structure
Fra:1 Mem:16.05M (Peak 41.72M) | Time:00:01.47 | Mem:0.91M, Peak:0.91M | Scene, ViewLayer | Updating Geometry BVH Nozzle petal seam.217 14/53 | Building BVH
Fra:1 Mem:16.05M (Peak 41.72M) | Time:00:01.47 | Mem:0.91M, Peak:0.91M | Scene, ViewLayer | Updating Geometry BVH Nozzle petal seam.217 14/53 | Building OptiX acceleration structure
Fra:1 Mem:16.14M (Peak 41.72M) | Time:00:01.48 | Mem:0.92M, Peak:0.92M | Scene, ViewLayer | Updating Geometry BVH Recessed shield field slit.007 53/53 | Building OptiX acceleration structure
Fra:1 Mem:16.15M (Peak 41.72M) | Time:00:01.48 | Mem:1.18M, Peak:1.19M | Scene, ViewLayer | Updating Geometry BVH Nozzle petal seam.218 15/53 | Building BVH
Fra:1 Mem:16.15M (Peak 41.72M) | Time:00:01.48 | Mem:1.60M, Peak:1.60M | Scene, ViewLayer | Updating Geometry BVH Nozzle petal seam.218 15/53 | Building OptiX acceleration structure
Fra:1 Mem:16.07M (Peak 41.72M) | Time:00:01.48 | Mem:1.20M, Peak:1.60M | Scene, ViewLayer | Updating Geometry BVH Nozzle petal seam.219 16/53 | Building BVH
Fra:1 Mem:16.07M (Peak 41.72M) | Time:00:01.48 | Mem:1.21M, Peak:1.60M | Scene, ViewLayer | Updating Geometry BVH Nozzle petal seam.219 16/53 | Building OptiX acceleration structure
Fra:1 Mem:16.07M (Peak 41.72M) | Time:00:01.48 | Mem:1.20M, Peak:1.60M | Scene, ViewLayer | Updating Geometry BVH Nozzle petal seam.220 17/53 | Building BVH
Fra:1 Mem:16.07M (Peak 41.72M) | Time:00:01.48 | Mem:1.24M, Peak:1.60M | Scene, ViewLayer | Updating Geometry BVH Nozzle petal seam.220 17/53 | Building OptiX acceleration structure
Fra:1 Mem:16.06M (Peak 41.72M) | Time:00:01.48 | Mem:1.20M, Peak:1.60M | Scene, ViewLayer | Updating Geometry BVH Nozzle petal seam.221 18/53 | Building BVH
Fra:1 Mem:16.06M (Peak 41.72M) | Time:00:01.48 | Mem:1.21M, Peak:1.60M | Scene, ViewLayer | Updating Geometry BVH Nozzle petal seam.221 18/53 | Building OptiX acceleration structure
Fra:1 Mem:16.06M (Peak 41.72M) | Time:00:01.48 | Mem:1.20M, Peak:1.60M | Scene, ViewLayer | Updating Geometry BVH Nozzle petal seam.222 19/53 | Building BVH
Fra:1 Mem:16.06M (Peak 41.72M) | Time:00:01.48 | Mem:1.22M, Peak:1.60M | Scene, ViewLayer | Updating Geometry BVH Nozzle petal seam.222 19/53 | Building OptiX acceleration structure
Fra:1 Mem:16.06M (Peak 41.72M) | Time:00:01.48 | Mem:1.21M, Peak:1.60M | Scene, ViewLayer | Updating Geometry BVH Nozzle petal seam.223 20/53 | Building BVH
Fra:1 Mem:16.06M (Peak 41.72M) | Time:00:01.48 | Mem:1.24M, Peak:1.60M | Scene, ViewLayer | Updating Geometry BVH Nozzle petal seam.223 20/53 | Building OptiX acceleration structure
Fra:1 Mem:16.05M (Peak 41.72M) | Time:00:01.48 | Mem:1.20M, Peak:1.60M | Scene, ViewLayer | Updating Geometry BVH Nozzle petal seam.224 21/53 | Building BVH
Fra:1 Mem:16.05M (Peak 41.72M) | Time:00:01.48 | Mem:1.22M, Peak:1.60M | Scene, ViewLayer | Updating Geometry BVH Nozzle petal seam.224 21/53 | Building OptiX acceleration structure
Fra:1 Mem:16.04M (Peak 41.72M) | Time:00:01.48 | Mem:1.21M, Peak:1.60M | Scene, ViewLayer | Updating Geometry BVH Nozzle petal seam.225 22/53 | Building BVH
Fra:1 Mem:16.04M (Peak 41.72M) | Time:00:01.48 | Mem:1.62M, Peak:1.62M | Scene, ViewLayer | Updating Geometry BVH Nozzle petal seam.225 22/53 | Building OptiX acceleration structure
Fra:1 Mem:15.92M (Peak 41.72M) | Time:00:01.48 | Mem:1.25M, Peak:1.73M | Scene, ViewLayer | Updating Geometry BVH Nozzle petal seam.226 23/53 | Building BVH
Fra:1 Mem:15.92M (Peak 41.72M) | Time:00:01.48 | Mem:1.25M, Peak:1.73M | Scene, ViewLayer | Updating Geometry BVH Nozzle petal seam.226 23/53 | Building OptiX acceleration structure
Fra:1 Mem:15.92M (Peak 41.72M) | Time:00:01.48 | Mem:1.25M, Peak:1.73M | Scene, ViewLayer | Updating Geometry BVH Recessed shield field slit.006 52/53 | Building BVH
Fra:1 Mem:15.92M (Peak 41.72M) | Time:00:01.48 | Mem:1.25M, Peak:1.73M | Scene, ViewLayer | Updating Geometry BVH Recessed shield field slit.006 52/53 | Building OptiX acceleration structure
Fra:1 Mem:15.92M (Peak 41.72M) | Time:00:01.48 | Mem:1.25M, Peak:1.73M | Scene, ViewLayer | Updating Geometry BVH Nozzle petal seam.227 24/53 | Building BVH
Fra:1 Mem:15.92M (Peak 41.72M) | Time:00:01.48 | Mem:1.43M, Peak:1.73M | Scene, ViewLayer | Updating Geometry BVH Nozzle petal seam.227 24/53 | Building OptiX acceleration structure
Fra:1 Mem:15.84M (Peak 41.72M) | Time:00:01.49 | Mem:1.27M, Peak:1.73M | Scene, ViewLayer | Updating Geometry BVH Deep ion throat.018 25/53 | Building BVH
Fra:1 Mem:15.84M (Peak 41.72M) | Time:00:01.49 | Mem:1.27M, Peak:1.73M | Scene, ViewLayer | Updating Geometry BVH Deep ion throat.018 25/53 | Building OptiX acceleration structure
Fra:1 Mem:15.86M (Peak 41.72M) | Time:00:01.49 | Mem:1.29M, Peak:1.73M | Scene, ViewLayer | Updating Geometry BVH Deep intake duct.008 26/53 | Building BVH
Fra:1 Mem:15.86M (Peak 41.72M) | Time:00:01.49 | Mem:1.30M, Peak:1.73M | Scene, ViewLayer | Updating Geometry BVH Deep intake duct.008 26/53 | Building OptiX acceleration structure
Fra:1 Mem:15.86M (Peak 41.72M) | Time:00:01.49 | Mem:1.29M, Peak:1.73M | Scene, ViewLayer | Updating Geometry BVH Continuous shield crescent 27/53 | Building BVH
Fra:1 Mem:15.86M (Peak 41.72M) | Time:00:01.49 | Mem:1.29M, Peak:1.73M | Scene, ViewLayer | Updating Geometry BVH Continuous shield crescent 27/53 | Building OptiX acceleration structure
Fra:1 Mem:15.90M (Peak 41.72M) | Time:00:01.49 | Mem:1.33M, Peak:1.73M | Scene, ViewLayer | Updating Geometry BVH Recessed shield field slit 28/53 | Building BVH
Fra:1 Mem:15.90M (Peak 41.72M) | Time:00:01.49 | Mem:1.34M, Peak:1.73M | Scene, ViewLayer | Updating Geometry BVH Recessed shield field slit 28/53 | Building OptiX acceleration structure
Fra:1 Mem:15.90M (Peak 41.72M) | Time:00:01.49 | Mem:1.33M, Peak:1.73M | Scene, ViewLayer | Updating Geometry BVH Recessed shield field slit.001 29/53 | Building BVH
Fra:1 Mem:15.90M (Peak 41.72M) | Time:00:01.49 | Mem:1.34M, Peak:1.73M | Scene, ViewLayer | Updating Geometry BVH Recessed shield field slit.001 29/53 | Building OptiX acceleration structure
Fra:1 Mem:15.90M (Peak 41.72M) | Time:00:01.49 | Mem:1.33M, Peak:1.73M | Scene, ViewLayer | Updating Geometry BVH Recessed shield field slit.002 30/53 | Building BVH
Fra:1 Mem:15.90M (Peak 41.72M) | Time:00:01.49 | Mem:1.34M, Peak:1.73M | Scene, ViewLayer | Updating Geometry BVH Recessed shield field slit.002 30/53 | Building OptiX acceleration structure
Fra:1 Mem:15.90M (Peak 41.72M) | Time:00:01.49 | Mem:1.33M, Peak:1.73M | Scene, ViewLayer | Updating Geometry BVH Recessed shield field slit.003 31/53 | Building BVH
Fra:1 Mem:15.90M (Peak 41.72M) | Time:00:01.49 | Mem:1.34M, Peak:1.73M | Scene, ViewLayer | Updating Geometry BVH Recessed shield field slit.003 31/53 | Building OptiX acceleration structure
Fra:1 Mem:15.90M (Peak 41.72M) | Time:00:01.49 | Mem:1.34M, Peak:1.73M | Scene, ViewLayer | Updating Geometry BVH Integrated lifting hull.009 32/53 | Building BVH
Fra:1 Mem:15.90M (Peak 41.72M) | Time:00:01.49 | Mem:1.34M, Peak:1.73M | Scene, ViewLayer | Updating Geometry BVH Integrated lifting hull.009 32/53 | Building OptiX acceleration structure
Fra:1 Mem:15.91M (Peak 41.72M) | Time:00:01.49 | Mem:1.35M, Peak:1.73M | Scene, ViewLayer | Updating Geometry BVH Integrated propulsion nacelle.009 33/53 | Building BVH
Fra:1 Mem:15.91M (Peak 41.72M) | Time:00:01.49 | Mem:1.36M, Peak:1.73M | Scene, ViewLayer | Updating Geometry BVH Integrated propulsion nacelle.009 33/53 | Building OptiX acceleration structure
Fra:1 Mem:15.91M (Peak 41.72M) | Time:00:01.49 | Mem:1.36M, Peak:1.73M | Scene, ViewLayer | Updating Geometry BVH Contoured expansion nozzle.019 34/53 | Building BVH
Fra:1 Mem:15.91M (Peak 41.72M) | Time:00:01.49 | Mem:1.36M, Peak:1.73M | Scene, ViewLayer | Updating Geometry BVH Contoured expansion nozzle.019 34/53 | Building OptiX acceleration structure
Fra:1 Mem:15.92M (Peak 41.72M) | Time:00:01.49 | Mem:1.36M, Peak:1.73M | Scene, ViewLayer | Updating Geometry BVH Recessed shield field slit.005 51/53 | Building BVH
Fra:1 Mem:15.92M (Peak 41.72M) | Time:00:01.49 | Mem:1.36M, Peak:1.73M | Scene, ViewLayer | Updating Geometry BVH Recessed shield field slit.005 51/53 | Building OptiX acceleration structure
Fra:1 Mem:15.92M (Peak 41.72M) | Time:00:01.49 | Mem:1.37M, Peak:1.73M | Scene, ViewLayer | Updating Geometry BVH Nozzle petal seam.228 35/53 | Building BVH
Fra:1 Mem:15.92M (Peak 41.72M) | Time:00:01.49 | Mem:1.42M, Peak:1.73M | Scene, ViewLayer | Updating Geometry BVH Nozzle petal seam.228 35/53 | Building OptiX acceleration structure
Fra:1 Mem:15.90M (Peak 41.72M) | Time:00:01.49 | Mem:1.36M, Peak:1.73M | Scene, ViewLayer | Updating Geometry BVH Nozzle petal seam.229 36/53 | Building BVH
Fra:1 Mem:15.90M (Peak 41.72M) | Time:00:01.49 | Mem:1.36M, Peak:1.73M | Scene, ViewLayer | Updating Geometry BVH Nozzle petal seam.229 36/53 | Building OptiX acceleration structure
Fra:1 Mem:15.90M (Peak 41.72M) | Time:00:01.49 | Mem:1.36M, Peak:1.73M | Scene, ViewLayer | Updating Geometry BVH Nozzle petal seam.230 37/53 | Building BVH
Fra:1 Mem:15.90M (Peak 41.72M) | Time:00:01.49 | Mem:1.40M, Peak:1.73M | Scene, ViewLayer | Updating Geometry BVH Nozzle petal seam.230 37/53 | Building OptiX acceleration structure
Fra:1 Mem:15.86M (Peak 41.72M) | Time:00:01.50 | Mem:1.35M, Peak:1.73M | Scene, ViewLayer | Updating Geometry BVH Nozzle petal seam.231 38/53 | Building BVH
Fra:1 Mem:15.86M (Peak 41.72M) | Time:00:01.50 | Mem:1.35M, Peak:1.73M | Scene, ViewLayer | Updating Geometry BVH Nozzle petal seam.231 38/53 | Building OptiX acceleration structure
Fra:1 Mem:15.86M (Peak 41.72M) | Time:00:01.50 | Mem:1.35M, Peak:1.73M | Scene, ViewLayer | Updating Geometry BVH Nozzle petal seam.232 39/53 | Building BVH
Fra:1 Mem:15.86M (Peak 41.72M) | Time:00:01.50 | Mem:1.36M, Peak:1.73M | Scene, ViewLayer | Updating Geometry BVH Nozzle petal seam.232 39/53 | Building OptiX acceleration structure
Fra:1 Mem:15.86M (Peak 41.72M) | Time:00:01.50 | Mem:1.35M, Peak:1.73M | Scene, ViewLayer | Updating Geometry BVH Nozzle petal seam.233 40/53 | Building BVH
Fra:1 Mem:15.86M (Peak 41.72M) | Time:00:01.50 | Mem:1.36M, Peak:1.73M | Scene, ViewLayer | Updating Geometry BVH Nozzle petal seam.233 40/53 | Building OptiX acceleration structure
Fra:1 Mem:15.86M (Peak 41.72M) | Time:00:01.50 | Mem:1.35M, Peak:1.73M | Scene, ViewLayer | Updating Geometry BVH Nozzle petal seam.234 41/53 | Building BVH
Fra:1 Mem:15.86M (Peak 41.72M) | Time:00:01.50 | Mem:1.36M, Peak:1.73M | Scene, ViewLayer | Updating Geometry BVH Nozzle petal seam.234 41/53 | Building OptiX acceleration structure
Fra:1 Mem:15.86M (Peak 41.72M) | Time:00:01.50 | Mem:1.35M, Peak:1.73M | Scene, ViewLayer | Updating Geometry BVH Nozzle petal seam.235 42/53 | Building BVH
Fra:1 Mem:15.86M (Peak 41.72M) | Time:00:01.50 | Mem:1.37M, Peak:1.73M | Scene, ViewLayer | Updating Geometry BVH Nozzle petal seam.235 42/53 | Building OptiX acceleration structure
Fra:1 Mem:15.85M (Peak 41.72M) | Time:00:01.50 | Mem:1.35M, Peak:1.73M | Scene, ViewLayer | Updating Geometry BVH Nozzle petal seam.236 43/53 | Building BVH
Fra:1 Mem:15.85M (Peak 41.72M) | Time:00:01.50 | Mem:1.35M, Peak:1.73M | Scene, ViewLayer | Updating Geometry BVH Nozzle petal seam.236 43/53 | Building OptiX acceleration structure
Fra:1 Mem:15.84M (Peak 41.72M) | Time:00:01.50 | Mem:1.35M, Peak:1.73M | Scene, ViewLayer | Updating Geometry BVH Nozzle petal seam.237 44/53 | Building BVH
Fra:1 Mem:15.84M (Peak 41.72M) | Time:00:01.50 | Mem:1.39M, Peak:1.73M | Scene, ViewLayer | Updating Geometry BVH Nozzle petal seam.237 44/53 | Building OptiX acceleration structure
Fra:1 Mem:15.84M (Peak 41.72M) | Time:00:01.50 | Mem:1.36M, Peak:1.73M | Scene, ViewLayer | Updating Geometry BVH Nozzle petal seam.238 45/53 | Building BVH
Fra:1 Mem:15.84M (Peak 41.72M) | Time:00:01.50 | Mem:1.36M, Peak:1.73M | Scene, ViewLayer | Updating Geometry BVH Nozzle petal seam.238 45/53 | Building OptiX acceleration structure
Fra:1 Mem:15.84M (Peak 41.72M) | Time:00:01.50 | Mem:1.36M, Peak:1.73M | Scene, ViewLayer | Updating Geometry BVH Recessed shield field slit.004 50/53 | Building BVH
Fra:1 Mem:15.84M (Peak 41.72M) | Time:00:01.50 | Mem:1.37M, Peak:1.73M | Scene, ViewLayer | Updating Geometry BVH Recessed shield field slit.004 50/53 | Building OptiX acceleration structure
Fra:1 Mem:15.84M (Peak 41.72M) | Time:00:01.50 | Mem:1.36M, Peak:1.73M | Scene, ViewLayer | Updating Geometry BVH Nozzle petal seam.239 46/53 | Building BVH
Fra:1 Mem:15.84M (Peak 41.72M) | Time:00:01.50 | Mem:1.37M, Peak:1.73M | Scene, ViewLayer | Updating Geometry BVH Nozzle petal seam.239 46/53 | Building OptiX acceleration structure
Fra:1 Mem:15.84M (Peak 41.72M) | Time:00:01.50 | Mem:1.36M, Peak:1.73M | Scene, ViewLayer | Updating Geometry BVH Deep ion throat.019 47/53 | Building BVH
Fra:1 Mem:15.84M (Peak 41.72M) | Time:00:01.50 | Mem:1.36M, Peak:1.73M | Scene, ViewLayer | Updating Geometry BVH Deep ion throat.019 47/53 | Building OptiX acceleration structure
Fra:1 Mem:15.86M (Peak 41.72M) | Time:00:01.50 | Mem:1.38M, Peak:1.73M | Scene, ViewLayer | Updating Geometry BVH Deep intake duct.009 48/53 | Building BVH
Fra:1 Mem:15.86M (Peak 41.72M) | Time:00:01.50 | Mem:1.39M, Peak:1.73M | Scene, ViewLayer | Updating Geometry BVH Deep intake duct.009 48/53 | Building OptiX acceleration structure
Fra:1 Mem:15.86M (Peak 41.72M) | Time:00:01.50 | Mem:1.38M, Peak:1.73M | Scene, ViewLayer | Updating Geometry BVH Continuous shield crescent.001 49/53 | Building BVH
Fra:1 Mem:15.86M (Peak 41.72M) | Time:00:01.50 | Mem:1.39M, Peak:1.73M | Scene, ViewLayer | Updating Geometry BVH Continuous shield crescent.001 49/53 | Building OptiX acceleration structure
Fra:1 Mem:15.83M (Peak 41.72M) | Time:00:01.51 | Mem:1.41M, Peak:1.73M | Scene, ViewLayer | Updating Scene BVH | Building
Fra:1 Mem:15.83M (Peak 41.72M) | Time:00:01.51 | Mem:1.41M, Peak:1.73M | Scene, ViewLayer | Updating Scene BVH | Building OptiX acceleration structure
Fra:1 Mem:15.83M (Peak 41.72M) | Time:00:01.51 | Mem:1.42M, Peak:1.73M | Scene, ViewLayer | Updating Scene BVH | Copying BVH to device
Fra:1 Mem:15.83M (Peak 41.72M) | Time:00:01.51 | Mem:1.42M, Peak:1.73M | Scene, ViewLayer | Updating Mesh | Computing normals
Fra:1 Mem:16.51M (Peak 41.72M) | Time:00:01.51 | Mem:1.42M, Peak:1.73M | Scene, ViewLayer | Updating Mesh | Copying Mesh to device
Fra:1 Mem:16.51M (Peak 41.72M) | Time:00:01.51 | Mem:2.10M, Peak:2.10M | Scene, ViewLayer | Updating Objects Flags
Fra:1 Mem:16.51M (Peak 41.72M) | Time:00:01.51 | Mem:2.10M, Peak:2.10M | Scene, ViewLayer | Updating Primitive Offsets
Fra:1 Mem:16.51M (Peak 41.72M) | Time:00:01.51 | Mem:2.10M, Peak:2.10M | Scene, ViewLayer | Updating Images
Fra:1 Mem:16.51M (Peak 41.72M) | Time:00:01.51 | Mem:2.10M, Peak:2.10M | Scene, ViewLayer | Updating Images | Loading panel-normal.png
Fra:1 Mem:20.51M (Peak 41.72M) | Time:00:01.51 | Mem:2.10M, Peak:2.10M | Scene, ViewLayer | Updating Images | Loading paint-orm.png
Fra:1 Mem:32.52M (Peak 41.72M) | Time:00:01.69 | Mem:18.10M, Peak:18.10M | Scene, ViewLayer | Updating Camera Volume
Fra:1 Mem:32.52M (Peak 41.72M) | Time:00:01.69 | Mem:18.10M, Peak:18.10M | Scene, ViewLayer | Updating Lookup Tables
Fra:1 Mem:32.52M (Peak 41.72M) | Time:00:01.70 | Mem:18.18M, Peak:18.18M | Scene, ViewLayer | Updating Lights
Fra:1 Mem:32.52M (Peak 41.72M) | Time:00:01.70 | Mem:18.18M, Peak:18.18M | Scene, ViewLayer | Updating Lights | Computing tree
Fra:1 Mem:32.74M (Peak 41.72M) | Time:00:01.70 | Mem:18.40M, Peak:18.40M | Scene, ViewLayer | Updating Integrator
Fra:1 Mem:32.74M (Peak 41.72M) | Time:00:01.70 | Mem:18.40M, Peak:18.40M | Scene, ViewLayer | Updating Film
Fra:1 Mem:32.74M (Peak 41.72M) | Time:00:01.70 | Mem:18.32M, Peak:18.40M | Scene, ViewLayer | Updating Lookup Tables
Fra:1 Mem:32.74M (Peak 41.72M) | Time:00:01.70 | Mem:18.40M, Peak:18.40M | Scene, ViewLayer | Updating Baking
Fra:1 Mem:32.74M (Peak 41.72M) | Time:00:01.70 | Mem:18.40M, Peak:18.40M | Scene, ViewLayer | Updating Device | Writing constant memory
Fra:1 Mem:32.74M (Peak 41.72M) | Time:00:01.70 | Mem:18.40M, Peak:18.40M | Scene, ViewLayer | Loading denoising kernels (may take a few minutes the first time)
Fra:1 Mem:36.75M (Peak 41.72M) | Time:00:01.72 | Mem:370.40M, Peak:370.40M | Scene, ViewLayer | Sample 0/24
Fra:1 Mem:83.71M (Peak 83.71M) | Time:00:01.74 | Remaining:00:00.55 | Mem:417.38M, Peak:417.38M | Scene, ViewLayer | Sample 1/24
Fra:1 Mem:103.50M (Peak 133.16M) | Time:00:07.55 | Mem:417.39M, Peak:417.39M | Scene, ViewLayer | Sample 24/24
Fra:1 Mem:103.50M (Peak 133.16M) | Time:00:07.55 | Mem:417.39M, Peak:417.39M | Scene, ViewLayer | Finished
Saved: 'D:\vibe-coding-e\nova-swarm-forum-129-improvements-20260822\docs\fleet-art-v2\ships\28\surfaced.png'
Time: 00:08.34 (Saving: 00:00.63)

Info: Saved as "source.blend"
17:14:07 | INFO: Starting glTF 2.0 export
17:14:07 | INFO: Extracting primitive: Continuous pressure fuselage.004
17:14:07 | WARNING: More than one shader node tex image used for a texture. The resulting glTF sampler will behave like the first shader node tex image.
17:14:07 | WARNING: More than one shader node tex image used for a texture. The resulting glTF sampler will behave like the first shader node tex image.
17:14:07 | INFO: Primitives created: 6
17:14:07 | INFO: Finished glTF 2.0 export in 0.2682058811187744 s
Fra:1 Mem:15.56M (Peak 31.06M) | Time:00:00.26 | Mem:0.00M, Peak:0.00M | Scene, ViewLayer | Synchronizing object | Broad neutral key
Fra:1 Mem:15.56M (Peak 31.06M) | Time:00:00.26 | Mem:0.00M, Peak:0.00M | Scene, ViewLayer | Synchronizing object | AegisCometV2
Fra:1 Mem:17.40M (Peak 31.06M) | Time:00:00.27 | Mem:0.00M, Peak:0.00M | Scene, ViewLayer | Initializing
Fra:1 Mem:16.93M (Peak 31.06M) | Time:00:00.27 | Mem:0.00M, Peak:0.00M | Scene, ViewLayer | Waiting for render to start
Fra:1 Mem:16.93M (Peak 31.06M) | Time:00:00.27 | Mem:0.00M, Peak:0.00M | Scene, ViewLayer | Updating Scene
Fra:1 Mem:16.93M (Peak 31.06M) | Time:00:00.27 | Mem:0.00M, Peak:0.00M | Scene, ViewLayer | Updating Shaders
Fra:1 Mem:16.93M (Peak 31.06M) | Time:00:00.27 | Mem:0.00M, Peak:0.00M | Scene, ViewLayer | Loading render kernels (may take a few minutes the first time)
Fra:1 Mem:17.02M (Peak 44.31M) | Time:00:00.45 | Mem:0.01M, Peak:0.01M | Scene, ViewLayer | Updating Procedurals
Fra:1 Mem:17.02M (Peak 44.31M) | Time:00:00.45 | Mem:0.01M, Peak:0.01M | Scene, ViewLayer | Updating Background
Fra:1 Mem:17.02M (Peak 44.31M) | Time:00:00.45 | Mem:0.01M, Peak:0.01M | Scene, ViewLayer | Updating Camera
Fra:1 Mem:17.02M (Peak 44.31M) | Time:00:00.45 | Mem:0.01M, Peak:0.01M | Scene, ViewLayer | Updating Meshes Flags
Fra:1 Mem:17.02M (Peak 44.31M) | Time:00:00.45 | Mem:0.01M, Peak:0.01M | Scene, ViewLayer | Updating Objects
Fra:1 Mem:17.02M (Peak 44.31M) | Time:00:00.45 | Mem:0.01M, Peak:0.01M | Scene, ViewLayer | Updating Objects | Copying Transformations to device
Fra:1 Mem:17.02M (Peak 44.31M) | Time:00:00.45 | Mem:0.01M, Peak:0.01M | Scene, ViewLayer | Updating Particle Systems
Fra:1 Mem:17.02M (Peak 44.31M) | Time:00:00.45 | Mem:0.01M, Peak:0.01M | Scene, ViewLayer | Updating Particle Systems | Copying Particles to device
Fra:1 Mem:17.02M (Peak 44.31M) | Time:00:00.45 | Mem:0.01M, Peak:0.01M | Scene, ViewLayer | Updating Meshes
Fra:1 Mem:18.19M (Peak 44.31M) | Time:00:00.46 | Mem:0.01M, Peak:0.01M | Scene, ViewLayer | Updating Objects | Applying Static Transformations
Fra:1 Mem:18.19M (Peak 44.31M) | Time:00:00.46 | Mem:0.01M, Peak:0.01M | Scene, ViewLayer | Updating Mesh | Computing attributes
Fra:1 Mem:19.79M (Peak 44.31M) | Time:00:00.46 | Mem:0.01M, Peak:0.01M | Scene, ViewLayer | Updating Mesh | Copying Attributes to device
Fra:1 Mem:19.78M (Peak 44.31M) | Time:00:00.46 | Mem:1.60M, Peak:1.60M | Scene, ViewLayer | Updating Geometry BVH light 5/4 | Building BVH
Fra:1 Mem:19.78M (Peak 44.31M) | Time:00:00.46 | Mem:1.60M, Peak:1.60M | Scene, ViewLayer | Updating Geometry BVH Broad neutral key 2/4 | Building OptiX acceleration structure
Fra:1 Mem:19.78M (Peak 44.31M) | Time:00:00.46 | Mem:1.60M, Peak:1.60M | Scene, ViewLayer | Updating Geometry BVH Continuous pressure fuselage.004 4/4 | Building BVH
Fra:1 Mem:19.78M (Peak 44.31M) | Time:00:00.46 | Mem:1.60M, Peak:1.60M | Scene, ViewLayer | Updating Geometry BVH Continuous pressure fuselage.004 4/4 | Building OptiX acceleration structure
Fra:1 Mem:19.78M (Peak 44.31M) | Time:00:00.47 | Mem:2.12M, Peak:3.70M | Scene, ViewLayer | Updating Scene BVH | Building
Fra:1 Mem:19.78M (Peak 44.31M) | Time:00:00.47 | Mem:2.12M, Peak:3.70M | Scene, ViewLayer | Updating Scene BVH | Building OptiX acceleration structure
Fra:1 Mem:19.78M (Peak 44.31M) | Time:00:00.47 | Mem:2.12M, Peak:3.70M | Scene, ViewLayer | Updating Scene BVH | Copying BVH to device
Fra:1 Mem:19.78M (Peak 44.31M) | Time:00:00.47 | Mem:2.12M, Peak:3.70M | Scene, ViewLayer | Updating Mesh | Computing normals
Fra:1 Mem:20.46M (Peak 44.31M) | Time:00:00.47 | Mem:2.12M, Peak:3.70M | Scene, ViewLayer | Updating Mesh | Copying Mesh to device
Fra:1 Mem:20.46M (Peak 44.31M) | Time:00:00.47 | Mem:2.79M, Peak:3.70M | Scene, ViewLayer | Updating Objects Flags
Fra:1 Mem:20.46M (Peak 44.31M) | Time:00:00.47 | Mem:2.79M, Peak:3.70M | Scene, ViewLayer | Updating Primitive Offsets
Fra:1 Mem:20.46M (Peak 44.31M) | Time:00:00.47 | Mem:2.79M, Peak:3.70M | Scene, ViewLayer | Updating Images
Fra:1 Mem:20.46M (Peak 44.31M) | Time:00:00.47 | Mem:2.79M, Peak:3.70M | Scene, ViewLayer | Updating Images | Loading panel-normal.png
Fra:1 Mem:24.46M (Peak 44.31M) | Time:00:00.47 | Mem:2.79M, Peak:3.70M | Scene, ViewLayer | Updating Images | Loading cobalt-basecolor.png
Fra:1 Mem:28.46M (Peak 44.31M) | Time:00:00.47 | Mem:2.79M, Peak:3.70M | Scene, ViewLayer | Updating Images | Loading paint-orm.png
Fra:1 Mem:36.47M (Peak 44.31M) | Time:00:00.50 | Mem:18.79M, Peak:18.79M | Scene, ViewLayer | Updating Camera Volume
Fra:1 Mem:36.47M (Peak 44.31M) | Time:00:00.50 | Mem:18.79M, Peak:18.79M | Scene, ViewLayer | Updating Lookup Tables
Fra:1 Mem:36.47M (Peak 44.31M) | Time:00:00.50 | Mem:18.88M, Peak:18.88M | Scene, ViewLayer | Updating Lights
Fra:1 Mem:36.47M (Peak 44.31M) | Time:00:00.50 | Mem:18.88M, Peak:18.88M | Scene, ViewLayer | Updating Lights | Computing tree
Fra:1 Mem:36.76M (Peak 44.31M) | Time:00:00.51 | Mem:19.16M, Peak:19.16M | Scene, ViewLayer | Updating Integrator
Fra:1 Mem:36.76M (Peak 44.31M) | Time:00:00.51 | Mem:19.16M, Peak:19.16M | Scene, ViewLayer | Updating Film
Fra:1 Mem:36.77M (Peak 44.31M) | Time:00:00.51 | Mem:19.08M, Peak:19.16M | Scene, ViewLayer | Updating Lookup Tables
Fra:1 Mem:36.77M (Peak 44.31M) | Time:00:00.51 | Mem:19.17M, Peak:19.17M | Scene, ViewLayer | Updating Baking
Fra:1 Mem:36.77M (Peak 44.31M) | Time:00:00.51 | Mem:19.17M, Peak:19.17M | Scene, ViewLayer | Updating Device | Writing constant memory
Fra:1 Mem:36.77M (Peak 44.31M) | Time:00:00.51 | Mem:19.17M, Peak:19.17M | Scene, ViewLayer | Loading denoising kernels (may take a few minutes the first time)
Fra:1 Mem:40.77M (Peak 44.31M) | Time:00:00.54 | Mem:371.17M, Peak:371.17M | Scene, ViewLayer | Sample 0/24
Fra:1 Mem:116.77M (Peak 116.77M) | Time:00:00.60 | Remaining:00:01.38 | Mem:447.18M, Peak:447.18M | Scene, ViewLayer | Sample 1/24
Fra:1 Mem:148.78M (Peak 196.78M) | Time:00:10.04 | Mem:447.18M, Peak:447.18M | Scene, ViewLayer | Sample 24/24
Fra:1 Mem:148.78M (Peak 196.78M) | Time:00:10.04 | Mem:447.18M, Peak:447.18M | Scene, ViewLayer | Finished
Saved: 'D:\vibe-coding-e\nova-swarm-forum-129-improvements-20260822\docs\fleet-art-v2\ships\28\export\showroom.png'
Time: 00:11.12 (Saving: 00:00.91)

Fra:1 Mem:15.87M (Peak 15.87M) | Time:00:00.22 | Mem:0.00M, Peak:0.00M | Scene, ViewLayer | Synchronizing object | Broad neutral key
Fra:1 Mem:15.87M (Peak 15.87M) | Time:00:00.22 | Mem:0.00M, Peak:0.00M | Scene, ViewLayer | Synchronizing object | AegisCometV2
Fra:1 Mem:17.40M (Peak 19.19M) | Time:00:00.23 | Mem:0.00M, Peak:0.00M | Scene, ViewLayer | Initializing
Fra:1 Mem:16.93M (Peak 19.19M) | Time:00:00.24 | Mem:0.00M, Peak:0.00M | Scene, ViewLayer | Waiting for render to start
Fra:1 Mem:16.93M (Peak 19.19M) | Time:00:00.24 | Mem:0.00M, Peak:0.00M | Scene, ViewLayer | Updating Scene
Fra:1 Mem:16.93M (Peak 19.19M) | Time:00:00.24 | Mem:0.00M, Peak:0.00M | Scene, ViewLayer | Updating Shaders
Fra:1 Mem:16.93M (Peak 19.19M) | Time:00:00.24 | Mem:0.00M, Peak:0.00M | Scene, ViewLayer | Loading render kernels (may take a few minutes the first time)
Fra:1 Mem:17.02M (Peak 44.31M) | Time:00:00.44 | Mem:0.01M, Peak:0.01M | Scene, ViewLayer | Updating Procedurals
Fra:1 Mem:17.02M (Peak 44.31M) | Time:00:00.44 | Mem:0.01M, Peak:0.01M | Scene, ViewLayer | Updating Background
Fra:1 Mem:17.02M (Peak 44.31M) | Time:00:00.44 | Mem:0.01M, Peak:0.01M | Scene, ViewLayer | Updating Camera
Fra:1 Mem:17.02M (Peak 44.31M) | Time:00:00.44 | Mem:0.01M, Peak:0.01M | Scene, ViewLayer | Updating Meshes Flags
Fra:1 Mem:17.02M (Peak 44.31M) | Time:00:00.44 | Mem:0.01M, Peak:0.01M | Scene, ViewLayer | Updating Objects
Fra:1 Mem:17.02M (Peak 44.31M) | Time:00:00.44 | Mem:0.01M, Peak:0.01M | Scene, ViewLayer | Updating Objects | Copying Transformations to device
Fra:1 Mem:17.02M (Peak 44.31M) | Time:00:00.44 | Mem:0.01M, Peak:0.01M | Scene, ViewLayer | Updating Particle Systems
Fra:1 Mem:17.02M (Peak 44.31M) | Time:00:00.44 | Mem:0.01M, Peak:0.01M | Scene, ViewLayer | Updating Particle Systems | Copying Particles to device
Fra:1 Mem:17.02M (Peak 44.31M) | Time:00:00.44 | Mem:0.01M, Peak:0.01M | Scene, ViewLayer | Updating Meshes
Fra:1 Mem:18.19M (Peak 44.31M) | Time:00:00.46 | Mem:0.01M, Peak:0.01M | Scene, ViewLayer | Updating Objects | Applying Static Transformations
Fra:1 Mem:18.19M (Peak 44.31M) | Time:00:00.46 | Mem:0.01M, Peak:0.01M | Scene, ViewLayer | Updating Mesh | Computing attributes
Fra:1 Mem:19.79M (Peak 44.31M) | Time:00:00.47 | Mem:0.01M, Peak:0.01M | Scene, ViewLayer | Updating Mesh | Copying Attributes to device
Fra:1 Mem:19.78M (Peak 44.31M) | Time:00:00.47 | Mem:1.60M, Peak:1.60M | Scene, ViewLayer | Updating Geometry BVH light 5/4 | Building BVH
Fra:1 Mem:19.78M (Peak 44.31M) | Time:00:00.47 | Mem:1.60M, Peak:1.60M | Scene, ViewLayer | Updating Geometry BVH Broad neutral key 2/4 | Building BVH
Fra:1 Mem:19.78M (Peak 44.31M) | Time:00:00.47 | Mem:1.60M, Peak:1.60M | Scene, ViewLayer | Updating Geometry BVH Continuous pressure fuselage.004 4/4 | Building OptiX acceleration structure
Fra:1 Mem:19.78M (Peak 44.31M) | Time:00:00.47 | Mem:2.12M, Peak:3.70M | Scene, ViewLayer | Updating Scene BVH | Building
Fra:1 Mem:19.78M (Peak 44.31M) | Time:00:00.47 | Mem:2.12M, Peak:3.70M | Scene, ViewLayer | Updating Scene BVH | Building OptiX acceleration structure
Fra:1 Mem:19.78M (Peak 44.31M) | Time:00:00.47 | Mem:2.12M, Peak:3.70M | Scene, ViewLayer | Updating Scene BVH | Copying BVH to device
Fra:1 Mem:19.78M (Peak 44.31M) | Time:00:00.47 | Mem:2.12M, Peak:3.70M | Scene, ViewLayer | Updating Mesh | Computing normals
Fra:1 Mem:20.46M (Peak 44.31M) | Time:00:00.47 | Mem:2.12M, Peak:3.70M | Scene, ViewLayer | Updating Mesh | Copying Mesh to device
Fra:1 Mem:20.46M (Peak 44.31M) | Time:00:00.48 | Mem:2.79M, Peak:3.70M | Scene, ViewLayer | Updating Objects Flags
Fra:1 Mem:20.46M (Peak 44.31M) | Time:00:00.48 | Mem:2.79M, Peak:3.70M | Scene, ViewLayer | Updating Primitive Offsets
Fra:1 Mem:20.46M (Peak 44.31M) | Time:00:00.48 | Mem:2.79M, Peak:3.70M | Scene, ViewLayer | Updating Images
Fra:1 Mem:20.46M (Peak 44.31M) | Time:00:00.48 | Mem:2.79M, Peak:3.70M | Scene, ViewLayer | Updating Images | Loading cobalt-basecolor.png
Fra:1 Mem:24.46M (Peak 44.31M) | Time:00:00.49 | Mem:2.79M, Peak:3.70M | Scene, ViewLayer | Updating Images | Loading panel-normal.png
Fra:1 Mem:28.46M (Peak 44.31M) | Time:00:00.49 | Mem:2.79M, Peak:3.70M | Scene, ViewLayer | Updating Images | Loading white-basecolor.png
Fra:1 Mem:32.46M (Peak 44.31M) | Time:00:00.49 | Mem:2.79M, Peak:3.70M | Scene, ViewLayer | Updating Images | Loading paint-orm.png
Fra:1 Mem:36.47M (Peak 44.31M) | Time:00:00.52 | Mem:18.79M, Peak:18.79M | Scene, ViewLayer | Updating Camera Volume
Fra:1 Mem:36.47M (Peak 44.31M) | Time:00:00.52 | Mem:18.79M, Peak:18.79M | Scene, ViewLayer | Updating Lookup Tables
Fra:1 Mem:36.47M (Peak 44.31M) | Time:00:00.52 | Mem:18.88M, Peak:18.88M | Scene, ViewLayer | Updating Lights
Fra:1 Mem:36.47M (Peak 44.31M) | Time:00:00.52 | Mem:18.88M, Peak:18.88M | Scene, ViewLayer | Updating Lights | Computing tree
Fra:1 Mem:36.76M (Peak 44.31M) | Time:00:00.53 | Mem:19.16M, Peak:19.16M | Scene, ViewLayer | Updating Integrator
Fra:1 Mem:36.76M (Peak 44.31M) | Time:00:00.53 | Mem:19.16M, Peak:19.16M | Scene, ViewLayer | Updating Film
Fra:1 Mem:36.77M (Peak 44.31M) | Time:00:00.53 | Mem:19.08M, Peak:19.16M | Scene, ViewLayer | Updating Lookup Tables
Fra:1 Mem:36.77M (Peak 44.31M) | Time:00:00.53 | Mem:19.17M, Peak:19.17M | Scene, ViewLayer | Updating Baking
Fra:1 Mem:36.77M (Peak 44.31M) | Time:00:00.53 | Mem:19.17M, Peak:19.17M | Scene, ViewLayer | Updating Device | Writing constant memory
Fra:1 Mem:36.77M (Peak 44.31M) | Time:00:00.53 | Mem:19.17M, Peak:19.17M | Scene, ViewLayer | Loading denoising kernels (may take a few minutes the first time)
Fra:1 Mem:40.77M (Peak 44.31M) | Time:00:00.57 | Mem:371.17M, Peak:371.17M | Scene, ViewLayer | Sample 0/24
Fra:1 Mem:59.77M (Peak 59.77M) | Time:00:00.63 | Remaining:00:01.31 | Mem:390.18M, Peak:390.18M | Scene, ViewLayer | Sample 1/24
Fra:1 Mem:67.78M (Peak 79.78M) | Time:00:03.30 | Mem:390.18M, Peak:390.18M | Scene, ViewLayer | Sample 24/24
Fra:1 Mem:67.78M (Peak 79.78M) | Time:00:03.30 | Mem:390.18M, Peak:390.18M | Scene, ViewLayer | Finished
Saved: 'D:\vibe-coding-e\nova-swarm-forum-129-improvements-20260822\docs\fleet-art-v2\ships\28\export\player.png'
Time: 00:03.56 (Saving: 00:00.07)


FLEET_V2_COMPLETE 28 Aegis Comet
Read blend: "D:\vibe-coding-e\nova-swarm-forum-129-improvements-20260822\docs\fleet-art-v2\ships\29\source.blend"
Fra:1 Mem:14.91M (Peak 14.91M) | Time:00:00.24 | Mem:0.00M, Peak:0.00M | Scene, ViewLayer | Synchronizing object | Broad neutral key
Fra:1 Mem:14.91M (Peak 14.91M) | Time:00:00.24 | Mem:0.00M, Peak:0.00M | Scene, ViewLayer | Synchronizing object | Neutral fill
Fra:1 Mem:15.23M (Peak 15.23M) | Time:00:00.29 | Mem:0.00M, Peak:0.00M | Scene, ViewLayer | Synchronizing object | Continuous pressure fuselage
Fra:1 Mem:16.09M (Peak 16.09M) | Time:00:00.34 | Mem:0.00M, Peak:0.00M | Scene, ViewLayer | Synchronizing object | Cockpit integrated coaming
Fra:1 Mem:16.61M (Peak 16.61M) | Time:00:00.38 | Mem:0.00M, Peak:0.00M | Scene, ViewLayer | Synchronizing object | Pressure canopy glazing
Fra:1 Mem:16.61M (Peak 16.61M) | Time:00:00.38 | Mem:0.00M, Peak:0.00M | Scene, ViewLayer | Synchronizing object | Canopy lower frame
Fra:1 Mem:16.86M (Peak 16.86M) | Time:00:00.38 | Mem:0.00M, Peak:0.00M | Scene, ViewLayer | Synchronizing object | Canopy lower frame.001
Fra:1 Mem:16.89M (Peak 16.89M) | Time:00:00.38 | Mem:0.00M, Peak:0.00M | Scene, ViewLayer | Synchronizing object | Canopy pressure bow
Fra:1 Mem:16.93M (Peak 16.93M) | Time:00:00.38 | Mem:0.00M, Peak:0.00M | Scene, ViewLayer | Synchronizing object | Integrated lifting hull
Fra:1 Mem:16.95M (Peak 16.95M) | Time:00:00.38 | Mem:0.00M, Peak:0.00M | Scene, ViewLayer | Synchronizing object | Contoured expansion nozzle
Fra:1 Mem:16.95M (Peak 16.95M) | Time:00:00.38 | Mem:0.00M, Peak:0.00M | Scene, ViewLayer | Synchronizing object | Nozzle petal seam
Fra:1 Mem:17.02M (Peak 17.02M) | Time:00:00.38 | Mem:0.00M, Peak:0.00M | Scene, ViewLayer | Synchronizing object | Nozzle petal seam.001
Fra:1 Mem:17.06M (Peak 17.06M) | Time:00:00.38 | Mem:0.00M, Peak:0.00M | Scene, ViewLayer | Synchronizing object | Nozzle petal seam.002
Fra:1 Mem:17.09M (Peak 17.09M) | Time:00:00.38 | Mem:0.00M, Peak:0.00M | Scene, ViewLayer | Synchronizing object | Nozzle petal seam.003
Fra:1 Mem:17.11M (Peak 17.11M) | Time:00:00.38 | Mem:0.00M, Peak:0.00M | Scene, ViewLayer | Synchronizing object | Nozzle petal seam.004
Fra:1 Mem:17.06M (Peak 17.11M) | Time:00:00.38 | Mem:0.00M, Peak:0.00M | Scene, ViewLayer | Synchronizing object | Nozzle petal seam.005
Fra:1 Mem:17.06M (Peak 17.11M) | Time:00:00.38 | Mem:0.00M, Peak:0.00M | Scene, ViewLayer | Synchronizing object | Nozzle petal seam.006
Fra:1 Mem:17.06M (Peak 17.11M) | Time:00:00.38 | Mem:0.00M, Peak:0.00M | Scene, ViewLayer | Synchronizing object | Nozzle petal seam.007
Fra:1 Mem:17.10M (Peak 17.11M) | Time:00:00.38 | Mem:0.00M, Peak:0.00M | Scene, ViewLayer | Synchronizing object | Nozzle petal seam.008
Fra:1 Mem:17.07M (Peak 17.11M) | Time:00:00.38 | Mem:0.00M, Peak:0.00M | Scene, ViewLayer | Synchronizing object | Nozzle petal seam.009
Fra:1 Mem:17.07M (Peak 17.11M) | Time:00:00.38 | Mem:0.00M, Peak:0.00M | Scene, ViewLayer | Synchronizing object | Nozzle petal seam.010
Fra:1 Mem:17.07M (Peak 17.11M) | Time:00:00.38 | Mem:0.00M, Peak:0.00M | Scene, ViewLayer | Synchronizing object | Nozzle petal seam.011
Fra:1 Mem:17.07M (Peak 17.11M) | Time:00:00.38 | Mem:0.00M, Peak:0.00M | Scene, ViewLayer | Synchronizing object | Deep ion throat
Fra:1 Mem:17.08M (Peak 17.11M) | Time:00:00.38 | Mem:0.00M, Peak:0.00M | Scene, ViewLayer | Synchronizing object | Deep intake duct
Fra:1 Mem:17.23M (Peak 17.23M) | Time:00:00.39 | Mem:0.00M, Peak:0.00M | Scene, ViewLayer | Synchronizing object | Blended structural fairing
Fra:1 Mem:17.23M (Peak 17.23M) | Time:00:00.39 | Mem:0.00M, Peak:0.00M | Scene, ViewLayer | Synchronizing object | Recessed accelerator channel
Fra:1 Mem:17.49M (Peak 17.49M) | Time:00:00.41 | Mem:0.00M, Peak:0.00M | Scene, ViewLayer | Synchronizing object | Blended structural fairing.001
Fra:1 Mem:17.49M (Peak 17.49M) | Time:00:00.41 | Mem:0.00M, Peak:0.00M | Scene, ViewLayer | Synchronizing object | Recessed accelerator channel.001
Fra:1 Mem:17.59M (Peak 17.59M) | Time:00:00.41 | Mem:0.00M, Peak:0.00M | Scene, ViewLayer | Synchronizing object | Integrated lifting hull.001
Fra:1 Mem:17.59M (Peak 17.59M) | Time:00:00.41 | Mem:0.00M, Peak:0.00M | Scene, ViewLayer | Synchronizing object | Contoured expansion nozzle.001
Fra:1 Mem:17.60M (Peak 17.60M) | Time:00:00.41 | Mem:0.00M, Peak:0.00M | Scene, ViewLayer | Synchronizing object | Nozzle petal seam.012
Fra:1 Mem:17.70M (Peak 17.70M) | Time:00:00.41 | Mem:0.00M, Peak:0.00M | Scene, ViewLayer | Synchronizing object | Nozzle petal seam.013
Fra:1 Mem:17.73M (Peak 17.73M) | Time:00:00.41 | Mem:0.00M, Peak:0.00M | Scene, ViewLayer | Synchronizing object | Nozzle petal seam.014
Fra:1 Mem:17.78M (Peak 17.78M) | Time:00:00.41 | Mem:0.00M, Peak:0.00M | Scene, ViewLayer | Synchronizing object | Nozzle petal seam.015
Fra:1 Mem:17.77M (Peak 17.78M) | Time:00:00.41 | Mem:0.00M, Peak:0.00M | Scene, ViewLayer | Synchronizing object | Nozzle petal seam.016
Fra:1 Mem:17.81M (Peak 17.81M) | Time:00:00.41 | Mem:0.00M, Peak:0.00M | Scene, ViewLayer | Synchronizing object | Nozzle petal seam.017
Fra:1 Mem:17.78M (Peak 17.81M) | Time:00:00.41 | Mem:0.00M, Peak:0.00M | Scene, ViewLayer | Synchronizing object | Nozzle petal seam.018
Fra:1 Mem:17.78M (Peak 17.81M) | Time:00:00.41 | Mem:0.00M, Peak:0.00M | Scene, ViewLayer | Synchronizing object | Nozzle petal seam.019
Fra:1 Mem:17.78M (Peak 17.81M) | Time:00:00.41 | Mem:0.00M, Peak:0.00M | Scene, ViewLayer | Synchronizing object | Nozzle petal seam.020
Fra:1 Mem:17.78M (Peak 17.81M) | Time:00:00.41 | Mem:0.00M, Peak:0.00M | Scene, ViewLayer | Synchronizing object | Nozzle petal seam.021
Fra:1 Mem:17.79M (Peak 17.81M) | Time:00:00.41 | Mem:0.00M, Peak:0.00M | Scene, ViewLayer | Synchronizing object | Nozzle petal seam.022
Fra:1 Mem:17.79M (Peak 17.81M) | Time:00:00.41 | Mem:0.00M, Peak:0.00M | Scene, ViewLayer | Synchronizing object | Nozzle petal seam.023
Fra:1 Mem:17.79M (Peak 17.81M) | Time:00:00.41 | Mem:0.00M, Peak:0.00M | Scene, ViewLayer | Synchronizing object | Deep ion throat.001
Fra:1 Mem:17.79M (Peak 17.81M) | Time:00:00.41 | Mem:0.00M, Peak:0.00M | Scene, ViewLayer | Synchronizing object | Deep intake duct.001
Fra:1 Mem:17.95M (Peak 17.95M) | Time:00:00.42 | Mem:0.00M, Peak:0.00M | Scene, ViewLayer | Synchronizing object | Blended structural fairing.002
Fra:1 Mem:17.95M (Peak 17.95M) | Time:00:00.42 | Mem:0.00M, Peak:0.00M | Scene, ViewLayer | Synchronizing object | Recessed accelerator channel.002
Fra:1 Mem:18.21M (Peak 18.21M) | Time:00:00.43 | Mem:0.00M, Peak:0.00M | Scene, ViewLayer | Synchronizing object | Blended structural fairing.003
Fra:1 Mem:18.21M (Peak 18.21M) | Time:00:00.43 | Mem:0.00M, Peak:0.00M | Scene, ViewLayer | Synchronizing object | Recessed accelerator channel.003
Fra:1 Mem:18.38M (Peak 18.38M) | Time:00:00.43 | Mem:0.00M, Peak:0.00M | Scene, ViewLayer | Initializing
Fra:1 Mem:14.31M (Peak 18.38M) | Time:00:00.43 | Mem:0.00M, Peak:0.00M | Scene, ViewLayer | Waiting for render to start
Fra:1 Mem:14.31M (Peak 18.38M) | Time:00:00.43 | Mem:0.00M, Peak:0.00M | Scene, ViewLayer | Updating Scene
Fra:1 Mem:14.31M (Peak 18.38M) | Time:00:00.43 | Mem:0.00M, Peak:0.00M | Scene, ViewLayer | Updating Shaders
Fra:1 Mem:14.31M (Peak 18.38M) | Time:00:00.43 | Mem:0.00M, Peak:0.00M | Scene, ViewLayer | Loading render kernels (may take a few minutes the first time)
Fra:1 Mem:14.40M (Peak 41.69M) | Time:00:01.37 | Mem:0.01M, Peak:0.01M | Scene, ViewLayer | Updating Procedurals
Fra:1 Mem:14.40M (Peak 41.69M) | Time:00:01.37 | Mem:0.01M, Peak:0.01M | Scene, ViewLayer | Updating Background
Fra:1 Mem:14.40M (Peak 41.69M) | Time:00:01.37 | Mem:0.01M, Peak:0.01M | Scene, ViewLayer | Updating Camera
Fra:1 Mem:14.40M (Peak 41.69M) | Time:00:01.37 | Mem:0.01M, Peak:0.01M | Scene, ViewLayer | Updating Meshes Flags
Fra:1 Mem:14.40M (Peak 41.69M) | Time:00:01.37 | Mem:0.01M, Peak:0.01M | Scene, ViewLayer | Updating Objects
Fra:1 Mem:14.40M (Peak 41.69M) | Time:00:01.37 | Mem:0.01M, Peak:0.01M | Scene, ViewLayer | Updating Objects | Copying Transformations to device
Fra:1 Mem:14.41M (Peak 41.69M) | Time:00:01.37 | Mem:0.02M, Peak:0.02M | Scene, ViewLayer | Updating Particle Systems
Fra:1 Mem:14.41M (Peak 41.69M) | Time:00:01.37 | Mem:0.02M, Peak:0.02M | Scene, ViewLayer | Updating Particle Systems | Copying Particles to device
Fra:1 Mem:14.41M (Peak 41.69M) | Time:00:01.37 | Mem:0.02M, Peak:0.02M | Scene, ViewLayer | Updating Meshes
Fra:1 Mem:15.26M (Peak 41.69M) | Time:00:01.38 | Mem:0.02M, Peak:0.02M | Scene, ViewLayer | Updating Objects | Applying Static Transformations
Fra:1 Mem:15.26M (Peak 41.69M) | Time:00:01.38 | Mem:0.02M, Peak:0.02M | Scene, ViewLayer | Updating Mesh | Computing attributes
Fra:1 Mem:16.46M (Peak 41.69M) | Time:00:01.38 | Mem:0.03M, Peak:0.03M | Scene, ViewLayer | Updating Mesh | Copying Attributes to device
Fra:1 Mem:16.45M (Peak 41.69M) | Time:00:01.39 | Mem:1.22M, Peak:1.22M | Scene, ViewLayer | Updating Geometry BVH Broad neutral key 2/51 | Building BVH
Fra:1 Mem:16.45M (Peak 41.69M) | Time:00:01.39 | Mem:1.22M, Peak:1.22M | Scene, ViewLayer | Updating Geometry BVH Contoured expansion nozzle.096 12/51 | Building OptiX acceleration structure
Fra:1 Mem:16.45M (Peak 41.69M) | Time:00:01.39 | Mem:1.22M, Peak:1.22M | Scene, ViewLayer | Updating Geometry BVH Nozzle petal seam.1152 13/51 | Building BVH
Fra:1 Mem:16.45M (Peak 41.69M) | Time:00:01.39 | Mem:1.22M, Peak:1.22M | Scene, ViewLayer | Updating Geometry BVH Nozzle petal seam.1152 13/51 | Building OptiX acceleration structure
Fra:1 Mem:16.63M (Peak 41.69M) | Time:00:01.39 | Mem:1.22M, Peak:1.22M | Scene, ViewLayer | Updating Geometry BVH Recessed accelerator channel.005 51/51 | Building BVH
Fra:1 Mem:16.63M (Peak 41.69M) | Time:00:01.39 | Mem:1.22M, Peak:1.22M | Scene, ViewLayer | Updating Geometry BVH Recessed accelerator channel.005 51/51 | Building OptiX acceleration structure
Fra:1 Mem:16.76M (Peak 41.69M) | Time:00:01.39 | Mem:1.27M, Peak:1.27M | Scene, ViewLayer | Updating Geometry BVH Nozzle petal seam.1153 14/51 | Building BVH
Fra:1 Mem:16.76M (Peak 41.69M) | Time:00:01.39 | Mem:1.27M, Peak:1.27M | Scene, ViewLayer | Updating Geometry BVH Nozzle petal seam.1153 14/51 | Building OptiX acceleration structure
Fra:1 Mem:16.69M (Peak 41.69M) | Time:00:01.39 | Mem:1.56M, Peak:1.95M | Scene, ViewLayer | Updating Geometry BVH Nozzle petal seam.1154 15/51 | Building BVH
Fra:1 Mem:16.69M (Peak 41.69M) | Time:00:01.39 | Mem:1.56M, Peak:1.95M | Scene, ViewLayer | Updating Geometry BVH Nozzle petal seam.1154 15/51 | Building OptiX acceleration structure
Fra:1 Mem:16.69M (Peak 41.69M) | Time:00:01.39 | Mem:1.56M, Peak:1.95M | Scene, ViewLayer | Updating Geometry BVH Mesh 50/51 | Building BVH
Fra:1 Mem:16.69M (Peak 41.69M) | Time:00:01.39 | Mem:1.57M, Peak:1.95M | Scene, ViewLayer | Updating Geometry BVH Mesh 50/51 | Building OptiX acceleration structure
Fra:1 Mem:16.71M (Peak 41.69M) | Time:00:01.39 | Mem:1.59M, Peak:1.95M | Scene, ViewLayer | Updating Geometry BVH Nozzle petal seam.1155 16/51 | Building BVH
Fra:1 Mem:16.71M (Peak 41.69M) | Time:00:01.39 | Mem:1.59M, Peak:1.95M | Scene, ViewLayer | Updating Geometry BVH Nozzle petal seam.1155 16/51 | Building OptiX acceleration structure
Fra:1 Mem:16.71M (Peak 41.69M) | Time:00:01.39 | Mem:1.59M, Peak:1.95M | Scene, ViewLayer | Updating Geometry BVH Nozzle petal seam.1156 17/51 | Building BVH
Fra:1 Mem:16.71M (Peak 41.69M) | Time:00:01.39 | Mem:1.77M, Peak:1.95M | Scene, ViewLayer | Updating Geometry BVH Nozzle petal seam.1156 17/51 | Building OptiX acceleration structure
Fra:1 Mem:16.63M (Peak 41.69M) | Time:00:01.40 | Mem:1.61M, Peak:2.00M | Scene, ViewLayer | Updating Geometry BVH Nozzle petal seam.1157 18/51 | Building BVH
Fra:1 Mem:16.63M (Peak 41.69M) | Time:00:01.40 | Mem:1.61M, Peak:2.00M | Scene, ViewLayer | Updating Geometry BVH Nozzle petal seam.1157 18/51 | Building OptiX acceleration structure
Fra:1 Mem:16.63M (Peak 41.69M) | Time:00:01.40 | Mem:1.61M, Peak:2.00M | Scene, ViewLayer | Updating Geometry BVH Nozzle petal seam.1158 19/51 | Building BVH
Fra:1 Mem:16.63M (Peak 41.69M) | Time:00:01.40 | Mem:1.66M, Peak:2.00M | Scene, ViewLayer | Updating Geometry BVH Nozzle petal seam.1158 19/51 | Building OptiX acceleration structure
Fra:1 Mem:16.50M (Peak 41.69M) | Time:00:01.40 | Mem:1.64M, Peak:2.12M | Scene, ViewLayer | Updating Geometry BVH Nozzle petal seam.1159 20/51 | Building BVH
Fra:1 Mem:16.50M (Peak 41.69M) | Time:00:01.40 | Mem:1.65M, Peak:2.12M | Scene, ViewLayer | Updating Geometry BVH Nozzle petal seam.1159 20/51 | Building OptiX acceleration structure
Fra:1 Mem:16.50M (Peak 41.69M) | Time:00:01.40 | Mem:1.64M, Peak:2.12M | Scene, ViewLayer | Updating Geometry BVH Nozzle petal seam.1160 21/51 | Building BVH
Fra:1 Mem:16.50M (Peak 41.69M) | Time:00:01.40 | Mem:1.64M, Peak:2.12M | Scene, ViewLayer | Updating Geometry BVH Nozzle petal seam.1160 21/51 | Building OptiX acceleration structure
Fra:1 Mem:16.50M (Peak 41.69M) | Time:00:01.40 | Mem:1.64M, Peak:2.12M | Scene, ViewLayer | Updating Geometry BVH Nozzle petal seam.1161 22/51 | Building BVH
Fra:1 Mem:16.50M (Peak 41.69M) | Time:00:01.40 | Mem:1.68M, Peak:2.12M | Scene, ViewLayer | Updating Geometry BVH Nozzle petal seam.1161 22/51 | Building OptiX acceleration structure
Fra:1 Mem:16.50M (Peak 41.69M) | Time:00:01.40 | Mem:1.65M, Peak:2.12M | Scene, ViewLayer | Updating Geometry BVH Nozzle petal seam.1162 23/51 | Building BVH
Fra:1 Mem:16.50M (Peak 41.69M) | Time:00:01.40 | Mem:1.66M, Peak:2.12M | Scene, ViewLayer | Updating Geometry BVH Nozzle petal seam.1162 23/51 | Building OptiX acceleration structure
Fra:1 Mem:16.50M (Peak 41.69M) | Time:00:01.40 | Mem:1.65M, Peak:2.12M | Scene, ViewLayer | Updating Geometry BVH Nozzle petal seam.1163 24/51 | Building BVH
Fra:1 Mem:16.50M (Peak 41.69M) | Time:00:01.40 | Mem:1.65M, Peak:2.12M | Scene, ViewLayer | Updating Geometry BVH Nozzle petal seam.1163 24/51 | Building OptiX acceleration structure
Fra:1 Mem:16.49M (Peak 41.69M) | Time:00:01.40 | Mem:1.65M, Peak:2.12M | Scene, ViewLayer | Updating Geometry BVH Deep ion throat.096 25/51 | Building BVH
Fra:1 Mem:16.49M (Peak 41.69M) | Time:00:01.40 | Mem:1.65M, Peak:2.12M | Scene, ViewLayer | Updating Geometry BVH Deep ion throat.096 25/51 | Building OptiX acceleration structure
Fra:1 Mem:16.51M (Peak 41.69M) | Time:00:01.40 | Mem:1.67M, Peak:2.12M | Scene, ViewLayer | Updating Geometry BVH Deep intake duct.048 26/51 | Building BVH
Fra:1 Mem:16.51M (Peak 41.69M) | Time:00:01.40 | Mem:1.75M, Peak:2.12M | Scene, ViewLayer | Updating Geometry BVH Deep intake duct.048 26/51 | Building OptiX acceleration structure
Fra:1 Mem:16.48M (Peak 41.69M) | Time:00:01.41 | Mem:1.68M, Peak:2.12M | Scene, ViewLayer | Updating Geometry BVH Recessed accelerator channel.004 49/51 | Building BVH
Fra:1 Mem:16.48M (Peak 41.69M) | Time:00:01.41 | Mem:1.68M, Peak:2.12M | Scene, ViewLayer | Updating Geometry BVH Recessed accelerator channel.004 49/51 | Building OptiX acceleration structure
Fra:1 Mem:16.48M (Peak 41.69M) | Time:00:01.41 | Mem:1.68M, Peak:2.12M | Scene, ViewLayer | Updating Geometry BVH Mesh 27/51 | Building BVH
Fra:1 Mem:16.48M (Peak 41.69M) | Time:00:01.41 | Mem:1.69M, Peak:2.12M | Scene, ViewLayer | Updating Geometry BVH Mesh 27/51 | Building OptiX acceleration structure
Fra:1 Mem:16.51M (Peak 41.69M) | Time:00:01.41 | Mem:1.72M, Peak:2.12M | Scene, ViewLayer | Updating Geometry BVH Recessed accelerator channel.002 28/51 | Building BVH
Fra:1 Mem:16.51M (Peak 41.69M) | Time:00:01.41 | Mem:1.72M, Peak:2.12M | Scene, ViewLayer | Updating Geometry BVH Recessed accelerator channel.002 28/51 | Building OptiX acceleration structure
Fra:1 Mem:16.51M (Peak 41.69M) | Time:00:01.41 | Mem:1.72M, Peak:2.12M | Scene, ViewLayer | Updating Geometry BVH Mesh 29/51 | Building BVH
Fra:1 Mem:16.51M (Peak 41.69M) | Time:00:01.41 | Mem:1.73M, Peak:2.12M | Scene, ViewLayer | Updating Geometry BVH Mesh 29/51 | Building OptiX acceleration structure
Fra:1 Mem:16.55M (Peak 41.69M) | Time:00:01.41 | Mem:1.75M, Peak:2.12M | Scene, ViewLayer | Updating Geometry BVH Recessed accelerator channel.003 30/51 | Building BVH
Fra:1 Mem:16.55M (Peak 41.69M) | Time:00:01.41 | Mem:1.76M, Peak:2.12M | Scene, ViewLayer | Updating Geometry BVH Recessed accelerator channel.003 30/51 | Building OptiX acceleration structure
Fra:1 Mem:16.55M (Peak 41.69M) | Time:00:01.41 | Mem:1.75M, Peak:2.12M | Scene, ViewLayer | Updating Geometry BVH Integrated lifting hull.047 31/51 | Building BVH
Fra:1 Mem:16.55M (Peak 41.69M) | Time:00:01.41 | Mem:1.76M, Peak:2.12M | Scene, ViewLayer | Updating Geometry BVH Integrated lifting hull.047 31/51 | Building OptiX acceleration structure
Fra:1 Mem:16.56M (Peak 41.69M) | Time:00:01.41 | Mem:1.77M, Peak:2.12M | Scene, ViewLayer | Updating Geometry BVH Integrated propulsion nacelle.049 32/51 | Building BVH
Fra:1 Mem:16.56M (Peak 41.69M) | Time:00:01.41 | Mem:1.78M, Peak:2.12M | Scene, ViewLayer | Updating Geometry BVH Integrated propulsion nacelle.049 32/51 | Building OptiX acceleration structure
Fra:1 Mem:16.57M (Peak 41.69M) | Time:00:01.41 | Mem:1.78M, Peak:2.12M | Scene, ViewLayer | Updating Geometry BVH Contoured expansion nozzle.097 33/51 | Building BVH
Fra:1 Mem:16.57M (Peak 41.69M) | Time:00:01.41 | Mem:1.78M, Peak:2.12M | Scene, ViewLayer | Updating Geometry BVH Contoured expansion nozzle.097 33/51 | Building OptiX acceleration structure
Fra:1 Mem:16.57M (Peak 41.69M) | Time:00:01.41 | Mem:1.78M, Peak:2.12M | Scene, ViewLayer | Updating Geometry BVH Nozzle petal seam.1164 34/51 | Building BVH
Fra:1 Mem:16.57M (Peak 41.69M) | Time:00:01.41 | Mem:1.79M, Peak:2.12M | Scene, ViewLayer | Updating Geometry BVH Nozzle petal seam.1164 34/51 | Building OptiX acceleration structure
Fra:1 Mem:16.57M (Peak 41.69M) | Time:00:01.41 | Mem:1.79M, Peak:2.12M | Scene, ViewLayer | Updating Geometry BVH Nozzle petal seam.1165 35/51 | Building BVH
Fra:1 Mem:16.57M (Peak 41.69M) | Time:00:01.41 | Mem:1.79M, Peak:2.12M | Scene, ViewLayer | Updating Geometry BVH Nozzle petal seam.1165 35/51 | Building OptiX acceleration structure
Fra:1 Mem:16.55M (Peak 41.69M) | Time:00:01.41 | Mem:1.78M, Peak:2.12M | Scene, ViewLayer | Updating Geometry BVH Nozzle petal seam.1166 36/51 | Building BVH
Fra:1 Mem:16.55M (Peak 41.69M) | Time:00:01.41 | Mem:1.78M, Peak:2.12M | Scene, ViewLayer | Updating Geometry BVH Nozzle petal seam.1166 36/51 | Building OptiX acceleration structure
Fra:1 Mem:16.55M (Peak 41.69M) | Time:00:01.41 | Mem:1.78M, Peak:2.12M | Scene, ViewLayer | Updating Geometry BVH Nozzle petal seam.1167 37/51 | Building BVH
Fra:1 Mem:16.55M (Peak 41.69M) | Time:00:01.41 | Mem:1.78M, Peak:2.12M | Scene, ViewLayer | Updating Geometry BVH Nozzle petal seam.1167 37/51 | Building OptiX acceleration structure
Fra:1 Mem:16.55M (Peak 41.69M) | Time:00:01.41 | Mem:1.78M, Peak:2.12M | Scene, ViewLayer | Updating Geometry BVH Mesh 48/51 | Building BVH
Fra:1 Mem:16.55M (Peak 41.69M) | Time:00:01.41 | Mem:1.86M, Peak:2.12M | Scene, ViewLayer | Updating Geometry BVH Mesh 48/51 | Building OptiX acceleration structure
Fra:1 Mem:16.55M (Peak 41.69M) | Time:00:01.42 | Mem:1.82M, Peak:2.12M | Scene, ViewLayer | Updating Geometry BVH Nozzle petal seam.1168 38/51 | Building BVH
Fra:1 Mem:16.55M (Peak 41.69M) | Time:00:01.42 | Mem:1.83M, Peak:2.12M | Scene, ViewLayer | Updating Geometry BVH Nozzle petal seam.1168 38/51 | Building OptiX acceleration structure
Fra:1 Mem:16.55M (Peak 41.69M) | Time:00:01.42 | Mem:1.82M, Peak:2.12M | Scene, ViewLayer | Updating Geometry BVH Nozzle petal seam.1169 39/51 | Building BVH
Fra:1 Mem:16.55M (Peak 41.69M) | Time:00:01.42 | Mem:1.82M, Peak:2.12M | Scene, ViewLayer | Updating Geometry BVH Nozzle petal seam.1169 39/51 | Building OptiX acceleration structure
Fra:1 Mem:16.52M (Peak 41.69M) | Time:00:01.42 | Mem:1.83M, Peak:2.12M | Scene, ViewLayer | Updating Geometry BVH Nozzle petal seam.1170 40/51 | Building BVH
Fra:1 Mem:16.52M (Peak 41.69M) | Time:00:01.42 | Mem:1.84M, Peak:2.12M | Scene, ViewLayer | Updating Geometry BVH Nozzle petal seam.1170 40/51 | Building OptiX acceleration structure
Fra:1 Mem:16.52M (Peak 41.69M) | Time:00:01.42 | Mem:1.83M, Peak:2.12M | Scene, ViewLayer | Updating Geometry BVH Nozzle petal seam.1171 41/51 | Building BVH
Fra:1 Mem:16.52M (Peak 41.69M) | Time:00:01.42 | Mem:1.83M, Peak:2.12M | Scene, ViewLayer | Updating Geometry BVH Nozzle petal seam.1171 41/51 | Building OptiX acceleration structure
Fra:1 Mem:16.50M (Peak 41.69M) | Time:00:01.42 | Mem:1.83M, Peak:2.12M | Scene, ViewLayer | Updating Geometry BVH Nozzle petal seam.1172 42/51 | Building BVH
Fra:1 Mem:16.50M (Peak 41.69M) | Time:00:01.42 | Mem:1.86M, Peak:2.12M | Scene, ViewLayer | Updating Geometry BVH Nozzle petal seam.1172 42/51 | Building OptiX acceleration structure
Fra:1 Mem:16.50M (Peak 41.69M) | Time:00:01.42 | Mem:1.83M, Peak:2.12M | Scene, ViewLayer | Updating Geometry BVH Nozzle petal seam.1173 43/51 | Building BVH
Fra:1 Mem:16.50M (Peak 41.69M) | Time:00:01.42 | Mem:1.83M, Peak:2.12M | Scene, ViewLayer | Updating Geometry BVH Nozzle petal seam.1173 43/51 | Building OptiX acceleration structure
Fra:1 Mem:16.49M (Peak 41.69M) | Time:00:01.42 | Mem:1.83M, Peak:2.12M | Scene, ViewLayer | Updating Geometry BVH Nozzle petal seam.1174 44/51 | Building BVH
Fra:1 Mem:16.49M (Peak 41.69M) | Time:00:01.42 | Mem:1.84M, Peak:2.12M | Scene, ViewLayer | Updating Geometry BVH Nozzle petal seam.1174 44/51 | Building OptiX acceleration structure
Fra:1 Mem:16.49M (Peak 41.69M) | Time:00:01.42 | Mem:1.84M, Peak:2.12M | Scene, ViewLayer | Updating Geometry BVH Nozzle petal seam.1175 45/51 | Building BVH
Fra:1 Mem:16.49M (Peak 41.69M) | Time:00:01.42 | Mem:1.84M, Peak:2.12M | Scene, ViewLayer | Updating Geometry BVH Nozzle petal seam.1175 45/51 | Building OptiX acceleration structure
Fra:1 Mem:16.49M (Peak 41.69M) | Time:00:01.42 | Mem:1.84M, Peak:2.12M | Scene, ViewLayer | Updating Geometry BVH Deep ion throat.097 46/51 | Building BVH
Fra:1 Mem:16.49M (Peak 41.69M) | Time:00:01.42 | Mem:1.84M, Peak:2.12M | Scene, ViewLayer | Updating Geometry BVH Deep ion throat.097 46/51 | Building OptiX acceleration structure
Fra:1 Mem:16.51M (Peak 41.69M) | Time:00:01.43 | Mem:1.87M, Peak:2.12M | Scene, ViewLayer | Updating Geometry BVH Deep intake duct.049 47/51 | Building BVH
Fra:1 Mem:16.51M (Peak 41.69M) | Time:00:01.43 | Mem:1.87M, Peak:2.12M | Scene, ViewLayer | Updating Geometry BVH Deep intake duct.049 47/51 | Building OptiX acceleration structure
Fra:1 Mem:16.45M (Peak 41.69M) | Time:00:01.44 | Mem:1.87M, Peak:2.12M | Scene, ViewLayer | Updating Scene BVH | Building
Fra:1 Mem:16.45M (Peak 41.69M) | Time:00:01.44 | Mem:1.87M, Peak:2.12M | Scene, ViewLayer | Updating Scene BVH | Building OptiX acceleration structure
Fra:1 Mem:16.45M (Peak 41.69M) | Time:00:01.44 | Mem:1.88M, Peak:2.12M | Scene, ViewLayer | Updating Scene BVH | Copying BVH to device
Fra:1 Mem:16.45M (Peak 41.69M) | Time:00:01.44 | Mem:1.88M, Peak:2.12M | Scene, ViewLayer | Updating Mesh | Computing normals
Fra:1 Mem:17.21M (Peak 41.69M) | Time:00:01.44 | Mem:1.88M, Peak:2.12M | Scene, ViewLayer | Updating Mesh | Copying Mesh to device
Fra:1 Mem:17.21M (Peak 41.69M) | Time:00:01.44 | Mem:2.63M, Peak:2.63M | Scene, ViewLayer | Updating Objects Flags
Fra:1 Mem:17.21M (Peak 41.69M) | Time:00:01.44 | Mem:2.63M, Peak:2.63M | Scene, ViewLayer | Updating Primitive Offsets
Fra:1 Mem:17.21M (Peak 41.69M) | Time:00:01.44 | Mem:2.63M, Peak:2.63M | Scene, ViewLayer | Updating Images
Fra:1 Mem:17.21M (Peak 41.69M) | Time:00:01.44 | Mem:2.63M, Peak:2.63M | Scene, ViewLayer | Updating Images | Loading panel-normal.png
Fra:1 Mem:17.21M (Peak 41.69M) | Time:00:01.44 | Mem:2.63M, Peak:2.63M | Scene, ViewLayer | Updating Images | Loading white-basecolor.png
Fra:1 Mem:17.21M (Peak 41.69M) | Time:00:01.44 | Mem:2.63M, Peak:2.63M | Scene, ViewLayer | Updating Images | Loading paint-orm.png
Fra:1 Mem:33.22M (Peak 41.69M) | Time:00:01.78 | Mem:18.63M, Peak:18.63M | Scene, ViewLayer | Updating Camera Volume
Fra:1 Mem:33.22M (Peak 41.69M) | Time:00:01.78 | Mem:18.63M, Peak:18.63M | Scene, ViewLayer | Updating Lookup Tables
Fra:1 Mem:33.22M (Peak 41.69M) | Time:00:01.78 | Mem:18.71M, Peak:18.71M | Scene, ViewLayer | Updating Lights
Fra:1 Mem:33.22M (Peak 41.69M) | Time:00:01.78 | Mem:18.71M, Peak:18.71M | Scene, ViewLayer | Updating Lights | Computing tree
Fra:1 Mem:33.42M (Peak 41.69M) | Time:00:01.79 | Mem:18.92M, Peak:18.92M | Scene, ViewLayer | Updating Integrator
Fra:1 Mem:33.42M (Peak 41.69M) | Time:00:01.79 | Mem:18.92M, Peak:18.92M | Scene, ViewLayer | Updating Film
Fra:1 Mem:33.43M (Peak 41.69M) | Time:00:01.79 | Mem:18.84M, Peak:18.92M | Scene, ViewLayer | Updating Lookup Tables
Fra:1 Mem:33.43M (Peak 41.69M) | Time:00:01.79 | Mem:18.92M, Peak:18.92M | Scene, ViewLayer | Updating Baking
Fra:1 Mem:33.43M (Peak 41.69M) | Time:00:01.79 | Mem:18.92M, Peak:18.92M | Scene, ViewLayer | Updating Device | Writing constant memory
Fra:1 Mem:33.43M (Peak 41.69M) | Time:00:01.79 | Mem:18.92M, Peak:18.92M | Scene, ViewLayer | Loading denoising kernels (may take a few minutes the first time)
Fra:1 Mem:37.43M (Peak 41.69M) | Time:00:01.82 | Mem:370.92M, Peak:370.92M | Scene, ViewLayer | Sample 0/24
Fra:1 Mem:84.40M (Peak 84.40M) | Time:00:01.86 | Remaining:00:00.93 | Mem:417.90M, Peak:417.90M | Scene, ViewLayer | Sample 1/24
Fra:1 Mem:104.19M (Peak 133.85M) | Time:00:06.69 | Mem:417.91M, Peak:417.91M | Scene, ViewLayer | Sample 24/24
Fra:1 Mem:104.19M (Peak 133.85M) | Time:00:06.69 | Mem:417.91M, Peak:417.91M | Scene, ViewLayer | Finished
Saved: 'D:\vibe-coding-e\nova-swarm-forum-129-improvements-20260822\docs\fleet-art-v2\ships\29\surfaced.png'
Time: 00:07.33 (Saving: 00:00.48)

Info: Saved as "source.blend"
17:14:30 | INFO: Starting glTF 2.0 export
17:14:30 | INFO: Extracting primitive: Continuous pressure fuselage.023
17:14:30 | WARNING: More than one shader node tex image used for a texture. The resulting glTF sampler will behave like the first shader node tex image.
17:14:30 | WARNING: More than one shader node tex image used for a texture. The resulting glTF sampler will behave like the first shader node tex image.
17:14:30 | INFO: Primitives created: 6
17:14:30 | INFO: Finished glTF 2.0 export in 0.29448485374450684 s
Fra:1 Mem:15.51M (Peak 31.02M) | Time:00:00.25 | Mem:0.00M, Peak:0.00M | Scene, ViewLayer | Synchronizing object | Broad neutral key
Fra:1 Mem:15.51M (Peak 31.02M) | Time:00:00.25 | Mem:0.00M, Peak:0.00M | Scene, ViewLayer | Synchronizing object | RailbreakerV2
Fra:1 Mem:17.23M (Peak 31.02M) | Time:00:00.26 | Mem:0.00M, Peak:0.00M | Scene, ViewLayer | Initializing
Fra:1 Mem:16.76M (Peak 31.02M) | Time:00:00.26 | Mem:0.00M, Peak:0.00M | Scene, ViewLayer | Waiting for render to start
Fra:1 Mem:16.76M (Peak 31.02M) | Time:00:00.26 | Mem:0.00M, Peak:0.00M | Scene, ViewLayer | Updating Scene
Fra:1 Mem:16.76M (Peak 31.02M) | Time:00:00.26 | Mem:0.00M, Peak:0.00M | Scene, ViewLayer | Updating Shaders
Fra:1 Mem:16.76M (Peak 31.02M) | Time:00:00.26 | Mem:0.00M, Peak:0.00M | Scene, ViewLayer | Loading render kernels (may take a few minutes the first time)
Fra:1 Mem:16.85M (Peak 44.14M) | Time:00:00.42 | Mem:0.01M, Peak:0.01M | Scene, ViewLayer | Updating Procedurals
Fra:1 Mem:16.85M (Peak 44.14M) | Time:00:00.42 | Mem:0.01M, Peak:0.01M | Scene, ViewLayer | Updating Background
Fra:1 Mem:16.85M (Peak 44.14M) | Time:00:00.42 | Mem:0.01M, Peak:0.01M | Scene, ViewLayer | Updating Camera
Fra:1 Mem:16.85M (Peak 44.14M) | Time:00:00.42 | Mem:0.01M, Peak:0.01M | Scene, ViewLayer | Updating Meshes Flags
Fra:1 Mem:16.85M (Peak 44.14M) | Time:00:00.42 | Mem:0.01M, Peak:0.01M | Scene, ViewLayer | Updating Objects
Fra:1 Mem:16.85M (Peak 44.14M) | Time:00:00.42 | Mem:0.01M, Peak:0.01M | Scene, ViewLayer | Updating Objects | Copying Transformations to device
Fra:1 Mem:16.85M (Peak 44.14M) | Time:00:00.42 | Mem:0.01M, Peak:0.01M | Scene, ViewLayer | Updating Particle Systems
Fra:1 Mem:16.85M (Peak 44.14M) | Time:00:00.42 | Mem:0.01M, Peak:0.01M | Scene, ViewLayer | Updating Particle Systems | Copying Particles to device
Fra:1 Mem:16.85M (Peak 44.14M) | Time:00:00.42 | Mem:0.01M, Peak:0.01M | Scene, ViewLayer | Updating Meshes
Fra:1 Mem:18.02M (Peak 44.14M) | Time:00:00.43 | Mem:0.01M, Peak:0.01M | Scene, ViewLayer | Updating Objects | Applying Static Transformations
Fra:1 Mem:18.02M (Peak 44.14M) | Time:00:00.43 | Mem:0.01M, Peak:0.01M | Scene, ViewLayer | Updating Mesh | Computing attributes
Fra:1 Mem:19.58M (Peak 44.14M) | Time:00:00.44 | Mem:0.01M, Peak:0.01M | Scene, ViewLayer | Updating Mesh | Copying Attributes to device
Fra:1 Mem:19.58M (Peak 44.14M) | Time:00:00.44 | Mem:1.57M, Peak:1.57M | Scene, ViewLayer | Updating Geometry BVH light 5/4 | Building BVH
Fra:1 Mem:19.58M (Peak 44.14M) | Time:00:00.44 | Mem:1.57M, Peak:1.57M | Scene, ViewLayer | Updating Geometry BVH Continuous pressure fuselage.023 4/4 | Building BVH
Fra:1 Mem:19.58M (Peak 44.14M) | Time:00:00.44 | Mem:1.57M, Peak:1.57M | Scene, ViewLayer | Updating Geometry BVH Continuous pressure fuselage.023 4/4 | Building OptiX acceleration structure
Fra:1 Mem:19.58M (Peak 44.14M) | Time:00:00.45 | Mem:2.08M, Peak:3.62M | Scene, ViewLayer | Updating Scene BVH | Building
Fra:1 Mem:19.58M (Peak 44.14M) | Time:00:00.45 | Mem:2.08M, Peak:3.62M | Scene, ViewLayer | Updating Scene BVH | Building OptiX acceleration structure
Fra:1 Mem:19.58M (Peak 44.14M) | Time:00:00.45 | Mem:2.08M, Peak:3.62M | Scene, ViewLayer | Updating Scene BVH | Copying BVH to device
Fra:1 Mem:19.58M (Peak 44.14M) | Time:00:00.45 | Mem:2.08M, Peak:3.62M | Scene, ViewLayer | Updating Mesh | Computing normals
Fra:1 Mem:20.19M (Peak 44.14M) | Time:00:00.45 | Mem:2.08M, Peak:3.62M | Scene, ViewLayer | Updating Mesh | Copying Mesh to device
Fra:1 Mem:20.19M (Peak 44.14M) | Time:00:00.46 | Mem:2.69M, Peak:3.62M | Scene, ViewLayer | Updating Objects Flags
Fra:1 Mem:20.19M (Peak 44.14M) | Time:00:00.46 | Mem:2.69M, Peak:3.62M | Scene, ViewLayer | Updating Primitive Offsets
Fra:1 Mem:20.19M (Peak 44.14M) | Time:00:00.46 | Mem:2.69M, Peak:3.62M | Scene, ViewLayer | Updating Images
Fra:1 Mem:20.19M (Peak 44.14M) | Time:00:00.46 | Mem:2.69M, Peak:3.62M | Scene, ViewLayer | Updating Images | Loading panel-normal.png
Fra:1 Mem:24.19M (Peak 44.14M) | Time:00:00.46 | Mem:2.69M, Peak:3.62M | Scene, ViewLayer | Updating Images | Loading white-basecolor.png
Fra:1 Mem:28.19M (Peak 44.14M) | Time:00:00.46 | Mem:2.69M, Peak:3.62M | Scene, ViewLayer | Updating Images | Loading paint-orm.png
Fra:1 Mem:36.21M (Peak 44.14M) | Time:00:00.49 | Mem:18.69M, Peak:18.69M | Scene, ViewLayer | Updating Camera Volume
Fra:1 Mem:36.21M (Peak 44.14M) | Time:00:00.49 | Mem:18.69M, Peak:18.69M | Scene, ViewLayer | Updating Lookup Tables
Fra:1 Mem:36.21M (Peak 44.14M) | Time:00:00.49 | Mem:18.78M, Peak:18.78M | Scene, ViewLayer | Updating Lights
Fra:1 Mem:36.21M (Peak 44.14M) | Time:00:00.49 | Mem:18.78M, Peak:18.78M | Scene, ViewLayer | Updating Lights | Computing tree
Fra:1 Mem:36.48M (Peak 44.14M) | Time:00:00.50 | Mem:19.05M, Peak:19.05M | Scene, ViewLayer | Updating Integrator
Fra:1 Mem:36.48M (Peak 44.14M) | Time:00:00.50 | Mem:19.05M, Peak:19.05M | Scene, ViewLayer | Updating Film
Fra:1 Mem:36.49M (Peak 44.14M) | Time:00:00.51 | Mem:18.97M, Peak:19.05M | Scene, ViewLayer | Updating Lookup Tables
Fra:1 Mem:36.49M (Peak 44.14M) | Time:00:00.51 | Mem:19.05M, Peak:19.05M | Scene, ViewLayer | Updating Baking
Fra:1 Mem:36.49M (Peak 44.14M) | Time:00:00.51 | Mem:19.05M, Peak:19.05M | Scene, ViewLayer | Updating Device | Writing constant memory
Fra:1 Mem:36.49M (Peak 44.14M) | Time:00:00.51 | Mem:19.05M, Peak:19.05M | Scene, ViewLayer | Loading denoising kernels (may take a few minutes the first time)
Fra:1 Mem:40.49M (Peak 44.14M) | Time:00:00.53 | Mem:371.06M, Peak:371.06M | Scene, ViewLayer | Sample 0/24
Fra:1 Mem:116.49M (Peak 116.49M) | Time:00:00.62 | Remaining:00:01.95 | Mem:447.07M, Peak:447.07M | Scene, ViewLayer | Sample 1/24
Fra:1 Mem:148.50M (Peak 196.50M) | Time:00:09.15 | Mem:447.07M, Peak:447.07M | Scene, ViewLayer | Sample 24/24
Fra:1 Mem:148.50M (Peak 196.50M) | Time:00:09.15 | Mem:447.07M, Peak:447.07M | Scene, ViewLayer | Finished
Saved: 'D:\vibe-coding-e\nova-swarm-forum-129-improvements-20260822\docs\fleet-art-v2\ships\29\export\showroom.png'
Time: 00:10.13 (Saving: 00:00.86)

Fra:1 Mem:15.83M (Peak 15.83M) | Time:00:00.18 | Mem:0.00M, Peak:0.00M | Scene, ViewLayer | Synchronizing object | Broad neutral key
Fra:1 Mem:15.83M (Peak 15.83M) | Time:00:00.18 | Mem:0.00M, Peak:0.00M | Scene, ViewLayer | Synchronizing object | RailbreakerV2
Fra:1 Mem:17.23M (Peak 17.98M) | Time:00:00.19 | Mem:0.00M, Peak:0.00M | Scene, ViewLayer | Initializing
Fra:1 Mem:16.76M (Peak 17.98M) | Time:00:00.19 | Mem:0.00M, Peak:0.00M | Scene, ViewLayer | Waiting for render to start
Fra:1 Mem:16.76M (Peak 17.98M) | Time:00:00.19 | Mem:0.00M, Peak:0.00M | Scene, ViewLayer | Updating Scene
Fra:1 Mem:16.76M (Peak 17.98M) | Time:00:00.19 | Mem:0.00M, Peak:0.00M | Scene, ViewLayer | Updating Shaders
Fra:1 Mem:16.76M (Peak 17.98M) | Time:00:00.19 | Mem:0.00M, Peak:0.00M | Scene, ViewLayer | Loading render kernels (may take a few minutes the first time)
Fra:1 Mem:16.85M (Peak 44.14M) | Time:00:00.33 | Mem:0.01M, Peak:0.01M | Scene, ViewLayer | Updating Procedurals
Fra:1 Mem:16.85M (Peak 44.14M) | Time:00:00.33 | Mem:0.01M, Peak:0.01M | Scene, ViewLayer | Updating Background
Fra:1 Mem:16.85M (Peak 44.14M) | Time:00:00.33 | Mem:0.01M, Peak:0.01M | Scene, ViewLayer | Updating Camera
Fra:1 Mem:16.85M (Peak 44.14M) | Time:00:00.33 | Mem:0.01M, Peak:0.01M | Scene, ViewLayer | Updating Meshes Flags
Fra:1 Mem:16.85M (Peak 44.14M) | Time:00:00.33 | Mem:0.01M, Peak:0.01M | Scene, ViewLayer | Updating Objects
Fra:1 Mem:16.85M (Peak 44.14M) | Time:00:00.33 | Mem:0.01M, Peak:0.01M | Scene, ViewLayer | Updating Objects | Copying Transformations to device
Fra:1 Mem:16.85M (Peak 44.14M) | Time:00:00.33 | Mem:0.01M, Peak:0.01M | Scene, ViewLayer | Updating Particle Systems
Fra:1 Mem:16.85M (Peak 44.14M) | Time:00:00.33 | Mem:0.01M, Peak:0.01M | Scene, ViewLayer | Updating Particle Systems | Copying Particles to device
Fra:1 Mem:16.85M (Peak 44.14M) | Time:00:00.33 | Mem:0.01M, Peak:0.01M | Scene, ViewLayer | Updating Meshes
Fra:1 Mem:18.02M (Peak 44.14M) | Time:00:00.34 | Mem:0.01M, Peak:0.01M | Scene, ViewLayer | Updating Objects | Applying Static Transformations
Fra:1 Mem:18.02M (Peak 44.14M) | Time:00:00.34 | Mem:0.01M, Peak:0.01M | Scene, ViewLayer | Updating Mesh | Computing attributes
Fra:1 Mem:19.58M (Peak 44.14M) | Time:00:00.34 | Mem:0.01M, Peak:0.01M | Scene, ViewLayer | Updating Mesh | Copying Attributes to device
Fra:1 Mem:19.58M (Peak 44.14M) | Time:00:00.34 | Mem:1.57M, Peak:1.57M | Scene, ViewLayer | Updating Geometry BVH Broad neutral key 2/4 | Building BVH
Fra:1 Mem:19.58M (Peak 44.14M) | Time:00:00.34 | Mem:1.57M, Peak:1.57M | Scene, ViewLayer | Updating Geometry BVH Continuous pressure fuselage.023 4/4 | Building OptiX acceleration structure
Fra:1 Mem:19.58M (Peak 44.14M) | Time:00:00.35 | Mem:2.08M, Peak:3.62M | Scene, ViewLayer | Updating Scene BVH | Building
Fra:1 Mem:19.58M (Peak 44.14M) | Time:00:00.35 | Mem:2.08M, Peak:3.62M | Scene, ViewLayer | Updating Scene BVH | Building OptiX acceleration structure
Fra:1 Mem:19.58M (Peak 44.14M) | Time:00:00.35 | Mem:2.08M, Peak:3.62M | Scene, ViewLayer | Updating Scene BVH | Copying BVH to device
Fra:1 Mem:19.58M (Peak 44.14M) | Time:00:00.35 | Mem:2.08M, Peak:3.62M | Scene, ViewLayer | Updating Mesh | Computing normals
Fra:1 Mem:20.19M (Peak 44.14M) | Time:00:00.35 | Mem:2.08M, Peak:3.62M | Scene, ViewLayer | Updating Mesh | Copying Mesh to device
Fra:1 Mem:20.19M (Peak 44.14M) | Time:00:00.35 | Mem:2.69M, Peak:3.62M | Scene, ViewLayer | Updating Objects Flags
Fra:1 Mem:20.19M (Peak 44.14M) | Time:00:00.35 | Mem:2.69M, Peak:3.62M | Scene, ViewLayer | Updating Primitive Offsets
Fra:1 Mem:20.19M (Peak 44.14M) | Time:00:00.35 | Mem:2.69M, Peak:3.62M | Scene, ViewLayer | Updating Images
Fra:1 Mem:20.19M (Peak 44.14M) | Time:00:00.35 | Mem:2.69M, Peak:3.62M | Scene, ViewLayer | Updating Images | Loading panel-normal.png
Fra:1 Mem:24.19M (Peak 44.14M) | Time:00:00.35 | Mem:2.69M, Peak:3.62M | Scene, ViewLayer | Updating Images | Loading cobalt-basecolor.png
Fra:1 Mem:28.19M (Peak 44.14M) | Time:00:00.35 | Mem:2.69M, Peak:3.62M | Scene, ViewLayer | Updating Images | Loading paint-orm.png
Fra:1 Mem:36.21M (Peak 44.14M) | Time:00:00.37 | Mem:18.69M, Peak:18.69M | Scene, ViewLayer | Updating Camera Volume
Fra:1 Mem:36.21M (Peak 44.14M) | Time:00:00.37 | Mem:18.69M, Peak:18.69M | Scene, ViewLayer | Updating Lookup Tables
Fra:1 Mem:36.21M (Peak 44.14M) | Time:00:00.37 | Mem:18.78M, Peak:18.78M | Scene, ViewLayer | Updating Lights
Fra:1 Mem:36.21M (Peak 44.14M) | Time:00:00.37 | Mem:18.78M, Peak:18.78M | Scene, ViewLayer | Updating Lights | Computing tree
Fra:1 Mem:36.48M (Peak 44.14M) | Time:00:00.38 | Mem:19.05M, Peak:19.05M | Scene, ViewLayer | Updating Integrator
Fra:1 Mem:36.48M (Peak 44.14M) | Time:00:00.38 | Mem:19.05M, Peak:19.05M | Scene, ViewLayer | Updating Film
Fra:1 Mem:36.49M (Peak 44.14M) | Time:00:00.38 | Mem:18.97M, Peak:19.05M | Scene, ViewLayer | Updating Lookup Tables
Fra:1 Mem:36.49M (Peak 44.14M) | Time:00:00.38 | Mem:19.05M, Peak:19.05M | Scene, ViewLayer | Updating Baking
Fra:1 Mem:36.49M (Peak 44.14M) | Time:00:00.38 | Mem:19.05M, Peak:19.05M | Scene, ViewLayer | Updating Device | Writing constant memory
Fra:1 Mem:36.49M (Peak 44.14M) | Time:00:00.38 | Mem:19.05M, Peak:19.05M | Scene, ViewLayer | Loading denoising kernels (may take a few minutes the first time)
Fra:1 Mem:40.49M (Peak 44.14M) | Time:00:00.40 | Mem:371.06M, Peak:371.06M | Scene, ViewLayer | Sample 0/24
Fra:1 Mem:59.49M (Peak 59.49M) | Time:00:00.42 | Remaining:00:00.49 | Mem:390.07M, Peak:390.07M | Scene, ViewLayer | Sample 1/24
Fra:1 Mem:67.50M (Peak 79.50M) | Time:00:02.71 | Mem:390.07M, Peak:390.07M | Scene, ViewLayer | Sample 24/24
Fra:1 Mem:67.50M (Peak 79.50M) | Time:00:02.71 | Mem:390.07M, Peak:390.07M | Scene, ViewLayer | Finished
Saved: 'D:\vibe-coding-e\nova-swarm-forum-129-improvements-20260822\docs\fleet-art-v2\ships\29\export\player.png'
Time: 00:02.96 (Saving: 00:00.05)


FLEET_V2_COMPLETE 29 Railbreaker
Read blend: "D:\vibe-coding-e\nova-swarm-forum-129-improvements-20260822\docs\fleet-art-v2\ships\30\source.blend"
Fra:1 Mem:16.04M (Peak 16.04M) | Time:00:00.23 | Mem:0.00M, Peak:0.00M | Scene, ViewLayer | Synchronizing object | Broad neutral key
Fra:1 Mem:16.04M (Peak 16.04M) | Time:00:00.23 | Mem:0.00M, Peak:0.00M | Scene, ViewLayer | Synchronizing object | Neutral fill
Fra:1 Mem:16.36M (Peak 16.36M) | Time:00:00.29 | Mem:0.00M, Peak:0.00M | Scene, ViewLayer | Synchronizing object | Continuous pressure fuselage
Fra:1 Mem:17.21M (Peak 17.21M) | Time:00:00.33 | Mem:0.00M, Peak:0.00M | Scene, ViewLayer | Synchronizing object | Cockpit integrated coaming
Fra:1 Mem:17.74M (Peak 17.74M) | Time:00:00.37 | Mem:0.00M, Peak:0.00M | Scene, ViewLayer | Synchronizing object | Pressure canopy glazing
Fra:1 Mem:17.74M (Peak 17.74M) | Time:00:00.37 | Mem:0.00M, Peak:0.00M | Scene, ViewLayer | Synchronizing object | Canopy lower frame
Fra:1 Mem:18.02M (Peak 18.02M) | Time:00:00.37 | Mem:0.00M, Peak:0.00M | Scene, ViewLayer | Synchronizing object | Canopy lower frame.001
Fra:1 Mem:18.02M (Peak 18.02M) | Time:00:00.37 | Mem:0.00M, Peak:0.00M | Scene, ViewLayer | Synchronizing object | Canopy pressure bow
Fra:1 Mem:18.08M (Peak 18.08M) | Time:00:00.37 | Mem:0.00M, Peak:0.00M | Scene, ViewLayer | Synchronizing object | Integrated lifting hull
Fra:1 Mem:18.08M (Peak 18.08M) | Time:00:00.37 | Mem:0.00M, Peak:0.00M | Scene, ViewLayer | Synchronizing object | Contoured expansion nozzle
Fra:1 Mem:18.09M (Peak 18.09M) | Time:00:00.37 | Mem:0.00M, Peak:0.00M | Scene, ViewLayer | Synchronizing object | Nozzle petal seam
Fra:1 Mem:18.17M (Peak 18.17M) | Time:00:00.37 | Mem:0.00M, Peak:0.00M | Scene, ViewLayer | Synchronizing object | Nozzle petal seam.001
Fra:1 Mem:18.18M (Peak 18.18M) | Time:00:00.37 | Mem:0.00M, Peak:0.00M | Scene, ViewLayer | Synchronizing object | Nozzle petal seam.002
Fra:1 Mem:18.18M (Peak 18.18M) | Time:00:00.37 | Mem:0.00M, Peak:0.00M | Scene, ViewLayer | Synchronizing object | Nozzle petal seam.003
Fra:1 Mem:18.23M (Peak 18.23M) | Time:00:00.37 | Mem:0.00M, Peak:0.00M | Scene, ViewLayer | Synchronizing object | Nozzle petal seam.004
Fra:1 Mem:18.18M (Peak 18.23M) | Time:00:00.37 | Mem:0.00M, Peak:0.00M | Scene, ViewLayer | Synchronizing object | Nozzle petal seam.005
Fra:1 Mem:18.18M (Peak 18.23M) | Time:00:00.37 | Mem:0.00M, Peak:0.00M | Scene, ViewLayer | Synchronizing object | Nozzle petal seam.006
Fra:1 Mem:18.18M (Peak 18.23M) | Time:00:00.37 | Mem:0.00M, Peak:0.00M | Scene, ViewLayer | Synchronizing object | Nozzle petal seam.007
Fra:1 Mem:18.18M (Peak 18.23M) | Time:00:00.37 | Mem:0.00M, Peak:0.00M | Scene, ViewLayer | Synchronizing object | Nozzle petal seam.008
Fra:1 Mem:18.18M (Peak 18.23M) | Time:00:00.37 | Mem:0.00M, Peak:0.00M | Scene, ViewLayer | Synchronizing object | Nozzle petal seam.009
Fra:1 Mem:18.19M (Peak 18.23M) | Time:00:00.37 | Mem:0.00M, Peak:0.00M | Scene, ViewLayer | Synchronizing object | Nozzle petal seam.010
Fra:1 Mem:18.19M (Peak 18.23M) | Time:00:00.37 | Mem:0.00M, Peak:0.00M | Scene, ViewLayer | Synchronizing object | Nozzle petal seam.011
Fra:1 Mem:18.19M (Peak 18.23M) | Time:00:00.37 | Mem:0.00M, Peak:0.00M | Scene, ViewLayer | Synchronizing object | Deep ion throat
Fra:1 Mem:18.19M (Peak 18.23M) | Time:00:00.37 | Mem:0.00M, Peak:0.00M | Scene, ViewLayer | Synchronizing object | Deep intake duct
Fra:1 Mem:18.35M (Peak 18.35M) | Time:00:00.38 | Mem:0.00M, Peak:0.00M | Scene, ViewLayer | Synchronizing object | Blended structural fairing
Fra:1 Mem:18.61M (Peak 18.61M) | Time:00:00.39 | Mem:0.00M, Peak:0.00M | Scene, ViewLayer | Synchronizing object | Blended structural fairing.001
Fra:1 Mem:18.61M (Peak 18.61M) | Time:00:00.39 | Mem:0.00M, Peak:0.00M | Scene, ViewLayer | Synchronizing object | Launch guide
Fra:1 Mem:18.89M (Peak 18.89M) | Time:00:00.40 | Mem:0.00M, Peak:0.00M | Scene, ViewLayer | Synchronizing object | Blended structural fairing.002
Fra:1 Mem:18.89M (Peak 18.89M) | Time:00:00.40 | Mem:0.00M, Peak:0.00M | Scene, ViewLayer | Synchronizing object | Launch guide.001
Fra:1 Mem:19.17M (Peak 19.17M) | Time:00:00.41 | Mem:0.00M, Peak:0.00M | Scene, ViewLayer | Synchronizing object | Blended structural fairing.003
Fra:1 Mem:19.19M (Peak 19.19M) | Time:00:00.41 | Mem:0.00M, Peak:0.00M | Scene, ViewLayer | Synchronizing object | Launch guide.002
Fra:1 Mem:19.31M (Peak 19.31M) | Time:00:00.41 | Mem:0.00M, Peak:0.00M | Scene, ViewLayer | Synchronizing object | Integrated lifting hull.001
Fra:1 Mem:19.33M (Peak 19.33M) | Time:00:00.41 | Mem:0.00M, Peak:0.00M | Scene, ViewLayer | Synchronizing object | Contoured expansion nozzle.001
Fra:1 Mem:19.38M (Peak 19.38M) | Time:00:00.41 | Mem:0.00M, Peak:0.00M | Scene, ViewLayer | Synchronizing object | Nozzle petal seam.012
Fra:1 Mem:19.48M (Peak 19.48M) | Time:00:00.41 | Mem:0.00M, Peak:0.00M | Scene, ViewLayer | Synchronizing object | Nozzle petal seam.013
Fra:1 Mem:19.47M (Peak 19.48M) | Time:00:00.41 | Mem:0.00M, Peak:0.00M | Scene, ViewLayer | Synchronizing object | Nozzle petal seam.014
Fra:1 Mem:19.47M (Peak 19.48M) | Time:00:00.41 | Mem:0.00M, Peak:0.00M | Scene, ViewLayer | Synchronizing object | Nozzle petal seam.015
Fra:1 Mem:19.47M (Peak 19.48M) | Time:00:00.41 | Mem:0.00M, Peak:0.00M | Scene, ViewLayer | Synchronizing object | Nozzle petal seam.016
Fra:1 Mem:19.47M (Peak 19.48M) | Time:00:00.41 | Mem:0.00M, Peak:0.00M | Scene, ViewLayer | Synchronizing object | Nozzle petal seam.017
Fra:1 Mem:19.47M (Peak 19.48M) | Time:00:00.41 | Mem:0.00M, Peak:0.00M | Scene, ViewLayer | Synchronizing object | Nozzle petal seam.018
Fra:1 Mem:19.47M (Peak 19.48M) | Time:00:00.41 | Mem:0.00M, Peak:0.00M | Scene, ViewLayer | Synchronizing object | Nozzle petal seam.019
Fra:1 Mem:19.47M (Peak 19.48M) | Time:00:00.41 | Mem:0.00M, Peak:0.00M | Scene, ViewLayer | Synchronizing object | Nozzle petal seam.020
Fra:1 Mem:19.48M (Peak 19.48M) | Time:00:00.41 | Mem:0.00M, Peak:0.00M | Scene, ViewLayer | Synchronizing object | Nozzle petal seam.021
Fra:1 Mem:19.48M (Peak 19.48M) | Time:00:00.41 | Mem:0.00M, Peak:0.00M | Scene, ViewLayer | Synchronizing object | Nozzle petal seam.022
Fra:1 Mem:19.48M (Peak 19.48M) | Time:00:00.41 | Mem:0.00M, Peak:0.00M | Scene, ViewLayer | Synchronizing object | Nozzle petal seam.023
Fra:1 Mem:19.48M (Peak 19.48M) | Time:00:00.41 | Mem:0.00M, Peak:0.00M | Scene, ViewLayer | Synchronizing object | Deep ion throat.001
Fra:1 Mem:19.49M (Peak 19.49M) | Time:00:00.41 | Mem:0.00M, Peak:0.00M | Scene, ViewLayer | Synchronizing object | Deep intake duct.001
Fra:1 Mem:19.64M (Peak 19.64M) | Time:00:00.42 | Mem:0.00M, Peak:0.00M | Scene, ViewLayer | Synchronizing object | Blended structural fairing.004
Fra:1 Mem:19.90M (Peak 19.90M) | Time:00:00.43 | Mem:0.00M, Peak:0.00M | Scene, ViewLayer | Synchronizing object | Blended structural fairing.005
Fra:1 Mem:19.90M (Peak 19.90M) | Time:00:00.43 | Mem:0.00M, Peak:0.00M | Scene, ViewLayer | Synchronizing object | Launch bay aperture.003
Fra:1 Mem:19.99M (Peak 19.99M) | Time:00:00.43 | Mem:0.00M, Peak:0.00M | Scene, ViewLayer | Synchronizing object | Launch guide.003
Fra:1 Mem:20.18M (Peak 20.18M) | Time:00:00.45 | Mem:0.00M, Peak:0.00M | Scene, ViewLayer | Synchronizing object | Blended structural fairing.006
Fra:1 Mem:20.18M (Peak 20.18M) | Time:00:00.45 | Mem:0.00M, Peak:0.00M | Scene, ViewLayer | Synchronizing object | Launch guide.004
Fra:1 Mem:20.46M (Peak 20.46M) | Time:00:00.46 | Mem:0.00M, Peak:0.00M | Scene, ViewLayer | Synchronizing object | Blended structural fairing.007
Fra:1 Mem:20.47M (Peak 20.47M) | Time:00:00.46 | Mem:0.00M, Peak:0.00M | Scene, ViewLayer | Synchronizing object | Launch bay aperture.005
Fra:1 Mem:20.53M (Peak 20.53M) | Time:00:00.46 | Mem:0.00M, Peak:0.00M | Scene, ViewLayer | Synchronizing object | Launch guide.005
Fra:1 Mem:20.66M (Peak 20.66M) | Time:00:00.46 | Mem:0.00M, Peak:0.00M | Scene, ViewLayer | Initializing
Fra:1 Mem:15.46M (Peak 20.66M) | Time:00:00.46 | Mem:0.00M, Peak:0.00M | Scene, ViewLayer | Waiting for render to start
Fra:1 Mem:15.46M (Peak 20.66M) | Time:00:00.46 | Mem:0.00M, Peak:0.00M | Scene, ViewLayer | Updating Scene
Fra:1 Mem:15.46M (Peak 20.66M) | Time:00:00.46 | Mem:0.00M, Peak:0.00M | Scene, ViewLayer | Updating Shaders
Fra:1 Mem:15.46M (Peak 20.66M) | Time:00:00.46 | Mem:0.00M, Peak:0.00M | Scene, ViewLayer | Loading render kernels (may take a few minutes the first time)
Fra:1 Mem:15.54M (Peak 42.83M) | Time:00:01.39 | Mem:0.01M, Peak:0.01M | Scene, ViewLayer | Updating Procedurals
Fra:1 Mem:15.54M (Peak 42.83M) | Time:00:01.39 | Mem:0.01M, Peak:0.01M | Scene, ViewLayer | Updating Background
Fra:1 Mem:15.54M (Peak 42.83M) | Time:00:01.39 | Mem:0.01M, Peak:0.01M | Scene, ViewLayer | Updating Camera
Fra:1 Mem:15.54M (Peak 42.83M) | Time:00:01.39 | Mem:0.01M, Peak:0.01M | Scene, ViewLayer | Updating Meshes Flags
Fra:1 Mem:15.54M (Peak 42.83M) | Time:00:01.39 | Mem:0.01M, Peak:0.01M | Scene, ViewLayer | Updating Objects
Fra:1 Mem:15.54M (Peak 42.83M) | Time:00:01.39 | Mem:0.01M, Peak:0.01M | Scene, ViewLayer | Updating Objects | Copying Transformations to device
Fra:1 Mem:15.56M (Peak 42.83M) | Time:00:01.39 | Mem:0.03M, Peak:0.03M | Scene, ViewLayer | Updating Particle Systems
Fra:1 Mem:15.56M (Peak 42.83M) | Time:00:01.39 | Mem:0.03M, Peak:0.03M | Scene, ViewLayer | Updating Particle Systems | Copying Particles to device
Fra:1 Mem:15.56M (Peak 42.83M) | Time:00:01.39 | Mem:0.03M, Peak:0.03M | Scene, ViewLayer | Updating Meshes
Fra:1 Mem:16.79M (Peak 42.83M) | Time:00:01.41 | Mem:0.03M, Peak:0.03M | Scene, ViewLayer | Updating Objects | Applying Static Transformations
Fra:1 Mem:16.79M (Peak 42.83M) | Time:00:01.41 | Mem:0.03M, Peak:0.03M | Scene, ViewLayer | Updating Mesh | Computing attributes
Fra:1 Mem:18.52M (Peak 42.83M) | Time:00:01.41 | Mem:0.03M, Peak:0.03M | Scene, ViewLayer | Updating Mesh | Copying Attributes to device
Fra:1 Mem:18.51M (Peak 42.83M) | Time:00:01.41 | Mem:1.75M, Peak:1.75M | Scene, ViewLayer | Updating Geometry BVH Broad neutral key 2/63 | Building BVH
Fra:1 Mem:18.51M (Peak 42.83M) | Time:00:01.41 | Mem:1.75M, Peak:1.75M | Scene, ViewLayer | Updating Geometry BVH Contoured expansion nozzle.022 12/63 | Building OptiX acceleration structure
Fra:1 Mem:18.51M (Peak 42.83M) | Time:00:01.41 | Mem:1.75M, Peak:1.75M | Scene, ViewLayer | Updating Geometry BVH Launch guide.005 63/63 | Building BVH
Fra:1 Mem:18.51M (Peak 42.83M) | Time:00:01.41 | Mem:1.75M, Peak:1.75M | Scene, ViewLayer | Updating Geometry BVH Launch guide.005 63/63 | Building OptiX acceleration structure
Fra:1 Mem:18.82M (Peak 42.83M) | Time:00:01.41 | Mem:1.83M, Peak:1.83M | Scene, ViewLayer | Updating Geometry BVH Nozzle petal seam.264 13/63 | Building OptiX acceleration structure
Fra:1 Mem:18.82M (Peak 42.83M) | Time:00:01.41 | Mem:1.83M, Peak:1.83M | Scene, ViewLayer | Updating Geometry BVH Nozzle petal seam.265 14/63 | Building BVH
Fra:1 Mem:18.82M (Peak 42.83M) | Time:00:01.41 | Mem:1.83M, Peak:1.83M | Scene, ViewLayer | Updating Geometry BVH Nozzle petal seam.265 14/63 | Building OptiX acceleration structure
Fra:1 Mem:18.83M (Peak 42.83M) | Time:00:01.41 | Mem:2.07M, Peak:2.07M | Scene, ViewLayer | Updating Geometry BVH Launch bay aperture.005 62/63 | Building BVH
Fra:1 Mem:18.83M (Peak 42.83M) | Time:00:01.41 | Mem:2.07M, Peak:2.07M | Scene, ViewLayer | Updating Geometry BVH Launch bay aperture.005 62/63 | Building OptiX acceleration structure
Fra:1 Mem:18.83M (Peak 42.83M) | Time:00:01.41 | Mem:2.08M, Peak:2.09M | Scene, ViewLayer | Updating Geometry BVH Nozzle petal seam.266 15/63 | Building BVH
Fra:1 Mem:18.83M (Peak 42.83M) | Time:00:01.41 | Mem:2.08M, Peak:2.09M | Scene, ViewLayer | Updating Geometry BVH Nozzle petal seam.266 15/63 | Building OptiX acceleration structure
Fra:1 Mem:18.82M (Peak 42.83M) | Time:00:01.41 | Mem:2.07M, Peak:2.11M | Scene, ViewLayer | Updating Geometry BVH Nozzle petal seam.267 16/63 | Building BVH
Fra:1 Mem:18.82M (Peak 42.83M) | Time:00:01.41 | Mem:2.26M, Peak:2.26M | Scene, ViewLayer | Updating Geometry BVH Nozzle petal seam.267 16/63 | Building OptiX acceleration structure
Fra:1 Mem:18.74M (Peak 42.83M) | Time:00:01.41 | Mem:2.09M, Peak:2.49M | Scene, ViewLayer | Updating Geometry BVH Nozzle petal seam.268 17/63 | Building BVH
Fra:1 Mem:18.74M (Peak 42.83M) | Time:00:01.41 | Mem:2.10M, Peak:2.49M | Scene, ViewLayer | Updating Geometry BVH Nozzle petal seam.268 17/63 | Building OptiX acceleration structure
Fra:1 Mem:18.74M (Peak 42.83M) | Time:00:01.41 | Mem:2.09M, Peak:2.49M | Scene, ViewLayer | Updating Geometry BVH Nozzle petal seam.269 18/63 | Building BVH
Fra:1 Mem:18.74M (Peak 42.83M) | Time:00:01.41 | Mem:2.10M, Peak:2.49M | Scene, ViewLayer | Updating Geometry BVH Nozzle petal seam.269 18/63 | Building OptiX acceleration structure
Fra:1 Mem:18.74M (Peak 42.83M) | Time:00:01.41 | Mem:2.10M, Peak:2.49M | Scene, ViewLayer | Updating Geometry BVH Nozzle petal seam.270 19/63 | Building BVH
Fra:1 Mem:18.74M (Peak 42.83M) | Time:00:01.41 | Mem:2.10M, Peak:2.49M | Scene, ViewLayer | Updating Geometry BVH Nozzle petal seam.270 19/63 | Building OptiX acceleration structure
Fra:1 Mem:18.62M (Peak 42.83M) | Time:00:01.42 | Mem:2.13M, Peak:2.61M | Scene, ViewLayer | Updating Geometry BVH Nozzle petal seam.271 20/63 | Building BVH
Fra:1 Mem:18.62M (Peak 42.83M) | Time:00:01.42 | Mem:2.17M, Peak:2.61M | Scene, ViewLayer | Updating Geometry BVH Nozzle petal seam.271 20/63 | Building OptiX acceleration structure
Fra:1 Mem:18.61M (Peak 42.83M) | Time:00:01.42 | Mem:2.13M, Peak:2.61M | Scene, ViewLayer | Updating Geometry BVH Nozzle petal seam.272 21/63 | Building BVH
Fra:1 Mem:18.61M (Peak 42.83M) | Time:00:01.42 | Mem:2.31M, Peak:2.61M | Scene, ViewLayer | Updating Geometry BVH Nozzle petal seam.272 21/63 | Building OptiX acceleration structure
Fra:1 Mem:18.53M (Peak 42.83M) | Time:00:01.42 | Mem:2.15M, Peak:2.61M | Scene, ViewLayer | Updating Geometry BVH Nozzle petal seam.273 22/63 | Building BVH
Fra:1 Mem:18.53M (Peak 42.83M) | Time:00:01.42 | Mem:2.15M, Peak:2.61M | Scene, ViewLayer | Updating Geometry BVH Nozzle petal seam.273 22/63 | Building OptiX acceleration structure
Fra:1 Mem:18.53M (Peak 42.83M) | Time:00:01.42 | Mem:2.15M, Peak:2.61M | Scene, ViewLayer | Updating Geometry BVH Nozzle petal seam.274 23/63 | Building BVH
Fra:1 Mem:18.53M (Peak 42.83M) | Time:00:01.42 | Mem:2.16M, Peak:2.61M | Scene, ViewLayer | Updating Geometry BVH Nozzle petal seam.274 23/63 | Building OptiX acceleration structure
Fra:1 Mem:18.53M (Peak 42.83M) | Time:00:01.42 | Mem:2.15M, Peak:2.61M | Scene, ViewLayer | Updating Geometry BVH Nozzle petal seam.275 24/63 | Building BVH
Fra:1 Mem:18.53M (Peak 42.83M) | Time:00:01.42 | Mem:2.16M, Peak:2.61M | Scene, ViewLayer | Updating Geometry BVH Nozzle petal seam.275 24/63 | Building OptiX acceleration structure
Fra:1 Mem:18.52M (Peak 42.83M) | Time:00:01.42 | Mem:2.16M, Peak:2.61M | Scene, ViewLayer | Updating Geometry BVH Deep ion throat.022 25/63 | Building BVH
Fra:1 Mem:18.52M (Peak 42.83M) | Time:00:01.42 | Mem:2.17M, Peak:2.61M | Scene, ViewLayer | Updating Geometry BVH Deep ion throat.022 25/63 | Building OptiX acceleration structure
Fra:1 Mem:18.54M (Peak 42.83M) | Time:00:01.42 | Mem:2.17M, Peak:2.61M | Scene, ViewLayer | Updating Geometry BVH Mesh 61/63 | Building BVH
Fra:1 Mem:18.54M (Peak 42.83M) | Time:00:01.42 | Mem:2.18M, Peak:2.61M | Scene, ViewLayer | Updating Geometry BVH Mesh 61/63 | Building OptiX acceleration structure
Fra:1 Mem:18.57M (Peak 42.83M) | Time:00:01.42 | Mem:2.21M, Peak:2.61M | Scene, ViewLayer | Updating Geometry BVH Deep intake duct.010 26/63 | Building BVH
Fra:1 Mem:18.57M (Peak 42.83M) | Time:00:01.42 | Mem:2.21M, Peak:2.61M | Scene, ViewLayer | Updating Geometry BVH Deep intake duct.010 26/63 | Building OptiX acceleration structure
Fra:1 Mem:18.57M (Peak 42.83M) | Time:00:01.42 | Mem:2.21M, Peak:2.61M | Scene, ViewLayer | Updating Geometry BVH Mesh 27/63 | Building BVH
Fra:1 Mem:18.57M (Peak 42.83M) | Time:00:01.42 | Mem:2.22M, Peak:2.61M | Scene, ViewLayer | Updating Geometry BVH Mesh 27/63 | Building OptiX acceleration structure
Fra:1 Mem:18.60M (Peak 42.83M) | Time:00:01.43 | Mem:2.24M, Peak:2.61M | Scene, ViewLayer | Updating Geometry BVH Mesh 28/63 | Building BVH
Fra:1 Mem:18.60M (Peak 42.83M) | Time:00:01.43 | Mem:2.25M, Peak:2.61M | Scene, ViewLayer | Updating Geometry BVH Mesh 28/63 | Building OptiX acceleration structure
Fra:1 Mem:18.64M (Peak 42.83M) | Time:00:01.43 | Mem:2.28M, Peak:2.61M | Scene, ViewLayer | Updating Geometry BVH Launch bay aperture 29/63 | Building BVH
Fra:1 Mem:18.64M (Peak 42.83M) | Time:00:01.43 | Mem:2.29M, Peak:2.61M | Scene, ViewLayer | Updating Geometry BVH Launch bay aperture 29/63 | Building OptiX acceleration structure
Fra:1 Mem:18.64M (Peak 42.83M) | Time:00:01.43 | Mem:2.29M, Peak:2.61M | Scene, ViewLayer | Updating Geometry BVH Launch guide 30/63 | Building BVH
Fra:1 Mem:18.64M (Peak 42.83M) | Time:00:01.43 | Mem:2.29M, Peak:2.61M | Scene, ViewLayer | Updating Geometry BVH Launch guide 30/63 | Building OptiX acceleration structure
Fra:1 Mem:18.64M (Peak 42.83M) | Time:00:01.43 | Mem:2.29M, Peak:2.61M | Scene, ViewLayer | Updating Geometry BVH Mesh 31/63 | Building BVH
Fra:1 Mem:18.64M (Peak 42.83M) | Time:00:01.43 | Mem:2.30M, Peak:2.61M | Scene, ViewLayer | Updating Geometry BVH Mesh 31/63 | Building OptiX acceleration structure
Fra:1 Mem:18.68M (Peak 42.83M) | Time:00:01.43 | Mem:2.32M, Peak:2.61M | Scene, ViewLayer | Updating Geometry BVH Launch bay aperture.001 32/63 | Building BVH
Fra:1 Mem:18.68M (Peak 42.83M) | Time:00:01.43 | Mem:2.32M, Peak:2.61M | Scene, ViewLayer | Updating Geometry BVH Launch bay aperture.001 32/63 | Building OptiX acceleration structure
Fra:1 Mem:18.68M (Peak 42.83M) | Time:00:01.43 | Mem:2.33M, Peak:2.61M | Scene, ViewLayer | Updating Geometry BVH Launch guide.001 33/63 | Building BVH
Fra:1 Mem:18.68M (Peak 42.83M) | Time:00:01.43 | Mem:2.33M, Peak:2.61M | Scene, ViewLayer | Updating Geometry BVH Launch guide.001 33/63 | Building OptiX acceleration structure
Fra:1 Mem:18.68M (Peak 42.83M) | Time:00:01.43 | Mem:2.33M, Peak:2.61M | Scene, ViewLayer | Updating Geometry BVH Mesh 34/63 | Building BVH
Fra:1 Mem:18.68M (Peak 42.83M) | Time:00:01.43 | Mem:2.34M, Peak:2.61M | Scene, ViewLayer | Updating Geometry BVH Mesh 34/63 | Building OptiX acceleration structure
Fra:1 Mem:18.71M (Peak 42.83M) | Time:00:01.43 | Mem:2.36M, Peak:2.61M | Scene, ViewLayer | Updating Geometry BVH Launch bay aperture.002 35/63 | Building BVH
Fra:1 Mem:18.71M (Peak 42.83M) | Time:00:01.43 | Mem:2.36M, Peak:2.61M | Scene, ViewLayer | Updating Geometry BVH Launch bay aperture.002 35/63 | Building OptiX acceleration structure
Fra:1 Mem:18.71M (Peak 42.83M) | Time:00:01.43 | Mem:2.37M, Peak:2.61M | Scene, ViewLayer | Updating Geometry BVH Launch guide.002 36/63 | Building BVH
Fra:1 Mem:18.71M (Peak 42.83M) | Time:00:01.43 | Mem:2.54M, Peak:2.61M | Scene, ViewLayer | Updating Geometry BVH Launch guide.002 36/63 | Building OptiX acceleration structure
Fra:1 Mem:18.68M (Peak 42.83M) | Time:00:01.43 | Mem:2.38M, Peak:2.61M | Scene, ViewLayer | Updating Geometry BVH Launch guide.004 60/63 | Building BVH
Fra:1 Mem:18.68M (Peak 42.83M) | Time:00:01.43 | Mem:2.40M, Peak:2.61M | Scene, ViewLayer | Updating Geometry BVH Launch guide.004 60/63 | Building OptiX acceleration structure
Fra:1 Mem:18.68M (Peak 42.83M) | Time:00:01.44 | Mem:2.38M, Peak:2.61M | Scene, ViewLayer | Updating Geometry BVH Integrated lifting hull.011 37/63 | Building BVH
Fra:1 Mem:18.68M (Peak 42.83M) | Time:00:01.44 | Mem:2.38M, Peak:2.61M | Scene, ViewLayer | Updating Geometry BVH Integrated lifting hull.011 37/63 | Building OptiX acceleration structure
Fra:1 Mem:18.64M (Peak 42.83M) | Time:00:01.44 | Mem:2.44M, Peak:2.61M | Scene, ViewLayer | Updating Geometry BVH Integrated propulsion nacelle.011 38/63 | Building BVH
Fra:1 Mem:18.64M (Peak 42.83M) | Time:00:01.44 | Mem:2.42M, Peak:2.61M | Scene, ViewLayer | Updating Geometry BVH Contoured expansion nozzle.023 39/63 | Building OptiX acceleration structure
Fra:1 Mem:18.65M (Peak 42.83M) | Time:00:01.44 | Mem:2.41M, Peak:2.61M | Scene, ViewLayer | Updating Geometry BVH Nozzle petal seam.276 40/63 | Building BVH
Fra:1 Mem:18.65M (Peak 42.83M) | Time:00:01.44 | Mem:2.41M, Peak:2.61M | Scene, ViewLayer | Updating Geometry BVH Nozzle petal seam.276 40/63 | Building OptiX acceleration structure
Fra:1 Mem:18.65M (Peak 42.83M) | Time:00:01.44 | Mem:2.41M, Peak:2.61M | Scene, ViewLayer | Updating Geometry BVH Nozzle petal seam.277 41/63 | Building BVH
Fra:1 Mem:18.65M (Peak 42.83M) | Time:00:01.44 | Mem:2.58M, Peak:2.61M | Scene, ViewLayer | Updating Geometry BVH Nozzle petal seam.277 41/63 | Building OptiX acceleration structure
Fra:1 Mem:18.62M (Peak 42.83M) | Time:00:01.44 | Mem:2.42M, Peak:2.61M | Scene, ViewLayer | Updating Geometry BVH Nozzle petal seam.278 42/63 | Building BVH
Fra:1 Mem:18.62M (Peak 42.83M) | Time:00:01.44 | Mem:2.42M, Peak:2.61M | Scene, ViewLayer | Updating Geometry BVH Nozzle petal seam.278 42/63 | Building OptiX acceleration structure
Fra:1 Mem:18.62M (Peak 42.83M) | Time:00:01.44 | Mem:2.42M, Peak:2.61M | Scene, ViewLayer | Updating Geometry BVH Nozzle petal seam.279 43/63 | Building BVH
Fra:1 Mem:18.62M (Peak 42.83M) | Time:00:01.44 | Mem:2.43M, Peak:2.61M | Scene, ViewLayer | Updating Geometry BVH Nozzle petal seam.279 43/63 | Building OptiX acceleration structure
Fra:1 Mem:18.62M (Peak 42.83M) | Time:00:01.44 | Mem:2.42M, Peak:2.61M | Scene, ViewLayer | Updating Geometry BVH Nozzle petal seam.280 44/63 | Building BVH
Fra:1 Mem:18.62M (Peak 42.83M) | Time:00:01.45 | Mem:2.60M, Peak:2.61M | Scene, ViewLayer | Updating Geometry BVH Nozzle petal seam.280 44/63 | Building OptiX acceleration structure
Fra:1 Mem:18.58M (Peak 42.83M) | Time:00:01.45 | Mem:2.43M, Peak:2.61M | Scene, ViewLayer | Updating Geometry BVH Nozzle petal seam.281 45/63 | Building BVH
Fra:1 Mem:18.58M (Peak 42.83M) | Time:00:01.45 | Mem:2.49M, Peak:2.61M | Scene, ViewLayer | Updating Geometry BVH Nozzle petal seam.281 45/63 | Building OptiX acceleration structure
Fra:1 Mem:18.56M (Peak 42.83M) | Time:00:01.45 | Mem:2.42M, Peak:2.61M | Scene, ViewLayer | Updating Geometry BVH Nozzle petal seam.282 46/63 | Building BVH
Fra:1 Mem:18.56M (Peak 42.83M) | Time:00:01.45 | Mem:2.42M, Peak:2.61M | Scene, ViewLayer | Updating Geometry BVH Nozzle petal seam.282 46/63 | Building OptiX acceleration structure
Fra:1 Mem:18.56M (Peak 42.83M) | Time:00:01.45 | Mem:2.43M, Peak:2.61M | Scene, ViewLayer | Updating Geometry BVH Nozzle petal seam.283 47/63 | Building BVH
Fra:1 Mem:18.56M (Peak 42.83M) | Time:00:01.45 | Mem:2.50M, Peak:2.61M | Scene, ViewLayer | Updating Geometry BVH Nozzle petal seam.283 47/63 | Building OptiX acceleration structure
Fra:1 Mem:18.53M (Peak 42.83M) | Time:00:01.45 | Mem:2.44M, Peak:2.61M | Scene, ViewLayer | Updating Geometry BVH Nozzle petal seam.284 48/63 | Building BVH
Fra:1 Mem:18.53M (Peak 42.83M) | Time:00:01.45 | Mem:2.44M, Peak:2.61M | Scene, ViewLayer | Updating Geometry BVH Nozzle petal seam.284 48/63 | Building OptiX acceleration structure
Fra:1 Mem:18.53M (Peak 42.83M) | Time:00:01.45 | Mem:2.44M, Peak:2.61M | Scene, ViewLayer | Updating Geometry BVH Launch bay aperture.004 59/63 | Building BVH
Fra:1 Mem:18.53M (Peak 42.83M) | Time:00:01.45 | Mem:2.48M, Peak:2.61M | Scene, ViewLayer | Updating Geometry BVH Launch bay aperture.004 59/63 | Building OptiX acceleration structure
Fra:1 Mem:18.53M (Peak 42.83M) | Time:00:01.45 | Mem:2.46M, Peak:2.61M | Scene, ViewLayer | Updating Geometry BVH Nozzle petal seam.285 49/63 | Building BVH
Fra:1 Mem:18.53M (Peak 42.83M) | Time:00:01.45 | Mem:2.48M, Peak:2.61M | Scene, ViewLayer | Updating Geometry BVH Nozzle petal seam.285 49/63 | Building OptiX acceleration structure
Fra:1 Mem:18.53M (Peak 42.83M) | Time:00:01.45 | Mem:2.45M, Peak:2.61M | Scene, ViewLayer | Updating Geometry BVH Nozzle petal seam.286 50/63 | Building BVH
Fra:1 Mem:18.53M (Peak 42.83M) | Time:00:01.45 | Mem:2.46M, Peak:2.61M | Scene, ViewLayer | Updating Geometry BVH Nozzle petal seam.286 50/63 | Building OptiX acceleration structure
Fra:1 Mem:18.53M (Peak 42.83M) | Time:00:01.46 | Mem:2.45M, Peak:2.61M | Scene, ViewLayer | Updating Geometry BVH Nozzle petal seam.287 51/63 | Building BVH
Fra:1 Mem:18.53M (Peak 42.83M) | Time:00:01.46 | Mem:2.46M, Peak:2.61M | Scene, ViewLayer | Updating Geometry BVH Nozzle petal seam.287 51/63 | Building OptiX acceleration structure
Fra:1 Mem:18.53M (Peak 42.83M) | Time:00:01.46 | Mem:2.46M, Peak:2.61M | Scene, ViewLayer | Updating Geometry BVH Deep ion throat.023 52/63 | Building BVH
Fra:1 Mem:18.53M (Peak 42.83M) | Time:00:01.46 | Mem:2.46M, Peak:2.61M | Scene, ViewLayer | Updating Geometry BVH Deep ion throat.023 52/63 | Building OptiX acceleration structure
Fra:1 Mem:18.55M (Peak 42.83M) | Time:00:01.46 | Mem:2.47M, Peak:2.61M | Scene, ViewLayer | Updating Geometry BVH Deep intake duct.011 53/63 | Building BVH
Fra:1 Mem:18.55M (Peak 42.83M) | Time:00:01.46 | Mem:2.48M, Peak:2.61M | Scene, ViewLayer | Updating Geometry BVH Deep intake duct.011 53/63 | Building OptiX acceleration structure
Fra:1 Mem:18.55M (Peak 42.83M) | Time:00:01.46 | Mem:2.48M, Peak:2.61M | Scene, ViewLayer | Updating Geometry BVH Mesh 54/63 | Building BVH
Fra:1 Mem:18.55M (Peak 42.83M) | Time:00:01.46 | Mem:2.48M, Peak:2.61M | Scene, ViewLayer | Updating Geometry BVH Mesh 54/63 | Building OptiX acceleration structure
Fra:1 Mem:18.58M (Peak 42.83M) | Time:00:01.46 | Mem:2.51M, Peak:2.61M | Scene, ViewLayer | Updating Geometry BVH Mesh 55/63 | Building BVH
Fra:1 Mem:18.58M (Peak 42.83M) | Time:00:01.46 | Mem:2.51M, Peak:2.61M | Scene, ViewLayer | Updating Geometry BVH Mesh 55/63 | Building OptiX acceleration structure
Fra:1 Mem:18.61M (Peak 42.83M) | Time:00:01.47 | Mem:2.55M, Peak:2.61M | Scene, ViewLayer | Updating Geometry BVH Launch bay aperture.003 56/63 | Building BVH
Fra:1 Mem:18.61M (Peak 42.83M) | Time:00:01.47 | Mem:2.55M, Peak:2.61M | Scene, ViewLayer | Updating Geometry BVH Launch bay aperture.003 56/63 | Building OptiX acceleration structure
Fra:1 Mem:18.62M (Peak 42.83M) | Time:00:01.47 | Mem:2.56M, Peak:2.61M | Scene, ViewLayer | Updating Geometry BVH Launch guide.003 57/63 | Building BVH
Fra:1 Mem:18.62M (Peak 42.83M) | Time:00:01.47 | Mem:2.56M, Peak:2.61M | Scene, ViewLayer | Updating Geometry BVH Launch guide.003 57/63 | Building OptiX acceleration structure
Fra:1 Mem:18.62M (Peak 42.83M) | Time:00:01.47 | Mem:2.56M, Peak:2.61M | Scene, ViewLayer | Updating Geometry BVH Mesh 58/63 | Building BVH
Fra:1 Mem:18.62M (Peak 42.83M) | Time:00:01.47 | Mem:2.56M, Peak:2.61M | Scene, ViewLayer | Updating Geometry BVH Mesh 58/63 | Building OptiX acceleration structure
Fra:1 Mem:18.51M (Peak 42.83M) | Time:00:01.49 | Mem:2.61M, Peak:2.78M | Scene, ViewLayer | Updating Scene BVH | Building
Fra:1 Mem:18.51M (Peak 42.83M) | Time:00:01.49 | Mem:2.61M, Peak:2.78M | Scene, ViewLayer | Updating Scene BVH | Building OptiX acceleration structure
Fra:1 Mem:18.51M (Peak 42.83M) | Time:00:01.50 | Mem:2.62M, Peak:2.78M | Scene, ViewLayer | Updating Scene BVH | Copying BVH to device
Fra:1 Mem:18.51M (Peak 42.83M) | Time:00:01.50 | Mem:2.62M, Peak:2.78M | Scene, ViewLayer | Updating Mesh | Computing normals
Fra:1 Mem:19.51M (Peak 42.83M) | Time:00:01.50 | Mem:2.62M, Peak:2.78M | Scene, ViewLayer | Updating Mesh | Copying Mesh to device
Fra:1 Mem:19.51M (Peak 42.83M) | Time:00:01.50 | Mem:3.62M, Peak:3.62M | Scene, ViewLayer | Updating Objects Flags
Fra:1 Mem:19.51M (Peak 42.83M) | Time:00:01.50 | Mem:3.62M, Peak:3.62M | Scene, ViewLayer | Updating Primitive Offsets
Fra:1 Mem:19.51M (Peak 42.83M) | Time:00:01.50 | Mem:3.62M, Peak:3.62M | Scene, ViewLayer | Updating Images
Fra:1 Mem:19.51M (Peak 42.83M) | Time:00:01.50 | Mem:3.62M, Peak:3.62M | Scene, ViewLayer | Updating Images | Loading panel-normal.png
Fra:1 Mem:19.51M (Peak 42.83M) | Time:00:01.50 | Mem:3.62M, Peak:3.62M | Scene, ViewLayer | Updating Images | Loading white-basecolor.png
Fra:1 Mem:19.51M (Peak 42.83M) | Time:00:01.50 | Mem:3.62M, Peak:3.62M | Scene, ViewLayer | Updating Images | Loading paint-orm.png
Fra:1 Mem:35.53M (Peak 42.83M) | Time:00:02.07 | Mem:19.62M, Peak:19.62M | Scene, ViewLayer | Updating Camera Volume
Fra:1 Mem:35.53M (Peak 42.83M) | Time:00:02.07 | Mem:19.62M, Peak:19.62M | Scene, ViewLayer | Updating Lookup Tables
Fra:1 Mem:35.53M (Peak 42.83M) | Time:00:02.07 | Mem:19.70M, Peak:19.70M | Scene, ViewLayer | Updating Lights
Fra:1 Mem:35.53M (Peak 42.83M) | Time:00:02.07 | Mem:19.70M, Peak:19.70M | Scene, ViewLayer | Updating Lights | Computing tree
Fra:1 Mem:35.72M (Peak 42.83M) | Time:00:02.08 | Mem:19.90M, Peak:19.90M | Scene, ViewLayer | Updating Integrator
Fra:1 Mem:35.72M (Peak 42.83M) | Time:00:02.08 | Mem:19.90M, Peak:19.90M | Scene, ViewLayer | Updating Film
Fra:1 Mem:35.73M (Peak 42.83M) | Time:00:02.08 | Mem:19.82M, Peak:19.90M | Scene, ViewLayer | Updating Lookup Tables
Fra:1 Mem:35.73M (Peak 42.83M) | Time:00:02.08 | Mem:19.90M, Peak:19.90M | Scene, ViewLayer | Updating Baking
Fra:1 Mem:35.73M (Peak 42.83M) | Time:00:02.08 | Mem:19.90M, Peak:19.90M | Scene, ViewLayer | Updating Device | Writing constant memory
Fra:1 Mem:35.73M (Peak 42.83M) | Time:00:02.08 | Mem:19.90M, Peak:19.90M | Scene, ViewLayer | Loading denoising kernels (may take a few minutes the first time)
Fra:1 Mem:39.73M (Peak 42.83M) | Time:00:02.10 | Mem:371.90M, Peak:371.90M | Scene, ViewLayer | Sample 0/24
Fra:1 Mem:86.70M (Peak 86.70M) | Time:00:02.12 | Remaining:00:00.42 | Mem:418.88M, Peak:418.88M | Scene, ViewLayer | Sample 1/24
Fra:1 Mem:106.48M (Peak 136.15M) | Time:00:08.22 | Mem:418.89M, Peak:418.89M | Scene, ViewLayer | Sample 24/24
Fra:1 Mem:106.48M (Peak 136.15M) | Time:00:08.22 | Mem:418.89M, Peak:418.89M | Scene, ViewLayer | Finished
Saved: 'D:\vibe-coding-e\nova-swarm-forum-129-improvements-20260822\docs\fleet-art-v2\ships\30\surfaced.png'
Time: 00:08.69 (Saving: 00:00.25)

Info: Saved as "source.blend"
17:14:53 | INFO: Starting glTF 2.0 export
17:14:53 | INFO: Extracting primitive: Continuous pressure fuselage.005
17:14:53 | WARNING: More than one shader node tex image used for a texture. The resulting glTF sampler will behave like the first shader node tex image.
17:14:53 | WARNING: More than one shader node tex image used for a texture. The resulting glTF sampler will behave like the first shader node tex image.
17:14:53 | INFO: Primitives created: 6
17:14:53 | INFO: Finished glTF 2.0 export in 0.2290782928466797 s
Fra:1 Mem:16.16M (Peak 31.66M) | Time:00:00.25 | Mem:0.00M, Peak:0.00M | Scene, ViewLayer | Synchronizing object | Broad neutral key
Fra:1 Mem:16.16M (Peak 31.66M) | Time:00:00.25 | Mem:0.00M, Peak:0.00M | Scene, ViewLayer | Synchronizing object | Neutral fill
Fra:1 Mem:16.16M (Peak 31.66M) | Time:00:00.25 | Mem:0.00M, Peak:0.00M | Scene, ViewLayer | Synchronizing object | DroneSovereignV2
Fra:1 Mem:18.16M (Peak 31.66M) | Time:00:00.26 | Mem:0.00M, Peak:0.00M | Scene, ViewLayer | Initializing
Fra:1 Mem:17.69M (Peak 31.66M) | Time:00:00.26 | Mem:0.00M, Peak:0.00M | Scene, ViewLayer | Waiting for render to start
Fra:1 Mem:17.69M (Peak 31.66M) | Time:00:00.26 | Mem:0.00M, Peak:0.00M | Scene, ViewLayer | Updating Scene
Fra:1 Mem:17.69M (Peak 31.66M) | Time:00:00.26 | Mem:0.00M, Peak:0.00M | Scene, ViewLayer | Updating Shaders
Fra:1 Mem:17.69M (Peak 31.66M) | Time:00:00.26 | Mem:0.00M, Peak:0.00M | Scene, ViewLayer | Loading render kernels (may take a few minutes the first time)
Fra:1 Mem:17.78M (Peak 45.07M) | Time:00:00.50 | Mem:0.01M, Peak:0.01M | Scene, ViewLayer | Updating Procedurals
Fra:1 Mem:17.78M (Peak 45.07M) | Time:00:00.50 | Mem:0.01M, Peak:0.01M | Scene, ViewLayer | Updating Background
Fra:1 Mem:17.78M (Peak 45.07M) | Time:00:00.50 | Mem:0.01M, Peak:0.01M | Scene, ViewLayer | Updating Camera
Fra:1 Mem:17.78M (Peak 45.07M) | Time:00:00.50 | Mem:0.01M, Peak:0.01M | Scene, ViewLayer | Updating Meshes Flags
Fra:1 Mem:17.78M (Peak 45.07M) | Time:00:00.50 | Mem:0.01M, Peak:0.01M | Scene, ViewLayer | Updating Objects
Fra:1 Mem:17.78M (Peak 45.07M) | Time:00:00.50 | Mem:0.01M, Peak:0.01M | Scene, ViewLayer | Updating Objects | Copying Transformations to device
Fra:1 Mem:17.78M (Peak 45.07M) | Time:00:00.50 | Mem:0.01M, Peak:0.01M | Scene, ViewLayer | Updating Particle Systems
Fra:1 Mem:17.78M (Peak 45.07M) | Time:00:00.50 | Mem:0.01M, Peak:0.01M | Scene, ViewLayer | Updating Particle Systems | Copying Particles to device
Fra:1 Mem:17.78M (Peak 45.07M) | Time:00:00.50 | Mem:0.01M, Peak:0.01M | Scene, ViewLayer | Updating Meshes
Fra:1 Mem:19.11M (Peak 45.07M) | Time:00:00.53 | Mem:0.01M, Peak:0.01M | Scene, ViewLayer | Updating Objects | Applying Static Transformations
Fra:1 Mem:19.11M (Peak 45.07M) | Time:00:00.53 | Mem:0.01M, Peak:0.01M | Scene, ViewLayer | Updating Mesh | Computing attributes
Fra:1 Mem:20.88M (Peak 45.07M) | Time:00:00.53 | Mem:0.01M, Peak:0.01M | Scene, ViewLayer | Updating Mesh | Copying Attributes to device
Fra:1 Mem:20.88M (Peak 45.07M) | Time:00:00.53 | Mem:1.79M, Peak:1.79M | Scene, ViewLayer | Updating Geometry BVH light 5/4 | Building BVH
Fra:1 Mem:20.88M (Peak 45.07M) | Time:00:00.53 | Mem:1.79M, Peak:1.79M | Scene, ViewLayer | Updating Geometry BVH Broad neutral key 2/4 | Building OptiX acceleration structure
Fra:1 Mem:20.88M (Peak 45.07M) | Time:00:00.53 | Mem:1.79M, Peak:1.79M | Scene, ViewLayer | Updating Geometry BVH Continuous pressure fuselage.005 4/4 | Building BVH
Fra:1 Mem:20.88M (Peak 45.07M) | Time:00:00.53 | Mem:1.79M, Peak:1.79M | Scene, ViewLayer | Updating Geometry BVH Continuous pressure fuselage.005 4/4 | Building OptiX acceleration structure
Fra:1 Mem:20.88M (Peak 45.07M) | Time:00:00.54 | Mem:2.36M, Peak:4.12M | Scene, ViewLayer | Updating Scene BVH | Building
Fra:1 Mem:20.88M (Peak 45.07M) | Time:00:00.54 | Mem:2.36M, Peak:4.12M | Scene, ViewLayer | Updating Scene BVH | Building OptiX acceleration structure
Fra:1 Mem:20.88M (Peak 45.07M) | Time:00:00.54 | Mem:2.36M, Peak:4.12M | Scene, ViewLayer | Updating Scene BVH | Copying BVH to device
Fra:1 Mem:20.88M (Peak 45.07M) | Time:00:00.54 | Mem:2.36M, Peak:4.12M | Scene, ViewLayer | Updating Mesh | Computing normals
Fra:1 Mem:21.61M (Peak 45.07M) | Time:00:00.54 | Mem:2.36M, Peak:4.12M | Scene, ViewLayer | Updating Mesh | Copying Mesh to device
Fra:1 Mem:21.61M (Peak 45.07M) | Time:00:00.54 | Mem:3.08M, Peak:4.12M | Scene, ViewLayer | Updating Objects Flags
Fra:1 Mem:21.61M (Peak 45.07M) | Time:00:00.55 | Mem:3.08M, Peak:4.12M | Scene, ViewLayer | Updating Primitive Offsets
Fra:1 Mem:21.61M (Peak 45.07M) | Time:00:00.55 | Mem:3.08M, Peak:4.12M | Scene, ViewLayer | Updating Images
Fra:1 Mem:21.61M (Peak 45.07M) | Time:00:00.55 | Mem:3.08M, Peak:4.12M | Scene, ViewLayer | Updating Images | Loading panel-normal.png
Fra:1 Mem:25.61M (Peak 45.07M) | Time:00:00.55 | Mem:3.08M, Peak:4.12M | Scene, ViewLayer | Updating Images | Loading cobalt-basecolor.png
Fra:1 Mem:29.61M (Peak 45.07M) | Time:00:00.55 | Mem:3.08M, Peak:4.12M | Scene, ViewLayer | Updating Images | Loading white-basecolor.png
Fra:1 Mem:33.61M (Peak 45.07M) | Time:00:00.55 | Mem:3.08M, Peak:4.12M | Scene, ViewLayer | Updating Images | Loading paint-orm.png
Fra:1 Mem:37.62M (Peak 45.07M) | Time:00:00.59 | Mem:19.08M, Peak:19.08M | Scene, ViewLayer | Updating Camera Volume
Fra:1 Mem:37.62M (Peak 45.07M) | Time:00:00.59 | Mem:19.08M, Peak:19.08M | Scene, ViewLayer | Updating Lookup Tables
Fra:1 Mem:37.62M (Peak 45.07M) | Time:00:00.59 | Mem:19.17M, Peak:19.17M | Scene, ViewLayer | Updating Lights
Fra:1 Mem:37.62M (Peak 45.07M) | Time:00:00.59 | Mem:19.17M, Peak:19.17M | Scene, ViewLayer | Updating Lights | Computing tree
Fra:1 Mem:37.90M (Peak 45.07M) | Time:00:00.61 | Mem:19.44M, Peak:19.44M | Scene, ViewLayer | Updating Integrator
Fra:1 Mem:37.90M (Peak 45.07M) | Time:00:00.61 | Mem:19.44M, Peak:19.44M | Scene, ViewLayer | Updating Film
Fra:1 Mem:37.90M (Peak 45.07M) | Time:00:00.61 | Mem:19.36M, Peak:19.44M | Scene, ViewLayer | Updating Lookup Tables
Fra:1 Mem:37.90M (Peak 45.07M) | Time:00:00.61 | Mem:19.45M, Peak:19.45M | Scene, ViewLayer | Updating Baking
Fra:1 Mem:37.90M (Peak 45.07M) | Time:00:00.61 | Mem:19.45M, Peak:19.45M | Scene, ViewLayer | Updating Device | Writing constant memory
Fra:1 Mem:37.90M (Peak 45.07M) | Time:00:00.61 | Mem:19.45M, Peak:19.45M | Scene, ViewLayer | Loading denoising kernels (may take a few minutes the first time)
Fra:1 Mem:41.91M (Peak 45.07M) | Time:00:00.66 | Mem:371.45M, Peak:371.45M | Scene, ViewLayer | Sample 0/24
Fra:1 Mem:117.91M (Peak 117.91M) | Time:00:00.70 | Remaining:00:00.85 | Mem:447.46M, Peak:447.46M | Scene, ViewLayer | Sample 1/24
Fra:1 Mem:149.91M (Peak 197.92M) | Time:00:08.39 | Mem:447.46M, Peak:447.46M | Scene, ViewLayer | Sample 24/24
Fra:1 Mem:149.91M (Peak 197.92M) | Time:00:08.39 | Mem:447.46M, Peak:447.46M | Scene, ViewLayer | Finished
Saved: 'D:\vibe-coding-e\nova-swarm-forum-129-improvements-20260822\docs\fleet-art-v2\ships\30\export\showroom.png'
Time: 00:08.99 (Saving: 00:00.45)

Fra:1 Mem:16.52M (Peak 16.52M) | Time:00:00.27 | Mem:0.00M, Peak:0.00M | Scene, ViewLayer | Synchronizing object | Broad neutral key
Fra:1 Mem:16.52M (Peak 16.52M) | Time:00:00.27 | Mem:0.00M, Peak:0.00M | Scene, ViewLayer | Synchronizing object | DroneSovereignV2
Fra:1 Mem:18.16M (Peak 20.14M) | Time:00:00.29 | Mem:0.00M, Peak:0.00M | Scene, ViewLayer | Initializing
Fra:1 Mem:17.69M (Peak 20.14M) | Time:00:00.29 | Mem:0.00M, Peak:0.00M | Scene, ViewLayer | Waiting for render to start
Fra:1 Mem:17.69M (Peak 20.14M) | Time:00:00.29 | Mem:0.00M, Peak:0.00M | Scene, ViewLayer | Updating Scene
Fra:1 Mem:17.69M (Peak 20.14M) | Time:00:00.29 | Mem:0.00M, Peak:0.00M | Scene, ViewLayer | Updating Shaders
Fra:1 Mem:17.69M (Peak 20.14M) | Time:00:00.29 | Mem:0.00M, Peak:0.00M | Scene, ViewLayer | Loading render kernels (may take a few minutes the first time)
Fra:1 Mem:17.78M (Peak 45.07M) | Time:00:00.61 | Mem:0.01M, Peak:0.01M | Scene, ViewLayer | Updating Procedurals
Fra:1 Mem:17.78M (Peak 45.07M) | Time:00:00.61 | Mem:0.01M, Peak:0.01M | Scene, ViewLayer | Updating Background
Fra:1 Mem:17.78M (Peak 45.07M) | Time:00:00.61 | Mem:0.01M, Peak:0.01M | Scene, ViewLayer | Updating Camera
Fra:1 Mem:17.78M (Peak 45.07M) | Time:00:00.61 | Mem:0.01M, Peak:0.01M | Scene, ViewLayer | Updating Meshes Flags
Fra:1 Mem:17.78M (Peak 45.07M) | Time:00:00.61 | Mem:0.01M, Peak:0.01M | Scene, ViewLayer | Updating Objects
Fra:1 Mem:17.78M (Peak 45.07M) | Time:00:00.61 | Mem:0.01M, Peak:0.01M | Scene, ViewLayer | Updating Objects | Copying Transformations to device
Fra:1 Mem:17.78M (Peak 45.07M) | Time:00:00.61 | Mem:0.01M, Peak:0.01M | Scene, ViewLayer | Updating Particle Systems
Fra:1 Mem:17.78M (Peak 45.07M) | Time:00:00.61 | Mem:0.01M, Peak:0.01M | Scene, ViewLayer | Updating Particle Systems | Copying Particles to device
Fra:1 Mem:17.78M (Peak 45.07M) | Time:00:00.61 | Mem:0.01M, Peak:0.01M | Scene, ViewLayer | Updating Meshes
Fra:1 Mem:19.11M (Peak 45.07M) | Time:00:00.64 | Mem:0.01M, Peak:0.01M | Scene, ViewLayer | Updating Objects | Applying Static Transformations
Fra:1 Mem:19.11M (Peak 45.07M) | Time:00:00.64 | Mem:0.01M, Peak:0.01M | Scene, ViewLayer | Updating Mesh | Computing attributes
Fra:1 Mem:20.88M (Peak 45.07M) | Time:00:00.64 | Mem:0.01M, Peak:0.01M | Scene, ViewLayer | Updating Mesh | Copying Attributes to device
Fra:1 Mem:20.88M (Peak 45.07M) | Time:00:00.65 | Mem:1.79M, Peak:1.79M | Scene, ViewLayer | Updating Geometry BVH Broad neutral key 2/1 | Building BVH
Fra:1 Mem:20.88M (Peak 45.07M) | Time:00:00.65 | Mem:1.79M, Peak:1.79M | Scene, ViewLayer | Updating Geometry BVH Neutral fill 3/4 | Building BVH
Fra:1 Mem:20.88M (Peak 45.07M) | Time:00:00.65 | Mem:1.79M, Peak:1.79M | Scene, ViewLayer | Updating Geometry BVH Continuous pressure fuselage.005 4/4 | Building OptiX acceleration structure
Fra:1 Mem:20.88M (Peak 45.07M) | Time:00:00.66 | Mem:2.36M, Peak:4.12M | Scene, ViewLayer | Updating Scene BVH | Building
Fra:1 Mem:20.88M (Peak 45.07M) | Time:00:00.66 | Mem:2.36M, Peak:4.12M | Scene, ViewLayer | Updating Scene BVH | Building OptiX acceleration structure
Fra:1 Mem:20.88M (Peak 45.07M) | Time:00:00.66 | Mem:2.36M, Peak:4.12M | Scene, ViewLayer | Updating Scene BVH | Copying BVH to device
Fra:1 Mem:20.88M (Peak 45.07M) | Time:00:00.66 | Mem:2.36M, Peak:4.12M | Scene, ViewLayer | Updating Mesh | Computing normals
Fra:1 Mem:21.61M (Peak 45.07M) | Time:00:00.66 | Mem:2.36M, Peak:4.12M | Scene, ViewLayer | Updating Mesh | Copying Mesh to device
Fra:1 Mem:21.61M (Peak 45.07M) | Time:00:00.66 | Mem:3.08M, Peak:4.12M | Scene, ViewLayer | Updating Objects Flags
Fra:1 Mem:21.61M (Peak 45.07M) | Time:00:00.66 | Mem:3.08M, Peak:4.12M | Scene, ViewLayer | Updating Primitive Offsets
Fra:1 Mem:21.61M (Peak 45.07M) | Time:00:00.66 | Mem:3.08M, Peak:4.12M | Scene, ViewLayer | Updating Images
Fra:1 Mem:21.61M (Peak 45.07M) | Time:00:00.66 | Mem:3.08M, Peak:4.12M | Scene, ViewLayer | Updating Images | Loading panel-normal.png
Fra:1 Mem:25.61M (Peak 45.07M) | Time:00:00.66 | Mem:3.08M, Peak:4.12M | Scene, ViewLayer | Updating Images | Loading white-basecolor.png
Fra:1 Mem:29.61M (Peak 45.07M) | Time:00:00.66 | Mem:3.08M, Peak:4.12M | Scene, ViewLayer | Updating Images | Loading paint-orm.png
Fra:1 Mem:37.62M (Peak 45.07M) | Time:00:00.71 | Mem:19.08M, Peak:19.08M | Scene, ViewLayer | Updating Camera Volume
Fra:1 Mem:37.62M (Peak 45.07M) | Time:00:00.71 | Mem:19.08M, Peak:19.08M | Scene, ViewLayer | Updating Lookup Tables
Fra:1 Mem:37.62M (Peak 45.07M) | Time:00:00.71 | Mem:19.17M, Peak:19.17M | Scene, ViewLayer | Updating Lights
Fra:1 Mem:37.62M (Peak 45.07M) | Time:00:00.71 | Mem:19.17M, Peak:19.17M | Scene, ViewLayer | Updating Lights | Computing tree
Fra:1 Mem:37.90M (Peak 45.07M) | Time:00:00.73 | Mem:19.44M, Peak:19.44M | Scene, ViewLayer | Updating Integrator
Fra:1 Mem:37.90M (Peak 45.07M) | Time:00:00.73 | Mem:19.44M, Peak:19.44M | Scene, ViewLayer | Updating Film
Fra:1 Mem:37.90M (Peak 45.07M) | Time:00:00.73 | Mem:19.36M, Peak:19.44M | Scene, ViewLayer | Updating Lookup Tables
Fra:1 Mem:37.90M (Peak 45.07M) | Time:00:00.73 | Mem:19.45M, Peak:19.45M | Scene, ViewLayer | Updating Baking
Fra:1 Mem:37.90M (Peak 45.07M) | Time:00:00.73 | Mem:19.45M, Peak:19.45M | Scene, ViewLayer | Updating Device | Writing constant memory
Fra:1 Mem:37.90M (Peak 45.07M) | Time:00:00.73 | Mem:19.45M, Peak:19.45M | Scene, ViewLayer | Loading denoising kernels (may take a few minutes the first time)
Fra:1 Mem:41.91M (Peak 45.07M) | Time:00:00.82 | Mem:371.45M, Peak:371.45M | Scene, ViewLayer | Sample 0/24
Fra:1 Mem:60.91M (Peak 60.91M) | Time:00:00.85 | Remaining:00:00.70 | Mem:390.46M, Peak:390.46M | Scene, ViewLayer | Sample 1/24
Fra:1 Mem:68.91M (Peak 80.92M) | Time:00:02.67 | Mem:390.46M, Peak:390.46M | Scene, ViewLayer | Sample 24/24
Fra:1 Mem:68.91M (Peak 80.92M) | Time:00:02.67 | Mem:390.46M, Peak:390.46M | Scene, ViewLayer | Finished
Saved: 'D:\vibe-coding-e\nova-swarm-forum-129-improvements-20260822\docs\fleet-art-v2\ships\30\export\player.png'
Time: 00:02.83 (Saving: 00:00.06)


FLEET_V2_COMPLETE 30 Drone Sovereign

Blender quit
