Blender 4.5.13 LTS (hash daeeeca98fb0 built 2026-08-25 01:50:50)
Read blend: "D:\vibe-coding-e\nova-swarm-forum-129-improvements-20260822\docs\fleet-art-v2\ships\02\source.blend"
Fra:1 Mem:12.78M (Peak 13.37M) | Time:00:00.34 | Mem:0.00M, Peak:0.00M | Scene, ViewLayer | Synchronizing object | Broad neutral key
Fra:1 Mem:12.78M (Peak 13.37M) | Time:00:00.34 | Mem:0.00M, Peak:0.00M | Scene, ViewLayer | Synchronizing object | Neutral fill
Fra:1 Mem:13.10M (Peak 13.37M) | Time:00:00.40 | Mem:0.00M, Peak:0.00M | Scene, ViewLayer | Synchronizing object | Continuous pressure fuselage
Fra:1 Mem:13.95M (Peak 13.95M) | Time:00:00.46 | Mem:0.00M, Peak:0.00M | Scene, ViewLayer | Synchronizing object | Cockpit integrated coaming
Fra:1 Mem:14.48M (Peak 14.48M) | Time:00:00.52 | Mem:0.00M, Peak:0.00M | Scene, ViewLayer | Synchronizing object | Pressure canopy glazing
Fra:1 Mem:14.48M (Peak 14.48M) | Time:00:00.52 | Mem:0.00M, Peak:0.00M | Scene, ViewLayer | Synchronizing object | Canopy lower frame
Fra:1 Mem:14.71M (Peak 14.71M) | Time:00:00.52 | Mem:0.00M, Peak:0.00M | Scene, ViewLayer | Synchronizing object | Canopy lower frame.001
Fra:1 Mem:14.77M (Peak 14.77M) | Time:00:00.52 | Mem:0.00M, Peak:0.00M | Scene, ViewLayer | Synchronizing object | Canopy pressure bow
Fra:1 Mem:14.77M (Peak 14.77M) | Time:00:00.52 | Mem:0.00M, Peak:0.00M | Scene, ViewLayer | Synchronizing object | Integrated lifting hull
Fra:1 Mem:14.77M (Peak 14.77M) | Time:00:00.52 | Mem:0.00M, Peak:0.00M | Scene, ViewLayer | Synchronizing object | Contoured expansion nozzle
Fra:1 Mem:16.85M (Peak 16.85M) | Time:00:00.52 | Mem:0.00M, Peak:0.00M | Scene, ViewLayer | Synchronizing object | Nozzle petal seam.001
Fra:1 Mem:16.86M (Peak 16.86M) | Time:00:00.52 | Mem:0.00M, Peak:0.00M | Scene, ViewLayer | Synchronizing object | Nozzle petal seam.002
Fra:1 Mem:16.86M (Peak 16.86M) | Time:00:00.52 | Mem:0.00M, Peak:0.00M | Scene, ViewLayer | Synchronizing object | Nozzle petal seam.003
Fra:1 Mem:16.86M (Peak 16.86M) | Time:00:00.52 | Mem:0.00M, Peak:0.00M | Scene, ViewLayer | Synchronizing object | Nozzle petal seam.004
Fra:1 Mem:16.86M (Peak 16.86M) | Time:00:00.52 | Mem:0.00M, Peak:0.00M | Scene, ViewLayer | Synchronizing object | Nozzle petal seam.005
Fra:1 Mem:16.86M (Peak 16.86M) | Time:00:00.52 | Mem:0.00M, Peak:0.00M | Scene, ViewLayer | Synchronizing object | Nozzle petal seam.006
Fra:1 Mem:16.87M (Peak 16.87M) | Time:00:00.52 | Mem:0.00M, Peak:0.00M | Scene, ViewLayer | Synchronizing object | Nozzle petal seam.007
Fra:1 Mem:16.87M (Peak 16.87M) | Time:00:00.52 | Mem:0.00M, Peak:0.00M | Scene, ViewLayer | Synchronizing object | Nozzle petal seam.008
Fra:1 Mem:16.87M (Peak 16.87M) | Time:00:00.52 | Mem:0.00M, Peak:0.00M | Scene, ViewLayer | Synchronizing object | Nozzle petal seam.009
Fra:1 Mem:16.87M (Peak 16.87M) | Time:00:00.52 | Mem:0.00M, Peak:0.00M | Scene, ViewLayer | Synchronizing object | Nozzle petal seam.010
Fra:1 Mem:16.93M (Peak 16.93M) | Time:00:00.52 | Mem:0.00M, Peak:0.00M | Scene, ViewLayer | Synchronizing object | Nozzle petal seam.011
Fra:1 Mem:16.97M (Peak 16.97M) | Time:00:00.52 | Mem:0.00M, Peak:0.00M | Scene, ViewLayer | Synchronizing object | Deep ion throat
Fra:1 Mem:17.04M (Peak 17.04M) | Time:00:00.52 | Mem:0.00M, Peak:0.00M | Scene, ViewLayer | Synchronizing object | Deep intake duct
Fra:1 Mem:17.09M (Peak 17.09M) | Time:00:00.54 | Mem:0.00M, Peak:0.00M | Scene, ViewLayer | Synchronizing object | Blended structural fairing
Fra:1 Mem:17.09M (Peak 17.09M) | Time:00:00.54 | Mem:0.00M, Peak:0.00M | Scene, ViewLayer | Synchronizing object | Integrated propulsion nacelle.001
Fra:1 Mem:17.11M (Peak 17.11M) | Time:00:00.54 | Mem:0.00M, Peak:0.00M | Scene, ViewLayer | Synchronizing object | Contoured expansion nozzle.001
Fra:1 Mem:17.30M (Peak 17.30M) | Time:00:00.54 | Mem:0.00M, Peak:0.00M | Scene, ViewLayer | Synchronizing object | Nozzle petal seam.012
Fra:1 Mem:17.45M (Peak 17.45M) | Time:00:00.54 | Mem:0.00M, Peak:0.00M | Scene, ViewLayer | Synchronizing object | Nozzle petal seam.013
Fra:1 Mem:17.40M (Peak 17.45M) | Time:00:00.54 | Mem:0.00M, Peak:0.00M | Scene, ViewLayer | Synchronizing object | Nozzle petal seam.014
Fra:1 Mem:17.44M (Peak 17.45M) | Time:00:00.54 | Mem:0.00M, Peak:0.00M | Scene, ViewLayer | Synchronizing object | Nozzle petal seam.015
Fra:1 Mem:17.40M (Peak 17.45M) | Time:00:00.54 | Mem:0.00M, Peak:0.00M | Scene, ViewLayer | Synchronizing object | Nozzle petal seam.016
Fra:1 Mem:17.40M (Peak 17.45M) | Time:00:00.54 | Mem:0.00M, Peak:0.00M | Scene, ViewLayer | Synchronizing object | Nozzle petal seam.017
Fra:1 Mem:17.41M (Peak 17.45M) | Time:00:00.54 | Mem:0.00M, Peak:0.00M | Scene, ViewLayer | Synchronizing object | Nozzle petal seam.018
Fra:1 Mem:17.41M (Peak 17.45M) | Time:00:00.54 | Mem:0.00M, Peak:0.00M | Scene, ViewLayer | Synchronizing object | Nozzle petal seam.019
Fra:1 Mem:17.41M (Peak 17.45M) | Time:00:00.54 | Mem:0.00M, Peak:0.00M | Scene, ViewLayer | Synchronizing object | Nozzle petal seam.020
Fra:1 Mem:17.41M (Peak 17.45M) | Time:00:00.54 | Mem:0.00M, Peak:0.00M | Scene, ViewLayer | Synchronizing object | Nozzle petal seam.021
Fra:1 Mem:17.41M (Peak 17.45M) | Time:00:00.54 | Mem:0.00M, Peak:0.00M | Scene, ViewLayer | Synchronizing object | Nozzle petal seam.022
Fra:1 Mem:17.42M (Peak 17.45M) | Time:00:00.54 | Mem:0.00M, Peak:0.00M | Scene, ViewLayer | Synchronizing object | Nozzle petal seam.023
Fra:1 Mem:17.42M (Peak 17.45M) | Time:00:00.54 | Mem:0.00M, Peak:0.00M | Scene, ViewLayer | Synchronizing object | Deep ion throat.001
Fra:1 Mem:17.43M (Peak 17.45M) | Time:00:00.54 | Mem:0.00M, Peak:0.00M | Scene, ViewLayer | Synchronizing object | Deep intake duct.001
Fra:1 Mem:17.57M (Peak 17.57M) | Time:00:00.55 | Mem:0.00M, Peak:0.00M | Scene, ViewLayer | Synchronizing object | Blended structural fairing.001
Fra:1 Mem:17.57M (Peak 17.57M) | Time:00:00.55 | Mem:0.00M, Peak:0.00M | Scene, ViewLayer | Synchronizing object | Canted cargo stabilizer.001
Fra:1 Mem:17.78M (Peak 17.78M) | Time:00:00.55 | Mem:0.00M, Peak:0.00M | Scene, ViewLayer | Initializing
Fra:1 Mem:14.07M (Peak 17.78M) | Time:00:00.56 | Mem:0.00M, Peak:0.00M | Scene, ViewLayer | Waiting for render to start
Fra:1 Mem:14.07M (Peak 17.78M) | Time:00:00.56 | Mem:0.00M, Peak:0.00M | Scene, ViewLayer | Updating Scene
Fra:1 Mem:14.07M (Peak 17.78M) | Time:00:00.56 | Mem:0.00M, Peak:0.00M | Scene, ViewLayer | Updating Shaders
Fra:1 Mem:14.07M (Peak 17.78M) | Time:00:00.56 | Mem:0.00M, Peak:0.00M | Scene, ViewLayer | Loading render kernels (may take a few minutes the first time)
Fra:1 Mem:14.16M (Peak 41.45M) | Time:00:01.27 | Mem:0.01M, Peak:0.01M | Scene, ViewLayer | Updating Procedurals
Fra:1 Mem:14.16M (Peak 41.45M) | Time:00:01.27 | Mem:0.01M, Peak:0.01M | Scene, ViewLayer | Updating Background
Fra:1 Mem:14.16M (Peak 41.45M) | Time:00:01.27 | Mem:0.01M, Peak:0.01M | Scene, ViewLayer | Updating Camera
Fra:1 Mem:14.16M (Peak 41.45M) | Time:00:01.27 | Mem:0.01M, Peak:0.01M | Scene, ViewLayer | Updating Meshes Flags
Fra:1 Mem:14.16M (Peak 41.45M) | Time:00:01.27 | Mem:0.01M, Peak:0.01M | Scene, ViewLayer | Updating Objects
Fra:1 Mem:14.16M (Peak 41.45M) | Time:00:01.27 | Mem:0.01M, Peak:0.01M | Scene, ViewLayer | Updating Objects | Copying Transformations to device
Fra:1 Mem:14.17M (Peak 41.45M) | Time:00:01.27 | Mem:0.02M, Peak:0.02M | Scene, ViewLayer | Updating Particle Systems
Fra:1 Mem:14.17M (Peak 41.45M) | Time:00:01.27 | Mem:0.02M, Peak:0.02M | Scene, ViewLayer | Updating Particle Systems | Copying Particles to device
Fra:1 Mem:14.17M (Peak 41.45M) | Time:00:01.27 | Mem:0.02M, Peak:0.02M | Scene, ViewLayer | Updating Meshes
Fra:1 Mem:14.84M (Peak 41.45M) | Time:00:01.28 | Mem:0.02M, Peak:0.02M | Scene, ViewLayer | Updating Objects | Applying Static Transformations
Fra:1 Mem:14.84M (Peak 41.45M) | Time:00:01.28 | Mem:0.02M, Peak:0.02M | Scene, ViewLayer | Updating Mesh | Computing attributes
Fra:1 Mem:15.83M (Peak 41.45M) | Time:00:01.28 | Mem:0.03M, Peak:0.03M | Scene, ViewLayer | Updating Mesh | Copying Attributes to device
Fra:1 Mem:15.82M (Peak 41.45M) | Time:00:01.28 | Mem:1.00M, Peak:1.00M | Scene, ViewLayer | Updating Geometry BVH light 48/47 | Building BVH
Fra:1 Mem:15.82M (Peak 41.45M) | Time:00:01.28 | Mem:1.00M, Peak:1.00M | Scene, ViewLayer | Updating Geometry BVH Contoured expansion nozzle.002 12/47 | Building BVH
Fra:1 Mem:15.82M (Peak 41.45M) | Time:00:01.28 | Mem:1.00M, Peak:1.00M | Scene, ViewLayer | Updating Geometry BVH Contoured expansion nozzle.002 12/47 | Building OptiX acceleration structure
Fra:1 Mem:15.82M (Peak 41.45M) | Time:00:01.28 | Mem:1.00M, Peak:1.00M | Scene, ViewLayer | Updating Geometry BVH Nozzle petal seam.024 13/47 | Building BVH
Fra:1 Mem:15.82M (Peak 41.45M) | Time:00:01.28 | Mem:1.00M, Peak:1.00M | Scene, ViewLayer | Updating Geometry BVH Nozzle petal seam.024 13/47 | Building OptiX acceleration structure
Fra:1 Mem:15.84M (Peak 41.45M) | Time:00:01.28 | Mem:1.00M, Peak:1.00M | Scene, ViewLayer | Updating Geometry BVH Canted cargo stabilizer.001 47/47 | Building OptiX acceleration structure
Fra:1 Mem:16.15M (Peak 41.45M) | Time:00:01.28 | Mem:1.00M, Peak:1.00M | Scene, ViewLayer | Updating Geometry BVH Nozzle petal seam.025 14/47 | Building BVH
Fra:1 Mem:16.15M (Peak 41.45M) | Time:00:01.28 | Mem:1.00M, Peak:1.00M | Scene, ViewLayer | Updating Geometry BVH Nozzle petal seam.025 14/47 | Building OptiX acceleration structure
Fra:1 Mem:16.15M (Peak 41.45M) | Time:00:01.29 | Mem:1.33M, Peak:1.34M | Scene, ViewLayer | Updating Geometry BVH Nozzle petal seam.026 15/47 | Building BVH
Fra:1 Mem:16.15M (Peak 41.45M) | Time:00:01.29 | Mem:1.36M, Peak:1.36M | Scene, ViewLayer | Updating Geometry BVH Nozzle petal seam.026 15/47 | Building OptiX acceleration structure
Fra:1 Mem:16.14M (Peak 41.45M) | Time:00:01.29 | Mem:1.33M, Peak:1.36M | Scene, ViewLayer | Updating Geometry BVH Mesh 46/47 | Building BVH
Fra:1 Mem:16.14M (Peak 41.45M) | Time:00:01.29 | Mem:1.33M, Peak:1.36M | Scene, ViewLayer | Updating Geometry BVH Mesh 46/47 | Building OptiX acceleration structure
Fra:1 Mem:16.17M (Peak 41.45M) | Time:00:01.29 | Mem:1.36M, Peak:1.40M | Scene, ViewLayer | Updating Geometry BVH Nozzle petal seam.027 16/47 | Building BVH
Fra:1 Mem:16.17M (Peak 41.45M) | Time:00:01.29 | Mem:1.36M, Peak:1.40M | Scene, ViewLayer | Updating Geometry BVH Nozzle petal seam.027 16/47 | Building OptiX acceleration structure
Fra:1 Mem:16.17M (Peak 41.45M) | Time:00:01.29 | Mem:1.36M, Peak:1.40M | Scene, ViewLayer | Updating Geometry BVH Nozzle petal seam.028 17/47 | Building BVH
Fra:1 Mem:16.17M (Peak 41.45M) | Time:00:01.29 | Mem:1.54M, Peak:1.54M | Scene, ViewLayer | Updating Geometry BVH Nozzle petal seam.028 17/47 | Building OptiX acceleration structure
Fra:1 Mem:16.09M (Peak 41.45M) | Time:00:01.29 | Mem:1.38M, Peak:1.78M | Scene, ViewLayer | Updating Geometry BVH Nozzle petal seam.029 18/47 | Building BVH
Fra:1 Mem:16.09M (Peak 41.45M) | Time:00:01.29 | Mem:1.38M, Peak:1.78M | Scene, ViewLayer | Updating Geometry BVH Nozzle petal seam.029 18/47 | Building OptiX acceleration structure
Fra:1 Mem:16.09M (Peak 41.45M) | Time:00:01.29 | Mem:1.39M, Peak:1.78M | Scene, ViewLayer | Updating Geometry BVH Nozzle petal seam.030 19/47 | Building BVH
Fra:1 Mem:16.09M (Peak 41.45M) | Time:00:01.29 | Mem:1.80M, Peak:1.80M | Scene, ViewLayer | Updating Geometry BVH Nozzle petal seam.030 19/47 | Building OptiX acceleration structure
Fra:1 Mem:16.01M (Peak 41.45M) | Time:00:01.30 | Mem:1.41M, Peak:1.80M | Scene, ViewLayer | Updating Geometry BVH Nozzle petal seam.031 20/47 | Building BVH
Fra:1 Mem:16.01M (Peak 41.45M) | Time:00:01.30 | Mem:1.41M, Peak:1.80M | Scene, ViewLayer | Updating Geometry BVH Nozzle petal seam.031 20/47 | Building OptiX acceleration structure
Fra:1 Mem:15.88M (Peak 41.45M) | Time:00:01.30 | Mem:1.44M, Peak:1.92M | Scene, ViewLayer | Updating Geometry BVH Nozzle petal seam.032 21/47 | Building BVH
Fra:1 Mem:15.88M (Peak 41.45M) | Time:00:01.30 | Mem:1.44M, Peak:1.92M | Scene, ViewLayer | Updating Geometry BVH Nozzle petal seam.032 21/47 | Building OptiX acceleration structure
Fra:1 Mem:15.87M (Peak 41.45M) | Time:00:01.30 | Mem:1.44M, Peak:1.92M | Scene, ViewLayer | Updating Geometry BVH Nozzle petal seam.033 22/47 | Building BVH
Fra:1 Mem:15.87M (Peak 41.45M) | Time:00:01.30 | Mem:1.45M, Peak:1.92M | Scene, ViewLayer | Updating Geometry BVH Nozzle petal seam.033 22/47 | Building OptiX acceleration structure
Fra:1 Mem:15.87M (Peak 41.45M) | Time:00:01.30 | Mem:1.44M, Peak:1.92M | Scene, ViewLayer | Updating Geometry BVH Nozzle petal seam.034 23/47 | Building BVH
Fra:1 Mem:15.87M (Peak 41.45M) | Time:00:01.30 | Mem:1.44M, Peak:1.92M | Scene, ViewLayer | Updating Geometry BVH Nozzle petal seam.034 23/47 | Building OptiX acceleration structure
Fra:1 Mem:15.87M (Peak 41.45M) | Time:00:01.30 | Mem:1.44M, Peak:1.92M | Scene, ViewLayer | Updating Geometry BVH Nozzle petal seam.035 24/47 | Building BVH
Fra:1 Mem:15.87M (Peak 41.45M) | Time:00:01.30 | Mem:1.44M, Peak:1.92M | Scene, ViewLayer | Updating Geometry BVH Nozzle petal seam.035 24/47 | Building OptiX acceleration structure
Fra:1 Mem:15.86M (Peak 41.45M) | Time:00:01.30 | Mem:1.44M, Peak:1.92M | Scene, ViewLayer | Updating Geometry BVH Deep ion throat.002 25/47 | Building BVH
Fra:1 Mem:15.86M (Peak 41.45M) | Time:00:01.30 | Mem:1.44M, Peak:1.92M | Scene, ViewLayer | Updating Geometry BVH Deep ion throat.002 25/47 | Building OptiX acceleration structure
Fra:1 Mem:15.88M (Peak 41.45M) | Time:00:01.30 | Mem:1.46M, Peak:1.92M | Scene, ViewLayer | Updating Geometry BVH Deep intake duct 26/47 | Building BVH
Fra:1 Mem:15.88M (Peak 41.45M) | Time:00:01.30 | Mem:1.46M, Peak:1.92M | Scene, ViewLayer | Updating Geometry BVH Deep intake duct 26/47 | Building OptiX acceleration structure
Fra:1 Mem:15.85M (Peak 41.45M) | Time:00:01.30 | Mem:1.48M, Peak:1.92M | Scene, ViewLayer | Updating Geometry BVH Deep intake duct.001 45/47 | Building BVH
Fra:1 Mem:15.85M (Peak 41.45M) | Time:00:01.30 | Mem:1.48M, Peak:1.92M | Scene, ViewLayer | Updating Geometry BVH Deep intake duct.001 45/47 | Building OptiX acceleration structure
Fra:1 Mem:15.85M (Peak 41.45M) | Time:00:01.31 | Mem:1.48M, Peak:1.92M | Scene, ViewLayer | Updating Geometry BVH Mesh 27/47 | Building BVH
Fra:1 Mem:15.85M (Peak 41.45M) | Time:00:01.31 | Mem:1.49M, Peak:1.92M | Scene, ViewLayer | Updating Geometry BVH Mesh 27/47 | Building OptiX acceleration structure
Fra:1 Mem:15.89M (Peak 41.45M) | Time:00:01.31 | Mem:1.51M, Peak:1.92M | Scene, ViewLayer | Updating Geometry BVH Canted cargo stabilizer 28/47 | Building BVH
Fra:1 Mem:15.89M (Peak 41.45M) | Time:00:01.31 | Mem:1.51M, Peak:1.92M | Scene, ViewLayer | Updating Geometry BVH Canted cargo stabilizer 28/47 | Building OptiX acceleration structure
Fra:1 Mem:15.90M (Peak 41.45M) | Time:00:01.31 | Mem:1.52M, Peak:1.92M | Scene, ViewLayer | Updating Geometry BVH Integrated lifting hull.001 29/47 | Building BVH
Fra:1 Mem:15.90M (Peak 41.45M) | Time:00:01.31 | Mem:1.53M, Peak:1.92M | Scene, ViewLayer | Updating Geometry BVH Integrated lifting hull.001 29/47 | Building OptiX acceleration structure
Fra:1 Mem:15.91M (Peak 41.45M) | Time:00:01.31 | Mem:1.54M, Peak:1.92M | Scene, ViewLayer | Updating Geometry BVH Integrated propulsion nacelle.001 30/47 | Building BVH
Fra:1 Mem:15.91M (Peak 41.45M) | Time:00:01.31 | Mem:1.54M, Peak:1.92M | Scene, ViewLayer | Updating Geometry BVH Integrated propulsion nacelle.001 30/47 | Building OptiX acceleration structure
Fra:1 Mem:15.91M (Peak 41.45M) | Time:00:01.31 | Mem:1.54M, Peak:1.92M | Scene, ViewLayer | Updating Geometry BVH Contoured expansion nozzle.003 31/47 | Building BVH
Fra:1 Mem:15.91M (Peak 41.45M) | Time:00:01.31 | Mem:1.54M, Peak:1.92M | Scene, ViewLayer | Updating Geometry BVH Contoured expansion nozzle.003 31/47 | Building OptiX acceleration structure
Fra:1 Mem:15.92M (Peak 41.45M) | Time:00:01.31 | Mem:1.55M, Peak:1.92M | Scene, ViewLayer | Updating Geometry BVH Nozzle petal seam.036 32/47 | Building BVH
Fra:1 Mem:15.92M (Peak 41.45M) | Time:00:01.31 | Mem:1.55M, Peak:1.92M | Scene, ViewLayer | Updating Geometry BVH Nozzle petal seam.036 32/47 | Building OptiX acceleration structure
Fra:1 Mem:15.92M (Peak 41.45M) | Time:00:01.31 | Mem:1.55M, Peak:1.92M | Scene, ViewLayer | Updating Geometry BVH Nozzle petal seam.037 33/47 | Building BVH
Fra:1 Mem:15.92M (Peak 41.45M) | Time:00:01.31 | Mem:1.56M, Peak:1.92M | Scene, ViewLayer | Updating Geometry BVH Nozzle petal seam.037 33/47 | Building OptiX acceleration structure
Fra:1 Mem:15.92M (Peak 41.45M) | Time:00:01.31 | Mem:1.55M, Peak:1.92M | Scene, ViewLayer | Updating Geometry BVH Nozzle petal seam.038 34/47 | Building BVH
Fra:1 Mem:15.92M (Peak 41.45M) | Time:00:01.31 | Mem:1.55M, Peak:1.92M | Scene, ViewLayer | Updating Geometry BVH Nozzle petal seam.038 34/47 | Building OptiX acceleration structure
Fra:1 Mem:15.92M (Peak 41.45M) | Time:00:01.31 | Mem:1.56M, Peak:1.92M | Scene, ViewLayer | Updating Geometry BVH Nozzle petal seam.039 35/47 | Building BVH
Fra:1 Mem:15.92M (Peak 41.45M) | Time:00:01.31 | Mem:1.58M, Peak:1.92M | Scene, ViewLayer | Updating Geometry BVH Nozzle petal seam.039 35/47 | Building OptiX acceleration structure
Fra:1 Mem:15.90M (Peak 41.45M) | Time:00:01.31 | Mem:1.55M, Peak:1.92M | Scene, ViewLayer | Updating Geometry BVH Nozzle petal seam.040 36/47 | Building BVH
Fra:1 Mem:15.90M (Peak 41.45M) | Time:00:01.31 | Mem:1.55M, Peak:1.92M | Scene, ViewLayer | Updating Geometry BVH Nozzle petal seam.040 36/47 | Building OptiX acceleration structure
Fra:1 Mem:15.90M (Peak 41.45M) | Time:00:01.31 | Mem:1.55M, Peak:1.92M | Scene, ViewLayer | Updating Geometry BVH Nozzle petal seam.041 37/47 | Building BVH
Fra:1 Mem:15.90M (Peak 41.45M) | Time:00:01.31 | Mem:1.55M, Peak:1.92M | Scene, ViewLayer | Updating Geometry BVH Nozzle petal seam.041 37/47 | Building OptiX acceleration structure
Fra:1 Mem:15.90M (Peak 41.45M) | Time:00:01.31 | Mem:1.55M, Peak:1.92M | Scene, ViewLayer | Updating Geometry BVH Deep ion throat.003 44/47 | Building BVH
Fra:1 Mem:15.90M (Peak 41.45M) | Time:00:01.31 | Mem:1.55M, Peak:1.92M | Scene, ViewLayer | Updating Geometry BVH Deep ion throat.003 44/47 | Building OptiX acceleration structure
Fra:1 Mem:15.88M (Peak 41.45M) | Time:00:01.31 | Mem:1.58M, Peak:1.92M | Scene, ViewLayer | Updating Geometry BVH Nozzle petal seam.042 38/47 | Building BVH
Fra:1 Mem:15.88M (Peak 41.45M) | Time:00:01.31 | Mem:1.62M, Peak:1.92M | Scene, ViewLayer | Updating Geometry BVH Nozzle petal seam.042 38/47 | Building OptiX acceleration structure
Fra:1 Mem:15.87M (Peak 41.45M) | Time:00:01.31 | Mem:1.58M, Peak:1.92M | Scene, ViewLayer | Updating Geometry BVH Nozzle petal seam.043 39/47 | Building BVH
Fra:1 Mem:15.87M (Peak 41.45M) | Time:00:01.31 | Mem:1.58M, Peak:1.92M | Scene, ViewLayer | Updating Geometry BVH Nozzle petal seam.043 39/47 | Building OptiX acceleration structure
Fra:1 Mem:15.86M (Peak 41.45M) | Time:00:01.32 | Mem:1.58M, Peak:1.92M | Scene, ViewLayer | Updating Geometry BVH Nozzle petal seam.044 40/47 | Building BVH
Fra:1 Mem:15.86M (Peak 41.45M) | Time:00:01.32 | Mem:1.58M, Peak:1.92M | Scene, ViewLayer | Updating Geometry BVH Nozzle petal seam.044 40/47 | Building OptiX acceleration structure
Fra:1 Mem:15.86M (Peak 41.45M) | Time:00:01.32 | Mem:1.58M, Peak:1.92M | Scene, ViewLayer | Updating Geometry BVH Nozzle petal seam.045 41/47 | Building BVH
Fra:1 Mem:15.86M (Peak 41.45M) | Time:00:01.32 | Mem:1.58M, Peak:1.92M | Scene, ViewLayer | Updating Geometry BVH Nozzle petal seam.045 41/47 | Building OptiX acceleration structure
Fra:1 Mem:15.85M (Peak 41.45M) | Time:00:01.32 | Mem:1.58M, Peak:1.92M | Scene, ViewLayer | Updating Geometry BVH Nozzle petal seam.046 42/47 | Building BVH
Fra:1 Mem:15.85M (Peak 41.45M) | Time:00:01.32 | Mem:1.59M, Peak:1.92M | Scene, ViewLayer | Updating Geometry BVH Nozzle petal seam.046 42/47 | Building OptiX acceleration structure
Fra:1 Mem:15.85M (Peak 41.45M) | Time:00:01.32 | Mem:1.59M, Peak:1.92M | Scene, ViewLayer | Updating Geometry BVH Nozzle petal seam.047 43/47 | Building BVH
Fra:1 Mem:15.85M (Peak 41.45M) | Time:00:01.32 | Mem:1.59M, Peak:1.92M | Scene, ViewLayer | Updating Geometry BVH Nozzle petal seam.047 43/47 | Building OptiX acceleration structure
Fra:1 Mem:15.82M (Peak 41.45M) | Time:00:01.32 | Mem:1.59M, Peak:1.92M | Scene, ViewLayer | Updating Scene BVH | Building
Fra:1 Mem:15.82M (Peak 41.45M) | Time:00:01.32 | Mem:1.59M, Peak:1.92M | Scene, ViewLayer | Updating Scene BVH | Building OptiX acceleration structure
Fra:1 Mem:15.82M (Peak 41.45M) | Time:00:01.32 | Mem:1.60M, Peak:1.92M | Scene, ViewLayer | Updating Scene BVH | Copying BVH to device
Fra:1 Mem:15.82M (Peak 41.45M) | Time:00:01.32 | Mem:1.60M, Peak:1.92M | Scene, ViewLayer | Updating Mesh | Computing normals
Fra:1 Mem:16.51M (Peak 41.45M) | Time:00:01.32 | Mem:1.60M, Peak:1.92M | Scene, ViewLayer | Updating Mesh | Copying Mesh to device
Fra:1 Mem:16.51M (Peak 41.45M) | Time:00:01.33 | Mem:2.28M, Peak:2.28M | Scene, ViewLayer | Updating Objects Flags
Fra:1 Mem:16.51M (Peak 41.45M) | Time:00:01.33 | Mem:2.28M, Peak:2.28M | Scene, ViewLayer | Updating Primitive Offsets
Fra:1 Mem:16.51M (Peak 41.45M) | Time:00:01.33 | Mem:2.28M, Peak:2.28M | Scene, ViewLayer | Updating Images
Fra:1 Mem:16.51M (Peak 41.45M) | Time:00:01.33 | Mem:2.28M, Peak:2.28M | Scene, ViewLayer | Updating Images | Loading panel-normal.png
Fra:1 Mem:16.51M (Peak 41.45M) | Time:00:01.33 | Mem:2.28M, Peak:2.28M | Scene, ViewLayer | Updating Images | Loading paint-orm.png
Fra:1 Mem:16.51M (Peak 41.45M) | Time:00:01.33 | Mem:2.28M, Peak:2.28M | Scene, ViewLayer | Updating Images | Loading white-basecolor.png
Fra:1 Mem:32.52M (Peak 41.45M) | Time:00:01.78 | Mem:18.28M, Peak:18.28M | Scene, ViewLayer | Updating Camera Volume
Fra:1 Mem:32.52M (Peak 41.45M) | Time:00:01.78 | Mem:18.28M, Peak:18.28M | Scene, ViewLayer | Updating Lookup Tables
Fra:1 Mem:32.52M (Peak 41.45M) | Time:00:01.78 | Mem:18.36M, Peak:18.36M | Scene, ViewLayer | Updating Lights
Fra:1 Mem:32.52M (Peak 41.45M) | Time:00:01.78 | Mem:18.36M, Peak:18.36M | Scene, ViewLayer | Updating Lights | Computing tree
Fra:1 Mem:32.71M (Peak 41.45M) | Time:00:01.79 | Mem:18.55M, Peak:18.55M | Scene, ViewLayer | Updating Integrator
Fra:1 Mem:32.71M (Peak 41.45M) | Time:00:01.79 | Mem:18.55M, Peak:18.55M | Scene, ViewLayer | Updating Film
Fra:1 Mem:32.72M (Peak 41.45M) | Time:00:01.79 | Mem:18.47M, Peak:18.55M | Scene, ViewLayer | Updating Lookup Tables
Fra:1 Mem:32.72M (Peak 41.45M) | Time:00:01.79 | Mem:18.56M, Peak:18.56M | Scene, ViewLayer | Updating Baking
Fra:1 Mem:32.72M (Peak 41.45M) | Time:00:01.79 | Mem:18.56M, Peak:18.56M | Scene, ViewLayer | Updating Device | Writing constant memory
Fra:1 Mem:32.72M (Peak 41.45M) | Time:00:01.79 | Mem:18.56M, Peak:18.56M | Scene, ViewLayer | Loading denoising kernels (may take a few minutes the first time)
Fra:1 Mem:36.72M (Peak 41.45M) | Time:00:01.82 | Mem:370.56M, Peak:370.56M | Scene, ViewLayer | Sample 0/24
Fra:1 Mem:83.69M (Peak 83.69M) | Time:00:01.84 | Remaining:00:00.61 | Mem:417.54M, Peak:417.54M | Scene, ViewLayer | Sample 1/24
Fra:1 Mem:103.47M (Peak 133.14M) | Time:00:07.11 | Mem:417.54M, Peak:417.54M | Scene, ViewLayer | Sample 24/24
Fra:1 Mem:103.47M (Peak 133.14M) | Time:00:07.11 | Mem:417.54M, Peak:417.54M | Scene, ViewLayer | Finished
Saved: 'D:\vibe-coding-e\nova-swarm-forum-129-improvements-20260822\docs\fleet-art-v2\ships\02\surfaced.png'
Time: 00:08.95 (Saving: 00:00.69)

Info: Saved as "source.blend"
INFO Draco mesh compression is available, use library at D:\vibe-coding-e\codex-blender-test\tools\blender-4.5.13-windows-x64\4.5\scripts\addons_core\io_scene_gltf2\extern_draco.dll
17:07:47 | INFO: Starting glTF 2.0 export
17:07:47 | INFO: Extracting primitive: Continuous pressure fuselage
17:07:47 | WARNING: More than one shader node tex image used for a texture. The resulting glTF sampler will behave like the first shader node tex image.
17:07:47 | WARNING: More than one shader node tex image used for a texture. The resulting glTF sampler will behave like the first shader node tex image.
17:07:47 | INFO: Primitives created: 6
17:07:47 | INFO: Finished glTF 2.0 export in 0.36107563972473145 s
Fra:1 Mem:15.39M (Peak 30.89M) | Time:00:00.28 | Mem:0.00M, Peak:0.00M | Scene, ViewLayer | Synchronizing object | Broad neutral key
Fra:1 Mem:15.39M (Peak 30.89M) | Time:00:00.28 | Mem:0.00M, Peak:0.00M | Scene, ViewLayer | Synchronizing object | Neutral fill
Fra:1 Mem:17.10M (Peak 30.89M) | Time:00:00.29 | Mem:0.00M, Peak:0.00M | Scene, ViewLayer | Initializing
Fra:1 Mem:16.62M (Peak 30.89M) | Time:00:00.29 | Mem:0.00M, Peak:0.00M | Scene, ViewLayer | Waiting for render to start
Fra:1 Mem:16.62M (Peak 30.89M) | Time:00:00.29 | Mem:0.00M, Peak:0.00M | Scene, ViewLayer | Updating Scene
Fra:1 Mem:16.62M (Peak 30.89M) | Time:00:00.29 | Mem:0.00M, Peak:0.00M | Scene, ViewLayer | Updating Shaders
Fra:1 Mem:16.62M (Peak 30.89M) | Time:00:00.29 | Mem:0.00M, Peak:0.00M | Scene, ViewLayer | Loading render kernels (may take a few minutes the first time)
Fra:1 Mem:16.71M (Peak 44.00M) | Time:00:00.52 | Mem:0.01M, Peak:0.01M | Scene, ViewLayer | Updating Procedurals
Fra:1 Mem:16.71M (Peak 44.00M) | Time:00:00.52 | Mem:0.01M, Peak:0.01M | Scene, ViewLayer | Updating Background
Fra:1 Mem:16.71M (Peak 44.00M) | Time:00:00.52 | Mem:0.01M, Peak:0.01M | Scene, ViewLayer | Updating Camera
Fra:1 Mem:16.71M (Peak 44.00M) | Time:00:00.52 | Mem:0.01M, Peak:0.01M | Scene, ViewLayer | Updating Meshes Flags
Fra:1 Mem:16.71M (Peak 44.00M) | Time:00:00.52 | Mem:0.01M, Peak:0.01M | Scene, ViewLayer | Updating Objects
Fra:1 Mem:16.71M (Peak 44.00M) | Time:00:00.52 | Mem:0.01M, Peak:0.01M | Scene, ViewLayer | Updating Objects | Copying Transformations to device
Fra:1 Mem:16.71M (Peak 44.00M) | Time:00:00.52 | Mem:0.01M, Peak:0.01M | Scene, ViewLayer | Updating Particle Systems
Fra:1 Mem:16.71M (Peak 44.00M) | Time:00:00.52 | Mem:0.01M, Peak:0.01M | Scene, ViewLayer | Updating Particle Systems | Copying Particles to device
Fra:1 Mem:16.71M (Peak 44.00M) | Time:00:00.52 | Mem:0.01M, Peak:0.01M | Scene, ViewLayer | Updating Meshes
Fra:1 Mem:17.86M (Peak 44.00M) | Time:00:00.55 | Mem:0.01M, Peak:0.01M | Scene, ViewLayer | Updating Objects | Applying Static Transformations
Fra:1 Mem:17.86M (Peak 44.00M) | Time:00:00.55 | Mem:0.01M, Peak:0.01M | Scene, ViewLayer | Updating Mesh | Computing attributes
Fra:1 Mem:19.38M (Peak 44.00M) | Time:00:00.55 | Mem:0.01M, Peak:0.01M | Scene, ViewLayer | Updating Mesh | Copying Attributes to device
Fra:1 Mem:19.38M (Peak 44.00M) | Time:00:00.55 | Mem:1.54M, Peak:1.54M | Scene, ViewLayer | Updating Geometry BVH light 5/4 | Building BVH
Fra:1 Mem:19.38M (Peak 44.00M) | Time:00:00.55 | Mem:1.54M, Peak:1.54M | Scene, ViewLayer | Updating Geometry BVH Continuous pressure fuselage 4/4 | Building BVH
Fra:1 Mem:19.38M (Peak 44.00M) | Time:00:00.55 | Mem:1.54M, Peak:1.54M | Scene, ViewLayer | Updating Geometry BVH Continuous pressure fuselage 4/4 | Building OptiX acceleration structure
Fra:1 Mem:19.38M (Peak 44.00M) | Time:00:00.55 | Mem:2.03M, Peak:3.55M | Scene, ViewLayer | Updating Scene BVH | Building
Fra:1 Mem:19.38M (Peak 44.00M) | Time:00:00.55 | Mem:2.03M, Peak:3.55M | Scene, ViewLayer | Updating Scene BVH | Building OptiX acceleration structure
Fra:1 Mem:19.38M (Peak 44.00M) | Time:00:00.55 | Mem:2.04M, Peak:3.55M | Scene, ViewLayer | Updating Scene BVH | Copying BVH to device
Fra:1 Mem:19.38M (Peak 44.00M) | Time:00:00.55 | Mem:2.04M, Peak:3.55M | Scene, ViewLayer | Updating Mesh | Computing normals
Fra:1 Mem:20.00M (Peak 44.00M) | Time:00:00.55 | Mem:2.04M, Peak:3.55M | Scene, ViewLayer | Updating Mesh | Copying Mesh to device
Fra:1 Mem:20.00M (Peak 44.00M) | Time:00:00.55 | Mem:2.65M, Peak:3.55M | Scene, ViewLayer | Updating Objects Flags
Fra:1 Mem:20.00M (Peak 44.00M) | Time:00:00.55 | Mem:2.65M, Peak:3.55M | Scene, ViewLayer | Updating Primitive Offsets
Fra:1 Mem:20.00M (Peak 44.00M) | Time:00:00.55 | Mem:2.65M, Peak:3.55M | Scene, ViewLayer | Updating Images
Fra:1 Mem:20.00M (Peak 44.00M) | Time:00:00.55 | Mem:2.65M, Peak:3.55M | Scene, ViewLayer | Updating Images | Loading panel-normal.png
Fra:1 Mem:24.00M (Peak 44.00M) | Time:00:00.55 | Mem:2.65M, Peak:3.55M | Scene, ViewLayer | Updating Images | Loading paint-orm.png
Fra:1 Mem:36.01M (Peak 44.00M) | Time:00:00.58 | Mem:18.65M, Peak:18.65M | Scene, ViewLayer | Updating Camera Volume
Fra:1 Mem:36.01M (Peak 44.00M) | Time:00:00.58 | Mem:18.65M, Peak:18.65M | Scene, ViewLayer | Updating Lookup Tables
Fra:1 Mem:36.01M (Peak 44.00M) | Time:00:00.58 | Mem:18.73M, Peak:18.73M | Scene, ViewLayer | Updating Lights
Fra:1 Mem:36.01M (Peak 44.00M) | Time:00:00.58 | Mem:18.73M, Peak:18.73M | Scene, ViewLayer | Updating Lights | Computing tree
Fra:1 Mem:36.27M (Peak 44.00M) | Time:00:00.60 | Mem:18.99M, Peak:18.99M | Scene, ViewLayer | Updating Integrator
Fra:1 Mem:36.27M (Peak 44.00M) | Time:00:00.60 | Mem:18.99M, Peak:18.99M | Scene, ViewLayer | Updating Film
Fra:1 Mem:36.28M (Peak 44.00M) | Time:00:00.60 | Mem:18.91M, Peak:18.99M | Scene, ViewLayer | Updating Lookup Tables
Fra:1 Mem:36.28M (Peak 44.00M) | Time:00:00.60 | Mem:19.00M, Peak:19.00M | Scene, ViewLayer | Updating Baking
Fra:1 Mem:36.28M (Peak 44.00M) | Time:00:00.60 | Mem:19.00M, Peak:19.00M | Scene, ViewLayer | Updating Device | Writing constant memory
Fra:1 Mem:36.28M (Peak 44.00M) | Time:00:00.60 | Mem:19.00M, Peak:19.00M | Scene, ViewLayer | Loading denoising kernels (may take a few minutes the first time)
Fra:1 Mem:40.28M (Peak 44.00M) | Time:00:00.65 | Mem:371.00M, Peak:371.00M | Scene, ViewLayer | Sample 0/24
Fra:1 Mem:116.29M (Peak 116.29M) | Time:00:00.70 | Remaining:00:01.02 | Mem:447.01M, Peak:447.01M | Scene, ViewLayer | Sample 1/24
Fra:1 Mem:148.29M (Peak 196.29M) | Time:00:09.27 | Mem:447.01M, Peak:447.01M | Scene, ViewLayer | Sample 24/24
Fra:1 Mem:148.29M (Peak 196.29M) | Time:00:09.27 | Mem:447.01M, Peak:447.01M | Scene, ViewLayer | Finished
Saved: 'D:\vibe-coding-e\nova-swarm-forum-129-improvements-20260822\docs\fleet-art-v2\ships\02\export\showroom.png'
Time: 00:10.72 (Saving: 00:00.33)

Fra:1 Mem:15.69M (Peak 15.69M) | Time:00:00.46 | Mem:0.00M, Peak:0.00M | Scene, ViewLayer | Synchronizing object | CometCourierV2
Fra:1 Mem:16.03M (Peak 16.03M) | Time:00:00.46 | Mem:0.00M, Peak:0.00M | Scene, ViewLayer | Synchronizing object | Broad neutral key
Fra:1 Mem:16.03M (Peak 16.03M) | Time:00:00.46 | Mem:0.00M, Peak:0.00M | Scene, ViewLayer | Synchronizing object | Neutral fill
Fra:1 Mem:17.10M (Peak 18.13M) | Time:00:00.50 | Mem:0.00M, Peak:0.00M | Scene, ViewLayer | Initializing
Fra:1 Mem:16.62M (Peak 18.13M) | Time:00:00.51 | Mem:0.00M, Peak:0.00M | Scene, ViewLayer | Waiting for render to start
Fra:1 Mem:16.62M (Peak 18.13M) | Time:00:00.51 | Mem:0.00M, Peak:0.00M | Scene, ViewLayer | Updating Scene
Fra:1 Mem:16.62M (Peak 18.13M) | Time:00:00.51 | Mem:0.00M, Peak:0.00M | Scene, ViewLayer | Updating Shaders
Fra:1 Mem:16.62M (Peak 18.13M) | Time:00:00.51 | Mem:0.00M, Peak:0.00M | Scene, ViewLayer | Loading render kernels (may take a few minutes the first time)
Fra:1 Mem:16.71M (Peak 44.00M) | Time:00:00.81 | Mem:0.01M, Peak:0.01M | Scene, ViewLayer | Updating Procedurals
Fra:1 Mem:16.71M (Peak 44.00M) | Time:00:00.81 | Mem:0.01M, Peak:0.01M | Scene, ViewLayer | Updating Background
Fra:1 Mem:16.71M (Peak 44.00M) | Time:00:00.81 | Mem:0.01M, Peak:0.01M | Scene, ViewLayer | Updating Camera
Fra:1 Mem:16.71M (Peak 44.00M) | Time:00:00.81 | Mem:0.01M, Peak:0.01M | Scene, ViewLayer | Updating Meshes Flags
Fra:1 Mem:16.71M (Peak 44.00M) | Time:00:00.81 | Mem:0.01M, Peak:0.01M | Scene, ViewLayer | Updating Objects
Fra:1 Mem:16.71M (Peak 44.00M) | Time:00:00.81 | Mem:0.01M, Peak:0.01M | Scene, ViewLayer | Updating Objects | Copying Transformations to device
Fra:1 Mem:16.71M (Peak 44.00M) | Time:00:00.81 | Mem:0.01M, Peak:0.01M | Scene, ViewLayer | Updating Particle Systems
Fra:1 Mem:16.71M (Peak 44.00M) | Time:00:00.81 | Mem:0.01M, Peak:0.01M | Scene, ViewLayer | Updating Particle Systems | Copying Particles to device
Fra:1 Mem:16.71M (Peak 44.00M) | Time:00:00.81 | Mem:0.01M, Peak:0.01M | Scene, ViewLayer | Updating Meshes
Fra:1 Mem:17.86M (Peak 44.00M) | Time:00:00.84 | Mem:0.01M, Peak:0.01M | Scene, ViewLayer | Updating Objects | Applying Static Transformations
Fra:1 Mem:17.86M (Peak 44.00M) | Time:00:00.85 | Mem:0.01M, Peak:0.01M | Scene, ViewLayer | Updating Mesh | Computing attributes
Fra:1 Mem:19.38M (Peak 44.00M) | Time:00:00.86 | Mem:0.01M, Peak:0.01M | Scene, ViewLayer | Updating Mesh | Copying Attributes to device
Fra:1 Mem:19.38M (Peak 44.00M) | Time:00:00.86 | Mem:1.54M, Peak:1.54M | Scene, ViewLayer | Updating Geometry BVH Broad neutral key 2/4 | Building BVH
Fra:1 Mem:19.38M (Peak 44.00M) | Time:00:00.86 | Mem:1.54M, Peak:1.54M | Scene, ViewLayer | Updating Geometry BVH light 5/4 | Building BVH
Fra:1 Mem:19.38M (Peak 44.00M) | Time:00:00.86 | Mem:1.54M, Peak:1.54M | Scene, ViewLayer | Updating Geometry BVH Continuous pressure fuselage 4/4 | Building OptiX acceleration structure
Fra:1 Mem:19.38M (Peak 44.00M) | Time:00:00.87 | Mem:2.03M, Peak:3.55M | Scene, ViewLayer | Updating Scene BVH | Building
Fra:1 Mem:19.38M (Peak 44.00M) | Time:00:00.87 | Mem:2.03M, Peak:3.55M | Scene, ViewLayer | Updating Scene BVH | Building OptiX acceleration structure
Fra:1 Mem:19.38M (Peak 44.00M) | Time:00:00.87 | Mem:2.04M, Peak:3.55M | Scene, ViewLayer | Updating Scene BVH | Copying BVH to device
Fra:1 Mem:19.38M (Peak 44.00M) | Time:00:00.87 | Mem:2.04M, Peak:3.55M | Scene, ViewLayer | Updating Mesh | Computing normals
Fra:1 Mem:20.00M (Peak 44.00M) | Time:00:00.87 | Mem:2.04M, Peak:3.55M | Scene, ViewLayer | Updating Mesh | Copying Mesh to device
Fra:1 Mem:20.00M (Peak 44.00M) | Time:00:00.87 | Mem:2.65M, Peak:3.55M | Scene, ViewLayer | Updating Objects Flags
Fra:1 Mem:20.00M (Peak 44.00M) | Time:00:00.87 | Mem:2.65M, Peak:3.55M | Scene, ViewLayer | Updating Primitive Offsets
Fra:1 Mem:20.00M (Peak 44.00M) | Time:00:00.87 | Mem:2.65M, Peak:3.55M | Scene, ViewLayer | Updating Images
Fra:1 Mem:20.00M (Peak 44.00M) | Time:00:00.87 | Mem:2.65M, Peak:3.55M | Scene, ViewLayer | Updating Images | Loading panel-normal.png
Fra:1 Mem:24.00M (Peak 44.00M) | Time:00:00.87 | Mem:2.65M, Peak:3.55M | Scene, ViewLayer | Updating Images | Loading paint-orm.png
Fra:1 Mem:36.01M (Peak 44.00M) | Time:00:00.92 | Mem:18.65M, Peak:18.65M | Scene, ViewLayer | Updating Camera Volume
Fra:1 Mem:36.01M (Peak 44.00M) | Time:00:00.92 | Mem:18.65M, Peak:18.65M | Scene, ViewLayer | Updating Lookup Tables
Fra:1 Mem:36.01M (Peak 44.00M) | Time:00:00.92 | Mem:18.73M, Peak:18.73M | Scene, ViewLayer | Updating Lights
Fra:1 Mem:36.01M (Peak 44.00M) | Time:00:00.92 | Mem:18.73M, Peak:18.73M | Scene, ViewLayer | Updating Lights | Computing tree
Fra:1 Mem:36.27M (Peak 44.00M) | Time:00:00.94 | Mem:18.99M, Peak:18.99M | Scene, ViewLayer | Updating Integrator
Fra:1 Mem:36.27M (Peak 44.00M) | Time:00:00.94 | Mem:18.99M, Peak:18.99M | Scene, ViewLayer | Updating Film
Fra:1 Mem:36.28M (Peak 44.00M) | Time:00:00.94 | Mem:18.91M, Peak:18.99M | Scene, ViewLayer | Updating Lookup Tables
Fra:1 Mem:36.28M (Peak 44.00M) | Time:00:00.94 | Mem:19.00M, Peak:19.00M | Scene, ViewLayer | Updating Baking
Fra:1 Mem:36.28M (Peak 44.00M) | Time:00:00.94 | Mem:19.00M, Peak:19.00M | Scene, ViewLayer | Updating Device | Writing constant memory
Fra:1 Mem:36.28M (Peak 44.00M) | Time:00:00.94 | Mem:19.00M, Peak:19.00M | Scene, ViewLayer | Loading denoising kernels (may take a few minutes the first time)
Fra:1 Mem:40.28M (Peak 44.00M) | Time:00:01.00 | Mem:371.00M, Peak:371.00M | Scene, ViewLayer | Sample 0/24
Fra:1 Mem:59.29M (Peak 59.29M) | Time:00:01.03 | Remaining:00:00.60 | Mem:390.01M, Peak:390.01M | Scene, ViewLayer | Sample 1/24
Fra:1 Mem:67.29M (Peak 79.29M) | Time:00:04.39 | Mem:390.01M, Peak:390.01M | Scene, ViewLayer | Sample 24/24
Fra:1 Mem:67.29M (Peak 79.29M) | Time:00:04.39 | Mem:390.01M, Peak:390.01M | Scene, ViewLayer | Finished
Saved: 'D:\vibe-coding-e\nova-swarm-forum-129-improvements-20260822\docs\fleet-art-v2\ships\02\export\player.png'
Time: 00:04.67 (Saving: 00:00.08)


FLEET_V2_COMPLETE 2 Comet Courier
Read blend: "D:\vibe-coding-e\nova-swarm-forum-129-improvements-20260822\docs\fleet-art-v2\ships\03\source.blend"
Fra:1 Mem:14.47M (Peak 14.47M) | Time:00:00.35 | Mem:0.00M, Peak:0.00M | Scene, ViewLayer | Synchronizing object | Broad neutral key
Fra:1 Mem:14.48M (Peak 14.48M) | Time:00:00.35 | Mem:0.00M, Peak:0.00M | Scene, ViewLayer | Synchronizing object | Neutral fill
Fra:1 Mem:14.80M (Peak 14.80M) | Time:00:00.41 | Mem:0.00M, Peak:0.00M | Scene, ViewLayer | Synchronizing object | Continuous pressure fuselage
Fra:1 Mem:15.65M (Peak 15.65M) | Time:00:00.46 | Mem:0.00M, Peak:0.00M | Scene, ViewLayer | Synchronizing object | Cockpit integrated coaming
Fra:1 Mem:16.18M (Peak 16.18M) | Time:00:00.51 | Mem:0.00M, Peak:0.00M | Scene, ViewLayer | Synchronizing object | Pressure canopy glazing
Fra:1 Mem:16.18M (Peak 16.18M) | Time:00:00.51 | Mem:0.00M, Peak:0.00M | Scene, ViewLayer | Synchronizing object | Canopy lower frame
Fra:1 Mem:16.33M (Peak 16.33M) | Time:00:00.51 | Mem:0.00M, Peak:0.00M | Scene, ViewLayer | Synchronizing object | Canopy lower frame.001
Fra:1 Mem:16.42M (Peak 16.42M) | Time:00:00.51 | Mem:0.00M, Peak:0.00M | Scene, ViewLayer | Synchronizing object | Canopy pressure bow
Fra:1 Mem:16.43M (Peak 16.43M) | Time:00:00.51 | Mem:0.00M, Peak:0.00M | Scene, ViewLayer | Synchronizing object | Integrated lifting hull
Fra:1 Mem:16.47M (Peak 16.47M) | Time:00:00.51 | Mem:0.00M, Peak:0.00M | Scene, ViewLayer | Synchronizing object | Nozzle petal seam
Fra:1 Mem:16.50M (Peak 16.50M) | Time:00:00.51 | Mem:0.00M, Peak:0.00M | Scene, ViewLayer | Synchronizing object | Nozzle petal seam.001
Fra:1 Mem:16.57M (Peak 16.57M) | Time:00:00.51 | Mem:0.00M, Peak:0.00M | Scene, ViewLayer | Synchronizing object | Nozzle petal seam.002
Fra:1 Mem:16.58M (Peak 16.58M) | Time:00:00.51 | Mem:0.00M, Peak:0.00M | Scene, ViewLayer | Synchronizing object | Nozzle petal seam.003
Fra:1 Mem:16.57M (Peak 16.58M) | Time:00:00.51 | Mem:0.00M, Peak:0.00M | Scene, ViewLayer | Synchronizing object | Nozzle petal seam.004
Fra:1 Mem:16.56M (Peak 16.58M) | Time:00:00.51 | Mem:0.00M, Peak:0.00M | Scene, ViewLayer | Synchronizing object | Nozzle petal seam.005
Fra:1 Mem:16.60M (Peak 16.60M) | Time:00:00.51 | Mem:0.00M, Peak:0.00M | Scene, ViewLayer | Synchronizing object | Nozzle petal seam.006
Fra:1 Mem:16.61M (Peak 16.61M) | Time:00:00.51 | Mem:0.00M, Peak:0.00M | Scene, ViewLayer | Synchronizing object | Nozzle petal seam.007
Fra:1 Mem:16.62M (Peak 16.62M) | Time:00:00.51 | Mem:0.00M, Peak:0.00M | Scene, ViewLayer | Synchronizing object | Nozzle petal seam.008
Fra:1 Mem:16.62M (Peak 16.62M) | Time:00:00.51 | Mem:0.00M, Peak:0.00M | Scene, ViewLayer | Synchronizing object | Nozzle petal seam.009
Fra:1 Mem:16.62M (Peak 16.62M) | Time:00:00.51 | Mem:0.00M, Peak:0.00M | Scene, ViewLayer | Synchronizing object | Nozzle petal seam.010
Fra:1 Mem:16.62M (Peak 16.62M) | Time:00:00.51 | Mem:0.00M, Peak:0.00M | Scene, ViewLayer | Synchronizing object | Nozzle petal seam.011
Fra:1 Mem:16.62M (Peak 16.62M) | Time:00:00.51 | Mem:0.00M, Peak:0.00M | Scene, ViewLayer | Synchronizing object | Deep ion throat
Fra:1 Mem:16.63M (Peak 16.63M) | Time:00:00.51 | Mem:0.00M, Peak:0.00M | Scene, ViewLayer | Synchronizing object | Deep intake duct
Fra:1 Mem:16.78M (Peak 16.78M) | Time:00:00.52 | Mem:0.00M, Peak:0.00M | Scene, ViewLayer | Synchronizing object | Blended structural fairing
Fra:1 Mem:16.78M (Peak 16.78M) | Time:00:00.52 | Mem:0.00M, Peak:0.00M | Scene, ViewLayer | Synchronizing object | Integrated propulsion nacelle.001
Fra:1 Mem:16.80M (Peak 16.80M) | Time:00:00.52 | Mem:0.00M, Peak:0.00M | Scene, ViewLayer | Synchronizing object | Nozzle petal seam.012
Fra:1 Mem:17.01M (Peak 17.01M) | Time:00:00.52 | Mem:0.00M, Peak:0.00M | Scene, ViewLayer | Synchronizing object | Nozzle petal seam.013
Fra:1 Mem:17.05M (Peak 17.05M) | Time:00:00.52 | Mem:0.00M, Peak:0.00M | Scene, ViewLayer | Synchronizing object | Nozzle petal seam.014
Fra:1 Mem:17.04M (Peak 17.05M) | Time:00:00.52 | Mem:0.00M, Peak:0.00M | Scene, ViewLayer | Synchronizing object | Nozzle petal seam.015
Fra:1 Mem:17.04M (Peak 17.05M) | Time:00:00.52 | Mem:0.00M, Peak:0.00M | Scene, ViewLayer | Synchronizing object | Nozzle petal seam.016
Fra:1 Mem:17.05M (Peak 17.05M) | Time:00:00.52 | Mem:0.00M, Peak:0.00M | Scene, ViewLayer | Synchronizing object | Nozzle petal seam.017
Fra:1 Mem:17.05M (Peak 17.05M) | Time:00:00.52 | Mem:0.00M, Peak:0.00M | Scene, ViewLayer | Synchronizing object | Nozzle petal seam.018
Fra:1 Mem:17.05M (Peak 17.05M) | Time:00:00.52 | Mem:0.00M, Peak:0.00M | Scene, ViewLayer | Synchronizing object | Nozzle petal seam.019
Fra:1 Mem:17.05M (Peak 17.05M) | Time:00:00.52 | Mem:0.00M, Peak:0.00M | Scene, ViewLayer | Synchronizing object | Nozzle petal seam.020
Fra:1 Mem:17.05M (Peak 17.05M) | Time:00:00.52 | Mem:0.00M, Peak:0.00M | Scene, ViewLayer | Synchronizing object | Nozzle petal seam.021
Fra:1 Mem:17.06M (Peak 17.06M) | Time:00:00.52 | Mem:0.00M, Peak:0.00M | Scene, ViewLayer | Synchronizing object | Nozzle petal seam.022
Fra:1 Mem:17.06M (Peak 17.06M) | Time:00:00.52 | Mem:0.00M, Peak:0.00M | Scene, ViewLayer | Synchronizing object | Nozzle petal seam.023
Fra:1 Mem:17.06M (Peak 17.06M) | Time:00:00.52 | Mem:0.00M, Peak:0.00M | Scene, ViewLayer | Synchronizing object | Deep ion throat.001
Fra:1 Mem:17.06M (Peak 17.06M) | Time:00:00.52 | Mem:0.00M, Peak:0.00M | Scene, ViewLayer | Synchronizing object | Deep intake duct.001
Fra:1 Mem:17.22M (Peak 17.22M) | Time:00:00.54 | Mem:0.00M, Peak:0.00M | Scene, ViewLayer | Synchronizing object | Blended structural fairing.001
Fra:1 Mem:17.39M (Peak 17.39M) | Time:00:00.54 | Mem:0.00M, Peak:0.00M | Scene, ViewLayer | Initializing
Fra:1 Mem:13.83M (Peak 17.39M) | Time:00:00.54 | Mem:0.00M, Peak:0.00M | Scene, ViewLayer | Waiting for render to start
Fra:1 Mem:13.83M (Peak 17.39M) | Time:00:00.54 | Mem:0.00M, Peak:0.00M | Scene, ViewLayer | Updating Scene
Fra:1 Mem:13.83M (Peak 17.39M) | Time:00:00.54 | Mem:0.00M, Peak:0.00M | Scene, ViewLayer | Updating Shaders
Fra:1 Mem:13.83M (Peak 17.39M) | Time:00:00.54 | Mem:0.00M, Peak:0.00M | Scene, ViewLayer | Loading render kernels (may take a few minutes the first time)
Fra:1 Mem:13.92M (Peak 41.21M) | Time:00:01.24 | Mem:0.01M, Peak:0.01M | Scene, ViewLayer | Updating Procedurals
Fra:1 Mem:13.92M (Peak 41.21M) | Time:00:01.24 | Mem:0.01M, Peak:0.01M | Scene, ViewLayer | Updating Background
Fra:1 Mem:13.92M (Peak 41.21M) | Time:00:01.24 | Mem:0.01M, Peak:0.01M | Scene, ViewLayer | Updating Camera
Fra:1 Mem:13.92M (Peak 41.21M) | Time:00:01.24 | Mem:0.01M, Peak:0.01M | Scene, ViewLayer | Updating Meshes Flags
Fra:1 Mem:13.92M (Peak 41.21M) | Time:00:01.24 | Mem:0.01M, Peak:0.01M | Scene, ViewLayer | Updating Objects
Fra:1 Mem:13.92M (Peak 41.21M) | Time:00:01.24 | Mem:0.01M, Peak:0.01M | Scene, ViewLayer | Updating Objects | Copying Transformations to device
Fra:1 Mem:13.93M (Peak 41.21M) | Time:00:01.26 | Mem:0.02M, Peak:0.02M | Scene, ViewLayer | Updating Particle Systems
Fra:1 Mem:13.93M (Peak 41.21M) | Time:00:01.26 | Mem:0.02M, Peak:0.02M | Scene, ViewLayer | Updating Particle Systems | Copying Particles to device
Fra:1 Mem:13.93M (Peak 41.21M) | Time:00:01.26 | Mem:0.02M, Peak:0.02M | Scene, ViewLayer | Updating Meshes
Fra:1 Mem:14.56M (Peak 41.21M) | Time:00:01.27 | Mem:0.02M, Peak:0.02M | Scene, ViewLayer | Updating Objects | Applying Static Transformations
Fra:1 Mem:14.56M (Peak 41.21M) | Time:00:01.27 | Mem:0.02M, Peak:0.02M | Scene, ViewLayer | Updating Mesh | Computing attributes
Fra:1 Mem:15.49M (Peak 41.21M) | Time:00:01.27 | Mem:0.02M, Peak:0.02M | Scene, ViewLayer | Updating Mesh | Copying Attributes to device
Fra:1 Mem:15.48M (Peak 41.21M) | Time:00:01.28 | Mem:0.94M, Peak:0.94M | Scene, ViewLayer | Updating Geometry BVH light 46/45 | Building BVH
Fra:1 Mem:15.48M (Peak 41.21M) | Time:00:01.28 | Mem:0.94M, Peak:0.94M | Scene, ViewLayer | Updating Geometry BVH light 46/45 | Building OptiX acceleration structure
Fra:1 Mem:15.48M (Peak 41.21M) | Time:00:01.28 | Mem:0.94M, Peak:0.94M | Scene, ViewLayer | Updating Geometry BVH Mesh 45/45 | Building BVH
Fra:1 Mem:15.48M (Peak 41.21M) | Time:00:01.28 | Mem:0.94M, Peak:0.94M | Scene, ViewLayer | Updating Geometry BVH Mesh 45/45 | Building OptiX acceleration structure
Fra:1 Mem:15.48M (Peak 41.21M) | Time:00:01.28 | Mem:0.98M, Peak:1.15M | Scene, ViewLayer | Updating Geometry BVH Deep intake duct.003 44/45 | Building BVH
Fra:1 Mem:15.48M (Peak 41.21M) | Time:00:01.28 | Mem:0.98M, Peak:1.15M | Scene, ViewLayer | Updating Geometry BVH Deep intake duct.003 44/45 | Building OptiX acceleration structure
Fra:1 Mem:15.48M (Peak 41.21M) | Time:00:01.28 | Mem:0.99M, Peak:1.15M | Scene, ViewLayer | Updating Geometry BVH Deep ion throat.007 43/45 | Building BVH
Fra:1 Mem:15.48M (Peak 41.21M) | Time:00:01.28 | Mem:0.99M, Peak:1.15M | Scene, ViewLayer | Updating Geometry BVH Deep ion throat.007 43/45 | Building OptiX acceleration structure
Fra:1 Mem:15.50M (Peak 41.21M) | Time:00:01.28 | Mem:1.06M, Peak:1.15M | Scene, ViewLayer | Updating Geometry BVH Broad neutral key 2/45 | Building BVH
Fra:1 Mem:15.50M (Peak 41.21M) | Time:00:01.29 | Mem:1.06M, Peak:1.15M | Scene, ViewLayer | Updating Geometry BVH Broad neutral key 2/45 | Building OptiX acceleration structure
Fra:1 Mem:15.50M (Peak 41.21M) | Time:00:01.29 | Mem:1.06M, Peak:1.15M | Scene, ViewLayer | Updating Geometry BVH Neutral fill 3/45 | Building BVH
Fra:1 Mem:15.50M (Peak 41.21M) | Time:00:01.29 | Mem:1.06M, Peak:1.15M | Scene, ViewLayer | Updating Geometry BVH Neutral fill 3/45 | Building OptiX acceleration structure
Fra:1 Mem:15.50M (Peak 41.21M) | Time:00:01.29 | Mem:1.06M, Peak:1.15M | Scene, ViewLayer | Updating Geometry BVH Mesh 4/45 | Building BVH
Fra:1 Mem:15.50M (Peak 41.21M) | Time:00:01.29 | Mem:1.06M, Peak:1.15M | Scene, ViewLayer | Updating Geometry BVH Mesh 4/45 | Building OptiX acceleration structure
Fra:1 Mem:15.63M (Peak 41.21M) | Time:00:01.29 | Mem:1.19M, Peak:1.19M | Scene, ViewLayer | Updating Geometry BVH Mesh 5/45 | Building BVH
Fra:1 Mem:15.63M (Peak 41.21M) | Time:00:01.29 | Mem:1.19M, Peak:1.19M | Scene, ViewLayer | Updating Geometry BVH Canopy lower frame.003 8/45 | Building OptiX acceleration structure
Fra:1 Mem:15.79M (Peak 41.21M) | Time:00:01.29 | Mem:1.24M, Peak:1.24M | Scene, ViewLayer | Updating Geometry BVH Canopy pressure bow.001 9/45 | Building BVH
Fra:1 Mem:15.79M (Peak 41.21M) | Time:00:01.29 | Mem:1.24M, Peak:1.24M | Scene, ViewLayer | Updating Geometry BVH Canopy pressure bow.001 9/45 | Building OptiX acceleration structure
Fra:1 Mem:15.79M (Peak 41.21M) | Time:00:01.29 | Mem:1.28M, Peak:1.28M | Scene, ViewLayer | Updating Geometry BVH Integrated lifting hull.002 10/45 | Building BVH
Fra:1 Mem:15.79M (Peak 41.21M) | Time:00:01.29 | Mem:1.28M, Peak:1.28M | Scene, ViewLayer | Updating Geometry BVH Integrated lifting hull.002 10/45 | Building OptiX acceleration structure
Fra:1 Mem:15.78M (Peak 41.21M) | Time:00:01.29 | Mem:1.30M, Peak:1.35M | Scene, ViewLayer | Updating Geometry BVH Nozzle petal seam.095 42/45 | Building BVH
Fra:1 Mem:15.78M (Peak 41.21M) | Time:00:01.29 | Mem:1.35M, Peak:1.35M | Scene, ViewLayer | Updating Geometry BVH Nozzle petal seam.095 42/45 | Building OptiX acceleration structure
Fra:1 Mem:15.66M (Peak 41.21M) | Time:00:01.30 | Mem:1.33M, Peak:1.81M | Scene, ViewLayer | Updating Geometry BVH Integrated propulsion nacelle.002 11/45 | Building BVH
Fra:1 Mem:15.66M (Peak 41.21M) | Time:00:01.30 | Mem:1.33M, Peak:1.81M | Scene, ViewLayer | Updating Geometry BVH Integrated propulsion nacelle.002 11/45 | Building OptiX acceleration structure
Fra:1 Mem:15.66M (Peak 41.21M) | Time:00:01.30 | Mem:1.34M, Peak:1.81M | Scene, ViewLayer | Updating Geometry BVH Contoured expansion nozzle.006 12/45 | Building BVH
Fra:1 Mem:15.66M (Peak 41.21M) | Time:00:01.30 | Mem:1.35M, Peak:1.81M | Scene, ViewLayer | Updating Geometry BVH Contoured expansion nozzle.006 12/45 | Building OptiX acceleration structure
Fra:1 Mem:15.67M (Peak 41.21M) | Time:00:01.30 | Mem:1.36M, Peak:1.81M | Scene, ViewLayer | Updating Geometry BVH Nozzle petal seam.072 13/45 | Building BVH
Fra:1 Mem:15.67M (Peak 41.21M) | Time:00:01.30 | Mem:1.36M, Peak:1.81M | Scene, ViewLayer | Updating Geometry BVH Nozzle petal seam.072 13/45 | Building OptiX acceleration structure
Fra:1 Mem:15.66M (Peak 41.21M) | Time:00:01.30 | Mem:1.35M, Peak:1.81M | Scene, ViewLayer | Updating Geometry BVH Nozzle petal seam.073 14/45 | Building BVH
Fra:1 Mem:15.66M (Peak 41.21M) | Time:00:01.30 | Mem:1.53M, Peak:1.81M | Scene, ViewLayer | Updating Geometry BVH Nozzle petal seam.073 14/45 | Building OptiX acceleration structure
Fra:1 Mem:15.58M (Peak 41.21M) | Time:00:01.30 | Mem:1.37M, Peak:1.81M | Scene, ViewLayer | Updating Geometry BVH Nozzle petal seam.074 15/45 | Building BVH
Fra:1 Mem:15.58M (Peak 41.21M) | Time:00:01.30 | Mem:1.37M, Peak:1.81M | Scene, ViewLayer | Updating Geometry BVH Nozzle petal seam.074 15/45 | Building OptiX acceleration structure
Fra:1 Mem:15.58M (Peak 41.21M) | Time:00:01.30 | Mem:1.37M, Peak:1.81M | Scene, ViewLayer | Updating Geometry BVH Nozzle petal seam.075 16/45 | Building BVH
Fra:1 Mem:15.58M (Peak 41.21M) | Time:00:01.30 | Mem:1.37M, Peak:1.81M | Scene, ViewLayer | Updating Geometry BVH Nozzle petal seam.075 16/45 | Building OptiX acceleration structure
Fra:1 Mem:15.58M (Peak 41.21M) | Time:00:01.31 | Mem:1.37M, Peak:1.81M | Scene, ViewLayer | Updating Geometry BVH Nozzle petal seam.076 17/45 | Building BVH
Fra:1 Mem:15.58M (Peak 41.21M) | Time:00:01.31 | Mem:1.38M, Peak:1.81M | Scene, ViewLayer | Updating Geometry BVH Nozzle petal seam.076 17/45 | Building OptiX acceleration structure
Fra:1 Mem:15.58M (Peak 41.21M) | Time:00:01.31 | Mem:1.37M, Peak:1.81M | Scene, ViewLayer | Updating Geometry BVH Nozzle petal seam.094 41/45 | Building BVH
Fra:1 Mem:15.58M (Peak 41.21M) | Time:00:01.31 | Mem:1.37M, Peak:1.81M | Scene, ViewLayer | Updating Geometry BVH Nozzle petal seam.094 41/45 | Building OptiX acceleration structure
Fra:1 Mem:15.58M (Peak 41.21M) | Time:00:01.31 | Mem:1.37M, Peak:1.81M | Scene, ViewLayer | Updating Geometry BVH Nozzle petal seam.077 18/45 | Building BVH
Fra:1 Mem:15.58M (Peak 41.21M) | Time:00:01.31 | Mem:1.37M, Peak:1.81M | Scene, ViewLayer | Updating Geometry BVH Nozzle petal seam.077 18/45 | Building OptiX acceleration structure
Fra:1 Mem:15.58M (Peak 41.21M) | Time:00:01.31 | Mem:1.38M, Peak:1.81M | Scene, ViewLayer | Updating Geometry BVH Nozzle petal seam.093 40/45 | Building BVH
Fra:1 Mem:15.58M (Peak 41.21M) | Time:00:01.31 | Mem:1.38M, Peak:1.81M | Scene, ViewLayer | Updating Geometry BVH Nozzle petal seam.093 40/45 | Building OptiX acceleration structure
Fra:1 Mem:15.58M (Peak 41.21M) | Time:00:01.31 | Mem:1.38M, Peak:1.81M | Scene, ViewLayer | Updating Geometry BVH Nozzle petal seam.078 19/45 | Building BVH
Fra:1 Mem:15.58M (Peak 41.21M) | Time:00:01.31 | Mem:1.38M, Peak:1.81M | Scene, ViewLayer | Updating Geometry BVH Nozzle petal seam.078 19/45 | Building OptiX acceleration structure
Fra:1 Mem:15.58M (Peak 41.21M) | Time:00:01.31 | Mem:1.38M, Peak:1.81M | Scene, ViewLayer | Updating Geometry BVH Nozzle petal seam.079 20/45 | Building BVH
Fra:1 Mem:15.58M (Peak 41.21M) | Time:00:01.31 | Mem:1.38M, Peak:1.81M | Scene, ViewLayer | Updating Geometry BVH Nozzle petal seam.079 20/45 | Building OptiX acceleration structure
Fra:1 Mem:15.58M (Peak 41.21M) | Time:00:01.31 | Mem:1.38M, Peak:1.81M | Scene, ViewLayer | Updating Geometry BVH Nozzle petal seam.080 21/45 | Building BVH
Fra:1 Mem:15.58M (Peak 41.21M) | Time:00:01.31 | Mem:1.38M, Peak:1.81M | Scene, ViewLayer | Updating Geometry BVH Nozzle petal seam.080 21/45 | Building OptiX acceleration structure
Fra:1 Mem:15.58M (Peak 41.21M) | Time:00:01.31 | Mem:1.38M, Peak:1.81M | Scene, ViewLayer | Updating Geometry BVH Nozzle petal seam.081 22/45 | Building BVH
Fra:1 Mem:15.58M (Peak 41.21M) | Time:00:01.31 | Mem:1.39M, Peak:1.81M | Scene, ViewLayer | Updating Geometry BVH Nozzle petal seam.081 22/45 | Building OptiX acceleration structure
Fra:1 Mem:15.58M (Peak 41.21M) | Time:00:01.32 | Mem:1.38M, Peak:1.81M | Scene, ViewLayer | Updating Geometry BVH Nozzle petal seam.082 23/45 | Building BVH
Fra:1 Mem:15.58M (Peak 41.21M) | Time:00:01.32 | Mem:1.39M, Peak:1.81M | Scene, ViewLayer | Updating Geometry BVH Nozzle petal seam.082 23/45 | Building OptiX acceleration structure
Fra:1 Mem:15.58M (Peak 41.21M) | Time:00:01.32 | Mem:1.38M, Peak:1.81M | Scene, ViewLayer | Updating Geometry BVH Nozzle petal seam.083 24/45 | Building BVH
Fra:1 Mem:15.58M (Peak 41.21M) | Time:00:01.32 | Mem:1.38M, Peak:1.81M | Scene, ViewLayer | Updating Geometry BVH Nozzle petal seam.083 24/45 | Building OptiX acceleration structure
Fra:1 Mem:15.58M (Peak 41.21M) | Time:00:01.32 | Mem:1.38M, Peak:1.81M | Scene, ViewLayer | Updating Geometry BVH Nozzle petal seam.092 39/45 | Building BVH
Fra:1 Mem:15.58M (Peak 41.21M) | Time:00:01.32 | Mem:1.39M, Peak:1.81M | Scene, ViewLayer | Updating Geometry BVH Nozzle petal seam.092 39/45 | Building OptiX acceleration structure
Fra:1 Mem:15.58M (Peak 41.21M) | Time:00:01.32 | Mem:1.38M, Peak:1.81M | Scene, ViewLayer | Updating Geometry BVH Deep ion throat.006 25/45 | Building BVH
Fra:1 Mem:15.58M (Peak 41.21M) | Time:00:01.32 | Mem:1.39M, Peak:1.81M | Scene, ViewLayer | Updating Geometry BVH Deep ion throat.006 25/45 | Building OptiX acceleration structure
Fra:1 Mem:15.60M (Peak 41.21M) | Time:00:01.32 | Mem:1.41M, Peak:1.81M | Scene, ViewLayer | Updating Geometry BVH Deep intake duct.002 26/45 | Building BVH
Fra:1 Mem:15.60M (Peak 41.21M) | Time:00:01.32 | Mem:1.41M, Peak:1.81M | Scene, ViewLayer | Updating Geometry BVH Deep intake duct.002 26/45 | Building OptiX acceleration structure
Fra:1 Mem:15.61M (Peak 41.21M) | Time:00:01.32 | Mem:1.41M, Peak:1.81M | Scene, ViewLayer | Updating Geometry BVH Mesh 27/45 | Building BVH
Fra:1 Mem:15.61M (Peak 41.21M) | Time:00:01.32 | Mem:1.42M, Peak:1.81M | Scene, ViewLayer | Updating Geometry BVH Mesh 27/45 | Building OptiX acceleration structure
Fra:1 Mem:15.64M (Peak 41.21M) | Time:00:01.33 | Mem:1.45M, Peak:1.81M | Scene, ViewLayer | Updating Geometry BVH Integrated lifting hull.003 28/45 | Building BVH
Fra:1 Mem:15.64M (Peak 41.21M) | Time:00:01.33 | Mem:1.45M, Peak:1.81M | Scene, ViewLayer | Updating Geometry BVH Integrated lifting hull.003 28/45 | Building OptiX acceleration structure
Fra:1 Mem:15.65M (Peak 41.21M) | Time:00:01.33 | Mem:1.45M, Peak:1.81M | Scene, ViewLayer | Updating Geometry BVH Integrated propulsion nacelle.003 29/45 | Building BVH
Fra:1 Mem:15.65M (Peak 41.21M) | Time:00:01.33 | Mem:1.46M, Peak:1.81M | Scene, ViewLayer | Updating Geometry BVH Integrated propulsion nacelle.003 29/45 | Building OptiX acceleration structure
Fra:1 Mem:15.65M (Peak 41.21M) | Time:00:01.33 | Mem:1.46M, Peak:1.81M | Scene, ViewLayer | Updating Geometry BVH Contoured expansion nozzle.007 30/45 | Building BVH
Fra:1 Mem:15.65M (Peak 41.21M) | Time:00:01.33 | Mem:1.46M, Peak:1.81M | Scene, ViewLayer | Updating Geometry BVH Contoured expansion nozzle.007 30/45 | Building OptiX acceleration structure
Fra:1 Mem:15.66M (Peak 41.21M) | Time:00:01.33 | Mem:1.88M, Peak:1.88M | Scene, ViewLayer | Updating Geometry BVH Nozzle petal seam.084 31/45 | Building BVH
Fra:1 Mem:15.66M (Peak 41.21M) | Time:00:01.33 | Mem:1.88M, Peak:1.88M | Scene, ViewLayer | Updating Geometry BVH Nozzle petal seam.084 31/45 | Building OptiX acceleration structure
Fra:1 Mem:15.66M (Peak 41.21M) | Time:00:01.33 | Mem:1.80M, Peak:1.88M | Scene, ViewLayer | Updating Geometry BVH Nozzle petal seam.085 32/45 | Building BVH
Fra:1 Mem:15.66M (Peak 41.21M) | Time:00:01.33 | Mem:1.80M, Peak:1.88M | Scene, ViewLayer | Updating Geometry BVH Nozzle petal seam.085 32/45 | Building OptiX acceleration structure
Fra:1 Mem:15.58M (Peak 41.21M) | Time:00:01.33 | Mem:1.49M, Peak:1.88M | Scene, ViewLayer | Updating Geometry BVH Nozzle petal seam.086 33/45 | Building BVH
Fra:1 Mem:15.58M (Peak 41.21M) | Time:00:01.33 | Mem:1.50M, Peak:1.88M | Scene, ViewLayer | Updating Geometry BVH Nozzle petal seam.086 33/45 | Building OptiX acceleration structure
Fra:1 Mem:15.57M (Peak 41.21M) | Time:00:01.33 | Mem:1.49M, Peak:1.88M | Scene, ViewLayer | Updating Geometry BVH Nozzle petal seam.087 34/45 | Building BVH
Fra:1 Mem:15.57M (Peak 41.21M) | Time:00:01.33 | Mem:1.49M, Peak:1.88M | Scene, ViewLayer | Updating Geometry BVH Nozzle petal seam.087 34/45 | Building OptiX acceleration structure
Fra:1 Mem:15.57M (Peak 41.21M) | Time:00:01.33 | Mem:1.49M, Peak:1.88M | Scene, ViewLayer | Updating Geometry BVH Nozzle petal seam.091 38/45 | Building BVH
Fra:1 Mem:15.57M (Peak 41.21M) | Time:00:01.33 | Mem:1.49M, Peak:1.88M | Scene, ViewLayer | Updating Geometry BVH Nozzle petal seam.091 38/45 | Building OptiX acceleration structure
Fra:1 Mem:15.57M (Peak 41.21M) | Time:00:01.33 | Mem:1.49M, Peak:1.88M | Scene, ViewLayer | Updating Geometry BVH Nozzle petal seam.088 35/45 | Building BVH
Fra:1 Mem:15.57M (Peak 41.21M) | Time:00:01.33 | Mem:1.49M, Peak:1.88M | Scene, ViewLayer | Updating Geometry BVH Nozzle petal seam.088 35/45 | Building OptiX acceleration structure
Fra:1 Mem:15.55M (Peak 41.21M) | Time:00:01.33 | Mem:1.49M, Peak:1.88M | Scene, ViewLayer | Updating Geometry BVH Nozzle petal seam.089 36/45 | Building BVH
Fra:1 Mem:15.55M (Peak 41.21M) | Time:00:01.33 | Mem:1.50M, Peak:1.88M | Scene, ViewLayer | Updating Geometry BVH Nozzle petal seam.089 36/45 | Building OptiX acceleration structure
Fra:1 Mem:15.54M (Peak 41.21M) | Time:00:01.33 | Mem:1.49M, Peak:1.88M | Scene, ViewLayer | Updating Geometry BVH Nozzle petal seam.090 37/45 | Building BVH
Fra:1 Mem:15.54M (Peak 41.21M) | Time:00:01.33 | Mem:1.49M, Peak:1.88M | Scene, ViewLayer | Updating Geometry BVH Nozzle petal seam.090 37/45 | Building OptiX acceleration structure
Fra:1 Mem:15.48M (Peak 41.21M) | Time:00:01.35 | Mem:1.50M, Peak:1.88M | Scene, ViewLayer | Updating Scene BVH | Building
Fra:1 Mem:15.48M (Peak 41.21M) | Time:00:01.35 | Mem:1.50M, Peak:1.88M | Scene, ViewLayer | Updating Scene BVH | Building OptiX acceleration structure
Fra:1 Mem:15.48M (Peak 41.21M) | Time:00:01.35 | Mem:1.51M, Peak:1.88M | Scene, ViewLayer | Updating Scene BVH | Copying BVH to device
Fra:1 Mem:15.48M (Peak 41.21M) | Time:00:01.35 | Mem:1.51M, Peak:1.88M | Scene, ViewLayer | Updating Mesh | Computing normals
Fra:1 Mem:16.13M (Peak 41.21M) | Time:00:01.35 | Mem:1.51M, Peak:1.88M | Scene, ViewLayer | Updating Mesh | Copying Mesh to device
Fra:1 Mem:16.13M (Peak 41.21M) | Time:00:01.35 | Mem:2.16M, Peak:2.16M | Scene, ViewLayer | Updating Objects Flags
Fra:1 Mem:16.13M (Peak 41.21M) | Time:00:01.36 | Mem:2.16M, Peak:2.16M | Scene, ViewLayer | Updating Primitive Offsets
Fra:1 Mem:16.13M (Peak 41.21M) | Time:00:01.36 | Mem:2.16M, Peak:2.16M | Scene, ViewLayer | Updating Images
Fra:1 Mem:16.13M (Peak 41.21M) | Time:00:01.36 | Mem:2.16M, Peak:2.16M | Scene, ViewLayer | Updating Images | Loading panel-normal.png
Fra:1 Mem:16.13M (Peak 41.21M) | Time:00:01.36 | Mem:2.16M, Peak:2.16M | Scene, ViewLayer | Updating Images | Loading cobalt-basecolor.png
Fra:1 Mem:16.13M (Peak 41.21M) | Time:00:01.36 | Mem:2.16M, Peak:2.16M | Scene, ViewLayer | Updating Images | Loading white-basecolor.png
Fra:1 Mem:16.13M (Peak 41.21M) | Time:00:01.36 | Mem:2.16M, Peak:2.16M | Scene, ViewLayer | Updating Images | Loading paint-orm.png
Fra:1 Mem:32.14M (Peak 41.21M) | Time:00:01.64 | Mem:18.16M, Peak:18.16M | Scene, ViewLayer | Updating Camera Volume
Fra:1 Mem:32.14M (Peak 41.21M) | Time:00:01.64 | Mem:18.16M, Peak:18.16M | Scene, ViewLayer | Updating Lookup Tables
Fra:1 Mem:32.14M (Peak 41.21M) | Time:00:01.64 | Mem:18.24M, Peak:18.24M | Scene, ViewLayer | Updating Lights
Fra:1 Mem:32.14M (Peak 41.21M) | Time:00:01.64 | Mem:18.24M, Peak:18.24M | Scene, ViewLayer | Updating Lights | Computing tree
Fra:1 Mem:32.33M (Peak 41.21M) | Time:00:01.64 | Mem:18.43M, Peak:18.43M | Scene, ViewLayer | Updating Integrator
Fra:1 Mem:32.33M (Peak 41.21M) | Time:00:01.64 | Mem:18.43M, Peak:18.43M | Scene, ViewLayer | Updating Film
Fra:1 Mem:32.34M (Peak 41.21M) | Time:00:01.64 | Mem:18.35M, Peak:18.43M | Scene, ViewLayer | Updating Lookup Tables
Fra:1 Mem:32.34M (Peak 41.21M) | Time:00:01.65 | Mem:18.43M, Peak:18.43M | Scene, ViewLayer | Updating Baking
Fra:1 Mem:32.34M (Peak 41.21M) | Time:00:01.65 | Mem:18.43M, Peak:18.43M | Scene, ViewLayer | Updating Device | Writing constant memory
Fra:1 Mem:32.34M (Peak 41.21M) | Time:00:01.65 | Mem:18.43M, Peak:18.43M | Scene, ViewLayer | Loading denoising kernels (may take a few minutes the first time)
Fra:1 Mem:36.34M (Peak 41.21M) | Time:00:01.82 | Mem:370.44M, Peak:370.44M | Scene, ViewLayer | Sample 0/24
Fra:1 Mem:83.31M (Peak 83.31M) | Time:00:01.93 | Remaining:00:02.70 | Mem:417.41M, Peak:417.41M | Scene, ViewLayer | Sample 1/24
Fra:1 Mem:103.10M (Peak 132.76M) | Time:00:06.90 | Mem:417.42M, Peak:417.42M | Scene, ViewLayer | Sample 24/24
Fra:1 Mem:103.10M (Peak 132.76M) | Time:00:06.90 | Mem:417.42M, Peak:417.42M | Scene, ViewLayer | Finished
Saved: 'D:\vibe-coding-e\nova-swarm-forum-129-improvements-20260822\docs\fleet-art-v2\ships\03\surfaced.png'
Time: 00:07.66 (Saving: 00:00.42)

Info: Saved as "source.blend"
17:08:11 | INFO: Starting glTF 2.0 export
17:08:11 | INFO: Extracting primitive: Continuous pressure fuselage.001
17:08:11 | WARNING: More than one shader node tex image used for a texture. The resulting glTF sampler will behave like the first shader node tex image.
17:08:11 | WARNING: More than one shader node tex image used for a texture. The resulting glTF sampler will behave like the first shader node tex image.
17:08:11 | INFO: Primitives created: 6
17:08:12 | INFO: Finished glTF 2.0 export in 0.4604313373565674 s
Fra:1 Mem:15.24M (Peak 30.74M) | Time:00:00.42 | Mem:0.00M, Peak:0.00M | Scene, ViewLayer | Synchronizing object | PixelNeedleV2
Fra:1 Mem:17.16M (Peak 30.74M) | Time:00:00.43 | Mem:0.00M, Peak:0.00M | Scene, ViewLayer | Synchronizing object | Broad neutral key
Fra:1 Mem:17.66M (Peak 30.74M) | Time:00:00.44 | Mem:0.00M, Peak:0.00M | Scene, ViewLayer | Synchronizing object | Neutral fill
Fra:1 Mem:16.86M (Peak 30.74M) | Time:00:00.46 | Mem:0.00M, Peak:0.00M | Scene, ViewLayer | Initializing
Fra:1 Mem:16.39M (Peak 30.74M) | Time:00:00.47 | Mem:0.00M, Peak:0.00M | Scene, ViewLayer | Waiting for render to start
Fra:1 Mem:16.39M (Peak 30.74M) | Time:00:00.47 | Mem:0.00M, Peak:0.00M | Scene, ViewLayer | Updating Scene
Fra:1 Mem:16.39M (Peak 30.74M) | Time:00:00.47 | Mem:0.00M, Peak:0.00M | Scene, ViewLayer | Updating Shaders
Fra:1 Mem:16.39M (Peak 30.74M) | Time:00:00.47 | Mem:0.00M, Peak:0.00M | Scene, ViewLayer | Loading render kernels (may take a few minutes the first time)
Fra:1 Mem:16.47M (Peak 43.76M) | Time:00:00.90 | Mem:0.01M, Peak:0.01M | Scene, ViewLayer | Updating Procedurals
Fra:1 Mem:16.47M (Peak 43.76M) | Time:00:00.90 | Mem:0.01M, Peak:0.01M | Scene, ViewLayer | Updating Background
Fra:1 Mem:16.47M (Peak 43.76M) | Time:00:00.90 | Mem:0.01M, Peak:0.01M | Scene, ViewLayer | Updating Camera
Fra:1 Mem:16.47M (Peak 43.76M) | Time:00:00.90 | Mem:0.01M, Peak:0.01M | Scene, ViewLayer | Updating Meshes Flags
Fra:1 Mem:16.47M (Peak 43.76M) | Time:00:00.90 | Mem:0.01M, Peak:0.01M | Scene, ViewLayer | Updating Objects
Fra:1 Mem:16.47M (Peak 43.76M) | Time:00:00.90 | Mem:0.01M, Peak:0.01M | Scene, ViewLayer | Updating Objects | Copying Transformations to device
Fra:1 Mem:16.47M (Peak 43.76M) | Time:00:00.90 | Mem:0.01M, Peak:0.01M | Scene, ViewLayer | Updating Particle Systems
Fra:1 Mem:16.47M (Peak 43.76M) | Time:00:00.90 | Mem:0.01M, Peak:0.01M | Scene, ViewLayer | Updating Particle Systems | Copying Particles to device
Fra:1 Mem:16.47M (Peak 43.76M) | Time:00:00.90 | Mem:0.01M, Peak:0.01M | Scene, ViewLayer | Updating Meshes
Fra:1 Mem:17.58M (Peak 43.76M) | Time:00:00.94 | Mem:0.01M, Peak:0.01M | Scene, ViewLayer | Updating Objects | Applying Static Transformations
Fra:1 Mem:17.58M (Peak 43.76M) | Time:00:00.94 | Mem:0.01M, Peak:0.01M | Scene, ViewLayer | Updating Mesh | Computing attributes
Fra:1 Mem:19.05M (Peak 43.76M) | Time:00:00.94 | Mem:0.01M, Peak:0.01M | Scene, ViewLayer | Updating Mesh | Copying Attributes to device
Fra:1 Mem:19.05M (Peak 43.76M) | Time:00:00.94 | Mem:1.48M, Peak:1.48M | Scene, ViewLayer | Updating Geometry BVH light 5/4 | Building BVH
Fra:1 Mem:19.05M (Peak 43.76M) | Time:00:00.94 | Mem:1.48M, Peak:1.48M | Scene, ViewLayer | Updating Geometry BVH light 5/4 | Building OptiX acceleration structure
Fra:1 Mem:19.05M (Peak 43.76M) | Time:00:00.94 | Mem:1.48M, Peak:1.48M | Scene, ViewLayer | Updating Geometry BVH Broad neutral key 2/4 | Building BVH
Fra:1 Mem:19.05M (Peak 43.76M) | Time:00:00.94 | Mem:1.48M, Peak:1.48M | Scene, ViewLayer | Updating Geometry BVH Broad neutral key 2/4 | Building OptiX acceleration structure
Fra:1 Mem:19.05M (Peak 43.76M) | Time:00:00.94 | Mem:1.48M, Peak:1.48M | Scene, ViewLayer | Updating Geometry BVH Neutral fill 3/4 | Building BVH
Fra:1 Mem:19.05M (Peak 43.76M) | Time:00:00.94 | Mem:1.48M, Peak:1.48M | Scene, ViewLayer | Updating Geometry BVH Continuous pressure fuselage.001 4/4 | Building BVH
Fra:1 Mem:19.05M (Peak 43.76M) | Time:00:00.94 | Mem:1.48M, Peak:1.48M | Scene, ViewLayer | Updating Geometry BVH Continuous pressure fuselage.001 4/4 | Building OptiX acceleration structure
Fra:1 Mem:19.05M (Peak 43.76M) | Time:00:00.95 | Mem:1.96M, Peak:3.41M | Scene, ViewLayer | Updating Scene BVH | Building
Fra:1 Mem:19.05M (Peak 43.76M) | Time:00:00.95 | Mem:1.96M, Peak:3.41M | Scene, ViewLayer | Updating Scene BVH | Building OptiX acceleration structure
Fra:1 Mem:19.05M (Peak 43.76M) | Time:00:00.95 | Mem:1.96M, Peak:3.41M | Scene, ViewLayer | Updating Scene BVH | Copying BVH to device
Fra:1 Mem:19.05M (Peak 43.76M) | Time:00:00.95 | Mem:1.96M, Peak:3.41M | Scene, ViewLayer | Updating Mesh | Computing normals
Fra:1 Mem:19.63M (Peak 43.76M) | Time:00:00.96 | Mem:1.96M, Peak:3.41M | Scene, ViewLayer | Updating Mesh | Copying Mesh to device
Fra:1 Mem:19.63M (Peak 43.76M) | Time:00:00.96 | Mem:2.54M, Peak:3.41M | Scene, ViewLayer | Updating Objects Flags
Fra:1 Mem:19.63M (Peak 43.76M) | Time:00:00.96 | Mem:2.54M, Peak:3.41M | Scene, ViewLayer | Updating Primitive Offsets
Fra:1 Mem:19.63M (Peak 43.76M) | Time:00:00.96 | Mem:2.54M, Peak:3.41M | Scene, ViewLayer | Updating Images
Fra:1 Mem:19.63M (Peak 43.76M) | Time:00:00.96 | Mem:2.54M, Peak:3.41M | Scene, ViewLayer | Updating Images | Loading panel-normal.png
Fra:1 Mem:23.63M (Peak 43.76M) | Time:00:00.96 | Mem:2.54M, Peak:3.41M | Scene, ViewLayer | Updating Images | Loading white-basecolor.png
Fra:1 Mem:27.64M (Peak 43.76M) | Time:00:00.97 | Mem:6.54M, Peak:6.54M | Scene, ViewLayer | Updating Images | Loading paint-orm.png
Fra:1 Mem:31.64M (Peak 43.76M) | Time:00:00.98 | Mem:6.54M, Peak:6.54M | Scene, ViewLayer | Updating Images | Loading cobalt-basecolor.png
Fra:1 Mem:35.64M (Peak 43.76M) | Time:00:01.06 | Mem:18.54M, Peak:18.54M | Scene, ViewLayer | Updating Camera Volume
Fra:1 Mem:35.64M (Peak 43.76M) | Time:00:01.06 | Mem:18.54M, Peak:18.54M | Scene, ViewLayer | Updating Lookup Tables
Fra:1 Mem:35.64M (Peak 43.76M) | Time:00:01.06 | Mem:18.62M, Peak:18.62M | Scene, ViewLayer | Updating Lights
Fra:1 Mem:35.64M (Peak 43.76M) | Time:00:01.06 | Mem:18.62M, Peak:18.62M | Scene, ViewLayer | Updating Lights | Computing tree
Fra:1 Mem:35.90M (Peak 43.76M) | Time:00:01.08 | Mem:18.88M, Peak:18.88M | Scene, ViewLayer | Updating Integrator
Fra:1 Mem:35.90M (Peak 43.76M) | Time:00:01.08 | Mem:18.88M, Peak:18.88M | Scene, ViewLayer | Updating Film
Fra:1 Mem:35.90M (Peak 43.76M) | Time:00:01.08 | Mem:18.80M, Peak:18.88M | Scene, ViewLayer | Updating Lookup Tables
Fra:1 Mem:35.90M (Peak 43.76M) | Time:00:01.08 | Mem:18.88M, Peak:18.88M | Scene, ViewLayer | Updating Baking
Fra:1 Mem:35.90M (Peak 43.76M) | Time:00:01.08 | Mem:18.88M, Peak:18.88M | Scene, ViewLayer | Updating Device | Writing constant memory
Fra:1 Mem:35.91M (Peak 43.76M) | Time:00:01.08 | Mem:18.88M, Peak:18.88M | Scene, ViewLayer | Loading denoising kernels (may take a few minutes the first time)
Fra:1 Mem:39.91M (Peak 43.76M) | Time:00:01.18 | Mem:370.88M, Peak:370.88M | Scene, ViewLayer | Sample 0/24
Fra:1 Mem:115.91M (Peak 115.91M) | Time:00:01.35 | Remaining:00:03.99 | Mem:446.90M, Peak:446.90M | Scene, ViewLayer | Sample 1/24
Fra:1 Mem:147.92M (Peak 195.92M) | Time:00:09.04 | Mem:446.90M, Peak:446.90M | Scene, ViewLayer | Sample 24/24
Fra:1 Mem:147.92M (Peak 195.92M) | Time:00:09.04 | Mem:446.90M, Peak:446.90M | Scene, ViewLayer | Finished
Saved: 'D:\vibe-coding-e\nova-swarm-forum-129-improvements-20260822\docs\fleet-art-v2\ships\03\export\showroom.png'
Time: 00:09.76 (Saving: 00:00.39)

Fra:1 Mem:15.54M (Peak 15.54M) | Time:00:00.49 | Mem:0.00M, Peak:0.00M | Scene, ViewLayer | Synchronizing object | Broad neutral key
Fra:1 Mem:15.54M (Peak 15.54M) | Time:00:00.49 | Mem:0.00M, Peak:0.00M | Scene, ViewLayer | Synchronizing object | PixelNeedleV2
Fra:1 Mem:16.86M (Peak 17.64M) | Time:00:00.50 | Mem:0.00M, Peak:0.00M | Scene, ViewLayer | Initializing
Fra:1 Mem:16.39M (Peak 17.64M) | Time:00:00.50 | Mem:0.00M, Peak:0.00M | Scene, ViewLayer | Waiting for render to start
Fra:1 Mem:16.39M (Peak 17.64M) | Time:00:00.50 | Mem:0.00M, Peak:0.00M | Scene, ViewLayer | Updating Scene
Fra:1 Mem:16.39M (Peak 17.64M) | Time:00:00.50 | Mem:0.00M, Peak:0.00M | Scene, ViewLayer | Updating Shaders
Fra:1 Mem:16.39M (Peak 17.64M) | Time:00:00.50 | Mem:0.00M, Peak:0.00M | Scene, ViewLayer | Loading render kernels (may take a few minutes the first time)
Fra:1 Mem:16.47M (Peak 43.76M) | Time:00:00.79 | Mem:0.01M, Peak:0.01M | Scene, ViewLayer | Updating Procedurals
Fra:1 Mem:16.47M (Peak 43.76M) | Time:00:00.79 | Mem:0.01M, Peak:0.01M | Scene, ViewLayer | Updating Background
Fra:1 Mem:16.47M (Peak 43.76M) | Time:00:00.79 | Mem:0.01M, Peak:0.01M | Scene, ViewLayer | Updating Camera
Fra:1 Mem:16.47M (Peak 43.76M) | Time:00:00.79 | Mem:0.01M, Peak:0.01M | Scene, ViewLayer | Updating Meshes Flags
Fra:1 Mem:16.47M (Peak 43.76M) | Time:00:00.79 | Mem:0.01M, Peak:0.01M | Scene, ViewLayer | Updating Objects
Fra:1 Mem:16.47M (Peak 43.76M) | Time:00:00.79 | Mem:0.01M, Peak:0.01M | Scene, ViewLayer | Updating Objects | Copying Transformations to device
Fra:1 Mem:16.47M (Peak 43.76M) | Time:00:00.79 | Mem:0.01M, Peak:0.01M | Scene, ViewLayer | Updating Particle Systems
Fra:1 Mem:16.47M (Peak 43.76M) | Time:00:00.79 | Mem:0.01M, Peak:0.01M | Scene, ViewLayer | Updating Particle Systems | Copying Particles to device
Fra:1 Mem:16.47M (Peak 43.76M) | Time:00:00.79 | Mem:0.01M, Peak:0.01M | Scene, ViewLayer | Updating Meshes
Fra:1 Mem:17.58M (Peak 43.76M) | Time:00:00.81 | Mem:0.01M, Peak:0.01M | Scene, ViewLayer | Updating Objects | Applying Static Transformations
Fra:1 Mem:17.58M (Peak 43.76M) | Time:00:00.81 | Mem:0.01M, Peak:0.01M | Scene, ViewLayer | Updating Mesh | Computing attributes
Fra:1 Mem:19.05M (Peak 43.76M) | Time:00:00.81 | Mem:0.01M, Peak:0.01M | Scene, ViewLayer | Updating Mesh | Copying Attributes to device
Fra:1 Mem:19.05M (Peak 43.76M) | Time:00:00.82 | Mem:1.48M, Peak:1.48M | Scene, ViewLayer | Updating Geometry BVH Broad neutral key 2/4 | Building BVH
Fra:1 Mem:19.05M (Peak 43.76M) | Time:00:00.82 | Mem:1.48M, Peak:1.48M | Scene, ViewLayer | Updating Geometry BVH Continuous pressure fuselage.001 4/4 | Building OptiX acceleration structure
Fra:1 Mem:19.05M (Peak 43.76M) | Time:00:00.84 | Mem:1.96M, Peak:3.41M | Scene, ViewLayer | Updating Scene BVH | Building
Fra:1 Mem:19.05M (Peak 43.76M) | Time:00:00.84 | Mem:1.96M, Peak:3.41M | Scene, ViewLayer | Updating Scene BVH | Building OptiX acceleration structure
Fra:1 Mem:19.05M (Peak 43.76M) | Time:00:00.84 | Mem:1.96M, Peak:3.41M | Scene, ViewLayer | Updating Scene BVH | Copying BVH to device
Fra:1 Mem:19.05M (Peak 43.76M) | Time:00:00.84 | Mem:1.96M, Peak:3.41M | Scene, ViewLayer | Updating Mesh | Computing normals
Fra:1 Mem:19.63M (Peak 43.76M) | Time:00:00.84 | Mem:1.96M, Peak:3.41M | Scene, ViewLayer | Updating Mesh | Copying Mesh to device
Fra:1 Mem:19.63M (Peak 43.76M) | Time:00:00.85 | Mem:2.54M, Peak:3.41M | Scene, ViewLayer | Updating Objects Flags
Fra:1 Mem:19.63M (Peak 43.76M) | Time:00:00.86 | Mem:2.54M, Peak:3.41M | Scene, ViewLayer | Updating Primitive Offsets
Fra:1 Mem:19.63M (Peak 43.76M) | Time:00:00.87 | Mem:2.54M, Peak:3.41M | Scene, ViewLayer | Updating Images
Fra:1 Mem:19.63M (Peak 43.76M) | Time:00:00.87 | Mem:2.54M, Peak:3.41M | Scene, ViewLayer | Updating Images | Loading panel-normal.png
Fra:1 Mem:23.63M (Peak 43.76M) | Time:00:00.87 | Mem:2.54M, Peak:3.41M | Scene, ViewLayer | Updating Images | Loading paint-orm.png
Fra:1 Mem:35.64M (Peak 43.76M) | Time:00:00.90 | Mem:18.54M, Peak:18.54M | Scene, ViewLayer | Updating Camera Volume
Fra:1 Mem:35.64M (Peak 43.76M) | Time:00:00.90 | Mem:18.54M, Peak:18.54M | Scene, ViewLayer | Updating Lookup Tables
Fra:1 Mem:35.64M (Peak 43.76M) | Time:00:00.90 | Mem:18.62M, Peak:18.62M | Scene, ViewLayer | Updating Lights
Fra:1 Mem:35.64M (Peak 43.76M) | Time:00:00.90 | Mem:18.62M, Peak:18.62M | Scene, ViewLayer | Updating Lights | Computing tree
Fra:1 Mem:35.90M (Peak 43.76M) | Time:00:00.93 | Mem:18.88M, Peak:18.88M | Scene, ViewLayer | Updating Integrator
Fra:1 Mem:35.90M (Peak 43.76M) | Time:00:00.93 | Mem:18.88M, Peak:18.88M | Scene, ViewLayer | Updating Film
Fra:1 Mem:35.90M (Peak 43.76M) | Time:00:00.93 | Mem:18.80M, Peak:18.88M | Scene, ViewLayer | Updating Lookup Tables
Fra:1 Mem:35.90M (Peak 43.76M) | Time:00:00.93 | Mem:18.88M, Peak:18.88M | Scene, ViewLayer | Updating Baking
Fra:1 Mem:35.90M (Peak 43.76M) | Time:00:00.93 | Mem:18.88M, Peak:18.88M | Scene, ViewLayer | Updating Device | Writing constant memory
Fra:1 Mem:35.91M (Peak 43.76M) | Time:00:00.94 | Mem:18.88M, Peak:18.88M | Scene, ViewLayer | Loading denoising kernels (may take a few minutes the first time)
Fra:1 Mem:39.91M (Peak 43.76M) | Time:00:01.00 | Mem:370.88M, Peak:370.88M | Scene, ViewLayer | Sample 0/24
Fra:1 Mem:58.91M (Peak 58.91M) | Time:00:01.16 | Remaining:00:03.65 | Mem:389.89M, Peak:389.89M | Scene, ViewLayer | Sample 1/24
Fra:1 Mem:66.92M (Peak 78.92M) | Time:00:04.10 | Mem:389.90M, Peak:389.90M | Scene, ViewLayer | Sample 24/24
Fra:1 Mem:66.92M (Peak 78.92M) | Time:00:04.10 | Mem:389.90M, Peak:389.90M | Scene, ViewLayer | Finished
Saved: 'D:\vibe-coding-e\nova-swarm-forum-129-improvements-20260822\docs\fleet-art-v2\ships\03\export\player.png'
Time: 00:05.04 (Saving: 00:00.27)


FLEET_V2_COMPLETE 3 Pixel Needle
Read blend: "D:\vibe-coding-e\nova-swarm-forum-129-improvements-20260822\docs\fleet-art-v2\ships\04\source.blend"
Fra:1 Mem:14.33M (Peak 14.33M) | Time:00:00.51 | Mem:0.00M, Peak:0.00M | Scene, ViewLayer | Synchronizing object | Broad neutral key
Fra:1 Mem:14.33M (Peak 14.33M) | Time:00:00.51 | Mem:0.00M, Peak:0.00M | Scene, ViewLayer | Synchronizing object | Neutral fill
Fra:1 Mem:14.65M (Peak 14.65M) | Time:00:00.71 | Mem:0.00M, Peak:0.00M | Scene, ViewLayer | Synchronizing object | Continuous pressure fuselage
Fra:1 Mem:15.50M (Peak 15.50M) | Time:00:00.85 | Mem:0.00M, Peak:0.00M | Scene, ViewLayer | Synchronizing object | Cockpit integrated coaming
Fra:1 Mem:16.03M (Peak 16.03M) | Time:00:00.97 | Mem:0.00M, Peak:0.00M | Scene, ViewLayer | Synchronizing object | Canopy lower frame
Fra:1 Mem:16.03M (Peak 16.03M) | Time:00:00.97 | Mem:0.00M, Peak:0.00M | Scene, ViewLayer | Synchronizing object | Canopy lower frame.001
Fra:1 Mem:16.04M (Peak 16.04M) | Time:00:00.97 | Mem:0.00M, Peak:0.00M | Scene, ViewLayer | Synchronizing object | Canopy pressure bow
Fra:1 Mem:16.05M (Peak 16.05M) | Time:00:00.97 | Mem:0.00M, Peak:0.00M | Scene, ViewLayer | Synchronizing object | Nozzle petal seam
Fra:1 Mem:16.05M (Peak 16.05M) | Time:00:00.97 | Mem:0.00M, Peak:0.00M | Scene, ViewLayer | Synchronizing object | Nozzle petal seam.001
Fra:1 Mem:16.05M (Peak 16.05M) | Time:00:00.97 | Mem:0.00M, Peak:0.00M | Scene, ViewLayer | Synchronizing object | Nozzle petal seam.002
Fra:1 Mem:16.05M (Peak 16.05M) | Time:00:00.97 | Mem:0.00M, Peak:0.00M | Scene, ViewLayer | Synchronizing object | Nozzle petal seam.003
Fra:1 Mem:16.05M (Peak 16.05M) | Time:00:00.97 | Mem:0.00M, Peak:0.00M | Scene, ViewLayer | Synchronizing object | Nozzle petal seam.004
Fra:1 Mem:16.06M (Peak 16.06M) | Time:00:00.97 | Mem:0.00M, Peak:0.00M | Scene, ViewLayer | Synchronizing object | Nozzle petal seam.005
Fra:1 Mem:16.06M (Peak 16.06M) | Time:00:00.97 | Mem:0.00M, Peak:0.00M | Scene, ViewLayer | Synchronizing object | Pressure canopy glazing
Fra:1 Mem:16.11M (Peak 16.11M) | Time:00:00.97 | Mem:0.00M, Peak:0.00M | Scene, ViewLayer | Synchronizing object | Nozzle petal seam.006
Fra:1 Mem:16.30M (Peak 16.30M) | Time:00:00.97 | Mem:0.00M, Peak:0.00M | Scene, ViewLayer | Synchronizing object | Nozzle petal seam.007
Fra:1 Mem:16.38M (Peak 16.38M) | Time:00:00.97 | Mem:0.00M, Peak:0.00M | Scene, ViewLayer | Synchronizing object | Integrated lifting hull
Fra:1 Mem:16.39M (Peak 16.39M) | Time:00:00.97 | Mem:0.00M, Peak:0.00M | Scene, ViewLayer | Synchronizing object | Nozzle petal seam.008
Fra:1 Mem:16.42M (Peak 16.42M) | Time:00:00.97 | Mem:0.00M, Peak:0.00M | Scene, ViewLayer | Synchronizing object | Nozzle petal seam.009
Fra:1 Mem:16.42M (Peak 16.42M) | Time:00:00.97 | Mem:0.00M, Peak:0.00M | Scene, ViewLayer | Synchronizing object | Nozzle petal seam.010
Fra:1 Mem:16.42M (Peak 16.42M) | Time:00:00.97 | Mem:0.00M, Peak:0.00M | Scene, ViewLayer | Synchronizing object | Nozzle petal seam.011
Fra:1 Mem:16.42M (Peak 16.42M) | Time:00:00.97 | Mem:0.00M, Peak:0.00M | Scene, ViewLayer | Synchronizing object | Integrated propulsion nacelle
Fra:1 Mem:16.43M (Peak 16.43M) | Time:00:00.97 | Mem:0.00M, Peak:0.00M | Scene, ViewLayer | Synchronizing object | Nozzle petal seam.012
Fra:1 Mem:16.45M (Peak 16.45M) | Time:00:00.97 | Mem:0.00M, Peak:0.00M | Scene, ViewLayer | Synchronizing object | Nozzle petal seam.013
Fra:1 Mem:16.45M (Peak 16.45M) | Time:00:00.97 | Mem:0.00M, Peak:0.00M | Scene, ViewLayer | Synchronizing object | Contoured expansion nozzle
Fra:1 Mem:16.45M (Peak 16.45M) | Time:00:00.97 | Mem:0.00M, Peak:0.00M | Scene, ViewLayer | Synchronizing object | Nozzle petal seam.014
Fra:1 Mem:16.48M (Peak 16.48M) | Time:00:00.97 | Mem:0.00M, Peak:0.00M | Scene, ViewLayer | Synchronizing object | Nozzle petal seam.015
Fra:1 Mem:16.48M (Peak 16.48M) | Time:00:00.97 | Mem:0.00M, Peak:0.00M | Scene, ViewLayer | Synchronizing object | Deep ion throat
Fra:1 Mem:16.54M (Peak 16.54M) | Time:00:00.97 | Mem:0.00M, Peak:0.00M | Scene, ViewLayer | Synchronizing object | Deep intake duct
Fra:1 Mem:16.55M (Peak 16.55M) | Time:00:00.97 | Mem:0.00M, Peak:0.00M | Scene, ViewLayer | Synchronizing object | Integrated lifting hull.001
Fra:1 Mem:16.59M (Peak 16.59M) | Time:00:00.97 | Mem:0.00M, Peak:0.00M | Scene, ViewLayer | Synchronizing object | Integrated propulsion nacelle.001
Fra:1 Mem:16.61M (Peak 16.61M) | Time:00:00.98 | Mem:0.00M, Peak:0.00M | Scene, ViewLayer | Synchronizing object | Contoured expansion nozzle.001
Fra:1 Mem:16.64M (Peak 16.64M) | Time:00:00.98 | Mem:0.00M, Peak:0.00M | Scene, ViewLayer | Synchronizing object | Nozzle petal seam.017
Fra:1 Mem:16.64M (Peak 16.64M) | Time:00:00.98 | Mem:0.00M, Peak:0.00M | Scene, ViewLayer | Synchronizing object | Nozzle petal seam.018
Fra:1 Mem:16.64M (Peak 16.64M) | Time:00:00.98 | Mem:0.00M, Peak:0.00M | Scene, ViewLayer | Synchronizing object | Nozzle petal seam.019
Fra:1 Mem:16.65M (Peak 16.65M) | Time:00:00.98 | Mem:0.00M, Peak:0.00M | Scene, ViewLayer | Synchronizing object | Nozzle petal seam.020
Fra:1 Mem:16.65M (Peak 16.65M) | Time:00:00.98 | Mem:0.00M, Peak:0.00M | Scene, ViewLayer | Synchronizing object | Nozzle petal seam.021
Fra:1 Mem:16.65M (Peak 16.65M) | Time:00:00.98 | Mem:0.00M, Peak:0.00M | Scene, ViewLayer | Synchronizing object | Nozzle petal seam.022
Fra:1 Mem:16.65M (Peak 16.65M) | Time:00:00.98 | Mem:0.00M, Peak:0.00M | Scene, ViewLayer | Synchronizing object | Nozzle petal seam.023
Fra:1 Mem:16.65M (Peak 16.65M) | Time:00:00.98 | Mem:0.00M, Peak:0.00M | Scene, ViewLayer | Synchronizing object | Deep intake duct.001
Fra:1 Mem:16.66M (Peak 16.66M) | Time:00:00.99 | Mem:0.00M, Peak:0.00M | Scene, ViewLayer | Synchronizing object | Deep ion throat.001
Fra:1 Mem:16.72M (Peak 16.72M) | Time:00:00.99 | Mem:0.00M, Peak:0.00M | Scene, ViewLayer | Initializing
Fra:1 Mem:13.53M (Peak 16.72M) | Time:00:00.99 | Mem:0.00M, Peak:0.00M | Scene, ViewLayer | Waiting for render to start
Fra:1 Mem:13.53M (Peak 16.72M) | Time:00:00.99 | Mem:0.00M, Peak:0.00M | Scene, ViewLayer | Updating Scene
Fra:1 Mem:13.53M (Peak 16.72M) | Time:00:00.99 | Mem:0.00M, Peak:0.00M | Scene, ViewLayer | Updating Shaders
Fra:1 Mem:13.53M (Peak 16.72M) | Time:00:00.99 | Mem:0.00M, Peak:0.00M | Scene, ViewLayer | Loading render kernels (may take a few minutes the first time)
Fra:1 Mem:13.62M (Peak 40.91M) | Time:00:01.77 | Mem:0.01M, Peak:0.01M | Scene, ViewLayer | Updating Procedurals
Fra:1 Mem:13.62M (Peak 40.91M) | Time:00:01.77 | Mem:0.01M, Peak:0.01M | Scene, ViewLayer | Updating Background
Fra:1 Mem:13.62M (Peak 40.91M) | Time:00:01.77 | Mem:0.01M, Peak:0.01M | Scene, ViewLayer | Updating Camera
Fra:1 Mem:13.62M (Peak 40.91M) | Time:00:01.77 | Mem:0.01M, Peak:0.01M | Scene, ViewLayer | Updating Meshes Flags
Fra:1 Mem:13.62M (Peak 40.91M) | Time:00:01.77 | Mem:0.01M, Peak:0.01M | Scene, ViewLayer | Updating Objects
Fra:1 Mem:13.62M (Peak 40.91M) | Time:00:01.77 | Mem:0.01M, Peak:0.01M | Scene, ViewLayer | Updating Objects | Copying Transformations to device
Fra:1 Mem:13.63M (Peak 40.91M) | Time:00:01.77 | Mem:0.02M, Peak:0.02M | Scene, ViewLayer | Updating Particle Systems
Fra:1 Mem:13.63M (Peak 40.91M) | Time:00:01.77 | Mem:0.02M, Peak:0.02M | Scene, ViewLayer | Updating Particle Systems | Copying Particles to device
Fra:1 Mem:13.63M (Peak 40.91M) | Time:00:01.77 | Mem:0.02M, Peak:0.02M | Scene, ViewLayer | Updating Meshes
Fra:1 Mem:14.07M (Peak 40.91M) | Time:00:01.78 | Mem:0.02M, Peak:0.02M | Scene, ViewLayer | Updating Objects | Applying Static Transformations
Fra:1 Mem:14.07M (Peak 40.91M) | Time:00:01.78 | Mem:0.02M, Peak:0.02M | Scene, ViewLayer | Updating Mesh | Computing attributes
Fra:1 Mem:14.74M (Peak 40.91M) | Time:00:01.78 | Mem:0.02M, Peak:0.02M | Scene, ViewLayer | Updating Mesh | Copying Attributes to device
Fra:1 Mem:14.73M (Peak 40.91M) | Time:00:01.78 | Mem:0.68M, Peak:0.68M | Scene, ViewLayer | Updating Geometry BVH light 44/43 | Building BVH
Fra:1 Mem:14.73M (Peak 40.91M) | Time:00:01.78 | Mem:0.68M, Peak:0.68M | Scene, ViewLayer | Updating Geometry BVH light 44/43 | Building OptiX acceleration structure
Fra:1 Mem:14.73M (Peak 40.91M) | Time:00:01.78 | Mem:0.68M, Peak:0.68M | Scene, ViewLayer | Updating Geometry BVH Deep intake duct.003 43/43 | Building BVH
Fra:1 Mem:14.73M (Peak 40.91M) | Time:00:01.78 | Mem:0.68M, Peak:0.68M | Scene, ViewLayer | Updating Geometry BVH Deep intake duct.003 43/43 | Building OptiX acceleration structure
Fra:1 Mem:14.73M (Peak 40.91M) | Time:00:01.78 | Mem:0.69M, Peak:0.70M | Scene, ViewLayer | Updating Geometry BVH Deep ion throat.007 42/43 | Building BVH
Fra:1 Mem:14.73M (Peak 40.91M) | Time:00:01.78 | Mem:0.69M, Peak:0.70M | Scene, ViewLayer | Updating Geometry BVH Deep ion throat.007 42/43 | Building OptiX acceleration structure
Fra:1 Mem:14.73M (Peak 40.91M) | Time:00:01.79 | Mem:0.70M, Peak:0.76M | Scene, ViewLayer | Updating Geometry BVH Nozzle petal seam.095 41/43 | Building BVH
Fra:1 Mem:14.73M (Peak 40.91M) | Time:00:01.79 | Mem:0.70M, Peak:0.76M | Scene, ViewLayer | Updating Geometry BVH Nozzle petal seam.095 41/43 | Building OptiX acceleration structure
Fra:1 Mem:14.73M (Peak 40.91M) | Time:00:01.79 | Mem:0.70M, Peak:0.76M | Scene, ViewLayer | Updating Geometry BVH Broad neutral key 2/43 | Building BVH
Fra:1 Mem:14.73M (Peak 40.91M) | Time:00:01.79 | Mem:0.70M, Peak:0.76M | Scene, ViewLayer | Updating Geometry BVH Broad neutral key 2/43 | Building OptiX acceleration structure
Fra:1 Mem:14.73M (Peak 40.91M) | Time:00:01.79 | Mem:0.70M, Peak:0.76M | Scene, ViewLayer | Updating Geometry BVH Neutral fill 3/43 | Building BVH
Fra:1 Mem:14.73M (Peak 40.91M) | Time:00:01.79 | Mem:0.70M, Peak:0.76M | Scene, ViewLayer | Updating Geometry BVH Neutral fill 3/43 | Building OptiX acceleration structure
Fra:1 Mem:14.73M (Peak 40.91M) | Time:00:01.79 | Mem:0.70M, Peak:0.76M | Scene, ViewLayer | Updating Geometry BVH Mesh 4/43 | Building BVH
Fra:1 Mem:14.73M (Peak 40.91M) | Time:00:01.79 | Mem:0.70M, Peak:0.76M | Scene, ViewLayer | Updating Geometry BVH Mesh 4/43 | Building OptiX acceleration structure
Fra:1 Mem:14.86M (Peak 40.91M) | Time:00:01.79 | Mem:0.83M, Peak:0.83M | Scene, ViewLayer | Updating Geometry BVH Nozzle petal seam.094 40/43 | Building BVH
Fra:1 Mem:14.86M (Peak 40.91M) | Time:00:01.79 | Mem:0.83M, Peak:0.83M | Scene, ViewLayer | Updating Geometry BVH Nozzle petal seam.094 40/43 | Building OptiX acceleration structure
Fra:1 Mem:14.86M (Peak 40.91M) | Time:00:01.79 | Mem:1.19M, Peak:1.24M | Scene, ViewLayer | Updating Geometry BVH Mesh 5/43 | Building BVH
Fra:1 Mem:14.86M (Peak 40.91M) | Time:00:01.79 | Mem:1.35M, Peak:1.35M | Scene, ViewLayer | Updating Geometry BVH Mesh 5/43 | Building OptiX acceleration structure
Fra:1 Mem:14.81M (Peak 40.91M) | Time:00:01.79 | Mem:0.95M, Peak:1.35M | Scene, ViewLayer | Updating Geometry BVH Mesh 6/43 | Building BVH
Fra:1 Mem:14.81M (Peak 40.91M) | Time:00:01.79 | Mem:0.95M, Peak:1.35M | Scene, ViewLayer | Updating Geometry BVH Mesh 6/43 | Building OptiX acceleration structure
Fra:1 Mem:14.89M (Peak 40.91M) | Time:00:01.79 | Mem:1.03M, Peak:1.35M | Scene, ViewLayer | Updating Geometry BVH Canopy lower frame.002 7/43 | Building BVH
Fra:1 Mem:14.89M (Peak 40.91M) | Time:00:01.79 | Mem:1.03M, Peak:1.35M | Scene, ViewLayer | Updating Geometry BVH Canopy lower frame.002 7/43 | Building OptiX acceleration structure
Fra:1 Mem:14.89M (Peak 40.91M) | Time:00:01.79 | Mem:1.03M, Peak:1.35M | Scene, ViewLayer | Updating Geometry BVH Nozzle petal seam.093 39/43 | Building BVH
Fra:1 Mem:14.89M (Peak 40.91M) | Time:00:01.79 | Mem:1.03M, Peak:1.35M | Scene, ViewLayer | Updating Geometry BVH Nozzle petal seam.093 39/43 | Building OptiX acceleration structure
Fra:1 Mem:14.89M (Peak 40.91M) | Time:00:01.79 | Mem:1.36M, Peak:1.44M | Scene, ViewLayer | Updating Geometry BVH Canopy lower frame.003 8/43 | Building BVH
Fra:1 Mem:14.89M (Peak 40.91M) | Time:00:01.79 | Mem:1.36M, Peak:1.44M | Scene, ViewLayer | Updating Geometry BVH Canopy lower frame.003 8/43 | Building OptiX acceleration structure
Fra:1 Mem:14.81M (Peak 40.91M) | Time:00:01.79 | Mem:1.05M, Peak:1.44M | Scene, ViewLayer | Updating Geometry BVH Canopy pressure bow.001 9/43 | Building BVH
Fra:1 Mem:14.81M (Peak 40.91M) | Time:00:01.79 | Mem:1.05M, Peak:1.44M | Scene, ViewLayer | Updating Geometry BVH Canopy pressure bow.001 9/43 | Building OptiX acceleration structure
Fra:1 Mem:14.73M (Peak 40.91M) | Time:00:01.80 | Mem:1.07M, Peak:1.47M | Scene, ViewLayer | Updating Geometry BVH Nozzle petal seam.092 38/43 | Building BVH
Fra:1 Mem:14.73M (Peak 40.91M) | Time:00:01.80 | Mem:1.07M, Peak:1.47M | Scene, ViewLayer | Updating Geometry BVH Nozzle petal seam.092 38/43 | Building OptiX acceleration structure
Fra:1 Mem:14.74M (Peak 40.91M) | Time:00:01.80 | Mem:1.08M, Peak:1.47M | Scene, ViewLayer | Updating Geometry BVH Integrated lifting hull.002 10/43 | Building BVH
Fra:1 Mem:14.74M (Peak 40.91M) | Time:00:01.80 | Mem:1.08M, Peak:1.47M | Scene, ViewLayer | Updating Geometry BVH Integrated lifting hull.002 10/43 | Building OptiX acceleration structure
Fra:1 Mem:14.75M (Peak 40.91M) | Time:00:01.80 | Mem:1.09M, Peak:1.47M | Scene, ViewLayer | Updating Geometry BVH Integrated propulsion nacelle.002 11/43 | Building BVH
Fra:1 Mem:14.74M (Peak 40.91M) | Time:00:01.80 | Mem:1.08M, Peak:1.47M | Scene, ViewLayer | Updating Geometry BVH Contoured expansion nozzle.006 12/43 | Building BVH
Fra:1 Mem:14.75M (Peak 40.91M) | Time:00:01.80 | Mem:1.08M, Peak:1.47M | Scene, ViewLayer | Updating Geometry BVH Contoured expansion nozzle.006 12/43 | Building OptiX acceleration structure
Fra:1 Mem:14.76M (Peak 40.91M) | Time:00:01.80 | Mem:1.10M, Peak:1.47M | Scene, ViewLayer | Updating Geometry BVH Nozzle petal seam.072 13/43 | Building BVH
Fra:1 Mem:14.76M (Peak 40.91M) | Time:00:01.80 | Mem:1.10M, Peak:1.47M | Scene, ViewLayer | Updating Geometry BVH Nozzle petal seam.072 13/43 | Building OptiX acceleration structure
Fra:1 Mem:14.76M (Peak 40.91M) | Time:00:01.80 | Mem:1.11M, Peak:1.47M | Scene, ViewLayer | Updating Geometry BVH Nozzle petal seam.073 14/43 | Building BVH
Fra:1 Mem:14.76M (Peak 40.91M) | Time:00:01.80 | Mem:1.11M, Peak:1.47M | Scene, ViewLayer | Updating Geometry BVH Nozzle petal seam.073 14/43 | Building OptiX acceleration structure
Fra:1 Mem:14.76M (Peak 40.91M) | Time:00:01.81 | Mem:1.10M, Peak:1.47M | Scene, ViewLayer | Updating Geometry BVH Nozzle petal seam.074 15/43 | Building BVH
Fra:1 Mem:14.76M (Peak 40.91M) | Time:00:01.81 | Mem:1.10M, Peak:1.47M | Scene, ViewLayer | Updating Geometry BVH Nozzle petal seam.074 15/43 | Building OptiX acceleration structure
Fra:1 Mem:14.76M (Peak 40.91M) | Time:00:01.81 | Mem:1.10M, Peak:1.47M | Scene, ViewLayer | Updating Geometry BVH Nozzle petal seam.091 37/43 | Building BVH
Fra:1 Mem:14.76M (Peak 40.91M) | Time:00:01.81 | Mem:1.13M, Peak:1.47M | Scene, ViewLayer | Updating Geometry BVH Nozzle petal seam.091 37/43 | Building OptiX acceleration structure
Fra:1 Mem:14.75M (Peak 40.91M) | Time:00:01.81 | Mem:1.10M, Peak:1.47M | Scene, ViewLayer | Updating Geometry BVH Nozzle petal seam.075 16/43 | Building BVH
Fra:1 Mem:14.75M (Peak 40.91M) | Time:00:01.81 | Mem:1.11M, Peak:1.47M | Scene, ViewLayer | Updating Geometry BVH Nozzle petal seam.075 16/43 | Building OptiX acceleration structure
Fra:1 Mem:14.74M (Peak 40.91M) | Time:00:01.81 | Mem:1.10M, Peak:1.47M | Scene, ViewLayer | Updating Geometry BVH Nozzle petal seam.076 17/43 | Building BVH
Fra:1 Mem:14.74M (Peak 40.91M) | Time:00:01.81 | Mem:1.10M, Peak:1.47M | Scene, ViewLayer | Updating Geometry BVH Nozzle petal seam.076 17/43 | Building OptiX acceleration structure
Fra:1 Mem:14.73M (Peak 40.91M) | Time:00:01.82 | Mem:1.10M, Peak:1.47M | Scene, ViewLayer | Updating Geometry BVH Nozzle petal seam.077 18/43 | Building BVH
Fra:1 Mem:14.73M (Peak 40.91M) | Time:00:01.82 | Mem:1.11M, Peak:1.47M | Scene, ViewLayer | Updating Geometry BVH Nozzle petal seam.077 18/43 | Building OptiX acceleration structure
Fra:1 Mem:14.73M (Peak 40.91M) | Time:00:01.82 | Mem:1.11M, Peak:1.47M | Scene, ViewLayer | Updating Geometry BVH Nozzle petal seam.078 19/43 | Building BVH
Fra:1 Mem:14.73M (Peak 40.91M) | Time:00:01.82 | Mem:1.11M, Peak:1.47M | Scene, ViewLayer | Updating Geometry BVH Nozzle petal seam.078 19/43 | Building OptiX acceleration structure
Fra:1 Mem:14.73M (Peak 40.91M) | Time:00:01.82 | Mem:1.11M, Peak:1.47M | Scene, ViewLayer | Updating Geometry BVH Nozzle petal seam.079 20/43 | Building BVH
Fra:1 Mem:14.73M (Peak 40.91M) | Time:00:01.82 | Mem:1.11M, Peak:1.47M | Scene, ViewLayer | Updating Geometry BVH Nozzle petal seam.079 20/43 | Building OptiX acceleration structure
Fra:1 Mem:14.73M (Peak 40.91M) | Time:00:01.82 | Mem:1.11M, Peak:1.47M | Scene, ViewLayer | Updating Geometry BVH Nozzle petal seam.080 21/43 | Building BVH
Fra:1 Mem:14.73M (Peak 40.91M) | Time:00:01.82 | Mem:1.11M, Peak:1.47M | Scene, ViewLayer | Updating Geometry BVH Nozzle petal seam.080 21/43 | Building OptiX acceleration structure
Fra:1 Mem:14.73M (Peak 40.91M) | Time:00:01.82 | Mem:1.11M, Peak:1.47M | Scene, ViewLayer | Updating Geometry BVH Nozzle petal seam.090 36/43 | Building BVH
Fra:1 Mem:14.73M (Peak 40.91M) | Time:00:01.82 | Mem:1.12M, Peak:1.47M | Scene, ViewLayer | Updating Geometry BVH Nozzle petal seam.090 36/43 | Building OptiX acceleration structure
Fra:1 Mem:14.73M (Peak 40.91M) | Time:00:01.82 | Mem:1.11M, Peak:1.47M | Scene, ViewLayer | Updating Geometry BVH Nozzle petal seam.081 22/43 | Building BVH
Fra:1 Mem:14.73M (Peak 40.91M) | Time:00:01.82 | Mem:1.12M, Peak:1.47M | Scene, ViewLayer | Updating Geometry BVH Nozzle petal seam.081 22/43 | Building OptiX acceleration structure
Fra:1 Mem:14.73M (Peak 40.91M) | Time:00:01.82 | Mem:1.11M, Peak:1.47M | Scene, ViewLayer | Updating Geometry BVH Nozzle petal seam.082 23/43 | Building BVH
Fra:1 Mem:14.73M (Peak 40.91M) | Time:00:01.82 | Mem:1.12M, Peak:1.47M | Scene, ViewLayer | Updating Geometry BVH Nozzle petal seam.082 23/43 | Building OptiX acceleration structure
Fra:1 Mem:14.73M (Peak 40.91M) | Time:00:01.82 | Mem:1.11M, Peak:1.47M | Scene, ViewLayer | Updating Geometry BVH Nozzle petal seam.083 24/43 | Building BVH
Fra:1 Mem:14.73M (Peak 40.91M) | Time:00:01.82 | Mem:1.12M, Peak:1.47M | Scene, ViewLayer | Updating Geometry BVH Nozzle petal seam.083 24/43 | Building OptiX acceleration structure
Fra:1 Mem:14.73M (Peak 40.91M) | Time:00:01.82 | Mem:1.11M, Peak:1.47M | Scene, ViewLayer | Updating Geometry BVH Deep ion throat.006 25/43 | Building BVH
Fra:1 Mem:14.73M (Peak 40.91M) | Time:00:01.82 | Mem:1.12M, Peak:1.47M | Scene, ViewLayer | Updating Geometry BVH Deep ion throat.006 25/43 | Building OptiX acceleration structure
Fra:1 Mem:14.75M (Peak 40.91M) | Time:00:01.82 | Mem:1.13M, Peak:1.47M | Scene, ViewLayer | Updating Geometry BVH Deep intake duct.002 26/43 | Building BVH
Fra:1 Mem:14.75M (Peak 40.91M) | Time:00:01.82 | Mem:1.13M, Peak:1.47M | Scene, ViewLayer | Updating Geometry BVH Deep intake duct.002 26/43 | Building OptiX acceleration structure
Fra:1 Mem:14.76M (Peak 40.91M) | Time:00:01.82 | Mem:1.14M, Peak:1.47M | Scene, ViewLayer | Updating Geometry BVH Integrated lifting hull.003 27/43 | Building BVH
Fra:1 Mem:14.76M (Peak 40.91M) | Time:00:01.82 | Mem:1.15M, Peak:1.47M | Scene, ViewLayer | Updating Geometry BVH Integrated lifting hull.003 27/43 | Building OptiX acceleration structure
Fra:1 Mem:14.77M (Peak 40.91M) | Time:00:01.83 | Mem:1.15M, Peak:1.47M | Scene, ViewLayer | Updating Geometry BVH Nozzle petal seam.089 35/43 | Building BVH
Fra:1 Mem:14.77M (Peak 40.91M) | Time:00:01.83 | Mem:1.16M, Peak:1.47M | Scene, ViewLayer | Updating Geometry BVH Nozzle petal seam.089 35/43 | Building OptiX acceleration structure
Fra:1 Mem:14.77M (Peak 40.91M) | Time:00:01.83 | Mem:1.15M, Peak:1.47M | Scene, ViewLayer | Updating Geometry BVH Integrated propulsion nacelle.003 28/43 | Building BVH
Fra:1 Mem:14.77M (Peak 40.91M) | Time:00:01.83 | Mem:1.16M, Peak:1.47M | Scene, ViewLayer | Updating Geometry BVH Integrated propulsion nacelle.003 28/43 | Building OptiX acceleration structure
Fra:1 Mem:14.77M (Peak 40.91M) | Time:00:01.83 | Mem:1.16M, Peak:1.47M | Scene, ViewLayer | Updating Geometry BVH Contoured expansion nozzle.007 29/43 | Building BVH
Fra:1 Mem:14.77M (Peak 40.91M) | Time:00:01.83 | Mem:1.16M, Peak:1.47M | Scene, ViewLayer | Updating Geometry BVH Contoured expansion nozzle.007 29/43 | Building OptiX acceleration structure
Fra:1 Mem:14.78M (Peak 40.91M) | Time:00:01.83 | Mem:1.17M, Peak:1.47M | Scene, ViewLayer | Updating Geometry BVH Nozzle petal seam.084 30/43 | Building BVH
Fra:1 Mem:14.78M (Peak 40.91M) | Time:00:01.83 | Mem:1.17M, Peak:1.47M | Scene, ViewLayer | Updating Geometry BVH Nozzle petal seam.085 31/43 | Building OptiX acceleration structure
Fra:1 Mem:14.78M (Peak 40.91M) | Time:00:01.83 | Mem:1.17M, Peak:1.47M | Scene, ViewLayer | Updating Geometry BVH Nozzle petal seam.086 32/43 | Building BVH
Fra:1 Mem:14.78M (Peak 40.91M) | Time:00:01.83 | Mem:1.22M, Peak:1.47M | Scene, ViewLayer | Updating Geometry BVH Nozzle petal seam.086 32/43 | Building OptiX acceleration structure
Fra:1 Mem:14.76M (Peak 40.91M) | Time:00:01.83 | Mem:1.16M, Peak:1.47M | Scene, ViewLayer | Updating Geometry BVH Nozzle petal seam.087 33/43 | Building BVH
Fra:1 Mem:14.76M (Peak 40.91M) | Time:00:01.83 | Mem:1.16M, Peak:1.47M | Scene, ViewLayer | Updating Geometry BVH Nozzle petal seam.087 33/43 | Building OptiX acceleration structure
Fra:1 Mem:14.76M (Peak 40.91M) | Time:00:01.83 | Mem:1.16M, Peak:1.47M | Scene, ViewLayer | Updating Geometry BVH Nozzle petal seam.088 34/43 | Building BVH
Fra:1 Mem:14.76M (Peak 40.91M) | Time:00:01.83 | Mem:1.16M, Peak:1.47M | Scene, ViewLayer | Updating Geometry BVH Nozzle petal seam.088 34/43 | Building OptiX acceleration structure
Fra:1 Mem:14.73M (Peak 40.91M) | Time:00:01.85 | Mem:1.17M, Peak:1.47M | Scene, ViewLayer | Updating Scene BVH | Building
Fra:1 Mem:14.73M (Peak 40.91M) | Time:00:01.85 | Mem:1.17M, Peak:1.47M | Scene, ViewLayer | Updating Scene BVH | Building OptiX acceleration structure
Fra:1 Mem:14.73M (Peak 40.91M) | Time:00:01.85 | Mem:1.18M, Peak:1.47M | Scene, ViewLayer | Updating Scene BVH | Copying BVH to device
Fra:1 Mem:14.73M (Peak 40.91M) | Time:00:01.85 | Mem:1.18M, Peak:1.47M | Scene, ViewLayer | Updating Mesh | Computing normals
Fra:1 Mem:15.29M (Peak 40.91M) | Time:00:01.85 | Mem:1.18M, Peak:1.47M | Scene, ViewLayer | Updating Mesh | Copying Mesh to device
Fra:1 Mem:15.29M (Peak 40.91M) | Time:00:01.85 | Mem:1.73M, Peak:1.73M | Scene, ViewLayer | Updating Objects Flags
Fra:1 Mem:15.29M (Peak 40.91M) | Time:00:01.85 | Mem:1.73M, Peak:1.73M | Scene, ViewLayer | Updating Primitive Offsets
Fra:1 Mem:15.29M (Peak 40.91M) | Time:00:01.85 | Mem:1.73M, Peak:1.73M | Scene, ViewLayer | Updating Images
Fra:1 Mem:15.29M (Peak 40.91M) | Time:00:01.85 | Mem:1.73M, Peak:1.73M | Scene, ViewLayer | Updating Images | Loading panel-normal.png
Fra:1 Mem:19.29M (Peak 40.91M) | Time:00:01.85 | Mem:1.73M, Peak:1.73M | Scene, ViewLayer | Updating Images | Loading paint-orm.png
Fra:1 Mem:31.30M (Peak 40.91M) | Time:00:01.93 | Mem:17.73M, Peak:17.73M | Scene, ViewLayer | Updating Camera Volume
Fra:1 Mem:31.30M (Peak 40.91M) | Time:00:01.93 | Mem:17.73M, Peak:17.73M | Scene, ViewLayer | Updating Lookup Tables
Fra:1 Mem:31.30M (Peak 40.91M) | Time:00:01.93 | Mem:17.81M, Peak:17.81M | Scene, ViewLayer | Updating Lights
Fra:1 Mem:31.30M (Peak 40.91M) | Time:00:01.93 | Mem:17.81M, Peak:17.81M | Scene, ViewLayer | Updating Lights | Computing tree
Fra:1 Mem:31.49M (Peak 40.91M) | Time:00:01.94 | Mem:18.00M, Peak:18.00M | Scene, ViewLayer | Updating Integrator
Fra:1 Mem:31.49M (Peak 40.91M) | Time:00:01.94 | Mem:18.00M, Peak:18.00M | Scene, ViewLayer | Updating Film
Fra:1 Mem:31.49M (Peak 40.91M) | Time:00:01.94 | Mem:17.92M, Peak:18.00M | Scene, ViewLayer | Updating Lookup Tables
Fra:1 Mem:31.49M (Peak 40.91M) | Time:00:01.94 | Mem:18.01M, Peak:18.01M | Scene, ViewLayer | Updating Baking
Fra:1 Mem:31.49M (Peak 40.91M) | Time:00:01.94 | Mem:18.01M, Peak:18.01M | Scene, ViewLayer | Updating Device | Writing constant memory
Fra:1 Mem:31.50M (Peak 40.91M) | Time:00:01.94 | Mem:18.01M, Peak:18.01M | Scene, ViewLayer | Loading denoising kernels (may take a few minutes the first time)
Fra:1 Mem:35.50M (Peak 40.91M) | Time:00:02.01 | Mem:370.01M, Peak:370.01M | Scene, ViewLayer | Sample 0/24
Fra:1 Mem:82.47M (Peak 82.47M) | Time:00:02.06 | Remaining:00:01.08 | Mem:416.99M, Peak:416.99M | Scene, ViewLayer | Sample 1/24
Fra:1 Mem:102.25M (Peak 131.92M) | Time:00:06.94 | Mem:416.99M, Peak:416.99M | Scene, ViewLayer | Sample 24/24
Fra:1 Mem:102.25M (Peak 131.92M) | Time:00:06.94 | Mem:416.99M, Peak:416.99M | Scene, ViewLayer | Finished
Saved: 'D:\vibe-coding-e\nova-swarm-forum-129-improvements-20260822\docs\fleet-art-v2\ships\04\surfaced.png'
Time: 00:07.40 (Saving: 00:00.18)

Info: Saved as "source.blend"
17:08:35 | INFO: Starting glTF 2.0 export
17:08:35 | INFO: Extracting primitive: Continuous pressure fuselage.001
17:08:35 | WARNING: More than one shader node tex image used for a texture. The resulting glTF sampler will behave like the first shader node tex image.
17:08:35 | WARNING: More than one shader node tex image used for a texture. The resulting glTF sampler will behave like the first shader node tex image.
17:08:35 | INFO: Primitives created: 6
17:08:35 | INFO: Finished glTF 2.0 export in 0.4202268123626709 s
Fra:1 Mem:15.06M (Peak 30.56M) | Time:00:00.42 | Mem:0.00M, Peak:0.00M | Scene, ViewLayer | Synchronizing object | MintSkaterV2
Fra:1 Mem:16.89M (Peak 30.56M) | Time:00:00.43 | Mem:0.00M, Peak:0.00M | Scene, ViewLayer | Synchronizing object | Broad neutral key
Fra:1 Mem:16.89M (Peak 30.56M) | Time:00:00.43 | Mem:0.00M, Peak:0.00M | Scene, ViewLayer | Synchronizing object | Neutral fill
Fra:1 Mem:16.61M (Peak 30.56M) | Time:00:00.46 | Mem:0.00M, Peak:0.00M | Scene, ViewLayer | Initializing
Fra:1 Mem:16.13M (Peak 30.56M) | Time:00:00.46 | Mem:0.00M, Peak:0.00M | Scene, ViewLayer | Waiting for render to start
Fra:1 Mem:16.13M (Peak 30.56M) | Time:00:00.46 | Mem:0.00M, Peak:0.00M | Scene, ViewLayer | Updating Scene
Fra:1 Mem:16.13M (Peak 30.56M) | Time:00:00.46 | Mem:0.00M, Peak:0.00M | Scene, ViewLayer | Updating Shaders
Fra:1 Mem:16.13M (Peak 30.56M) | Time:00:00.46 | Mem:0.00M, Peak:0.00M | Scene, ViewLayer | Loading render kernels (may take a few minutes the first time)
Fra:1 Mem:16.22M (Peak 43.51M) | Time:00:00.81 | Mem:0.01M, Peak:0.01M | Scene, ViewLayer | Updating Procedurals
Fra:1 Mem:16.22M (Peak 43.51M) | Time:00:00.81 | Mem:0.01M, Peak:0.01M | Scene, ViewLayer | Updating Background
Fra:1 Mem:16.22M (Peak 43.51M) | Time:00:00.81 | Mem:0.01M, Peak:0.01M | Scene, ViewLayer | Updating Camera
Fra:1 Mem:16.22M (Peak 43.51M) | Time:00:00.81 | Mem:0.01M, Peak:0.01M | Scene, ViewLayer | Updating Meshes Flags
Fra:1 Mem:16.22M (Peak 43.51M) | Time:00:00.81 | Mem:0.01M, Peak:0.01M | Scene, ViewLayer | Updating Objects
Fra:1 Mem:16.22M (Peak 43.51M) | Time:00:00.81 | Mem:0.01M, Peak:0.01M | Scene, ViewLayer | Updating Objects | Copying Transformations to device
Fra:1 Mem:16.22M (Peak 43.51M) | Time:00:00.81 | Mem:0.01M, Peak:0.01M | Scene, ViewLayer | Updating Particle Systems
Fra:1 Mem:16.22M (Peak 43.51M) | Time:00:00.81 | Mem:0.01M, Peak:0.01M | Scene, ViewLayer | Updating Particle Systems | Copying Particles to device
Fra:1 Mem:16.22M (Peak 43.51M) | Time:00:00.81 | Mem:0.01M, Peak:0.01M | Scene, ViewLayer | Updating Meshes
Fra:1 Mem:17.28M (Peak 43.51M) | Time:00:00.84 | Mem:0.01M, Peak:0.01M | Scene, ViewLayer | Updating Objects | Applying Static Transformations
Fra:1 Mem:17.28M (Peak 43.51M) | Time:00:00.84 | Mem:0.01M, Peak:0.01M | Scene, ViewLayer | Updating Mesh | Computing attributes
Fra:1 Mem:18.69M (Peak 43.51M) | Time:00:00.84 | Mem:0.01M, Peak:0.01M | Scene, ViewLayer | Updating Mesh | Copying Attributes to device
Fra:1 Mem:18.69M (Peak 43.51M) | Time:00:00.85 | Mem:1.42M, Peak:1.42M | Scene, ViewLayer | Updating Geometry BVH Neutral fill 3/4 | Building BVH
Fra:1 Mem:18.69M (Peak 43.51M) | Time:00:00.85 | Mem:1.42M, Peak:1.42M | Scene, ViewLayer | Updating Geometry BVH light 5/4 | Building OptiX acceleration structure
Fra:1 Mem:18.69M (Peak 43.51M) | Time:00:00.85 | Mem:1.88M, Peak:3.27M | Scene, ViewLayer | Updating Scene BVH | Building
Fra:1 Mem:18.69M (Peak 43.51M) | Time:00:00.85 | Mem:1.88M, Peak:3.27M | Scene, ViewLayer | Updating Scene BVH | Building OptiX acceleration structure
Fra:1 Mem:18.69M (Peak 43.51M) | Time:00:00.85 | Mem:1.88M, Peak:3.27M | Scene, ViewLayer | Updating Scene BVH | Copying BVH to device
Fra:1 Mem:18.69M (Peak 43.51M) | Time:00:00.85 | Mem:1.88M, Peak:3.27M | Scene, ViewLayer | Updating Mesh | Computing normals
Fra:1 Mem:19.24M (Peak 43.51M) | Time:00:00.85 | Mem:1.88M, Peak:3.27M | Scene, ViewLayer | Updating Mesh | Copying Mesh to device
Fra:1 Mem:19.24M (Peak 43.51M) | Time:00:00.85 | Mem:2.43M, Peak:3.27M | Scene, ViewLayer | Updating Objects Flags
Fra:1 Mem:19.24M (Peak 43.51M) | Time:00:00.85 | Mem:2.43M, Peak:3.27M | Scene, ViewLayer | Updating Primitive Offsets
Fra:1 Mem:19.24M (Peak 43.51M) | Time:00:00.85 | Mem:2.43M, Peak:3.27M | Scene, ViewLayer | Updating Images
Fra:1 Mem:19.24M (Peak 43.51M) | Time:00:00.85 | Mem:2.43M, Peak:3.27M | Scene, ViewLayer | Updating Images | Loading panel-normal.png
Fra:1 Mem:23.24M (Peak 43.51M) | Time:00:00.85 | Mem:2.43M, Peak:3.27M | Scene, ViewLayer | Updating Images | Loading cobalt-basecolor.png
Fra:1 Mem:27.24M (Peak 43.51M) | Time:00:00.85 | Mem:2.43M, Peak:3.27M | Scene, ViewLayer | Updating Images | Loading paint-orm.png
Fra:1 Mem:35.25M (Peak 43.51M) | Time:00:00.88 | Mem:18.43M, Peak:18.43M | Scene, ViewLayer | Updating Camera Volume
Fra:1 Mem:35.25M (Peak 43.51M) | Time:00:00.88 | Mem:18.43M, Peak:18.43M | Scene, ViewLayer | Updating Lookup Tables
Fra:1 Mem:35.25M (Peak 43.51M) | Time:00:00.88 | Mem:18.51M, Peak:18.51M | Scene, ViewLayer | Updating Lights
Fra:1 Mem:35.25M (Peak 43.51M) | Time:00:00.88 | Mem:18.51M, Peak:18.51M | Scene, ViewLayer | Updating Lights | Computing tree
Fra:1 Mem:35.51M (Peak 43.51M) | Time:00:00.89 | Mem:18.77M, Peak:18.77M | Scene, ViewLayer | Updating Integrator
Fra:1 Mem:35.51M (Peak 43.51M) | Time:00:00.89 | Mem:18.77M, Peak:18.77M | Scene, ViewLayer | Updating Film
Fra:1 Mem:35.51M (Peak 43.51M) | Time:00:00.89 | Mem:18.69M, Peak:18.77M | Scene, ViewLayer | Updating Lookup Tables
Fra:1 Mem:35.51M (Peak 43.51M) | Time:00:00.89 | Mem:18.77M, Peak:18.77M | Scene, ViewLayer | Updating Baking
Fra:1 Mem:35.51M (Peak 43.51M) | Time:00:00.89 | Mem:18.77M, Peak:18.77M | Scene, ViewLayer | Updating Device | Writing constant memory
Fra:1 Mem:35.52M (Peak 43.51M) | Time:00:00.89 | Mem:18.77M, Peak:18.77M | Scene, ViewLayer | Loading denoising kernels (may take a few minutes the first time)
Fra:1 Mem:39.52M (Peak 43.51M) | Time:00:00.95 | Mem:370.78M, Peak:370.78M | Scene, ViewLayer | Sample 0/24
Fra:1 Mem:115.52M (Peak 115.52M) | Time:00:00.99 | Remaining:00:01.13 | Mem:446.79M, Peak:446.79M | Scene, ViewLayer | Sample 1/24
Fra:1 Mem:147.53M (Peak 195.53M) | Time:00:09.00 | Mem:446.79M, Peak:446.79M | Scene, ViewLayer | Sample 24/24
Fra:1 Mem:147.53M (Peak 195.53M) | Time:00:09.00 | Mem:446.79M, Peak:446.79M | Scene, ViewLayer | Finished
Saved: 'D:\vibe-coding-e\nova-swarm-forum-129-improvements-20260822\docs\fleet-art-v2\ships\04\export\showroom.png'
Time: 00:10.48 (Saving: 00:00.22)

Fra:1 Mem:15.34M (Peak 15.34M) | Time:00:00.27 | Mem:0.00M, Peak:0.00M | Scene, ViewLayer | Synchronizing object | Broad neutral key
Fra:1 Mem:15.34M (Peak 15.34M) | Time:00:00.27 | Mem:0.00M, Peak:0.00M | Scene, ViewLayer | Synchronizing object | MintSkaterV2
Fra:1 Mem:16.61M (Peak 17.37M) | Time:00:00.28 | Mem:0.00M, Peak:0.00M | Scene, ViewLayer | Initializing
Fra:1 Mem:16.13M (Peak 17.37M) | Time:00:00.28 | Mem:0.00M, Peak:0.00M | Scene, ViewLayer | Waiting for render to start
Fra:1 Mem:16.13M (Peak 17.37M) | Time:00:00.28 | Mem:0.00M, Peak:0.00M | Scene, ViewLayer | Updating Scene
Fra:1 Mem:16.13M (Peak 17.37M) | Time:00:00.28 | Mem:0.00M, Peak:0.00M | Scene, ViewLayer | Updating Shaders
Fra:1 Mem:16.13M (Peak 17.37M) | Time:00:00.28 | Mem:0.00M, Peak:0.00M | Scene, ViewLayer | Loading render kernels (may take a few minutes the first time)
Fra:1 Mem:16.22M (Peak 43.51M) | Time:00:00.49 | Mem:0.01M, Peak:0.01M | Scene, ViewLayer | Updating Procedurals
Fra:1 Mem:16.22M (Peak 43.51M) | Time:00:00.49 | Mem:0.01M, Peak:0.01M | Scene, ViewLayer | Updating Background
Fra:1 Mem:16.22M (Peak 43.51M) | Time:00:00.49 | Mem:0.01M, Peak:0.01M | Scene, ViewLayer | Updating Camera
Fra:1 Mem:16.22M (Peak 43.51M) | Time:00:00.49 | Mem:0.01M, Peak:0.01M | Scene, ViewLayer | Updating Meshes Flags
Fra:1 Mem:16.22M (Peak 43.51M) | Time:00:00.49 | Mem:0.01M, Peak:0.01M | Scene, ViewLayer | Updating Objects
Fra:1 Mem:16.22M (Peak 43.51M) | Time:00:00.49 | Mem:0.01M, Peak:0.01M | Scene, ViewLayer | Updating Objects | Copying Transformations to device
Fra:1 Mem:16.22M (Peak 43.51M) | Time:00:00.49 | Mem:0.01M, Peak:0.01M | Scene, ViewLayer | Updating Particle Systems
Fra:1 Mem:16.22M (Peak 43.51M) | Time:00:00.49 | Mem:0.01M, Peak:0.01M | Scene, ViewLayer | Updating Particle Systems | Copying Particles to device
Fra:1 Mem:16.22M (Peak 43.51M) | Time:00:00.49 | Mem:0.01M, Peak:0.01M | Scene, ViewLayer | Updating Meshes
Fra:1 Mem:17.28M (Peak 43.51M) | Time:00:00.52 | Mem:0.01M, Peak:0.01M | Scene, ViewLayer | Updating Objects | Applying Static Transformations
Fra:1 Mem:17.28M (Peak 43.51M) | Time:00:00.52 | Mem:0.01M, Peak:0.01M | Scene, ViewLayer | Updating Mesh | Computing attributes
Fra:1 Mem:18.69M (Peak 43.51M) | Time:00:00.52 | Mem:0.01M, Peak:0.01M | Scene, ViewLayer | Updating Mesh | Copying Attributes to device
Fra:1 Mem:18.69M (Peak 43.51M) | Time:00:00.52 | Mem:1.42M, Peak:1.42M | Scene, ViewLayer | Updating Geometry BVH Broad neutral key 2/4 | Building BVH
Fra:1 Mem:18.69M (Peak 43.51M) | Time:00:00.52 | Mem:1.42M, Peak:1.42M | Scene, ViewLayer | Updating Geometry BVH Continuous pressure fuselage.001 4/4 | Building BVH
Fra:1 Mem:18.69M (Peak 43.51M) | Time:00:00.52 | Mem:1.42M, Peak:1.42M | Scene, ViewLayer | Updating Geometry BVH Continuous pressure fuselage.001 4/4 | Building OptiX acceleration structure
Fra:1 Mem:18.90M (Peak 43.51M) | Time:00:00.52 | Mem:1.42M, Peak:1.42M | Scene, ViewLayer | Updating Geometry BVH light 5/4 | Building BVH
Fra:1 Mem:18.90M (Peak 43.51M) | Time:00:00.52 | Mem:1.42M, Peak:1.42M | Scene, ViewLayer | Updating Geometry BVH light 5/4 | Building OptiX acceleration structure
Fra:1 Mem:18.69M (Peak 43.51M) | Time:00:00.52 | Mem:1.88M, Peak:3.27M | Scene, ViewLayer | Updating Scene BVH | Building
Fra:1 Mem:18.69M (Peak 43.51M) | Time:00:00.52 | Mem:1.88M, Peak:3.27M | Scene, ViewLayer | Updating Scene BVH | Building OptiX acceleration structure
Fra:1 Mem:18.69M (Peak 43.51M) | Time:00:00.52 | Mem:1.88M, Peak:3.27M | Scene, ViewLayer | Updating Scene BVH | Copying BVH to device
Fra:1 Mem:18.69M (Peak 43.51M) | Time:00:00.52 | Mem:1.88M, Peak:3.27M | Scene, ViewLayer | Updating Mesh | Computing normals
Fra:1 Mem:19.24M (Peak 43.51M) | Time:00:00.52 | Mem:1.88M, Peak:3.27M | Scene, ViewLayer | Updating Mesh | Copying Mesh to device
Fra:1 Mem:19.24M (Peak 43.51M) | Time:00:00.53 | Mem:2.43M, Peak:3.27M | Scene, ViewLayer | Updating Objects Flags
Fra:1 Mem:19.24M (Peak 43.51M) | Time:00:00.53 | Mem:2.43M, Peak:3.27M | Scene, ViewLayer | Updating Primitive Offsets
Fra:1 Mem:19.24M (Peak 43.51M) | Time:00:00.53 | Mem:2.43M, Peak:3.27M | Scene, ViewLayer | Updating Images
Fra:1 Mem:19.24M (Peak 43.51M) | Time:00:00.53 | Mem:2.43M, Peak:3.27M | Scene, ViewLayer | Updating Images | Loading panel-normal.png
Fra:1 Mem:23.24M (Peak 43.51M) | Time:00:00.53 | Mem:2.43M, Peak:3.27M | Scene, ViewLayer | Updating Images | Loading white-basecolor.png
Fra:1 Mem:23.24M (Peak 43.51M) | Time:00:00.53 | Mem:2.43M, Peak:3.27M | Scene, ViewLayer | Updating Images | Loading paint-orm.png
Fra:1 Mem:35.25M (Peak 43.51M) | Time:00:00.55 | Mem:18.43M, Peak:18.43M | Scene, ViewLayer | Updating Camera Volume
Fra:1 Mem:35.25M (Peak 43.51M) | Time:00:00.55 | Mem:18.43M, Peak:18.43M | Scene, ViewLayer | Updating Lookup Tables
Fra:1 Mem:35.25M (Peak 43.51M) | Time:00:00.55 | Mem:18.51M, Peak:18.51M | Scene, ViewLayer | Updating Lights
Fra:1 Mem:35.25M (Peak 43.51M) | Time:00:00.55 | Mem:18.51M, Peak:18.51M | Scene, ViewLayer | Updating Lights | Computing tree
Fra:1 Mem:35.51M (Peak 43.51M) | Time:00:00.56 | Mem:18.77M, Peak:18.77M | Scene, ViewLayer | Updating Integrator
Fra:1 Mem:35.51M (Peak 43.51M) | Time:00:00.56 | Mem:18.77M, Peak:18.77M | Scene, ViewLayer | Updating Film
Fra:1 Mem:35.51M (Peak 43.51M) | Time:00:00.56 | Mem:18.69M, Peak:18.77M | Scene, ViewLayer | Updating Lookup Tables
Fra:1 Mem:35.51M (Peak 43.51M) | Time:00:00.56 | Mem:18.77M, Peak:18.77M | Scene, ViewLayer | Updating Baking
Fra:1 Mem:35.51M (Peak 43.51M) | Time:00:00.56 | Mem:18.77M, Peak:18.77M | Scene, ViewLayer | Updating Device | Writing constant memory
Fra:1 Mem:35.52M (Peak 43.51M) | Time:00:00.56 | Mem:18.77M, Peak:18.77M | Scene, ViewLayer | Loading denoising kernels (may take a few minutes the first time)
Fra:1 Mem:39.52M (Peak 43.51M) | Time:00:00.61 | Mem:370.78M, Peak:370.78M | Scene, ViewLayer | Sample 0/24
Fra:1 Mem:58.52M (Peak 58.52M) | Time:00:00.63 | Remaining:00:00.63 | Mem:389.79M, Peak:389.79M | Scene, ViewLayer | Sample 1/24
Fra:1 Mem:66.53M (Peak 78.53M) | Time:00:02.40 | Mem:389.79M, Peak:389.79M | Scene, ViewLayer | Sample 24/24
Fra:1 Mem:66.53M (Peak 78.53M) | Time:00:02.40 | Mem:389.79M, Peak:389.79M | Scene, ViewLayer | Finished
Saved: 'D:\vibe-coding-e\nova-swarm-forum-129-improvements-20260822\docs\fleet-art-v2\ships\04\export\player.png'
Time: 00:02.77 (Saving: 00:00.09)


FLEET_V2_COMPLETE 4 Mint Skater
Read blend: "D:\vibe-coding-e\nova-swarm-forum-129-improvements-20260822\docs\fleet-art-v2\ships\05\source.blend"
Fra:1 Mem:14.51M (Peak 14.51M) | Time:00:00.35 | Mem:0.00M, Peak:0.00M | Scene, ViewLayer | Synchronizing object | Broad neutral key
Fra:1 Mem:14.52M (Peak 14.52M) | Time:00:00.35 | Mem:0.00M, Peak:0.00M | Scene, ViewLayer | Synchronizing object | Neutral fill
Fra:1 Mem:14.84M (Peak 14.84M) | Time:00:00.41 | Mem:0.00M, Peak:0.00M | Scene, ViewLayer | Synchronizing object | Continuous pressure fuselage
Fra:1 Mem:15.69M (Peak 15.69M) | Time:00:00.46 | Mem:0.00M, Peak:0.00M | Scene, ViewLayer | Synchronizing object | Cockpit integrated coaming
Fra:1 Mem:16.22M (Peak 16.22M) | Time:00:00.52 | Mem:0.00M, Peak:0.00M | Scene, ViewLayer | Synchronizing object | Pressure canopy glazing
Fra:1 Mem:16.22M (Peak 16.22M) | Time:00:00.52 | Mem:0.00M, Peak:0.00M | Scene, ViewLayer | Synchronizing object | Canopy lower frame
Fra:1 Mem:16.52M (Peak 16.52M) | Time:00:00.52 | Mem:0.00M, Peak:0.00M | Scene, ViewLayer | Synchronizing object | Canopy lower frame.001
Fra:1 Mem:16.54M (Peak 16.54M) | Time:00:00.52 | Mem:0.00M, Peak:0.00M | Scene, ViewLayer | Synchronizing object | Canopy pressure bow
Fra:1 Mem:16.55M (Peak 16.55M) | Time:00:00.52 | Mem:0.00M, Peak:0.00M | Scene, ViewLayer | Synchronizing object | Integrated lifting hull
Fra:1 Mem:16.55M (Peak 16.55M) | Time:00:00.52 | Mem:0.00M, Peak:0.00M | Scene, ViewLayer | Synchronizing object | Contoured expansion nozzle
Fra:1 Mem:16.56M (Peak 16.56M) | Time:00:00.52 | Mem:0.00M, Peak:0.00M | Scene, ViewLayer | Synchronizing object | Nozzle petal seam
Fra:1 Mem:16.65M (Peak 16.65M) | Time:00:00.52 | Mem:0.00M, Peak:0.00M | Scene, ViewLayer | Synchronizing object | Nozzle petal seam.001
Fra:1 Mem:16.67M (Peak 16.67M) | Time:00:00.52 | Mem:0.00M, Peak:0.00M | Scene, ViewLayer | Synchronizing object | Nozzle petal seam.002
Fra:1 Mem:16.66M (Peak 16.67M) | Time:00:00.52 | Mem:0.00M, Peak:0.00M | Scene, ViewLayer | Synchronizing object | Nozzle petal seam.003
Fra:1 Mem:16.66M (Peak 16.67M) | Time:00:00.52 | Mem:0.00M, Peak:0.00M | Scene, ViewLayer | Synchronizing object | Nozzle petal seam.004
Fra:1 Mem:16.66M (Peak 16.67M) | Time:00:00.52 | Mem:0.00M, Peak:0.00M | Scene, ViewLayer | Synchronizing object | Nozzle petal seam.005
Fra:1 Mem:16.67M (Peak 16.67M) | Time:00:00.52 | Mem:0.00M, Peak:0.00M | Scene, ViewLayer | Synchronizing object | Nozzle petal seam.006
Fra:1 Mem:16.66M (Peak 16.67M) | Time:00:00.52 | Mem:0.00M, Peak:0.00M | Scene, ViewLayer | Synchronizing object | Nozzle petal seam.007
Fra:1 Mem:16.67M (Peak 16.67M) | Time:00:00.52 | Mem:0.00M, Peak:0.00M | Scene, ViewLayer | Synchronizing object | Nozzle petal seam.008
Fra:1 Mem:16.67M (Peak 16.67M) | Time:00:00.52 | Mem:0.00M, Peak:0.00M | Scene, ViewLayer | Synchronizing object | Nozzle petal seam.009
Fra:1 Mem:16.67M (Peak 16.67M) | Time:00:00.52 | Mem:0.00M, Peak:0.00M | Scene, ViewLayer | Synchronizing object | Nozzle petal seam.010
Fra:1 Mem:16.67M (Peak 16.67M) | Time:00:00.52 | Mem:0.00M, Peak:0.00M | Scene, ViewLayer | Synchronizing object | Nozzle petal seam.011
Fra:1 Mem:16.67M (Peak 16.67M) | Time:00:00.52 | Mem:0.00M, Peak:0.00M | Scene, ViewLayer | Synchronizing object | Deep ion throat
Fra:1 Mem:16.68M (Peak 16.68M) | Time:00:00.52 | Mem:0.00M, Peak:0.00M | Scene, ViewLayer | Synchronizing object | Deep intake duct
Fra:1 Mem:16.83M (Peak 16.83M) | Time:00:00.54 | Mem:0.00M, Peak:0.00M | Scene, ViewLayer | Synchronizing object | Blended structural fairing
Fra:1 Mem:16.83M (Peak 16.83M) | Time:00:00.54 | Mem:0.00M, Peak:0.00M | Scene, ViewLayer | Synchronizing object | Integrated lifting hull.001
Fra:1 Mem:16.85M (Peak 16.85M) | Time:00:00.54 | Mem:0.00M, Peak:0.00M | Scene, ViewLayer | Synchronizing object | Contoured expansion nozzle.001
Fra:1 Mem:16.85M (Peak 16.85M) | Time:00:00.54 | Mem:0.00M, Peak:0.00M | Scene, ViewLayer | Synchronizing object | Nozzle petal seam.012
Fra:1 Mem:17.06M (Peak 17.06M) | Time:00:00.54 | Mem:0.00M, Peak:0.00M | Scene, ViewLayer | Synchronizing object | Nozzle petal seam.013
Fra:1 Mem:17.11M (Peak 17.11M) | Time:00:00.54 | Mem:0.00M, Peak:0.00M | Scene, ViewLayer | Synchronizing object | Nozzle petal seam.014
Fra:1 Mem:17.10M (Peak 17.11M) | Time:00:00.54 | Mem:0.00M, Peak:0.00M | Scene, ViewLayer | Synchronizing object | Nozzle petal seam.015
Fra:1 Mem:17.11M (Peak 17.11M) | Time:00:00.54 | Mem:0.00M, Peak:0.00M | Scene, ViewLayer | Synchronizing object | Nozzle petal seam.016
Fra:1 Mem:17.11M (Peak 17.11M) | Time:00:00.54 | Mem:0.00M, Peak:0.00M | Scene, ViewLayer | Synchronizing object | Nozzle petal seam.017
Fra:1 Mem:17.11M (Peak 17.11M) | Time:00:00.54 | Mem:0.00M, Peak:0.00M | Scene, ViewLayer | Synchronizing object | Nozzle petal seam.018
Fra:1 Mem:17.11M (Peak 17.11M) | Time:00:00.54 | Mem:0.00M, Peak:0.00M | Scene, ViewLayer | Synchronizing object | Nozzle petal seam.019
Fra:1 Mem:17.11M (Peak 17.11M) | Time:00:00.54 | Mem:0.00M, Peak:0.00M | Scene, ViewLayer | Synchronizing object | Nozzle petal seam.020
Fra:1 Mem:17.11M (Peak 17.11M) | Time:00:00.54 | Mem:0.00M, Peak:0.00M | Scene, ViewLayer | Synchronizing object | Nozzle petal seam.021
Fra:1 Mem:17.12M (Peak 17.12M) | Time:00:00.54 | Mem:0.00M, Peak:0.00M | Scene, ViewLayer | Synchronizing object | Nozzle petal seam.022
Fra:1 Mem:17.12M (Peak 17.12M) | Time:00:00.54 | Mem:0.00M, Peak:0.00M | Scene, ViewLayer | Synchronizing object | Nozzle petal seam.023
Fra:1 Mem:17.12M (Peak 17.12M) | Time:00:00.54 | Mem:0.00M, Peak:0.00M | Scene, ViewLayer | Synchronizing object | Deep ion throat.001
Fra:1 Mem:17.12M (Peak 17.12M) | Time:00:00.54 | Mem:0.00M, Peak:0.00M | Scene, ViewLayer | Synchronizing object | Deep intake duct.001
Fra:1 Mem:17.28M (Peak 17.28M) | Time:00:00.55 | Mem:0.00M, Peak:0.00M | Scene, ViewLayer | Synchronizing object | Blended structural fairing.001
Fra:1 Mem:17.45M (Peak 17.45M) | Time:00:00.55 | Mem:0.00M, Peak:0.00M | Scene, ViewLayer | Initializing
Fra:1 Mem:13.87M (Peak 17.45M) | Time:00:00.55 | Mem:0.00M, Peak:0.00M | Scene, ViewLayer | Waiting for render to start
Fra:1 Mem:13.87M (Peak 17.45M) | Time:00:00.55 | Mem:0.00M, Peak:0.00M | Scene, ViewLayer | Updating Scene
Fra:1 Mem:13.87M (Peak 17.45M) | Time:00:00.55 | Mem:0.00M, Peak:0.00M | Scene, ViewLayer | Updating Shaders
Fra:1 Mem:13.87M (Peak 17.45M) | Time:00:00.55 | Mem:0.00M, Peak:0.00M | Scene, ViewLayer | Loading render kernels (may take a few minutes the first time)
Fra:1 Mem:13.96M (Peak 41.25M) | Time:00:01.43 | Mem:0.01M, Peak:0.01M | Scene, ViewLayer | Updating Procedurals
Fra:1 Mem:13.96M (Peak 41.25M) | Time:00:01.43 | Mem:0.01M, Peak:0.01M | Scene, ViewLayer | Updating Background
Fra:1 Mem:13.96M (Peak 41.25M) | Time:00:01.43 | Mem:0.01M, Peak:0.01M | Scene, ViewLayer | Updating Camera
Fra:1 Mem:13.96M (Peak 41.25M) | Time:00:01.43 | Mem:0.01M, Peak:0.01M | Scene, ViewLayer | Updating Meshes Flags
Fra:1 Mem:13.96M (Peak 41.25M) | Time:00:01.43 | Mem:0.01M, Peak:0.01M | Scene, ViewLayer | Updating Objects
Fra:1 Mem:13.96M (Peak 41.25M) | Time:00:01.43 | Mem:0.01M, Peak:0.01M | Scene, ViewLayer | Updating Objects | Copying Transformations to device
Fra:1 Mem:13.97M (Peak 41.25M) | Time:00:01.43 | Mem:0.02M, Peak:0.02M | Scene, ViewLayer | Updating Particle Systems
Fra:1 Mem:13.97M (Peak 41.25M) | Time:00:01.43 | Mem:0.02M, Peak:0.02M | Scene, ViewLayer | Updating Particle Systems | Copying Particles to device
Fra:1 Mem:13.97M (Peak 41.25M) | Time:00:01.43 | Mem:0.02M, Peak:0.02M | Scene, ViewLayer | Updating Meshes
Fra:1 Mem:14.61M (Peak 41.25M) | Time:00:01.44 | Mem:0.02M, Peak:0.02M | Scene, ViewLayer | Updating Objects | Applying Static Transformations
Fra:1 Mem:14.61M (Peak 41.25M) | Time:00:01.44 | Mem:0.02M, Peak:0.02M | Scene, ViewLayer | Updating Mesh | Computing attributes
Fra:1 Mem:15.55M (Peak 41.25M) | Time:00:01.44 | Mem:0.02M, Peak:0.02M | Scene, ViewLayer | Updating Mesh | Copying Attributes to device
Fra:1 Mem:15.55M (Peak 41.25M) | Time:00:01.44 | Mem:0.96M, Peak:0.96M | Scene, ViewLayer | Updating Geometry BVH light 46/45 | Building BVH
Fra:1 Mem:15.55M (Peak 41.25M) | Time:00:01.44 | Mem:0.96M, Peak:0.96M | Scene, ViewLayer | Updating Geometry BVH light 46/45 | Building OptiX acceleration structure
Fra:1 Mem:15.55M (Peak 41.25M) | Time:00:01.44 | Mem:0.96M, Peak:0.96M | Scene, ViewLayer | Updating Geometry BVH Mesh 45/45 | Building BVH
Fra:1 Mem:15.55M (Peak 41.25M) | Time:00:01.44 | Mem:0.96M, Peak:0.96M | Scene, ViewLayer | Updating Geometry BVH Mesh 45/45 | Building OptiX acceleration structure
Fra:1 Mem:15.58M (Peak 41.25M) | Time:00:01.45 | Mem:1.13M, Peak:1.16M | Scene, ViewLayer | Updating Geometry BVH Broad neutral key 2/45 | Building BVH
Fra:1 Mem:15.55M (Peak 41.25M) | Time:00:01.45 | Mem:1.00M, Peak:1.16M | Scene, ViewLayer | Updating Geometry BVH Broad neutral key 2/45 | Building OptiX acceleration structure
Fra:1 Mem:15.55M (Peak 41.25M) | Time:00:01.45 | Mem:1.00M, Peak:1.16M | Scene, ViewLayer | Updating Geometry BVH Neutral fill 3/45 | Building BVH
Fra:1 Mem:15.55M (Peak 41.25M) | Time:00:01.45 | Mem:1.00M, Peak:1.16M | Scene, ViewLayer | Updating Geometry BVH Neutral fill 3/45 | Building OptiX acceleration structure
Fra:1 Mem:15.55M (Peak 41.25M) | Time:00:01.45 | Mem:1.02M, Peak:1.16M | Scene, ViewLayer | Updating Geometry BVH Mesh 4/45 | Building BVH
Fra:1 Mem:15.55M (Peak 41.25M) | Time:00:01.45 | Mem:1.02M, Peak:1.16M | Scene, ViewLayer | Updating Geometry BVH Mesh 4/45 | Building OptiX acceleration structure
Fra:1 Mem:15.67M (Peak 41.25M) | Time:00:01.45 | Mem:1.14M, Peak:1.16M | Scene, ViewLayer | Updating Geometry BVH Mesh 5/45 | Building BVH
Fra:1 Mem:15.67M (Peak 41.25M) | Time:00:01.45 | Mem:1.14M, Peak:1.16M | Scene, ViewLayer | Updating Geometry BVH Mesh 5/45 | Building OptiX acceleration structure
Fra:1 Mem:15.75M (Peak 41.25M) | Time:00:01.45 | Mem:1.22M, Peak:1.22M | Scene, ViewLayer | Updating Geometry BVH Mesh 6/45 | Building BVH
Fra:1 Mem:15.75M (Peak 41.25M) | Time:00:01.45 | Mem:1.22M, Peak:1.22M | Scene, ViewLayer | Updating Geometry BVH Mesh 6/45 | Building OptiX acceleration structure
Fra:1 Mem:15.83M (Peak 41.25M) | Time:00:01.45 | Mem:1.30M, Peak:1.30M | Scene, ViewLayer | Updating Geometry BVH Canopy lower frame.004 7/45 | Building BVH
Fra:1 Mem:15.83M (Peak 41.25M) | Time:00:01.45 | Mem:1.30M, Peak:1.30M | Scene, ViewLayer | Updating Geometry BVH Canopy lower frame.004 7/45 | Building OptiX acceleration structure
Fra:1 Mem:15.84M (Peak 41.25M) | Time:00:01.46 | Mem:1.31M, Peak:1.31M | Scene, ViewLayer | Updating Geometry BVH Canopy lower frame.005 8/45 | Building BVH
Fra:1 Mem:15.84M (Peak 41.25M) | Time:00:01.46 | Mem:1.31M, Peak:1.31M | Scene, ViewLayer | Updating Geometry BVH Canopy lower frame.005 8/45 | Building OptiX acceleration structure
Fra:1 Mem:15.83M (Peak 41.25M) | Time:00:01.47 | Mem:1.29M, Peak:1.31M | Scene, ViewLayer | Updating Geometry BVH Deep ion throat.011 43/45 | Building BVH
Fra:1 Mem:15.83M (Peak 41.25M) | Time:00:01.47 | Mem:1.29M, Peak:1.31M | Scene, ViewLayer | Updating Geometry BVH Deep ion throat.011 43/45 | Building OptiX acceleration structure
Fra:1 Mem:15.86M (Peak 41.25M) | Time:00:01.47 | Mem:1.72M, Peak:1.72M | Scene, ViewLayer | Updating Geometry BVH Canopy pressure bow.002 9/45 | Building BVH
Fra:1 Mem:15.86M (Peak 41.25M) | Time:00:01.47 | Mem:1.72M, Peak:1.72M | Scene, ViewLayer | Updating Geometry BVH Canopy pressure bow.002 9/45 | Building OptiX acceleration structure
Fra:1 Mem:15.73M (Peak 41.25M) | Time:00:01.47 | Mem:1.35M, Peak:1.83M | Scene, ViewLayer | Updating Geometry BVH Integrated lifting hull.004 10/45 | Building BVH
Fra:1 Mem:15.73M (Peak 41.25M) | Time:00:01.47 | Mem:1.35M, Peak:1.83M | Scene, ViewLayer | Updating Geometry BVH Integrated lifting hull.004 10/45 | Building OptiX acceleration structure
Fra:1 Mem:15.66M (Peak 41.25M) | Time:00:01.48 | Mem:1.38M, Peak:1.83M | Scene, ViewLayer | Updating Geometry BVH Integrated propulsion nacelle.004 11/45 | Building BVH
Fra:1 Mem:15.66M (Peak 41.25M) | Time:00:01.48 | Mem:1.56M, Peak:1.83M | Scene, ViewLayer | Updating Geometry BVH Integrated propulsion nacelle.004 11/45 | Building OptiX acceleration structure
Fra:1 Mem:15.59M (Peak 41.25M) | Time:00:01.48 | Mem:1.41M, Peak:1.83M | Scene, ViewLayer | Updating Geometry BVH Contoured expansion nozzle.010 12/45 | Building BVH
Fra:1 Mem:15.59M (Peak 41.25M) | Time:00:01.48 | Mem:1.41M, Peak:1.83M | Scene, ViewLayer | Updating Geometry BVH Contoured expansion nozzle.010 12/45 | Building OptiX acceleration structure
Fra:1 Mem:15.60M (Peak 41.25M) | Time:00:01.48 | Mem:1.41M, Peak:1.83M | Scene, ViewLayer | Updating Geometry BVH Nozzle petal seam.120 13/45 | Building BVH
Fra:1 Mem:15.60M (Peak 41.25M) | Time:00:01.48 | Mem:1.43M, Peak:1.83M | Scene, ViewLayer | Updating Geometry BVH Nozzle petal seam.120 13/45 | Building OptiX acceleration structure
Fra:1 Mem:15.60M (Peak 41.25M) | Time:00:01.49 | Mem:1.42M, Peak:1.83M | Scene, ViewLayer | Updating Geometry BVH Nozzle petal seam.121 14/45 | Building BVH
Fra:1 Mem:15.60M (Peak 41.25M) | Time:00:01.49 | Mem:1.47M, Peak:1.83M | Scene, ViewLayer | Updating Geometry BVH Nozzle petal seam.121 14/45 | Building OptiX acceleration structure
Fra:1 Mem:15.58M (Peak 41.25M) | Time:00:01.49 | Mem:1.41M, Peak:1.83M | Scene, ViewLayer | Updating Geometry BVH Nozzle petal seam.143 42/45 | Building BVH
Fra:1 Mem:15.58M (Peak 41.25M) | Time:00:01.49 | Mem:1.41M, Peak:1.83M | Scene, ViewLayer | Updating Geometry BVH Nozzle petal seam.143 42/45 | Building OptiX acceleration structure
Fra:1 Mem:15.58M (Peak 41.25M) | Time:00:01.49 | Mem:1.42M, Peak:1.83M | Scene, ViewLayer | Updating Geometry BVH Nozzle petal seam.122 15/45 | Building BVH
Fra:1 Mem:15.58M (Peak 41.25M) | Time:00:01.49 | Mem:1.42M, Peak:1.83M | Scene, ViewLayer | Updating Geometry BVH Nozzle petal seam.122 15/45 | Building OptiX acceleration structure
Fra:1 Mem:15.58M (Peak 41.25M) | Time:00:01.49 | Mem:1.45M, Peak:1.83M | Scene, ViewLayer | Updating Geometry BVH Nozzle petal seam.123 16/45 | Building BVH
Fra:1 Mem:15.58M (Peak 41.25M) | Time:00:01.49 | Mem:1.45M, Peak:1.83M | Scene, ViewLayer | Updating Geometry BVH Nozzle petal seam.123 16/45 | Building OptiX acceleration structure
Fra:1 Mem:15.56M (Peak 41.25M) | Time:00:01.49 | Mem:1.41M, Peak:1.83M | Scene, ViewLayer | Updating Geometry BVH Nozzle petal seam.124 17/45 | Building BVH
Fra:1 Mem:15.56M (Peak 41.25M) | Time:00:01.49 | Mem:1.42M, Peak:1.83M | Scene, ViewLayer | Updating Geometry BVH Nozzle petal seam.124 17/45 | Building OptiX acceleration structure
Fra:1 Mem:15.56M (Peak 41.25M) | Time:00:01.49 | Mem:1.41M, Peak:1.83M | Scene, ViewLayer | Updating Geometry BVH Nozzle petal seam.125 18/45 | Building BVH
Fra:1 Mem:15.56M (Peak 41.25M) | Time:00:01.49 | Mem:1.43M, Peak:1.83M | Scene, ViewLayer | Updating Geometry BVH Nozzle petal seam.125 18/45 | Building OptiX acceleration structure
Fra:1 Mem:15.55M (Peak 41.25M) | Time:00:01.49 | Mem:1.41M, Peak:1.83M | Scene, ViewLayer | Updating Geometry BVH Nozzle petal seam.126 19/45 | Building BVH
Fra:1 Mem:15.55M (Peak 41.25M) | Time:00:01.49 | Mem:1.42M, Peak:1.83M | Scene, ViewLayer | Updating Geometry BVH Nozzle petal seam.126 19/45 | Building OptiX acceleration structure
Fra:1 Mem:15.55M (Peak 41.25M) | Time:00:01.49 | Mem:1.42M, Peak:1.83M | Scene, ViewLayer | Updating Geometry BVH Nozzle petal seam.127 20/45 | Building BVH
Fra:1 Mem:15.55M (Peak 41.25M) | Time:00:01.49 | Mem:1.42M, Peak:1.83M | Scene, ViewLayer | Updating Geometry BVH Nozzle petal seam.127 20/45 | Building OptiX acceleration structure
Fra:1 Mem:15.55M (Peak 41.25M) | Time:00:01.49 | Mem:1.42M, Peak:1.83M | Scene, ViewLayer | Updating Geometry BVH Nozzle petal seam.128 21/45 | Building BVH
Fra:1 Mem:15.55M (Peak 41.25M) | Time:00:01.49 | Mem:1.42M, Peak:1.83M | Scene, ViewLayer | Updating Geometry BVH Nozzle petal seam.128 21/45 | Building OptiX acceleration structure
Fra:1 Mem:15.55M (Peak 41.25M) | Time:00:01.50 | Mem:1.42M, Peak:1.83M | Scene, ViewLayer | Updating Geometry BVH Nozzle petal seam.142 41/45 | Building BVH
Fra:1 Mem:15.55M (Peak 41.25M) | Time:00:01.50 | Mem:1.42M, Peak:1.83M | Scene, ViewLayer | Updating Geometry BVH Nozzle petal seam.142 41/45 | Building OptiX acceleration structure
Fra:1 Mem:15.55M (Peak 41.25M) | Time:00:01.50 | Mem:1.42M, Peak:1.83M | Scene, ViewLayer | Updating Geometry BVH Nozzle petal seam.129 22/45 | Building BVH
Fra:1 Mem:15.55M (Peak 41.25M) | Time:00:01.50 | Mem:1.42M, Peak:1.83M | Scene, ViewLayer | Updating Geometry BVH Nozzle petal seam.129 22/45 | Building OptiX acceleration structure
Fra:1 Mem:15.55M (Peak 41.25M) | Time:00:01.50 | Mem:1.42M, Peak:1.83M | Scene, ViewLayer | Updating Geometry BVH Nozzle petal seam.130 23/45 | Building BVH
Fra:1 Mem:15.55M (Peak 41.25M) | Time:00:01.50 | Mem:1.42M, Peak:1.83M | Scene, ViewLayer | Updating Geometry BVH Nozzle petal seam.130 23/45 | Building OptiX acceleration structure
Fra:1 Mem:15.55M (Peak 41.25M) | Time:00:01.50 | Mem:1.42M, Peak:1.83M | Scene, ViewLayer | Updating Geometry BVH Nozzle petal seam.131 24/45 | Building BVH
Fra:1 Mem:15.55M (Peak 41.25M) | Time:00:01.50 | Mem:1.43M, Peak:1.83M | Scene, ViewLayer | Updating Geometry BVH Nozzle petal seam.131 24/45 | Building OptiX acceleration structure
Fra:1 Mem:15.55M (Peak 41.25M) | Time:00:01.50 | Mem:1.42M, Peak:1.83M | Scene, ViewLayer | Updating Geometry BVH Deep ion throat.010 25/45 | Building BVH
Fra:1 Mem:15.55M (Peak 41.25M) | Time:00:01.50 | Mem:1.43M, Peak:1.83M | Scene, ViewLayer | Updating Geometry BVH Deep ion throat.010 25/45 | Building OptiX acceleration structure
Fra:1 Mem:15.57M (Peak 41.25M) | Time:00:01.50 | Mem:1.45M, Peak:1.83M | Scene, ViewLayer | Updating Geometry BVH Deep intake duct.004 26/45 | Building BVH
Fra:1 Mem:15.57M (Peak 41.25M) | Time:00:01.50 | Mem:1.45M, Peak:1.83M | Scene, ViewLayer | Updating Geometry BVH Deep intake duct.004 26/45 | Building OptiX acceleration structure
Fra:1 Mem:15.57M (Peak 41.25M) | Time:00:01.50 | Mem:1.45M, Peak:1.83M | Scene, ViewLayer | Updating Geometry BVH Mesh 27/45 | Building BVH
Fra:1 Mem:15.57M (Peak 41.25M) | Time:00:01.50 | Mem:1.46M, Peak:1.83M | Scene, ViewLayer | Updating Geometry BVH Mesh 27/45 | Building OptiX acceleration structure
Fra:1 Mem:15.60M (Peak 41.25M) | Time:00:01.50 | Mem:1.48M, Peak:1.83M | Scene, ViewLayer | Updating Geometry BVH Nozzle petal seam.141 40/45 | Building BVH
Fra:1 Mem:15.60M (Peak 41.25M) | Time:00:01.50 | Mem:1.49M, Peak:1.83M | Scene, ViewLayer | Updating Geometry BVH Nozzle petal seam.141 40/45 | Building OptiX acceleration structure
Fra:1 Mem:15.60M (Peak 41.25M) | Time:00:01.51 | Mem:1.48M, Peak:1.83M | Scene, ViewLayer | Updating Geometry BVH Integrated lifting hull.005 28/45 | Building BVH
Fra:1 Mem:15.60M (Peak 41.25M) | Time:00:01.51 | Mem:1.48M, Peak:1.83M | Scene, ViewLayer | Updating Geometry BVH Integrated lifting hull.005 28/45 | Building OptiX acceleration structure
Fra:1 Mem:15.62M (Peak 41.25M) | Time:00:01.51 | Mem:1.50M, Peak:1.83M | Scene, ViewLayer | Updating Geometry BVH Integrated propulsion nacelle.005 29/45 | Building BVH
Fra:1 Mem:15.62M (Peak 41.25M) | Time:00:01.51 | Mem:1.50M, Peak:1.83M | Scene, ViewLayer | Updating Geometry BVH Integrated propulsion nacelle.005 29/45 | Building OptiX acceleration structure
Fra:1 Mem:15.62M (Peak 41.25M) | Time:00:01.51 | Mem:1.51M, Peak:1.83M | Scene, ViewLayer | Updating Geometry BVH Contoured expansion nozzle.011 30/45 | Building BVH
Fra:1 Mem:15.62M (Peak 41.25M) | Time:00:01.51 | Mem:1.56M, Peak:1.83M | Scene, ViewLayer | Updating Geometry BVH Contoured expansion nozzle.011 30/45 | Building OptiX acceleration structure
Fra:1 Mem:15.61M (Peak 41.25M) | Time:00:01.51 | Mem:1.51M, Peak:1.83M | Scene, ViewLayer | Updating Geometry BVH Nozzle petal seam.132 31/45 | Building BVH
Fra:1 Mem:15.61M (Peak 41.25M) | Time:00:01.51 | Mem:1.51M, Peak:1.83M | Scene, ViewLayer | Updating Geometry BVH Nozzle petal seam.132 31/45 | Building OptiX acceleration structure
Fra:1 Mem:15.61M (Peak 41.25M) | Time:00:01.51 | Mem:1.51M, Peak:1.83M | Scene, ViewLayer | Updating Geometry BVH Nozzle petal seam.133 32/45 | Building BVH
Fra:1 Mem:15.61M (Peak 41.25M) | Time:00:01.51 | Mem:1.51M, Peak:1.83M | Scene, ViewLayer | Updating Geometry BVH Nozzle petal seam.133 32/45 | Building OptiX acceleration structure
Fra:1 Mem:15.58M (Peak 41.25M) | Time:00:01.51 | Mem:1.52M, Peak:1.83M | Scene, ViewLayer | Updating Geometry BVH Nozzle petal seam.134 33/45 | Building BVH
Fra:1 Mem:15.58M (Peak 41.25M) | Time:00:01.51 | Mem:1.52M, Peak:1.83M | Scene, ViewLayer | Updating Geometry BVH Nozzle petal seam.134 33/45 | Building OptiX acceleration structure
Fra:1 Mem:15.58M (Peak 41.25M) | Time:00:01.51 | Mem:1.52M, Peak:1.83M | Scene, ViewLayer | Updating Geometry BVH Nozzle petal seam.140 39/45 | Building BVH
Fra:1 Mem:15.58M (Peak 41.25M) | Time:00:01.51 | Mem:1.55M, Peak:1.83M | Scene, ViewLayer | Updating Geometry BVH Nozzle petal seam.140 39/45 | Building OptiX acceleration structure
Fra:1 Mem:15.56M (Peak 41.25M) | Time:00:01.51 | Mem:1.52M, Peak:1.83M | Scene, ViewLayer | Updating Geometry BVH Nozzle petal seam.135 34/45 | Building BVH
Fra:1 Mem:15.56M (Peak 41.25M) | Time:00:01.51 | Mem:1.52M, Peak:1.83M | Scene, ViewLayer | Updating Geometry BVH Nozzle petal seam.135 34/45 | Building OptiX acceleration structure
Fra:1 Mem:15.56M (Peak 41.25M) | Time:00:01.51 | Mem:1.52M, Peak:1.83M | Scene, ViewLayer | Updating Geometry BVH Nozzle petal seam.136 35/45 | Building BVH
Fra:1 Mem:15.56M (Peak 41.25M) | Time:00:01.51 | Mem:1.52M, Peak:1.83M | Scene, ViewLayer | Updating Geometry BVH Nozzle petal seam.136 35/45 | Building OptiX acceleration structure
Fra:1 Mem:15.55M (Peak 41.25M) | Time:00:01.52 | Mem:1.52M, Peak:1.83M | Scene, ViewLayer | Updating Geometry BVH Nozzle petal seam.137 36/45 | Building BVH
Fra:1 Mem:15.55M (Peak 41.25M) | Time:00:01.52 | Mem:1.52M, Peak:1.83M | Scene, ViewLayer | Updating Geometry BVH Nozzle petal seam.137 36/45 | Building OptiX acceleration structure
Fra:1 Mem:15.55M (Peak 41.25M) | Time:00:01.52 | Mem:1.52M, Peak:1.83M | Scene, ViewLayer | Updating Geometry BVH Nozzle petal seam.138 37/45 | Building BVH
Fra:1 Mem:15.55M (Peak 41.25M) | Time:00:01.52 | Mem:1.52M, Peak:1.83M | Scene, ViewLayer | Updating Geometry BVH Nozzle petal seam.138 37/45 | Building OptiX acceleration structure
Fra:1 Mem:15.55M (Peak 41.25M) | Time:00:01.52 | Mem:1.53M, Peak:1.83M | Scene, ViewLayer | Updating Geometry BVH Nozzle petal seam.139 38/45 | Building BVH
Fra:1 Mem:15.55M (Peak 41.25M) | Time:00:01.52 | Mem:1.52M, Peak:1.83M | Scene, ViewLayer | Updating Geometry BVH Nozzle petal seam.139 38/45 | Building OptiX acceleration structure
Fra:1 Mem:15.55M (Peak 41.25M) | Time:00:01.54 | Mem:1.53M, Peak:1.83M | Scene, ViewLayer | Updating Scene BVH | Building
Fra:1 Mem:15.55M (Peak 41.25M) | Time:00:01.54 | Mem:1.53M, Peak:1.83M | Scene, ViewLayer | Updating Scene BVH | Building OptiX acceleration structure
Fra:1 Mem:15.55M (Peak 41.25M) | Time:00:01.54 | Mem:1.54M, Peak:1.83M | Scene, ViewLayer | Updating Scene BVH | Copying BVH to device
Fra:1 Mem:15.55M (Peak 41.25M) | Time:00:01.54 | Mem:1.54M, Peak:1.83M | Scene, ViewLayer | Updating Mesh | Computing normals
Fra:1 Mem:16.20M (Peak 41.25M) | Time:00:01.54 | Mem:1.54M, Peak:1.83M | Scene, ViewLayer | Updating Mesh | Copying Mesh to device
Fra:1 Mem:16.20M (Peak 41.25M) | Time:00:01.54 | Mem:2.19M, Peak:2.19M | Scene, ViewLayer | Updating Objects Flags
Fra:1 Mem:16.20M (Peak 41.25M) | Time:00:01.54 | Mem:2.19M, Peak:2.19M | Scene, ViewLayer | Updating Primitive Offsets
Fra:1 Mem:16.20M (Peak 41.25M) | Time:00:01.54 | Mem:2.19M, Peak:2.19M | Scene, ViewLayer | Updating Images
Fra:1 Mem:16.20M (Peak 41.25M) | Time:00:01.54 | Mem:2.19M, Peak:2.19M | Scene, ViewLayer | Updating Images | Loading panel-normal.png
Fra:1 Mem:20.20M (Peak 41.25M) | Time:00:01.54 | Mem:2.19M, Peak:2.19M | Scene, ViewLayer | Updating Images | Loading cobalt-basecolor.png
Fra:1 Mem:24.20M (Peak 41.25M) | Time:00:01.54 | Mem:2.19M, Peak:2.19M | Scene, ViewLayer | Updating Images | Loading white-basecolor.png
Fra:1 Mem:32.22M (Peak 41.25M) | Time:00:01.85 | Mem:18.19M, Peak:18.19M | Scene, ViewLayer | Updating Camera Volume
Fra:1 Mem:32.22M (Peak 41.25M) | Time:00:01.85 | Mem:18.19M, Peak:18.19M | Scene, ViewLayer | Updating Lookup Tables
Fra:1 Mem:32.22M (Peak 41.25M) | Time:00:01.85 | Mem:18.27M, Peak:18.27M | Scene, ViewLayer | Updating Lights
Fra:1 Mem:32.22M (Peak 41.25M) | Time:00:01.85 | Mem:18.27M, Peak:18.27M | Scene, ViewLayer | Updating Lights | Computing tree
Fra:1 Mem:32.41M (Peak 41.25M) | Time:00:01.88 | Mem:18.46M, Peak:18.46M | Scene, ViewLayer | Updating Integrator
Fra:1 Mem:32.41M (Peak 41.25M) | Time:00:01.88 | Mem:18.46M, Peak:18.46M | Scene, ViewLayer | Updating Film
Fra:1 Mem:32.41M (Peak 41.25M) | Time:00:01.88 | Mem:18.38M, Peak:18.46M | Scene, ViewLayer | Updating Lookup Tables
Fra:1 Mem:32.41M (Peak 41.25M) | Time:00:01.88 | Mem:18.47M, Peak:18.47M | Scene, ViewLayer | Updating Baking
Fra:1 Mem:32.41M (Peak 41.25M) | Time:00:01.88 | Mem:18.47M, Peak:18.47M | Scene, ViewLayer | Updating Device | Writing constant memory
Fra:1 Mem:32.41M (Peak 41.25M) | Time:00:01.88 | Mem:18.47M, Peak:18.47M | Scene, ViewLayer | Loading denoising kernels (may take a few minutes the first time)
Fra:1 Mem:36.41M (Peak 41.25M) | Time:00:02.05 | Mem:370.47M, Peak:370.47M | Scene, ViewLayer | Sample 0/24
Fra:1 Mem:83.38M (Peak 83.38M) | Time:00:02.23 | Remaining:00:04.03 | Mem:417.45M, Peak:417.45M | Scene, ViewLayer | Sample 1/24
Fra:1 Mem:103.17M (Peak 132.83M) | Time:00:09.00 | Mem:417.45M, Peak:417.45M | Scene, ViewLayer | Sample 24/24
Fra:1 Mem:103.17M (Peak 132.83M) | Time:00:09.00 | Mem:417.45M, Peak:417.45M | Scene, ViewLayer | Finished
Saved: 'D:\vibe-coding-e\nova-swarm-forum-129-improvements-20260822\docs\fleet-art-v2\ships\05\surfaced.png'
Time: 00:09.44 (Saving: 00:00.17)

Info: Saved as "source.blend"
17:08:58 | INFO: Starting glTF 2.0 export
17:08:58 | INFO: Extracting primitive: Continuous pressure fuselage.002
17:08:58 | WARNING: More than one shader node tex image used for a texture. The resulting glTF sampler will behave like the first shader node tex image.
17:08:58 | WARNING: More than one shader node tex image used for a texture. The resulting glTF sampler will behave like the first shader node tex image.
17:08:58 | INFO: Primitives created: 6
17:08:59 | INFO: Finished glTF 2.0 export in 0.24460697174072266 s
Fra:1 Mem:15.28M (Peak 30.78M) | Time:00:00.81 | Mem:0.00M, Peak:0.00M | Scene, ViewLayer | Synchronizing object | CrimsonBiteV2
Fra:1 Mem:15.49M (Peak 30.78M) | Time:00:00.81 | Mem:0.00M, Peak:0.00M | Scene, ViewLayer | Synchronizing object | Broad neutral key
Fra:1 Mem:15.49M (Peak 30.78M) | Time:00:00.81 | Mem:0.00M, Peak:0.00M | Scene, ViewLayer | Synchronizing object | Neutral fill
Fra:1 Mem:16.92M (Peak 30.78M) | Time:00:00.84 | Mem:0.00M, Peak:0.00M | Scene, ViewLayer | Initializing
Fra:1 Mem:16.44M (Peak 30.78M) | Time:00:00.84 | Mem:0.00M, Peak:0.00M | Scene, ViewLayer | Waiting for render to start
Fra:1 Mem:16.44M (Peak 30.78M) | Time:00:00.84 | Mem:0.00M, Peak:0.00M | Scene, ViewLayer | Updating Scene
Fra:1 Mem:16.44M (Peak 30.78M) | Time:00:00.84 | Mem:0.00M, Peak:0.00M | Scene, ViewLayer | Updating Shaders
Fra:1 Mem:16.44M (Peak 30.78M) | Time:00:00.84 | Mem:0.00M, Peak:0.00M | Scene, ViewLayer | Loading render kernels (may take a few minutes the first time)
Fra:1 Mem:16.53M (Peak 43.82M) | Time:00:01.48 | Mem:0.01M, Peak:0.01M | Scene, ViewLayer | Updating Procedurals
Fra:1 Mem:16.53M (Peak 43.82M) | Time:00:01.48 | Mem:0.01M, Peak:0.01M | Scene, ViewLayer | Updating Background
Fra:1 Mem:16.53M (Peak 43.82M) | Time:00:01.48 | Mem:0.01M, Peak:0.01M | Scene, ViewLayer | Updating Camera
Fra:1 Mem:16.53M (Peak 43.82M) | Time:00:01.48 | Mem:0.01M, Peak:0.01M | Scene, ViewLayer | Updating Meshes Flags
Fra:1 Mem:16.53M (Peak 43.82M) | Time:00:01.48 | Mem:0.01M, Peak:0.01M | Scene, ViewLayer | Updating Objects
Fra:1 Mem:16.53M (Peak 43.82M) | Time:00:01.48 | Mem:0.01M, Peak:0.01M | Scene, ViewLayer | Updating Objects | Copying Transformations to device
Fra:1 Mem:16.53M (Peak 43.82M) | Time:00:01.48 | Mem:0.01M, Peak:0.01M | Scene, ViewLayer | Updating Particle Systems
Fra:1 Mem:16.53M (Peak 43.82M) | Time:00:01.48 | Mem:0.01M, Peak:0.01M | Scene, ViewLayer | Updating Particle Systems | Copying Particles to device
Fra:1 Mem:16.53M (Peak 43.82M) | Time:00:01.48 | Mem:0.01M, Peak:0.01M | Scene, ViewLayer | Updating Meshes
Fra:1 Mem:17.65M (Peak 43.82M) | Time:00:01.50 | Mem:0.01M, Peak:0.01M | Scene, ViewLayer | Updating Objects | Applying Static Transformations
Fra:1 Mem:17.65M (Peak 43.82M) | Time:00:01.50 | Mem:0.01M, Peak:0.01M | Scene, ViewLayer | Updating Mesh | Computing attributes
Fra:1 Mem:19.13M (Peak 43.82M) | Time:00:01.51 | Mem:0.01M, Peak:0.01M | Scene, ViewLayer | Updating Mesh | Copying Attributes to device
Fra:1 Mem:19.13M (Peak 43.82M) | Time:00:01.51 | Mem:1.50M, Peak:1.50M | Scene, ViewLayer | Updating Geometry BVH light 5/4 | Building BVH
Fra:1 Mem:19.13M (Peak 43.82M) | Time:00:01.51 | Mem:1.50M, Peak:1.50M | Scene, ViewLayer | Updating Geometry BVH Neutral fill 3/4 | Building OptiX acceleration structure
Fra:1 Mem:19.13M (Peak 43.82M) | Time:00:01.51 | Mem:1.50M, Peak:1.50M | Scene, ViewLayer | Updating Geometry BVH Continuous pressure fuselage.002 4/4 | Building BVH
Fra:1 Mem:19.13M (Peak 43.82M) | Time:00:01.51 | Mem:1.50M, Peak:1.50M | Scene, ViewLayer | Updating Geometry BVH Continuous pressure fuselage.002 4/4 | Building OptiX acceleration structure
Fra:1 Mem:19.13M (Peak 43.82M) | Time:00:01.51 | Mem:1.98M, Peak:3.45M | Scene, ViewLayer | Updating Scene BVH | Building
Fra:1 Mem:19.13M (Peak 43.82M) | Time:00:01.51 | Mem:1.98M, Peak:3.45M | Scene, ViewLayer | Updating Scene BVH | Building OptiX acceleration structure
Fra:1 Mem:19.13M (Peak 43.82M) | Time:00:01.51 | Mem:1.98M, Peak:3.45M | Scene, ViewLayer | Updating Scene BVH | Copying BVH to device
Fra:1 Mem:19.13M (Peak 43.82M) | Time:00:01.51 | Mem:1.98M, Peak:3.45M | Scene, ViewLayer | Updating Mesh | Computing normals
Fra:1 Mem:19.72M (Peak 43.82M) | Time:00:01.51 | Mem:1.98M, Peak:3.45M | Scene, ViewLayer | Updating Mesh | Copying Mesh to device
Fra:1 Mem:19.72M (Peak 43.82M) | Time:00:01.52 | Mem:2.56M, Peak:3.45M | Scene, ViewLayer | Updating Objects Flags
Fra:1 Mem:19.72M (Peak 43.82M) | Time:00:01.52 | Mem:2.56M, Peak:3.45M | Scene, ViewLayer | Updating Primitive Offsets
Fra:1 Mem:19.72M (Peak 43.82M) | Time:00:01.52 | Mem:2.56M, Peak:3.45M | Scene, ViewLayer | Updating Images
Fra:1 Mem:19.72M (Peak 43.82M) | Time:00:01.52 | Mem:2.56M, Peak:3.45M | Scene, ViewLayer | Updating Images | Loading panel-normal.png
Fra:1 Mem:23.72M (Peak 43.82M) | Time:00:01.52 | Mem:2.56M, Peak:3.45M | Scene, ViewLayer | Updating Images | Loading cobalt-basecolor.png
Fra:1 Mem:27.72M (Peak 43.82M) | Time:00:01.52 | Mem:2.56M, Peak:3.45M | Scene, ViewLayer | Updating Images | Loading paint-orm.png
Fra:1 Mem:35.73M (Peak 43.82M) | Time:00:01.56 | Mem:18.56M, Peak:18.56M | Scene, ViewLayer | Updating Camera Volume
Fra:1 Mem:35.73M (Peak 43.82M) | Time:00:01.56 | Mem:18.56M, Peak:18.56M | Scene, ViewLayer | Updating Lookup Tables
Fra:1 Mem:35.73M (Peak 43.82M) | Time:00:01.56 | Mem:18.64M, Peak:18.64M | Scene, ViewLayer | Updating Lights
Fra:1 Mem:35.73M (Peak 43.82M) | Time:00:01.56 | Mem:18.65M, Peak:18.65M | Scene, ViewLayer | Updating Lights | Computing tree
Fra:1 Mem:35.99M (Peak 43.82M) | Time:00:01.57 | Mem:18.90M, Peak:18.90M | Scene, ViewLayer | Updating Integrator
Fra:1 Mem:35.99M (Peak 43.82M) | Time:00:01.57 | Mem:18.90M, Peak:18.90M | Scene, ViewLayer | Updating Film
Fra:1 Mem:35.99M (Peak 43.82M) | Time:00:01.57 | Mem:18.82M, Peak:18.90M | Scene, ViewLayer | Updating Lookup Tables
Fra:1 Mem:35.99M (Peak 43.82M) | Time:00:01.57 | Mem:18.91M, Peak:18.91M | Scene, ViewLayer | Updating Baking
Fra:1 Mem:35.99M (Peak 43.82M) | Time:00:01.57 | Mem:18.91M, Peak:18.91M | Scene, ViewLayer | Updating Device | Writing constant memory
Fra:1 Mem:36.00M (Peak 43.82M) | Time:00:01.57 | Mem:18.91M, Peak:18.91M | Scene, ViewLayer | Loading denoising kernels (may take a few minutes the first time)
Fra:1 Mem:40.00M (Peak 43.82M) | Time:00:02.03 | Mem:370.91M, Peak:370.91M | Scene, ViewLayer | Sample 0/24
Fra:1 Mem:116.00M (Peak 116.00M) | Time:00:05.44 | Remaining:01:18.36 | Mem:446.92M, Peak:446.92M | Scene, ViewLayer | Sample 1/24
Fra:1 Mem:116.01M (Peak 116.01M) | Time:01:09.20 | Remaining:01:19.38 | Mem:446.93M, Peak:446.93M | Scene, ViewLayer | Sample 11/24
Fra:1 Mem:148.01M (Peak 196.01M) | Time:01:35.64 | Mem:446.93M, Peak:446.93M | Scene, ViewLayer | Sample 24/24
Fra:1 Mem:148.01M (Peak 196.01M) | Time:01:35.64 | Mem:446.93M, Peak:446.93M | Scene, ViewLayer | Finished
Saved: 'D:\vibe-coding-e\nova-swarm-forum-129-improvements-20260822\docs\fleet-art-v2\ships\05\export\showroom.png'
Time: 01:36.70 (Saving: 00:00.33)

Fra:1 Mem:15.57M (Peak 15.57M) | Time:00:00.37 | Mem:0.00M, Peak:0.00M | Scene, ViewLayer | Synchronizing object | CrimsonBiteV2
Fra:1 Mem:17.22M (Peak 17.22M) | Time:00:00.38 | Mem:0.00M, Peak:0.00M | Scene, ViewLayer | Synchronizing object | Broad neutral key
Fra:1 Mem:17.22M (Peak 17.22M) | Time:00:00.38 | Mem:0.00M, Peak:0.00M | Scene, ViewLayer | Synchronizing object | Neutral fill
Fra:1 Mem:16.92M (Peak 18.55M) | Time:00:00.39 | Mem:0.00M, Peak:0.00M | Scene, ViewLayer | Initializing
Fra:1 Mem:16.44M (Peak 18.55M) | Time:00:00.40 | Mem:0.00M, Peak:0.00M | Scene, ViewLayer | Waiting for render to start
Fra:1 Mem:16.44M (Peak 18.55M) | Time:00:00.40 | Mem:0.00M, Peak:0.00M | Scene, ViewLayer | Updating Scene
Fra:1 Mem:16.44M (Peak 18.55M) | Time:00:00.40 | Mem:0.00M, Peak:0.00M | Scene, ViewLayer | Updating Shaders
Fra:1 Mem:16.44M (Peak 18.55M) | Time:00:00.40 | Mem:0.00M, Peak:0.00M | Scene, ViewLayer | Loading render kernels (may take a few minutes the first time)
Fra:1 Mem:16.53M (Peak 43.82M) | Time:00:00.79 | Mem:0.01M, Peak:0.01M | Scene, ViewLayer | Updating Procedurals
Fra:1 Mem:16.53M (Peak 43.82M) | Time:00:00.79 | Mem:0.01M, Peak:0.01M | Scene, ViewLayer | Updating Background
Fra:1 Mem:16.53M (Peak 43.82M) | Time:00:00.79 | Mem:0.01M, Peak:0.01M | Scene, ViewLayer | Updating Camera
Fra:1 Mem:16.53M (Peak 43.82M) | Time:00:00.79 | Mem:0.01M, Peak:0.01M | Scene, ViewLayer | Updating Meshes Flags
Fra:1 Mem:16.53M (Peak 43.82M) | Time:00:00.79 | Mem:0.01M, Peak:0.01M | Scene, ViewLayer | Updating Objects
Fra:1 Mem:16.53M (Peak 43.82M) | Time:00:00.79 | Mem:0.01M, Peak:0.01M | Scene, ViewLayer | Updating Objects | Copying Transformations to device
Fra:1 Mem:16.53M (Peak 43.82M) | Time:00:00.80 | Mem:0.01M, Peak:0.01M | Scene, ViewLayer | Updating Particle Systems
Fra:1 Mem:16.53M (Peak 43.82M) | Time:00:00.80 | Mem:0.01M, Peak:0.01M | Scene, ViewLayer | Updating Particle Systems | Copying Particles to device
Fra:1 Mem:16.53M (Peak 43.82M) | Time:00:00.80 | Mem:0.01M, Peak:0.01M | Scene, ViewLayer | Updating Meshes
Fra:1 Mem:17.65M (Peak 43.82M) | Time:00:00.82 | Mem:0.01M, Peak:0.01M | Scene, ViewLayer | Updating Objects | Applying Static Transformations
Fra:1 Mem:17.65M (Peak 43.82M) | Time:00:00.82 | Mem:0.01M, Peak:0.01M | Scene, ViewLayer | Updating Mesh | Computing attributes
Fra:1 Mem:19.13M (Peak 43.82M) | Time:00:00.82 | Mem:0.01M, Peak:0.01M | Scene, ViewLayer | Updating Mesh | Copying Attributes to device
Fra:1 Mem:19.13M (Peak 43.82M) | Time:00:00.82 | Mem:1.50M, Peak:1.50M | Scene, ViewLayer | Updating Geometry BVH light 5/4 | Building BVH
Fra:1 Mem:19.13M (Peak 43.82M) | Time:00:00.82 | Mem:1.50M, Peak:1.50M | Scene, ViewLayer | Updating Geometry BVH Continuous pressure fuselage.002 4/4 | Building OptiX acceleration structure
Fra:1 Mem:19.13M (Peak 43.82M) | Time:00:00.83 | Mem:1.98M, Peak:3.45M | Scene, ViewLayer | Updating Scene BVH | Building
Fra:1 Mem:19.13M (Peak 43.82M) | Time:00:00.83 | Mem:1.98M, Peak:3.45M | Scene, ViewLayer | Updating Scene BVH | Building OptiX acceleration structure
Fra:1 Mem:19.13M (Peak 43.82M) | Time:00:00.83 | Mem:1.98M, Peak:3.45M | Scene, ViewLayer | Updating Scene BVH | Copying BVH to device
Fra:1 Mem:19.13M (Peak 43.82M) | Time:00:00.83 | Mem:1.98M, Peak:3.45M | Scene, ViewLayer | Updating Mesh | Computing normals
Fra:1 Mem:19.72M (Peak 43.82M) | Time:00:00.83 | Mem:1.98M, Peak:3.45M | Scene, ViewLayer | Updating Mesh | Copying Mesh to device
Fra:1 Mem:19.72M (Peak 43.82M) | Time:00:00.83 | Mem:2.56M, Peak:3.45M | Scene, ViewLayer | Updating Objects Flags
Fra:1 Mem:19.72M (Peak 43.82M) | Time:00:00.83 | Mem:2.56M, Peak:3.45M | Scene, ViewLayer | Updating Primitive Offsets
Fra:1 Mem:19.72M (Peak 43.82M) | Time:00:00.83 | Mem:2.56M, Peak:3.45M | Scene, ViewLayer | Updating Images
Fra:1 Mem:19.72M (Peak 43.82M) | Time:00:00.83 | Mem:2.56M, Peak:3.45M | Scene, ViewLayer | Updating Images | Loading panel-normal.png
Fra:1 Mem:23.72M (Peak 43.82M) | Time:00:00.83 | Mem:2.56M, Peak:3.45M | Scene, ViewLayer | Updating Images | Loading white-basecolor.png
Fra:1 Mem:27.72M (Peak 43.82M) | Time:00:00.83 | Mem:2.56M, Peak:3.45M | Scene, ViewLayer | Updating Images | Loading paint-orm.png
Fra:1 Mem:35.73M (Peak 43.82M) | Time:00:00.86 | Mem:18.56M, Peak:18.56M | Scene, ViewLayer | Updating Camera Volume
Fra:1 Mem:35.73M (Peak 43.82M) | Time:00:00.86 | Mem:18.56M, Peak:18.56M | Scene, ViewLayer | Updating Lookup Tables
Fra:1 Mem:35.73M (Peak 43.82M) | Time:00:00.86 | Mem:18.64M, Peak:18.64M | Scene, ViewLayer | Updating Lights
Fra:1 Mem:35.73M (Peak 43.82M) | Time:00:00.86 | Mem:18.65M, Peak:18.65M | Scene, ViewLayer | Updating Lights | Computing tree
Fra:1 Mem:35.99M (Peak 43.82M) | Time:00:00.87 | Mem:18.90M, Peak:18.90M | Scene, ViewLayer | Updating Integrator
Fra:1 Mem:35.99M (Peak 43.82M) | Time:00:00.87 | Mem:18.90M, Peak:18.90M | Scene, ViewLayer | Updating Film
Fra:1 Mem:35.99M (Peak 43.82M) | Time:00:00.87 | Mem:18.82M, Peak:18.90M | Scene, ViewLayer | Updating Lookup Tables
Fra:1 Mem:35.99M (Peak 43.82M) | Time:00:00.87 | Mem:18.91M, Peak:18.91M | Scene, ViewLayer | Updating Baking
Fra:1 Mem:35.99M (Peak 43.82M) | Time:00:00.87 | Mem:18.91M, Peak:18.91M | Scene, ViewLayer | Updating Device | Writing constant memory
Fra:1 Mem:36.00M (Peak 43.82M) | Time:00:00.87 | Mem:18.91M, Peak:18.91M | Scene, ViewLayer | Loading denoising kernels (may take a few minutes the first time)
Fra:1 Mem:40.00M (Peak 43.82M) | Time:00:00.93 | Mem:370.91M, Peak:370.91M | Scene, ViewLayer | Sample 0/24
Fra:1 Mem:59.00M (Peak 59.00M) | Time:00:00.96 | Remaining:00:00.74 | Mem:389.92M, Peak:389.92M | Scene, ViewLayer | Sample 1/24
Fra:1 Mem:67.01M (Peak 79.01M) | Time:00:02.84 | Mem:389.93M, Peak:389.93M | Scene, ViewLayer | Sample 24/24
Fra:1 Mem:67.01M (Peak 79.01M) | Time:00:02.84 | Mem:389.93M, Peak:389.93M | Scene, ViewLayer | Finished
Saved: 'D:\vibe-coding-e\nova-swarm-forum-129-improvements-20260822\docs\fleet-art-v2\ships\05\export\player.png'
Time: 00:03.43 (Saving: 00:00.10)


FLEET_V2_COMPLETE 5 Crimson Bite
Read blend: "D:\vibe-coding-e\nova-swarm-forum-129-improvements-20260822\docs\fleet-art-v2\ships\06\source.blend"
Fra:1 Mem:15.35M (Peak 15.35M) | Time:00:00.44 | Mem:0.00M, Peak:0.00M | Scene, ViewLayer | Synchronizing object | Broad neutral key
Fra:1 Mem:15.35M (Peak 15.35M) | Time:00:00.44 | Mem:0.00M, Peak:0.00M | Scene, ViewLayer | Synchronizing object | Neutral fill
Fra:1 Mem:15.67M (Peak 15.67M) | Time:00:00.58 | Mem:0.00M, Peak:0.00M | Scene, ViewLayer | Synchronizing object | Continuous pressure fuselage
Fra:1 Mem:16.53M (Peak 16.53M) | Time:00:00.64 | Mem:0.00M, Peak:0.00M | Scene, ViewLayer | Synchronizing object | Cockpit integrated coaming
Fra:1 Mem:17.05M (Peak 17.05M) | Time:00:00.70 | Mem:0.00M, Peak:0.00M | Scene, ViewLayer | Synchronizing object | Pressure canopy glazing
Fra:1 Mem:17.05M (Peak 17.05M) | Time:00:00.70 | Mem:0.00M, Peak:0.00M | Scene, ViewLayer | Synchronizing object | Canopy lower frame
Fra:1 Mem:17.29M (Peak 17.29M) | Time:00:00.70 | Mem:0.00M, Peak:0.00M | Scene, ViewLayer | Synchronizing object | Canopy lower frame.001
Fra:1 Mem:17.29M (Peak 17.29M) | Time:00:00.70 | Mem:0.00M, Peak:0.00M | Scene, ViewLayer | Synchronizing object | Canopy pressure bow
Fra:1 Mem:17.30M (Peak 17.30M) | Time:00:00.70 | Mem:0.00M, Peak:0.00M | Scene, ViewLayer | Synchronizing object | Integrated lifting hull
Fra:1 Mem:17.30M (Peak 17.30M) | Time:00:00.70 | Mem:0.00M, Peak:0.00M | Scene, ViewLayer | Synchronizing object | Nozzle petal seam
Fra:1 Mem:17.31M (Peak 17.31M) | Time:00:00.70 | Mem:0.00M, Peak:0.00M | Scene, ViewLayer | Synchronizing object | Contoured expansion nozzle
Fra:1 Mem:17.31M (Peak 17.31M) | Time:00:00.70 | Mem:0.00M, Peak:0.00M | Scene, ViewLayer | Synchronizing object | Nozzle petal seam.001
Fra:1 Mem:17.40M (Peak 17.40M) | Time:00:00.70 | Mem:0.00M, Peak:0.00M | Scene, ViewLayer | Synchronizing object | Nozzle petal seam.002
Fra:1 Mem:17.43M (Peak 17.43M) | Time:00:00.70 | Mem:0.00M, Peak:0.00M | Scene, ViewLayer | Synchronizing object | Nozzle petal seam.003
Fra:1 Mem:17.41M (Peak 17.43M) | Time:00:00.70 | Mem:0.00M, Peak:0.00M | Scene, ViewLayer | Synchronizing object | Nozzle petal seam.004
Fra:1 Mem:17.46M (Peak 17.46M) | Time:00:00.70 | Mem:0.00M, Peak:0.00M | Scene, ViewLayer | Synchronizing object | Nozzle petal seam.005
Fra:1 Mem:17.46M (Peak 17.46M) | Time:00:00.70 | Mem:0.00M, Peak:0.00M | Scene, ViewLayer | Synchronizing object | Nozzle petal seam.006
Fra:1 Mem:17.46M (Peak 17.46M) | Time:00:00.70 | Mem:0.00M, Peak:0.00M | Scene, ViewLayer | Synchronizing object | Nozzle petal seam.007
Fra:1 Mem:17.45M (Peak 17.46M) | Time:00:00.70 | Mem:0.00M, Peak:0.00M | Scene, ViewLayer | Synchronizing object | Nozzle petal seam.008
Fra:1 Mem:17.48M (Peak 17.48M) | Time:00:00.70 | Mem:0.00M, Peak:0.00M | Scene, ViewLayer | Synchronizing object | Nozzle petal seam.009
Fra:1 Mem:17.50M (Peak 17.50M) | Time:00:00.70 | Mem:0.00M, Peak:0.00M | Scene, ViewLayer | Synchronizing object | Nozzle petal seam.010
Fra:1 Mem:17.50M (Peak 17.50M) | Time:00:00.70 | Mem:0.00M, Peak:0.00M | Scene, ViewLayer | Synchronizing object | Nozzle petal seam.011
Fra:1 Mem:17.51M (Peak 17.51M) | Time:00:00.70 | Mem:0.00M, Peak:0.00M | Scene, ViewLayer | Synchronizing object | Deep ion throat
Fra:1 Mem:17.51M (Peak 17.51M) | Time:00:00.70 | Mem:0.00M, Peak:0.00M | Scene, ViewLayer | Synchronizing object | Recessed shield field slit
Fra:1 Mem:17.52M (Peak 17.52M) | Time:00:00.70 | Mem:0.00M, Peak:0.00M | Scene, ViewLayer | Synchronizing object | Recessed shield field slit.001
Fra:1 Mem:17.61M (Peak 17.61M) | Time:00:00.70 | Mem:0.00M, Peak:0.00M | Scene, ViewLayer | Synchronizing object | Recessed shield field slit.002
Fra:1 Mem:17.71M (Peak 17.71M) | Time:00:00.70 | Mem:0.00M, Peak:0.00M | Scene, ViewLayer | Synchronizing object | Recessed shield field slit.003
Fra:1 Mem:17.70M (Peak 17.71M) | Time:00:00.70 | Mem:0.00M, Peak:0.00M | Scene, ViewLayer | Synchronizing object | Integrated lifting hull.001
Fra:1 Mem:17.73M (Peak 17.73M) | Time:00:00.70 | Mem:0.00M, Peak:0.00M | Scene, ViewLayer | Synchronizing object | Contoured expansion nozzle.001
Fra:1 Mem:17.77M (Peak 17.77M) | Time:00:00.70 | Mem:0.00M, Peak:0.00M | Scene, ViewLayer | Synchronizing object | Nozzle petal seam.012
Fra:1 Mem:17.77M (Peak 17.77M) | Time:00:00.70 | Mem:0.00M, Peak:0.00M | Scene, ViewLayer | Synchronizing object | Nozzle petal seam.013
Fra:1 Mem:17.83M (Peak 17.83M) | Time:00:00.70 | Mem:0.00M, Peak:0.00M | Scene, ViewLayer | Synchronizing object | Nozzle petal seam.014
Fra:1 Mem:17.81M (Peak 17.83M) | Time:00:00.70 | Mem:0.00M, Peak:0.00M | Scene, ViewLayer | Synchronizing object | Nozzle petal seam.015
Fra:1 Mem:17.80M (Peak 17.83M) | Time:00:00.70 | Mem:0.00M, Peak:0.00M | Scene, ViewLayer | Synchronizing object | Nozzle petal seam.016
Fra:1 Mem:17.80M (Peak 17.83M) | Time:00:00.70 | Mem:0.00M, Peak:0.00M | Scene, ViewLayer | Synchronizing object | Nozzle petal seam.017
Fra:1 Mem:17.83M (Peak 17.83M) | Time:00:00.70 | Mem:0.00M, Peak:0.00M | Scene, ViewLayer | Synchronizing object | Nozzle petal seam.018
Fra:1 Mem:17.80M (Peak 17.83M) | Time:00:00.70 | Mem:0.00M, Peak:0.00M | Scene, ViewLayer | Synchronizing object | Nozzle petal seam.019
Fra:1 Mem:17.80M (Peak 17.83M) | Time:00:00.70 | Mem:0.00M, Peak:0.00M | Scene, ViewLayer | Synchronizing object | Nozzle petal seam.020
Fra:1 Mem:17.80M (Peak 17.83M) | Time:00:00.70 | Mem:0.00M, Peak:0.00M | Scene, ViewLayer | Synchronizing object | Nozzle petal seam.021
Fra:1 Mem:17.81M (Peak 17.83M) | Time:00:00.70 | Mem:0.00M, Peak:0.00M | Scene, ViewLayer | Synchronizing object | Nozzle petal seam.022
Fra:1 Mem:17.90M (Peak 17.90M) | Time:00:00.70 | Mem:0.00M, Peak:0.00M | Scene, ViewLayer | Synchronizing object | Nozzle petal seam.023
Fra:1 Mem:17.82M (Peak 17.90M) | Time:00:00.70 | Mem:0.00M, Peak:0.00M | Scene, ViewLayer | Synchronizing object | Deep ion throat.001
Fra:1 Mem:17.82M (Peak 17.90M) | Time:00:00.70 | Mem:0.00M, Peak:0.00M | Scene, ViewLayer | Synchronizing object | Deep intake duct.001
Fra:1 Mem:17.84M (Peak 17.90M) | Time:00:00.70 | Mem:0.00M, Peak:0.00M | Scene, ViewLayer | Synchronizing object | Recessed shield field slit.004
Fra:1 Mem:17.90M (Peak 17.90M) | Time:00:00.70 | Mem:0.00M, Peak:0.00M | Scene, ViewLayer | Synchronizing object | Recessed shield field slit.005
Fra:1 Mem:17.92M (Peak 17.92M) | Time:00:00.70 | Mem:0.00M, Peak:0.00M | Scene, ViewLayer | Synchronizing object | Recessed shield field slit.006
Fra:1 Mem:18.00M (Peak 18.00M) | Time:00:00.70 | Mem:0.00M, Peak:0.00M | Scene, ViewLayer | Synchronizing object | Recessed shield field slit.007
Fra:1 Mem:18.02M (Peak 18.02M) | Time:00:00.71 | Mem:0.00M, Peak:0.00M | Scene, ViewLayer | Initializing
Fra:1 Mem:14.32M (Peak 18.02M) | Time:00:00.71 | Mem:0.00M, Peak:0.00M | Scene, ViewLayer | Waiting for render to start
Fra:1 Mem:14.32M (Peak 18.02M) | Time:00:00.71 | Mem:0.00M, Peak:0.00M | Scene, ViewLayer | Updating Scene
Fra:1 Mem:14.32M (Peak 18.02M) | Time:00:00.71 | Mem:0.00M, Peak:0.00M | Scene, ViewLayer | Updating Shaders
Fra:1 Mem:14.32M (Peak 18.02M) | Time:00:00.71 | Mem:0.00M, Peak:0.00M | Scene, ViewLayer | Loading render kernels (may take a few minutes the first time)
Fra:1 Mem:14.40M (Peak 41.69M) | Time:00:01.33 | Mem:0.01M, Peak:0.01M | Scene, ViewLayer | Updating Procedurals
Fra:1 Mem:14.40M (Peak 41.69M) | Time:00:01.33 | Mem:0.01M, Peak:0.01M | Scene, ViewLayer | Updating Background
Fra:1 Mem:14.40M (Peak 41.69M) | Time:00:01.33 | Mem:0.01M, Peak:0.01M | Scene, ViewLayer | Updating Camera
Fra:1 Mem:14.40M (Peak 41.69M) | Time:00:01.33 | Mem:0.01M, Peak:0.01M | Scene, ViewLayer | Updating Meshes Flags
Fra:1 Mem:14.40M (Peak 41.69M) | Time:00:01.33 | Mem:0.01M, Peak:0.01M | Scene, ViewLayer | Updating Objects
Fra:1 Mem:14.40M (Peak 41.69M) | Time:00:01.33 | Mem:0.01M, Peak:0.01M | Scene, ViewLayer | Updating Objects | Copying Transformations to device
Fra:1 Mem:14.42M (Peak 41.69M) | Time:00:01.33 | Mem:0.02M, Peak:0.02M | Scene, ViewLayer | Updating Particle Systems
Fra:1 Mem:14.42M (Peak 41.69M) | Time:00:01.33 | Mem:0.02M, Peak:0.02M | Scene, ViewLayer | Updating Particle Systems | Copying Particles to device
Fra:1 Mem:14.42M (Peak 41.69M) | Time:00:01.33 | Mem:0.02M, Peak:0.02M | Scene, ViewLayer | Updating Meshes
Fra:1 Mem:14.95M (Peak 41.69M) | Time:00:01.34 | Mem:0.02M, Peak:0.02M | Scene, ViewLayer | Updating Objects | Applying Static Transformations
Fra:1 Mem:14.95M (Peak 41.69M) | Time:00:01.34 | Mem:0.02M, Peak:0.02M | Scene, ViewLayer | Updating Mesh | Computing attributes
Fra:1 Mem:15.79M (Peak 41.69M) | Time:00:01.34 | Mem:0.03M, Peak:0.03M | Scene, ViewLayer | Updating Mesh | Copying Attributes to device
Fra:1 Mem:15.79M (Peak 41.69M) | Time:00:01.34 | Mem:0.85M, Peak:0.85M | Scene, ViewLayer | Updating Geometry BVH Broad neutral key 2/53 | Building BVH
Fra:1 Mem:15.79M (Peak 41.69M) | Time:00:01.35 | Mem:0.85M, Peak:0.85M | Scene, ViewLayer | Updating Geometry BVH Contoured expansion nozzle.010 12/53 | Building OptiX acceleration structure
Fra:1 Mem:15.79M (Peak 41.69M) | Time:00:01.35 | Mem:0.85M, Peak:0.85M | Scene, ViewLayer | Updating Geometry BVH Nozzle petal seam.120 13/53 | Building OptiX acceleration structure
Fra:1 Mem:16.09M (Peak 41.69M) | Time:00:01.35 | Mem:0.95M, Peak:0.95M | Scene, ViewLayer | Updating Geometry BVH Nozzle petal seam.121 14/53 | Building BVH
Fra:1 Mem:16.09M (Peak 41.69M) | Time:00:01.35 | Mem:0.95M, Peak:0.95M | Scene, ViewLayer | Updating Geometry BVH Nozzle petal seam.121 14/53 | Building OptiX acceleration structure
Fra:1 Mem:16.09M (Peak 41.69M) | Time:00:01.35 | Mem:0.95M, Peak:0.95M | Scene, ViewLayer | Updating Geometry BVH Recessed shield field slit.007 53/53 | Building OptiX acceleration structure
Fra:1 Mem:16.02M (Peak 41.69M) | Time:00:01.35 | Mem:1.19M, Peak:1.59M | Scene, ViewLayer | Updating Geometry BVH Nozzle petal seam.122 15/53 | Building BVH
Fra:1 Mem:16.02M (Peak 41.69M) | Time:00:01.35 | Mem:1.61M, Peak:1.61M | Scene, ViewLayer | Updating Geometry BVH Nozzle petal seam.122 15/53 | Building OptiX acceleration structure
Fra:1 Mem:15.94M (Peak 41.69M) | Time:00:01.35 | Mem:1.21M, Peak:1.61M | Scene, ViewLayer | Updating Geometry BVH Nozzle petal seam.123 16/53 | Building BVH
Fra:1 Mem:15.94M (Peak 41.69M) | Time:00:01.35 | Mem:1.22M, Peak:1.61M | Scene, ViewLayer | Updating Geometry BVH Nozzle petal seam.123 16/53 | Building OptiX acceleration structure
Fra:1 Mem:15.94M (Peak 41.69M) | Time:00:01.35 | Mem:1.21M, Peak:1.61M | Scene, ViewLayer | Updating Geometry BVH Nozzle petal seam.124 17/53 | Building BVH
Fra:1 Mem:15.94M (Peak 41.69M) | Time:00:01.35 | Mem:1.22M, Peak:1.61M | Scene, ViewLayer | Updating Geometry BVH Nozzle petal seam.124 17/53 | Building OptiX acceleration structure
Fra:1 Mem:15.94M (Peak 41.69M) | Time:00:01.35 | Mem:1.21M, Peak:1.61M | Scene, ViewLayer | Updating Geometry BVH Nozzle petal seam.125 18/53 | Building BVH
Fra:1 Mem:15.94M (Peak 41.69M) | Time:00:01.35 | Mem:1.21M, Peak:1.61M | Scene, ViewLayer | Updating Geometry BVH Nozzle petal seam.125 18/53 | Building OptiX acceleration structure
Fra:1 Mem:15.93M (Peak 41.69M) | Time:00:01.35 | Mem:1.22M, Peak:1.61M | Scene, ViewLayer | Updating Geometry BVH Nozzle petal seam.126 19/53 | Building BVH
Fra:1 Mem:15.93M (Peak 41.69M) | Time:00:01.35 | Mem:1.22M, Peak:1.61M | Scene, ViewLayer | Updating Geometry BVH Nozzle petal seam.126 19/53 | Building OptiX acceleration structure
Fra:1 Mem:15.93M (Peak 41.69M) | Time:00:01.35 | Mem:1.22M, Peak:1.61M | Scene, ViewLayer | Updating Geometry BVH Nozzle petal seam.127 20/53 | Building BVH
Fra:1 Mem:15.93M (Peak 41.69M) | Time:00:01.35 | Mem:1.22M, Peak:1.61M | Scene, ViewLayer | Updating Geometry BVH Nozzle petal seam.127 20/53 | Building OptiX acceleration structure
Fra:1 Mem:15.93M (Peak 41.69M) | Time:00:01.35 | Mem:1.22M, Peak:1.61M | Scene, ViewLayer | Updating Geometry BVH Nozzle petal seam.128 21/53 | Building BVH
Fra:1 Mem:15.93M (Peak 41.69M) | Time:00:01.35 | Mem:1.22M, Peak:1.61M | Scene, ViewLayer | Updating Geometry BVH Nozzle petal seam.128 21/53 | Building OptiX acceleration structure
Fra:1 Mem:15.80M (Peak 41.69M) | Time:00:01.36 | Mem:1.25M, Peak:1.73M | Scene, ViewLayer | Updating Geometry BVH Nozzle petal seam.129 22/53 | Building BVH
Fra:1 Mem:15.80M (Peak 41.69M) | Time:00:01.36 | Mem:1.26M, Peak:1.73M | Scene, ViewLayer | Updating Geometry BVH Nozzle petal seam.129 22/53 | Building OptiX acceleration structure
Fra:1 Mem:15.80M (Peak 41.69M) | Time:00:01.36 | Mem:1.25M, Peak:1.73M | Scene, ViewLayer | Updating Geometry BVH Nozzle petal seam.130 23/53 | Building BVH
Fra:1 Mem:15.80M (Peak 41.69M) | Time:00:01.36 | Mem:1.27M, Peak:1.73M | Scene, ViewLayer | Updating Geometry BVH Nozzle petal seam.130 23/53 | Building OptiX acceleration structure
Fra:1 Mem:15.79M (Peak 41.69M) | Time:00:01.36 | Mem:1.25M, Peak:1.73M | Scene, ViewLayer | Updating Geometry BVH Nozzle petal seam.131 24/53 | Building BVH
Fra:1 Mem:15.79M (Peak 41.69M) | Time:00:01.36 | Mem:1.26M, Peak:1.73M | Scene, ViewLayer | Updating Geometry BVH Nozzle petal seam.131 24/53 | Building OptiX acceleration structure
Fra:1 Mem:15.79M (Peak 41.69M) | Time:00:01.36 | Mem:1.25M, Peak:1.73M | Scene, ViewLayer | Updating Geometry BVH Recessed shield field slit.006 52/53 | Building BVH
Fra:1 Mem:15.79M (Peak 41.69M) | Time:00:01.37 | Mem:1.25M, Peak:1.73M | Scene, ViewLayer | Updating Geometry BVH Recessed shield field slit.006 52/53 | Building OptiX acceleration structure
Fra:1 Mem:15.79M (Peak 41.69M) | Time:00:01.37 | Mem:1.25M, Peak:1.73M | Scene, ViewLayer | Updating Geometry BVH Deep ion throat.010 25/53 | Building BVH
Fra:1 Mem:15.79M (Peak 41.69M) | Time:00:01.37 | Mem:1.26M, Peak:1.73M | Scene, ViewLayer | Updating Geometry BVH Deep ion throat.010 25/53 | Building OptiX acceleration structure
Fra:1 Mem:15.81M (Peak 41.69M) | Time:00:01.37 | Mem:1.27M, Peak:1.73M | Scene, ViewLayer | Updating Geometry BVH Deep intake duct.004 26/53 | Building BVH
Fra:1 Mem:15.81M (Peak 41.69M) | Time:00:01.37 | Mem:1.27M, Peak:1.73M | Scene, ViewLayer | Updating Geometry BVH Deep intake duct.004 26/53 | Building OptiX acceleration structure
Fra:1 Mem:15.81M (Peak 41.69M) | Time:00:01.37 | Mem:1.28M, Peak:1.73M | Scene, ViewLayer | Updating Geometry BVH Continuous shield crescent 27/53 | Building BVH
Fra:1 Mem:15.81M (Peak 41.69M) | Time:00:01.37 | Mem:1.29M, Peak:1.73M | Scene, ViewLayer | Updating Geometry BVH Continuous shield crescent 27/53 | Building OptiX acceleration structure
Fra:1 Mem:15.85M (Peak 41.69M) | Time:00:01.37 | Mem:1.32M, Peak:1.73M | Scene, ViewLayer | Updating Geometry BVH Recessed shield field slit 28/53 | Building BVH
Fra:1 Mem:15.85M (Peak 41.69M) | Time:00:01.37 | Mem:1.32M, Peak:1.73M | Scene, ViewLayer | Updating Geometry BVH Recessed shield field slit 28/53 | Building OptiX acceleration structure
Fra:1 Mem:15.85M (Peak 41.69M) | Time:00:01.37 | Mem:1.32M, Peak:1.73M | Scene, ViewLayer | Updating Geometry BVH Recessed shield field slit.001 29/53 | Building BVH
Fra:1 Mem:15.85M (Peak 41.69M) | Time:00:01.37 | Mem:1.32M, Peak:1.73M | Scene, ViewLayer | Updating Geometry BVH Recessed shield field slit.001 29/53 | Building OptiX acceleration structure
Fra:1 Mem:15.85M (Peak 41.69M) | Time:00:01.37 | Mem:1.32M, Peak:1.73M | Scene, ViewLayer | Updating Geometry BVH Recessed shield field slit.002 30/53 | Building BVH
Fra:1 Mem:15.85M (Peak 41.69M) | Time:00:01.37 | Mem:1.32M, Peak:1.73M | Scene, ViewLayer | Updating Geometry BVH Recessed shield field slit.002 30/53 | Building OptiX acceleration structure
Fra:1 Mem:15.85M (Peak 41.69M) | Time:00:01.37 | Mem:1.32M, Peak:1.73M | Scene, ViewLayer | Updating Geometry BVH Recessed shield field slit.003 31/53 | Building BVH
Fra:1 Mem:15.85M (Peak 41.69M) | Time:00:01.37 | Mem:1.32M, Peak:1.73M | Scene, ViewLayer | Updating Geometry BVH Recessed shield field slit.003 31/53 | Building OptiX acceleration structure
Fra:1 Mem:15.85M (Peak 41.69M) | Time:00:01.37 | Mem:1.32M, Peak:1.73M | Scene, ViewLayer | Updating Geometry BVH Integrated lifting hull.005 32/53 | Building BVH
Fra:1 Mem:15.85M (Peak 41.69M) | Time:00:01.37 | Mem:1.33M, Peak:1.73M | Scene, ViewLayer | Updating Geometry BVH Integrated lifting hull.005 32/53 | Building OptiX acceleration structure
Fra:1 Mem:15.86M (Peak 41.69M) | Time:00:01.37 | Mem:1.33M, Peak:1.73M | Scene, ViewLayer | Updating Geometry BVH Integrated propulsion nacelle.005 33/53 | Building BVH
Fra:1 Mem:15.86M (Peak 41.69M) | Time:00:01.37 | Mem:1.33M, Peak:1.73M | Scene, ViewLayer | Updating Geometry BVH Integrated propulsion nacelle.005 33/53 | Building OptiX acceleration structure
Fra:1 Mem:15.87M (Peak 41.69M) | Time:00:01.38 | Mem:1.34M, Peak:1.73M | Scene, ViewLayer | Updating Geometry BVH Contoured expansion nozzle.011 34/53 | Building BVH
Fra:1 Mem:15.87M (Peak 41.69M) | Time:00:01.38 | Mem:1.34M, Peak:1.73M | Scene, ViewLayer | Updating Geometry BVH Contoured expansion nozzle.011 34/53 | Building OptiX acceleration structure
Fra:1 Mem:15.87M (Peak 41.69M) | Time:00:01.38 | Mem:1.35M, Peak:1.73M | Scene, ViewLayer | Updating Geometry BVH Nozzle petal seam.132 35/53 | Building BVH
Fra:1 Mem:15.87M (Peak 41.69M) | Time:00:01.38 | Mem:1.35M, Peak:1.73M | Scene, ViewLayer | Updating Geometry BVH Nozzle petal seam.132 35/53 | Building OptiX acceleration structure
Fra:1 Mem:15.87M (Peak 41.69M) | Time:00:01.38 | Mem:1.35M, Peak:1.73M | Scene, ViewLayer | Updating Geometry BVH Recessed shield field slit.005 51/53 | Building BVH
Fra:1 Mem:15.87M (Peak 41.69M) | Time:00:01.38 | Mem:1.41M, Peak:1.73M | Scene, ViewLayer | Updating Geometry BVH Recessed shield field slit.005 51/53 | Building OptiX acceleration structure
Fra:1 Mem:15.85M (Peak 41.69M) | Time:00:01.38 | Mem:1.34M, Peak:1.73M | Scene, ViewLayer | Updating Geometry BVH Nozzle petal seam.133 36/53 | Building BVH
Fra:1 Mem:15.85M (Peak 41.69M) | Time:00:01.38 | Mem:1.34M, Peak:1.73M | Scene, ViewLayer | Updating Geometry BVH Nozzle petal seam.133 36/53 | Building OptiX acceleration structure
Fra:1 Mem:15.85M (Peak 41.69M) | Time:00:01.39 | Mem:1.35M, Peak:1.73M | Scene, ViewLayer | Updating Geometry BVH Nozzle petal seam.134 37/53 | Building BVH
Fra:1 Mem:15.85M (Peak 41.69M) | Time:00:01.39 | Mem:1.44M, Peak:1.73M | Scene, ViewLayer | Updating Geometry BVH Nozzle petal seam.134 37/53 | Building OptiX acceleration structure
Fra:1 Mem:15.82M (Peak 41.69M) | Time:00:01.39 | Mem:1.33M, Peak:1.73M | Scene, ViewLayer | Updating Geometry BVH Nozzle petal seam.135 38/53 | Building BVH
Fra:1 Mem:15.82M (Peak 41.69M) | Time:00:01.39 | Mem:1.33M, Peak:1.73M | Scene, ViewLayer | Updating Geometry BVH Nozzle petal seam.135 38/53 | Building OptiX acceleration structure
Fra:1 Mem:15.82M (Peak 41.69M) | Time:00:01.39 | Mem:1.33M, Peak:1.73M | Scene, ViewLayer | Updating Geometry BVH Nozzle petal seam.136 39/53 | Building BVH
Fra:1 Mem:15.82M (Peak 41.69M) | Time:00:01.39 | Mem:1.33M, Peak:1.73M | Scene, ViewLayer | Updating Geometry BVH Nozzle petal seam.136 39/53 | Building OptiX acceleration structure
Fra:1 Mem:15.82M (Peak 41.69M) | Time:00:01.39 | Mem:1.34M, Peak:1.73M | Scene, ViewLayer | Updating Geometry BVH Nozzle petal seam.137 40/53 | Building BVH
Fra:1 Mem:15.82M (Peak 41.69M) | Time:00:01.39 | Mem:1.34M, Peak:1.73M | Scene, ViewLayer | Updating Geometry BVH Nozzle petal seam.137 40/53 | Building OptiX acceleration structure
Fra:1 Mem:15.82M (Peak 41.69M) | Time:00:01.39 | Mem:1.34M, Peak:1.73M | Scene, ViewLayer | Updating Geometry BVH Nozzle petal seam.138 41/53 | Building BVH
Fra:1 Mem:15.82M (Peak 41.69M) | Time:00:01.39 | Mem:1.34M, Peak:1.73M | Scene, ViewLayer | Updating Geometry BVH Nozzle petal seam.138 41/53 | Building OptiX acceleration structure
Fra:1 Mem:15.82M (Peak 41.69M) | Time:00:01.39 | Mem:1.34M, Peak:1.73M | Scene, ViewLayer | Updating Geometry BVH Nozzle petal seam.139 42/53 | Building BVH
Fra:1 Mem:15.82M (Peak 41.69M) | Time:00:01.39 | Mem:1.37M, Peak:1.73M | Scene, ViewLayer | Updating Geometry BVH Nozzle petal seam.139 42/53 | Building OptiX acceleration structure
Fra:1 Mem:15.80M (Peak 41.69M) | Time:00:01.39 | Mem:1.34M, Peak:1.73M | Scene, ViewLayer | Updating Geometry BVH Nozzle petal seam.140 43/53 | Building BVH
Fra:1 Mem:15.80M (Peak 41.69M) | Time:00:01.39 | Mem:1.37M, Peak:1.73M | Scene, ViewLayer | Updating Geometry BVH Nozzle petal seam.140 43/53 | Building OptiX acceleration structure
Fra:1 Mem:15.80M (Peak 41.69M) | Time:00:01.39 | Mem:1.34M, Peak:1.73M | Scene, ViewLayer | Updating Geometry BVH Nozzle petal seam.141 44/53 | Building BVH
Fra:1 Mem:15.80M (Peak 41.69M) | Time:00:01.39 | Mem:1.34M, Peak:1.73M | Scene, ViewLayer | Updating Geometry BVH Nozzle petal seam.141 44/53 | Building OptiX acceleration structure
Fra:1 Mem:15.79M (Peak 41.69M) | Time:00:01.39 | Mem:1.34M, Peak:1.73M | Scene, ViewLayer | Updating Geometry BVH Nozzle petal seam.142 45/53 | Building BVH
Fra:1 Mem:15.79M (Peak 41.69M) | Time:00:01.39 | Mem:1.34M, Peak:1.73M | Scene, ViewLayer | Updating Geometry BVH Nozzle petal seam.142 45/53 | Building OptiX acceleration structure
Fra:1 Mem:15.79M (Peak 41.69M) | Time:00:01.39 | Mem:1.34M, Peak:1.73M | Scene, ViewLayer | Updating Geometry BVH Nozzle petal seam.143 46/53 | Building BVH
Fra:1 Mem:15.79M (Peak 41.69M) | Time:00:01.39 | Mem:1.34M, Peak:1.73M | Scene, ViewLayer | Updating Geometry BVH Nozzle petal seam.143 46/53 | Building OptiX acceleration structure
Fra:1 Mem:15.79M (Peak 41.69M) | Time:00:01.39 | Mem:1.34M, Peak:1.73M | Scene, ViewLayer | Updating Geometry BVH Recessed shield field slit.004 50/53 | Building BVH
Fra:1 Mem:15.79M (Peak 41.69M) | Time:00:01.39 | Mem:1.34M, Peak:1.73M | Scene, ViewLayer | Updating Geometry BVH Recessed shield field slit.004 50/53 | Building OptiX acceleration structure
Fra:1 Mem:15.79M (Peak 41.69M) | Time:00:01.39 | Mem:1.34M, Peak:1.73M | Scene, ViewLayer | Updating Geometry BVH Deep ion throat.011 47/53 | Building BVH
Fra:1 Mem:15.79M (Peak 41.69M) | Time:00:01.39 | Mem:1.35M, Peak:1.73M | Scene, ViewLayer | Updating Geometry BVH Deep ion throat.011 47/53 | Building OptiX acceleration structure
Fra:1 Mem:15.81M (Peak 41.69M) | Time:00:01.40 | Mem:1.36M, Peak:1.73M | Scene, ViewLayer | Updating Geometry BVH Deep intake duct.005 48/53 | Building BVH
Fra:1 Mem:15.81M (Peak 41.69M) | Time:00:01.40 | Mem:1.36M, Peak:1.73M | Scene, ViewLayer | Updating Geometry BVH Deep intake duct.005 48/53 | Building OptiX acceleration structure
Fra:1 Mem:15.81M (Peak 41.69M) | Time:00:01.40 | Mem:1.37M, Peak:1.73M | Scene, ViewLayer | Updating Geometry BVH Continuous shield crescent.001 49/53 | Building BVH
Fra:1 Mem:15.81M (Peak 41.69M) | Time:00:01.40 | Mem:1.37M, Peak:1.73M | Scene, ViewLayer | Updating Geometry BVH Continuous shield crescent.001 49/53 | Building OptiX acceleration structure
Fra:1 Mem:15.79M (Peak 41.69M) | Time:00:01.41 | Mem:1.39M, Peak:1.73M | Scene, ViewLayer | Updating Scene BVH | Building
Fra:1 Mem:15.79M (Peak 41.69M) | Time:00:01.41 | Mem:1.39M, Peak:1.73M | Scene, ViewLayer | Updating Scene BVH | Building OptiX acceleration structure
Fra:1 Mem:15.79M (Peak 41.69M) | Time:00:01.41 | Mem:1.40M, Peak:1.73M | Scene, ViewLayer | Updating Scene BVH | Copying BVH to device
Fra:1 Mem:15.79M (Peak 41.69M) | Time:00:01.41 | Mem:1.40M, Peak:1.73M | Scene, ViewLayer | Updating Mesh | Computing normals
Fra:1 Mem:16.46M (Peak 41.69M) | Time:00:01.41 | Mem:1.40M, Peak:1.73M | Scene, ViewLayer | Updating Mesh | Copying Mesh to device
Fra:1 Mem:16.46M (Peak 41.69M) | Time:00:01.41 | Mem:2.07M, Peak:2.07M | Scene, ViewLayer | Updating Objects Flags
Fra:1 Mem:16.46M (Peak 41.69M) | Time:00:01.41 | Mem:2.07M, Peak:2.07M | Scene, ViewLayer | Updating Primitive Offsets
Fra:1 Mem:16.46M (Peak 41.69M) | Time:00:01.41 | Mem:2.07M, Peak:2.07M | Scene, ViewLayer | Updating Images
Fra:1 Mem:16.46M (Peak 41.69M) | Time:00:01.41 | Mem:2.07M, Peak:2.07M | Scene, ViewLayer | Updating Images | Loading panel-normal.png
Fra:1 Mem:16.46M (Peak 41.69M) | Time:00:01.41 | Mem:2.07M, Peak:2.07M | Scene, ViewLayer | Updating Images | Loading white-basecolor.png
Fra:1 Mem:16.46M (Peak 41.69M) | Time:00:01.41 | Mem:2.07M, Peak:2.07M | Scene, ViewLayer | Updating Images | Loading cobalt-basecolor.png
Fra:1 Mem:16.46M (Peak 41.69M) | Time:00:01.41 | Mem:2.07M, Peak:2.07M | Scene, ViewLayer | Updating Images | Loading paint-orm.png
Fra:1 Mem:32.47M (Peak 41.69M) | Time:00:01.51 | Mem:18.07M, Peak:18.07M | Scene, ViewLayer | Updating Camera Volume
Fra:1 Mem:32.47M (Peak 41.69M) | Time:00:01.51 | Mem:18.07M, Peak:18.07M | Scene, ViewLayer | Updating Lookup Tables
Fra:1 Mem:32.47M (Peak 41.69M) | Time:00:01.52 | Mem:18.16M, Peak:18.16M | Scene, ViewLayer | Updating Lights
Fra:1 Mem:32.47M (Peak 41.69M) | Time:00:01.52 | Mem:18.16M, Peak:18.16M | Scene, ViewLayer | Updating Lights | Computing tree
Fra:1 Mem:32.68M (Peak 41.69M) | Time:00:01.53 | Mem:18.37M, Peak:18.37M | Scene, ViewLayer | Updating Integrator
Fra:1 Mem:32.68M (Peak 41.69M) | Time:00:01.53 | Mem:18.37M, Peak:18.37M | Scene, ViewLayer | Updating Film
Fra:1 Mem:32.69M (Peak 41.69M) | Time:00:01.53 | Mem:18.29M, Peak:18.37M | Scene, ViewLayer | Updating Lookup Tables
Fra:1 Mem:32.69M (Peak 41.69M) | Time:00:01.53 | Mem:18.37M, Peak:18.37M | Scene, ViewLayer | Updating Baking
Fra:1 Mem:32.69M (Peak 41.69M) | Time:00:01.53 | Mem:18.37M, Peak:18.37M | Scene, ViewLayer | Updating Device | Writing constant memory
Fra:1 Mem:32.69M (Peak 41.69M) | Time:00:01.53 | Mem:18.37M, Peak:18.37M | Scene, ViewLayer | Loading denoising kernels (may take a few minutes the first time)
Fra:1 Mem:36.69M (Peak 41.69M) | Time:00:01.60 | Mem:370.38M, Peak:370.38M | Scene, ViewLayer | Sample 0/24
Fra:1 Mem:83.66M (Peak 83.66M) | Time:00:01.67 | Remaining:00:01.65 | Mem:417.36M, Peak:417.36M | Scene, ViewLayer | Sample 1/24
Fra:1 Mem:103.45M (Peak 133.11M) | Time:00:06.56 | Mem:417.36M, Peak:417.36M | Scene, ViewLayer | Sample 24/24
Fra:1 Mem:103.45M (Peak 133.11M) | Time:00:06.56 | Mem:417.36M, Peak:417.36M | Scene, ViewLayer | Finished
Saved: 'D:\vibe-coding-e\nova-swarm-forum-129-improvements-20260822\docs\fleet-art-v2\ships\06\surfaced.png'
Time: 00:07.29 (Saving: 00:00.23)

Info: Saved as "source.blend"
17:10:47 | INFO: Starting glTF 2.0 export
17:10:47 | INFO: Extracting primitive: Continuous pressure fuselage.002
17:10:47 | WARNING: More than one shader node tex image used for a texture. The resulting glTF sampler will behave like the first shader node tex image.
17:10:47 | WARNING: More than one shader node tex image used for a texture. The resulting glTF sampler will behave like the first shader node tex image.
17:10:47 | INFO: Primitives created: 6
17:10:47 | INFO: Finished glTF 2.0 export in 0.4346926212310791 s
Fra:1 Mem:15.54M (Peak 31.04M) | Time:00:00.42 | Mem:0.00M, Peak:0.00M | Scene, ViewLayer | Synchronizing object | Broad neutral key
Fra:1 Mem:15.54M (Peak 31.04M) | Time:00:00.42 | Mem:0.00M, Peak:0.00M | Scene, ViewLayer | Synchronizing object | IronOrbitV2
Fra:1 Mem:17.36M (Peak 31.04M) | Time:00:00.44 | Mem:0.00M, Peak:0.00M | Scene, ViewLayer | Initializing
Fra:1 Mem:16.89M (Peak 31.04M) | Time:00:00.44 | Mem:0.00M, Peak:0.00M | Scene, ViewLayer | Waiting for render to start
Fra:1 Mem:16.89M (Peak 31.04M) | Time:00:00.44 | Mem:0.00M, Peak:0.00M | Scene, ViewLayer | Updating Scene
Fra:1 Mem:16.89M (Peak 31.04M) | Time:00:00.44 | Mem:0.00M, Peak:0.00M | Scene, ViewLayer | Updating Shaders
Fra:1 Mem:16.89M (Peak 31.04M) | Time:00:00.44 | Mem:0.00M, Peak:0.00M | Scene, ViewLayer | Loading render kernels (may take a few minutes the first time)
Fra:1 Mem:16.98M (Peak 44.26M) | Time:00:00.72 | Mem:0.01M, Peak:0.01M | Scene, ViewLayer | Updating Procedurals
Fra:1 Mem:16.98M (Peak 44.26M) | Time:00:00.72 | Mem:0.01M, Peak:0.01M | Scene, ViewLayer | Updating Background
Fra:1 Mem:16.98M (Peak 44.26M) | Time:00:00.72 | Mem:0.01M, Peak:0.01M | Scene, ViewLayer | Updating Camera
Fra:1 Mem:16.98M (Peak 44.26M) | Time:00:00.72 | Mem:0.01M, Peak:0.01M | Scene, ViewLayer | Updating Meshes Flags
Fra:1 Mem:16.98M (Peak 44.26M) | Time:00:00.72 | Mem:0.01M, Peak:0.01M | Scene, ViewLayer | Updating Objects
Fra:1 Mem:16.98M (Peak 44.26M) | Time:00:00.72 | Mem:0.01M, Peak:0.01M | Scene, ViewLayer | Updating Objects | Copying Transformations to device
Fra:1 Mem:16.98M (Peak 44.26M) | Time:00:00.72 | Mem:0.01M, Peak:0.01M | Scene, ViewLayer | Updating Particle Systems
Fra:1 Mem:16.98M (Peak 44.26M) | Time:00:00.72 | Mem:0.01M, Peak:0.01M | Scene, ViewLayer | Updating Particle Systems | Copying Particles to device
Fra:1 Mem:16.98M (Peak 44.26M) | Time:00:00.72 | Mem:0.01M, Peak:0.01M | Scene, ViewLayer | Updating Meshes
Fra:1 Mem:18.15M (Peak 44.26M) | Time:00:00.76 | Mem:0.01M, Peak:0.01M | Scene, ViewLayer | Updating Objects | Applying Static Transformations
Fra:1 Mem:18.15M (Peak 44.26M) | Time:00:00.76 | Mem:0.01M, Peak:0.01M | Scene, ViewLayer | Updating Mesh | Computing attributes
Fra:1 Mem:19.73M (Peak 44.26M) | Time:00:00.77 | Mem:0.01M, Peak:0.01M | Scene, ViewLayer | Updating Mesh | Copying Attributes to device
Fra:1 Mem:19.73M (Peak 44.26M) | Time:00:00.77 | Mem:1.59M, Peak:1.59M | Scene, ViewLayer | Updating Geometry BVH Broad neutral key 2/4 | Building BVH
Fra:1 Mem:19.73M (Peak 44.26M) | Time:00:00.77 | Mem:1.59M, Peak:1.59M | Scene, ViewLayer | Updating Geometry BVH light 5/4 | Building OptiX acceleration structure
Fra:1 Mem:19.73M (Peak 44.26M) | Time:00:00.77 | Mem:1.59M, Peak:1.59M | Scene, ViewLayer | Updating Geometry BVH Continuous pressure fuselage.002 4/4 | Building BVH
Fra:1 Mem:19.73M (Peak 44.26M) | Time:00:00.77 | Mem:1.59M, Peak:1.59M | Scene, ViewLayer | Updating Geometry BVH Continuous pressure fuselage.002 4/4 | Building OptiX acceleration structure
Fra:1 Mem:19.73M (Peak 44.26M) | Time:00:00.77 | Mem:2.10M, Peak:3.68M | Scene, ViewLayer | Updating Scene BVH | Building
Fra:1 Mem:19.73M (Peak 44.26M) | Time:00:00.77 | Mem:2.10M, Peak:3.68M | Scene, ViewLayer | Updating Scene BVH | Building OptiX acceleration structure
Fra:1 Mem:19.73M (Peak 44.26M) | Time:00:00.77 | Mem:2.10M, Peak:3.68M | Scene, ViewLayer | Updating Scene BVH | Copying BVH to device
Fra:1 Mem:19.73M (Peak 44.26M) | Time:00:00.77 | Mem:2.10M, Peak:3.68M | Scene, ViewLayer | Updating Mesh | Computing normals
Fra:1 Mem:20.40M (Peak 44.26M) | Time:00:00.77 | Mem:2.10M, Peak:3.68M | Scene, ViewLayer | Updating Mesh | Copying Mesh to device
Fra:1 Mem:20.40M (Peak 44.26M) | Time:00:00.78 | Mem:2.77M, Peak:3.68M | Scene, ViewLayer | Updating Objects Flags
Fra:1 Mem:20.40M (Peak 44.26M) | Time:00:00.78 | Mem:2.77M, Peak:3.68M | Scene, ViewLayer | Updating Primitive Offsets
Fra:1 Mem:20.40M (Peak 44.26M) | Time:00:00.78 | Mem:2.77M, Peak:3.68M | Scene, ViewLayer | Updating Images
Fra:1 Mem:20.40M (Peak 44.26M) | Time:00:00.78 | Mem:2.77M, Peak:3.68M | Scene, ViewLayer | Updating Images | Loading panel-normal.png
Fra:1 Mem:20.40M (Peak 44.26M) | Time:00:00.78 | Mem:2.77M, Peak:3.68M | Scene, ViewLayer | Updating Images | Loading white-basecolor.png
Fra:1 Mem:28.40M (Peak 44.26M) | Time:00:00.78 | Mem:2.77M, Peak:3.68M | Scene, ViewLayer | Updating Images | Loading paint-orm.png
Fra:1 Mem:36.41M (Peak 44.26M) | Time:00:00.81 | Mem:18.77M, Peak:18.77M | Scene, ViewLayer | Updating Camera Volume
Fra:1 Mem:36.41M (Peak 44.26M) | Time:00:00.81 | Mem:18.77M, Peak:18.77M | Scene, ViewLayer | Updating Lookup Tables
Fra:1 Mem:36.41M (Peak 44.26M) | Time:00:00.81 | Mem:18.86M, Peak:18.86M | Scene, ViewLayer | Updating Lights
Fra:1 Mem:36.41M (Peak 44.26M) | Time:00:00.81 | Mem:18.86M, Peak:18.86M | Scene, ViewLayer | Updating Lights | Computing tree
Fra:1 Mem:36.70M (Peak 44.26M) | Time:00:00.82 | Mem:19.14M, Peak:19.14M | Scene, ViewLayer | Updating Integrator
Fra:1 Mem:36.70M (Peak 44.26M) | Time:00:00.82 | Mem:19.14M, Peak:19.14M | Scene, ViewLayer | Updating Film
Fra:1 Mem:36.70M (Peak 44.26M) | Time:00:00.82 | Mem:19.06M, Peak:19.14M | Scene, ViewLayer | Updating Lookup Tables
Fra:1 Mem:36.70M (Peak 44.26M) | Time:00:00.82 | Mem:19.15M, Peak:19.15M | Scene, ViewLayer | Updating Baking
Fra:1 Mem:36.70M (Peak 44.26M) | Time:00:00.82 | Mem:19.15M, Peak:19.15M | Scene, ViewLayer | Updating Device | Writing constant memory
Fra:1 Mem:36.70M (Peak 44.26M) | Time:00:00.82 | Mem:19.15M, Peak:19.15M | Scene, ViewLayer | Loading denoising kernels (may take a few minutes the first time)
Fra:1 Mem:40.70M (Peak 44.26M) | Time:00:00.89 | Mem:371.15M, Peak:371.15M | Scene, ViewLayer | Sample 0/24
Fra:1 Mem:116.71M (Peak 116.71M) | Time:00:00.96 | Remaining:00:01.63 | Mem:447.16M, Peak:447.16M | Scene, ViewLayer | Sample 1/24
Fra:1 Mem:148.71M (Peak 196.71M) | Time:00:09.65 | Mem:447.16M, Peak:447.16M | Scene, ViewLayer | Sample 24/24
Fra:1 Mem:148.71M (Peak 196.71M) | Time:00:09.65 | Mem:447.16M, Peak:447.16M | Scene, ViewLayer | Finished
Saved: 'D:\vibe-coding-e\nova-swarm-forum-129-improvements-20260822\docs\fleet-art-v2\ships\06\export\showroom.png'
Time: 00:10.75 (Saving: 00:00.30)

Fra:1 Mem:15.85M (Peak 15.85M) | Time:00:00.50 | Mem:0.00M, Peak:0.00M | Scene, ViewLayer | Synchronizing object | Broad neutral key
Fra:1 Mem:15.85M (Peak 15.85M) | Time:00:00.50 | Mem:0.00M, Peak:0.00M | Scene, ViewLayer | Synchronizing object | IronOrbitV2
Fra:1 Mem:15.85M (Peak 15.85M) | Time:00:00.50 | Mem:0.00M, Peak:0.00M | Scene, ViewLayer | Synchronizing object | Neutral fill
Fra:1 Mem:17.36M (Peak 19.13M) | Time:00:00.54 | Mem:0.00M, Peak:0.00M | Scene, ViewLayer | Initializing
Fra:1 Mem:16.89M (Peak 19.13M) | Time:00:00.54 | Mem:0.00M, Peak:0.00M | Scene, ViewLayer | Waiting for render to start
Fra:1 Mem:16.89M (Peak 19.13M) | Time:00:00.54 | Mem:0.00M, Peak:0.00M | Scene, ViewLayer | Updating Scene
Fra:1 Mem:16.89M (Peak 19.13M) | Time:00:00.54 | Mem:0.00M, Peak:0.00M | Scene, ViewLayer | Updating Shaders
Fra:1 Mem:16.89M (Peak 19.13M) | Time:00:00.54 | Mem:0.00M, Peak:0.00M | Scene, ViewLayer | Loading render kernels (may take a few minutes the first time)
Fra:1 Mem:16.98M (Peak 44.26M) | Time:00:00.81 | Mem:0.01M, Peak:0.01M | Scene, ViewLayer | Updating Procedurals
Fra:1 Mem:16.98M (Peak 44.26M) | Time:00:00.81 | Mem:0.01M, Peak:0.01M | Scene, ViewLayer | Updating Background
Fra:1 Mem:16.98M (Peak 44.26M) | Time:00:00.81 | Mem:0.01M, Peak:0.01M | Scene, ViewLayer | Updating Camera
Fra:1 Mem:16.98M (Peak 44.26M) | Time:00:00.81 | Mem:0.01M, Peak:0.01M | Scene, ViewLayer | Updating Meshes Flags
Fra:1 Mem:16.98M (Peak 44.26M) | Time:00:00.81 | Mem:0.01M, Peak:0.01M | Scene, ViewLayer | Updating Objects
Fra:1 Mem:16.98M (Peak 44.26M) | Time:00:00.81 | Mem:0.01M, Peak:0.01M | Scene, ViewLayer | Updating Objects | Copying Transformations to device
Fra:1 Mem:16.98M (Peak 44.26M) | Time:00:00.81 | Mem:0.01M, Peak:0.01M | Scene, ViewLayer | Updating Particle Systems
Fra:1 Mem:16.98M (Peak 44.26M) | Time:00:00.81 | Mem:0.01M, Peak:0.01M | Scene, ViewLayer | Updating Particle Systems | Copying Particles to device
Fra:1 Mem:16.98M (Peak 44.26M) | Time:00:00.81 | Mem:0.01M, Peak:0.01M | Scene, ViewLayer | Updating Meshes
Fra:1 Mem:18.15M (Peak 44.26M) | Time:00:00.84 | Mem:0.01M, Peak:0.01M | Scene, ViewLayer | Updating Objects | Applying Static Transformations
Fra:1 Mem:18.15M (Peak 44.26M) | Time:00:00.84 | Mem:0.01M, Peak:0.01M | Scene, ViewLayer | Updating Mesh | Computing attributes
Fra:1 Mem:19.73M (Peak 44.26M) | Time:00:00.84 | Mem:0.01M, Peak:0.01M | Scene, ViewLayer | Updating Mesh | Copying Attributes to device
Fra:1 Mem:19.73M (Peak 44.26M) | Time:00:00.84 | Mem:1.59M, Peak:1.59M | Scene, ViewLayer | Updating Geometry BVH light 5/4 | Building BVH
Fra:1 Mem:19.73M (Peak 44.26M) | Time:00:00.84 | Mem:1.59M, Peak:1.59M | Scene, ViewLayer | Updating Geometry BVH light 5/4 | Building OptiX acceleration structure
Fra:1 Mem:19.73M (Peak 44.26M) | Time:00:00.84 | Mem:1.59M, Peak:1.59M | Scene, ViewLayer | Updating Geometry BVH Continuous pressure fuselage.002 4/4 | Building BVH
Fra:1 Mem:19.73M (Peak 44.26M) | Time:00:00.84 | Mem:1.59M, Peak:1.59M | Scene, ViewLayer | Updating Geometry BVH Continuous pressure fuselage.002 4/4 | Building OptiX acceleration structure
Fra:1 Mem:20.20M (Peak 44.26M) | Time:00:00.85 | Mem:3.33M, Peak:3.33M | Scene, ViewLayer | Updating Geometry BVH Broad neutral key 2/4 | Building BVH
Fra:1 Mem:20.20M (Peak 44.26M) | Time:00:00.85 | Mem:3.33M, Peak:3.33M | Scene, ViewLayer | Updating Geometry BVH Broad neutral key 2/4 | Building OptiX acceleration structure
Fra:1 Mem:20.20M (Peak 44.26M) | Time:00:00.85 | Mem:3.33M, Peak:3.33M | Scene, ViewLayer | Updating Geometry BVH Neutral fill 3/4 | Building BVH
Fra:1 Mem:20.20M (Peak 44.26M) | Time:00:00.85 | Mem:3.33M, Peak:3.33M | Scene, ViewLayer | Updating Geometry BVH Neutral fill 3/4 | Building OptiX acceleration structure
Fra:1 Mem:19.73M (Peak 44.26M) | Time:00:00.85 | Mem:2.10M, Peak:3.68M | Scene, ViewLayer | Updating Scene BVH | Building
Fra:1 Mem:19.73M (Peak 44.26M) | Time:00:00.85 | Mem:2.10M, Peak:3.68M | Scene, ViewLayer | Updating Scene BVH | Building OptiX acceleration structure
Fra:1 Mem:19.73M (Peak 44.26M) | Time:00:00.85 | Mem:2.10M, Peak:3.68M | Scene, ViewLayer | Updating Scene BVH | Copying BVH to device
Fra:1 Mem:19.73M (Peak 44.26M) | Time:00:00.85 | Mem:2.10M, Peak:3.68M | Scene, ViewLayer | Updating Mesh | Computing normals
Fra:1 Mem:20.40M (Peak 44.26M) | Time:00:00.85 | Mem:2.10M, Peak:3.68M | Scene, ViewLayer | Updating Mesh | Copying Mesh to device
Fra:1 Mem:20.40M (Peak 44.26M) | Time:00:00.86 | Mem:2.77M, Peak:3.68M | Scene, ViewLayer | Updating Objects Flags
Fra:1 Mem:20.40M (Peak 44.26M) | Time:00:00.86 | Mem:2.77M, Peak:3.68M | Scene, ViewLayer | Updating Primitive Offsets
Fra:1 Mem:20.40M (Peak 44.26M) | Time:00:00.86 | Mem:2.77M, Peak:3.68M | Scene, ViewLayer | Updating Images
Fra:1 Mem:20.40M (Peak 44.26M) | Time:00:00.86 | Mem:2.77M, Peak:3.68M | Scene, ViewLayer | Updating Images | Loading panel-normal.png
Fra:1 Mem:24.40M (Peak 44.26M) | Time:00:00.87 | Mem:2.77M, Peak:3.68M | Scene, ViewLayer | Updating Images | Loading white-basecolor.png
Fra:1 Mem:28.40M (Peak 44.26M) | Time:00:00.87 | Mem:2.77M, Peak:3.68M | Scene, ViewLayer | Updating Images | Loading cobalt-basecolor.png
Fra:1 Mem:32.40M (Peak 44.26M) | Time:00:00.87 | Mem:2.77M, Peak:3.68M | Scene, ViewLayer | Updating Images | Loading paint-orm.png
Fra:1 Mem:36.41M (Peak 44.26M) | Time:00:00.93 | Mem:18.77M, Peak:18.77M | Scene, ViewLayer | Updating Camera Volume
Fra:1 Mem:36.41M (Peak 44.26M) | Time:00:00.93 | Mem:18.77M, Peak:18.77M | Scene, ViewLayer | Updating Lookup Tables
Fra:1 Mem:36.41M (Peak 44.26M) | Time:00:00.93 | Mem:18.86M, Peak:18.86M | Scene, ViewLayer | Updating Lights
Fra:1 Mem:36.41M (Peak 44.26M) | Time:00:00.93 | Mem:18.86M, Peak:18.86M | Scene, ViewLayer | Updating Lights | Computing tree
Fra:1 Mem:36.70M (Peak 44.26M) | Time:00:00.94 | Mem:19.14M, Peak:19.14M | Scene, ViewLayer | Updating Integrator
Fra:1 Mem:36.70M (Peak 44.26M) | Time:00:00.94 | Mem:19.14M, Peak:19.14M | Scene, ViewLayer | Updating Film
Fra:1 Mem:36.70M (Peak 44.26M) | Time:00:00.94 | Mem:19.06M, Peak:19.14M | Scene, ViewLayer | Updating Lookup Tables
Fra:1 Mem:36.70M (Peak 44.26M) | Time:00:00.94 | Mem:19.15M, Peak:19.15M | Scene, ViewLayer | Updating Baking
Fra:1 Mem:36.70M (Peak 44.26M) | Time:00:00.94 | Mem:19.15M, Peak:19.15M | Scene, ViewLayer | Updating Device | Writing constant memory
Fra:1 Mem:36.70M (Peak 44.26M) | Time:00:00.95 | Mem:19.15M, Peak:19.15M | Scene, ViewLayer | Loading denoising kernels (may take a few minutes the first time)
Fra:1 Mem:40.70M (Peak 44.26M) | Time:00:01.03 | Mem:371.15M, Peak:371.15M | Scene, ViewLayer | Sample 0/24
Fra:1 Mem:59.71M (Peak 59.71M) | Time:00:01.07 | Remaining:00:00.83 | Mem:390.16M, Peak:390.16M | Scene, ViewLayer | Sample 1/24
Fra:1 Mem:67.71M (Peak 79.71M) | Time:00:02.90 | Mem:390.16M, Peak:390.16M | Scene, ViewLayer | Sample 24/24
Fra:1 Mem:67.71M (Peak 79.71M) | Time:00:02.90 | Mem:390.16M, Peak:390.16M | Scene, ViewLayer | Finished
Saved: 'D:\vibe-coding-e\nova-swarm-forum-129-improvements-20260822\docs\fleet-art-v2\ships\06\export\player.png'
Time: 00:03.16 (Saving: 00:00.09)


FLEET_V2_COMPLETE 6 Iron Orbit
Read blend: "D:\vibe-coding-e\nova-swarm-forum-129-improvements-20260822\docs\fleet-art-v2\ships\07\source.blend"
Fra:1 Mem:14.48M (Peak 14.48M) | Time:00:00.38 | Mem:0.00M, Peak:0.00M | Scene, ViewLayer | Synchronizing object | Broad neutral key
Fra:1 Mem:14.48M (Peak 14.48M) | Time:00:00.38 | Mem:0.00M, Peak:0.00M | Scene, ViewLayer | Synchronizing object | Neutral fill
Fra:1 Mem:14.80M (Peak 14.80M) | Time:00:00.47 | Mem:0.00M, Peak:0.00M | Scene, ViewLayer | Synchronizing object | Continuous pressure fuselage
Fra:1 Mem:15.65M (Peak 15.65M) | Time:00:00.57 | Mem:0.00M, Peak:0.00M | Scene, ViewLayer | Synchronizing object | Cockpit integrated coaming
Fra:1 Mem:16.18M (Peak 16.18M) | Time:00:00.65 | Mem:0.00M, Peak:0.00M | Scene, ViewLayer | Synchronizing object | Canopy lower frame
Fra:1 Mem:16.19M (Peak 16.19M) | Time:00:00.65 | Mem:0.00M, Peak:0.00M | Scene, ViewLayer | Synchronizing object | Canopy lower frame.001
Fra:1 Mem:16.19M (Peak 16.19M) | Time:00:00.65 | Mem:0.00M, Peak:0.00M | Scene, ViewLayer | Synchronizing object | Canopy pressure bow
Fra:1 Mem:16.20M (Peak 16.20M) | Time:00:00.65 | Mem:0.00M, Peak:0.00M | Scene, ViewLayer | Synchronizing object | Nozzle petal seam
Fra:1 Mem:16.20M (Peak 16.20M) | Time:00:00.65 | Mem:0.00M, Peak:0.00M | Scene, ViewLayer | Synchronizing object | Nozzle petal seam.001
Fra:1 Mem:16.20M (Peak 16.20M) | Time:00:00.65 | Mem:0.00M, Peak:0.00M | Scene, ViewLayer | Synchronizing object | Nozzle petal seam.002
Fra:1 Mem:16.21M (Peak 16.21M) | Time:00:00.65 | Mem:0.00M, Peak:0.00M | Scene, ViewLayer | Synchronizing object | Nozzle petal seam.003
Fra:1 Mem:16.21M (Peak 16.21M) | Time:00:00.65 | Mem:0.00M, Peak:0.00M | Scene, ViewLayer | Synchronizing object | Nozzle petal seam.004
Fra:1 Mem:16.21M (Peak 16.21M) | Time:00:00.65 | Mem:0.00M, Peak:0.00M | Scene, ViewLayer | Synchronizing object | Nozzle petal seam.005
Fra:1 Mem:16.21M (Peak 16.21M) | Time:00:00.65 | Mem:0.00M, Peak:0.00M | Scene, ViewLayer | Synchronizing object | Nozzle petal seam.006
Fra:1 Mem:16.21M (Peak 16.21M) | Time:00:00.65 | Mem:0.00M, Peak:0.00M | Scene, ViewLayer | Synchronizing object | Nozzle petal seam.007
Fra:1 Mem:16.22M (Peak 16.22M) | Time:00:00.65 | Mem:0.00M, Peak:0.00M | Scene, ViewLayer | Synchronizing object | Nozzle petal seam.008
Fra:1 Mem:16.22M (Peak 16.22M) | Time:00:00.65 | Mem:0.00M, Peak:0.00M | Scene, ViewLayer | Synchronizing object | Nozzle petal seam.009
Fra:1 Mem:16.22M (Peak 16.22M) | Time:00:00.65 | Mem:0.00M, Peak:0.00M | Scene, ViewLayer | Synchronizing object | Nozzle petal seam.010
Fra:1 Mem:16.22M (Peak 16.22M) | Time:00:00.65 | Mem:0.00M, Peak:0.00M | Scene, ViewLayer | Synchronizing object | Nozzle petal seam.011
Fra:1 Mem:16.31M (Peak 16.31M) | Time:00:00.68 | Mem:0.00M, Peak:0.00M | Scene, ViewLayer | Synchronizing object | Nozzle petal seam.012
Fra:1 Mem:16.32M (Peak 16.32M) | Time:00:00.68 | Mem:0.00M, Peak:0.00M | Scene, ViewLayer | Synchronizing object | Nozzle petal seam.013
Fra:1 Mem:16.32M (Peak 16.32M) | Time:00:00.68 | Mem:0.00M, Peak:0.00M | Scene, ViewLayer | Synchronizing object | Nozzle petal seam.014
Fra:1 Mem:16.32M (Peak 16.32M) | Time:00:00.68 | Mem:0.00M, Peak:0.00M | Scene, ViewLayer | Synchronizing object | Nozzle petal seam.015
Fra:1 Mem:16.32M (Peak 16.32M) | Time:00:00.68 | Mem:0.00M, Peak:0.00M | Scene, ViewLayer | Synchronizing object | Nozzle petal seam.016
Fra:1 Mem:16.32M (Peak 16.32M) | Time:00:00.68 | Mem:0.00M, Peak:0.00M | Scene, ViewLayer | Synchronizing object | Nozzle petal seam.017
Fra:1 Mem:16.33M (Peak 16.33M) | Time:00:00.68 | Mem:0.00M, Peak:0.00M | Scene, ViewLayer | Synchronizing object | Nozzle petal seam.018
Fra:1 Mem:16.33M (Peak 16.33M) | Time:00:00.68 | Mem:0.00M, Peak:0.00M | Scene, ViewLayer | Synchronizing object | Nozzle petal seam.019
Fra:1 Mem:16.33M (Peak 16.33M) | Time:00:00.68 | Mem:0.00M, Peak:0.00M | Scene, ViewLayer | Synchronizing object | Nozzle petal seam.020
Fra:1 Mem:16.33M (Peak 16.33M) | Time:00:00.68 | Mem:0.00M, Peak:0.00M | Scene, ViewLayer | Synchronizing object | Nozzle petal seam.021
Fra:1 Mem:16.33M (Peak 16.33M) | Time:00:00.68 | Mem:0.00M, Peak:0.00M | Scene, ViewLayer | Synchronizing object | Nozzle petal seam.022
Fra:1 Mem:16.34M (Peak 16.34M) | Time:00:00.68 | Mem:0.00M, Peak:0.00M | Scene, ViewLayer | Synchronizing object | Nozzle petal seam.023
Fra:1 Mem:16.34M (Peak 16.34M) | Time:00:00.68 | Mem:0.00M, Peak:0.00M | Scene, ViewLayer | Synchronizing object | Pressure canopy glazing
Fra:1 Mem:16.39M (Peak 16.39M) | Time:00:00.68 | Mem:0.00M, Peak:0.00M | Scene, ViewLayer | Synchronizing object | Integrated lifting hull
Fra:1 Mem:16.39M (Peak 16.39M) | Time:00:00.68 | Mem:0.00M, Peak:0.00M | Scene, ViewLayer | Synchronizing object | Integrated propulsion nacelle
Fra:1 Mem:16.50M (Peak 16.50M) | Time:00:00.68 | Mem:0.00M, Peak:0.00M | Scene, ViewLayer | Synchronizing object | Contoured expansion nozzle
Fra:1 Mem:16.65M (Peak 16.65M) | Time:00:00.68 | Mem:0.00M, Peak:0.00M | Scene, ViewLayer | Synchronizing object | Deep ion throat
Fra:1 Mem:16.75M (Peak 16.75M) | Time:00:00.68 | Mem:0.00M, Peak:0.00M | Scene, ViewLayer | Synchronizing object | Blended structural fairing
Fra:1 Mem:16.79M (Peak 16.79M) | Time:00:00.68 | Mem:0.00M, Peak:0.00M | Scene, ViewLayer | Synchronizing object | Deep intake duct
Fra:1 Mem:16.85M (Peak 16.85M) | Time:00:00.68 | Mem:0.00M, Peak:0.00M | Scene, ViewLayer | Synchronizing object | Integrated lifting hull.001
Fra:1 Mem:16.92M (Peak 16.92M) | Time:00:00.68 | Mem:0.00M, Peak:0.00M | Scene, ViewLayer | Synchronizing object | Integrated propulsion nacelle.001
Fra:1 Mem:17.05M (Peak 17.05M) | Time:00:00.68 | Mem:0.00M, Peak:0.00M | Scene, ViewLayer | Synchronizing object | Contoured expansion nozzle.001
Fra:1 Mem:17.02M (Peak 17.05M) | Time:00:00.68 | Mem:0.00M, Peak:0.00M | Scene, ViewLayer | Synchronizing object | Deep ion throat.001
Fra:1 Mem:17.07M (Peak 17.07M) | Time:00:00.68 | Mem:0.00M, Peak:0.00M | Scene, ViewLayer | Synchronizing object | Deep intake duct.001
Fra:1 Mem:17.18M (Peak 17.18M) | Time:00:00.70 | Mem:0.00M, Peak:0.00M | Scene, ViewLayer | Synchronizing object | Blended structural fairing.001
Fra:1 Mem:17.31M (Peak 17.31M) | Time:00:00.70 | Mem:0.00M, Peak:0.00M | Scene, ViewLayer | Initializing
Fra:1 Mem:13.76M (Peak 17.31M) | Time:00:00.70 | Mem:0.00M, Peak:0.00M | Scene, ViewLayer | Waiting for render to start
Fra:1 Mem:13.76M (Peak 17.31M) | Time:00:00.70 | Mem:0.00M, Peak:0.00M | Scene, ViewLayer | Updating Scene
Fra:1 Mem:13.76M (Peak 17.31M) | Time:00:00.70 | Mem:0.00M, Peak:0.00M | Scene, ViewLayer | Updating Shaders
Fra:1 Mem:13.76M (Peak 17.31M) | Time:00:00.70 | Mem:0.00M, Peak:0.00M | Scene, ViewLayer | Loading render kernels (may take a few minutes the first time)
Fra:1 Mem:13.84M (Peak 41.13M) | Time:00:01.81 | Mem:0.01M, Peak:0.01M | Scene, ViewLayer | Updating Procedurals
Fra:1 Mem:13.84M (Peak 41.13M) | Time:00:01.81 | Mem:0.01M, Peak:0.01M | Scene, ViewLayer | Updating Background
Fra:1 Mem:13.84M (Peak 41.13M) | Time:00:01.81 | Mem:0.01M, Peak:0.01M | Scene, ViewLayer | Updating Camera
Fra:1 Mem:13.84M (Peak 41.13M) | Time:00:01.81 | Mem:0.01M, Peak:0.01M | Scene, ViewLayer | Updating Meshes Flags
Fra:1 Mem:13.84M (Peak 41.13M) | Time:00:01.81 | Mem:0.01M, Peak:0.01M | Scene, ViewLayer | Updating Objects
Fra:1 Mem:13.84M (Peak 41.13M) | Time:00:01.81 | Mem:0.01M, Peak:0.01M | Scene, ViewLayer | Updating Objects | Copying Transformations to device
Fra:1 Mem:13.85M (Peak 41.13M) | Time:00:01.81 | Mem:0.02M, Peak:0.02M | Scene, ViewLayer | Updating Particle Systems
Fra:1 Mem:13.85M (Peak 41.13M) | Time:00:01.81 | Mem:0.02M, Peak:0.02M | Scene, ViewLayer | Updating Particle Systems | Copying Particles to device
Fra:1 Mem:13.85M (Peak 41.13M) | Time:00:01.81 | Mem:0.02M, Peak:0.02M | Scene, ViewLayer | Updating Meshes
Fra:1 Mem:14.29M (Peak 41.13M) | Time:00:01.81 | Mem:0.02M, Peak:0.02M | Scene, ViewLayer | Updating Objects | Applying Static Transformations
Fra:1 Mem:14.29M (Peak 41.13M) | Time:00:01.81 | Mem:0.02M, Peak:0.02M | Scene, ViewLayer | Updating Mesh | Computing attributes
Fra:1 Mem:14.98M (Peak 41.13M) | Time:00:01.82 | Mem:0.02M, Peak:0.02M | Scene, ViewLayer | Updating Mesh | Copying Attributes to device
Fra:1 Mem:14.97M (Peak 41.13M) | Time:00:01.82 | Mem:0.70M, Peak:0.70M | Scene, ViewLayer | Updating Geometry BVH light 46/45 | Building BVH
Fra:1 Mem:14.97M (Peak 41.13M) | Time:00:01.82 | Mem:0.70M, Peak:0.70M | Scene, ViewLayer | Updating Geometry BVH Integrated lifting hull.006 10/45 | Building BVH
Fra:1 Mem:14.97M (Peak 41.13M) | Time:00:01.82 | Mem:0.70M, Peak:0.70M | Scene, ViewLayer | Updating Geometry BVH Contoured expansion nozzle.014 12/45 | Building OptiX acceleration structure
Fra:1 Mem:15.19M (Peak 41.13M) | Time:00:01.82 | Mem:0.71M, Peak:0.71M | Scene, ViewLayer | Updating Geometry BVH Nozzle petal seam.168 13/45 | Building BVH
Fra:1 Mem:15.19M (Peak 41.13M) | Time:00:01.82 | Mem:0.71M, Peak:0.71M | Scene, ViewLayer | Updating Geometry BVH Mesh 45/45 | Building OptiX acceleration structure
Fra:1 Mem:15.24M (Peak 41.13M) | Time:00:01.82 | Mem:0.78M, Peak:0.78M | Scene, ViewLayer | Updating Geometry BVH Nozzle petal seam.169 14/45 | Building BVH
Fra:1 Mem:15.24M (Peak 41.13M) | Time:00:01.82 | Mem:0.79M, Peak:0.79M | Scene, ViewLayer | Updating Geometry BVH Nozzle petal seam.169 14/45 | Building OptiX acceleration structure
Fra:1 Mem:15.31M (Peak 41.13M) | Time:00:01.82 | Mem:1.05M, Peak:1.08M | Scene, ViewLayer | Updating Geometry BVH Nozzle petal seam.170 15/45 | Building BVH
Fra:1 Mem:15.31M (Peak 41.13M) | Time:00:01.82 | Mem:1.05M, Peak:1.08M | Scene, ViewLayer | Updating Geometry BVH Nozzle petal seam.170 15/45 | Building OptiX acceleration structure
Fra:1 Mem:15.19M (Peak 41.13M) | Time:00:01.82 | Mem:1.09M, Peak:1.57M | Scene, ViewLayer | Updating Geometry BVH Nozzle petal seam.171 16/45 | Building BVH
Fra:1 Mem:15.19M (Peak 41.13M) | Time:00:01.82 | Mem:1.09M, Peak:1.57M | Scene, ViewLayer | Updating Geometry BVH Nozzle petal seam.171 16/45 | Building OptiX acceleration structure
Fra:1 Mem:15.19M (Peak 41.13M) | Time:00:01.82 | Mem:1.09M, Peak:1.57M | Scene, ViewLayer | Updating Geometry BVH Nozzle petal seam.172 17/45 | Building BVH
Fra:1 Mem:15.19M (Peak 41.13M) | Time:00:01.82 | Mem:1.10M, Peak:1.57M | Scene, ViewLayer | Updating Geometry BVH Nozzle petal seam.172 17/45 | Building OptiX acceleration structure
Fra:1 Mem:15.19M (Peak 41.13M) | Time:00:01.82 | Mem:1.09M, Peak:1.57M | Scene, ViewLayer | Updating Geometry BVH Nozzle petal seam.173 18/45 | Building BVH
Fra:1 Mem:15.19M (Peak 41.13M) | Time:00:01.82 | Mem:1.13M, Peak:1.57M | Scene, ViewLayer | Updating Geometry BVH Nozzle petal seam.173 18/45 | Building OptiX acceleration structure
Fra:1 Mem:15.18M (Peak 41.13M) | Time:00:01.82 | Mem:1.09M, Peak:1.57M | Scene, ViewLayer | Updating Geometry BVH Nozzle petal seam.174 19/45 | Building BVH
Fra:1 Mem:15.18M (Peak 41.13M) | Time:00:01.82 | Mem:1.11M, Peak:1.57M | Scene, ViewLayer | Updating Geometry BVH Nozzle petal seam.174 19/45 | Building OptiX acceleration structure
Fra:1 Mem:15.18M (Peak 41.13M) | Time:00:01.82 | Mem:1.10M, Peak:1.57M | Scene, ViewLayer | Updating Geometry BVH Nozzle petal seam.175 20/45 | Building BVH
Fra:1 Mem:15.18M (Peak 41.13M) | Time:00:01.82 | Mem:1.27M, Peak:1.57M | Scene, ViewLayer | Updating Geometry BVH Nozzle petal seam.175 20/45 | Building OptiX acceleration structure
Fra:1 Mem:15.15M (Peak 41.13M) | Time:00:01.82 | Mem:1.10M, Peak:1.57M | Scene, ViewLayer | Updating Geometry BVH Deep intake duct.007 44/45 | Building BVH
Fra:1 Mem:15.15M (Peak 41.13M) | Time:00:01.82 | Mem:1.52M, Peak:1.57M | Scene, ViewLayer | Updating Geometry BVH Deep intake duct.007 44/45 | Building OptiX acceleration structure
Fra:1 Mem:15.07M (Peak 41.13M) | Time:00:01.83 | Mem:1.13M, Peak:1.57M | Scene, ViewLayer | Updating Geometry BVH Nozzle petal seam.176 21/45 | Building BVH
Fra:1 Mem:15.07M (Peak 41.13M) | Time:00:01.83 | Mem:1.14M, Peak:1.57M | Scene, ViewLayer | Updating Geometry BVH Nozzle petal seam.176 21/45 | Building OptiX acceleration structure
Fra:1 Mem:15.07M (Peak 41.13M) | Time:00:01.83 | Mem:1.13M, Peak:1.57M | Scene, ViewLayer | Updating Geometry BVH Nozzle petal seam.177 22/45 | Building BVH
Fra:1 Mem:15.07M (Peak 41.13M) | Time:00:01.83 | Mem:1.13M, Peak:1.57M | Scene, ViewLayer | Updating Geometry BVH Nozzle petal seam.177 22/45 | Building OptiX acceleration structure
Fra:1 Mem:15.07M (Peak 41.13M) | Time:00:01.83 | Mem:1.13M, Peak:1.57M | Scene, ViewLayer | Updating Geometry BVH Nozzle petal seam.178 23/45 | Building BVH
Fra:1 Mem:15.07M (Peak 41.13M) | Time:00:01.83 | Mem:1.17M, Peak:1.57M | Scene, ViewLayer | Updating Geometry BVH Nozzle petal seam.178 23/45 | Building OptiX acceleration structure
Fra:1 Mem:15.06M (Peak 41.13M) | Time:00:01.83 | Mem:1.13M, Peak:1.57M | Scene, ViewLayer | Updating Geometry BVH Nozzle petal seam.179 24/45 | Building BVH
Fra:1 Mem:15.06M (Peak 41.13M) | Time:00:01.83 | Mem:1.55M, Peak:1.57M | Scene, ViewLayer | Updating Geometry BVH Nozzle petal seam.179 24/45 | Building OptiX acceleration structure
Fra:1 Mem:14.98M (Peak 41.13M) | Time:00:01.83 | Mem:1.16M, Peak:1.57M | Scene, ViewLayer | Updating Geometry BVH Deep ion throat.014 25/45 | Building BVH
Fra:1 Mem:14.98M (Peak 41.13M) | Time:00:01.83 | Mem:1.16M, Peak:1.57M | Scene, ViewLayer | Updating Geometry BVH Deep ion throat.014 25/45 | Building OptiX acceleration structure
Fra:1 Mem:14.98M (Peak 41.13M) | Time:00:01.83 | Mem:1.17M, Peak:1.57M | Scene, ViewLayer | Updating Geometry BVH Deep intake duct.006 26/45 | Building BVH
Fra:1 Mem:14.98M (Peak 41.13M) | Time:00:01.83 | Mem:1.18M, Peak:1.57M | Scene, ViewLayer | Updating Geometry BVH Deep intake duct.006 26/45 | Building OptiX acceleration structure
Fra:1 Mem:14.98M (Peak 41.13M) | Time:00:01.83 | Mem:1.17M, Peak:1.57M | Scene, ViewLayer | Updating Geometry BVH Mesh 27/45 | Building BVH
Fra:1 Mem:14.98M (Peak 41.13M) | Time:00:01.83 | Mem:1.18M, Peak:1.57M | Scene, ViewLayer | Updating Geometry BVH Mesh 27/45 | Building OptiX acceleration structure
Fra:1 Mem:15.02M (Peak 41.13M) | Time:00:01.83 | Mem:1.21M, Peak:1.57M | Scene, ViewLayer | Updating Geometry BVH Integrated lifting hull.007 28/45 | Building BVH
Fra:1 Mem:15.02M (Peak 41.13M) | Time:00:01.83 | Mem:1.21M, Peak:1.57M | Scene, ViewLayer | Updating Geometry BVH Integrated lifting hull.007 28/45 | Building OptiX acceleration structure
Fra:1 Mem:15.03M (Peak 41.13M) | Time:00:01.83 | Mem:1.22M, Peak:1.57M | Scene, ViewLayer | Updating Geometry BVH Integrated propulsion nacelle.007 29/45 | Building BVH
Fra:1 Mem:15.03M (Peak 41.13M) | Time:00:01.83 | Mem:1.23M, Peak:1.57M | Scene, ViewLayer | Updating Geometry BVH Integrated propulsion nacelle.007 29/45 | Building OptiX acceleration structure
Fra:1 Mem:15.03M (Peak 41.13M) | Time:00:01.84 | Mem:1.23M, Peak:1.57M | Scene, ViewLayer | Updating Geometry BVH Contoured expansion nozzle.015 30/45 | Building BVH
Fra:1 Mem:15.03M (Peak 41.13M) | Time:00:01.84 | Mem:1.23M, Peak:1.57M | Scene, ViewLayer | Updating Geometry BVH Contoured expansion nozzle.015 30/45 | Building OptiX acceleration structure
Fra:1 Mem:15.04M (Peak 41.13M) | Time:00:01.84 | Mem:1.25M, Peak:1.57M | Scene, ViewLayer | Updating Geometry BVH Nozzle petal seam.180 31/45 | Building BVH
Fra:1 Mem:15.04M (Peak 41.13M) | Time:00:01.84 | Mem:1.25M, Peak:1.57M | Scene, ViewLayer | Updating Geometry BVH Nozzle petal seam.180 31/45 | Building OptiX acceleration structure
Fra:1 Mem:15.04M (Peak 41.13M) | Time:00:01.84 | Mem:1.23M, Peak:1.57M | Scene, ViewLayer | Updating Geometry BVH Deep ion throat.015 43/45 | Building BVH
Fra:1 Mem:15.04M (Peak 41.13M) | Time:00:01.84 | Mem:1.23M, Peak:1.57M | Scene, ViewLayer | Updating Geometry BVH Deep ion throat.015 43/45 | Building OptiX acceleration structure
Fra:1 Mem:15.06M (Peak 41.13M) | Time:00:01.84 | Mem:1.26M, Peak:1.57M | Scene, ViewLayer | Updating Geometry BVH Nozzle petal seam.181 32/45 | Building BVH
Fra:1 Mem:15.06M (Peak 41.13M) | Time:00:01.84 | Mem:1.26M, Peak:1.57M | Scene, ViewLayer | Updating Geometry BVH Nozzle petal seam.181 32/45 | Building OptiX acceleration structure
Fra:1 Mem:15.06M (Peak 41.13M) | Time:00:01.84 | Mem:1.26M, Peak:1.57M | Scene, ViewLayer | Updating Geometry BVH Nozzle petal seam.182 33/45 | Building BVH
Fra:1 Mem:15.06M (Peak 41.13M) | Time:00:01.84 | Mem:1.26M, Peak:1.57M | Scene, ViewLayer | Updating Geometry BVH Nozzle petal seam.182 33/45 | Building OptiX acceleration structure
Fra:1 Mem:15.06M (Peak 41.13M) | Time:00:01.84 | Mem:1.26M, Peak:1.57M | Scene, ViewLayer | Updating Geometry BVH Nozzle petal seam.183 34/45 | Building BVH
Fra:1 Mem:15.06M (Peak 41.13M) | Time:00:01.84 | Mem:1.27M, Peak:1.57M | Scene, ViewLayer | Updating Geometry BVH Nozzle petal seam.183 34/45 | Building OptiX acceleration structure
Fra:1 Mem:15.06M (Peak 41.13M) | Time:00:01.84 | Mem:1.26M, Peak:1.57M | Scene, ViewLayer | Updating Geometry BVH Nozzle petal seam.184 35/45 | Building BVH
Fra:1 Mem:15.06M (Peak 41.13M) | Time:00:01.84 | Mem:1.26M, Peak:1.57M | Scene, ViewLayer | Updating Geometry BVH Nozzle petal seam.184 35/45 | Building OptiX acceleration structure
Fra:1 Mem:15.06M (Peak 41.13M) | Time:00:01.84 | Mem:1.26M, Peak:1.57M | Scene, ViewLayer | Updating Geometry BVH Nozzle petal seam.185 36/45 | Building BVH
Fra:1 Mem:15.06M (Peak 41.13M) | Time:00:01.84 | Mem:1.27M, Peak:1.57M | Scene, ViewLayer | Updating Geometry BVH Nozzle petal seam.185 36/45 | Building OptiX acceleration structure
Fra:1 Mem:15.05M (Peak 41.13M) | Time:00:01.85 | Mem:1.26M, Peak:1.57M | Scene, ViewLayer | Updating Geometry BVH Nozzle petal seam.186 37/45 | Building BVH
Fra:1 Mem:15.05M (Peak 41.13M) | Time:00:01.85 | Mem:1.26M, Peak:1.57M | Scene, ViewLayer | Updating Geometry BVH Nozzle petal seam.186 37/45 | Building OptiX acceleration structure
Fra:1 Mem:15.02M (Peak 41.13M) | Time:00:01.85 | Mem:1.27M, Peak:1.57M | Scene, ViewLayer | Updating Geometry BVH Nozzle petal seam.187 38/45 | Building BVH
Fra:1 Mem:15.02M (Peak 41.13M) | Time:00:01.85 | Mem:1.29M, Peak:1.57M | Scene, ViewLayer | Updating Geometry BVH Nozzle petal seam.187 38/45 | Building OptiX acceleration structure
Fra:1 Mem:15.01M (Peak 41.13M) | Time:00:01.85 | Mem:1.27M, Peak:1.57M | Scene, ViewLayer | Updating Geometry BVH Nozzle petal seam.188 39/45 | Building BVH
Fra:1 Mem:15.01M (Peak 41.13M) | Time:00:01.85 | Mem:1.28M, Peak:1.57M | Scene, ViewLayer | Updating Geometry BVH Nozzle petal seam.188 39/45 | Building OptiX acceleration structure
Fra:1 Mem:15.01M (Peak 41.13M) | Time:00:01.85 | Mem:1.27M, Peak:1.57M | Scene, ViewLayer | Updating Geometry BVH Nozzle petal seam.189 40/45 | Building BVH
Fra:1 Mem:15.01M (Peak 41.13M) | Time:00:01.85 | Mem:1.31M, Peak:1.57M | Scene, ViewLayer | Updating Geometry BVH Nozzle petal seam.189 40/45 | Building OptiX acceleration structure
Fra:1 Mem:15.00M (Peak 41.13M) | Time:00:01.85 | Mem:1.28M, Peak:1.57M | Scene, ViewLayer | Updating Geometry BVH Nozzle petal seam.190 41/45 | Building BVH
Fra:1 Mem:15.00M (Peak 41.13M) | Time:00:01.85 | Mem:1.28M, Peak:1.57M | Scene, ViewLayer | Updating Geometry BVH Nozzle petal seam.190 41/45 | Building OptiX acceleration structure
Fra:1 Mem:15.00M (Peak 41.13M) | Time:00:01.85 | Mem:1.28M, Peak:1.57M | Scene, ViewLayer | Updating Geometry BVH Nozzle petal seam.191 42/45 | Building BVH
Fra:1 Mem:15.00M (Peak 41.13M) | Time:00:01.85 | Mem:1.33M, Peak:1.57M | Scene, ViewLayer | Updating Geometry BVH Nozzle petal seam.191 42/45 | Building OptiX acceleration structure
Fra:1 Mem:14.97M (Peak 41.13M) | Time:00:01.87 | Mem:1.28M, Peak:1.57M | Scene, ViewLayer | Updating Scene BVH | Building
Fra:1 Mem:14.98M (Peak 41.13M) | Time:00:01.87 | Mem:1.28M, Peak:1.57M | Scene, ViewLayer | Updating Scene BVH | Building OptiX acceleration structure
Fra:1 Mem:14.98M (Peak 41.13M) | Time:00:01.87 | Mem:1.29M, Peak:1.57M | Scene, ViewLayer | Updating Scene BVH | Copying BVH to device
Fra:1 Mem:14.98M (Peak 41.13M) | Time:00:01.87 | Mem:1.29M, Peak:1.57M | Scene, ViewLayer | Updating Mesh | Computing normals
Fra:1 Mem:15.62M (Peak 41.13M) | Time:00:01.87 | Mem:1.29M, Peak:1.57M | Scene, ViewLayer | Updating Mesh | Copying Mesh to device
Fra:1 Mem:15.62M (Peak 41.13M) | Time:00:01.87 | Mem:1.93M, Peak:1.93M | Scene, ViewLayer | Updating Objects Flags
Fra:1 Mem:15.62M (Peak 41.13M) | Time:00:01.87 | Mem:1.93M, Peak:1.93M | Scene, ViewLayer | Updating Primitive Offsets
Fra:1 Mem:15.62M (Peak 41.13M) | Time:00:01.87 | Mem:1.93M, Peak:1.93M | Scene, ViewLayer | Updating Images
Fra:1 Mem:15.62M (Peak 41.13M) | Time:00:01.87 | Mem:1.93M, Peak:1.93M | Scene, ViewLayer | Updating Images | Loading panel-normal.png
Fra:1 Mem:15.62M (Peak 41.13M) | Time:00:01.87 | Mem:1.93M, Peak:1.93M | Scene, ViewLayer | Updating Images | Loading paint-orm.png
Fra:1 Mem:31.63M (Peak 41.13M) | Time:00:02.15 | Mem:17.93M, Peak:17.93M | Scene, ViewLayer | Updating Camera Volume
Fra:1 Mem:31.63M (Peak 41.13M) | Time:00:02.15 | Mem:17.93M, Peak:17.93M | Scene, ViewLayer | Updating Lookup Tables
Fra:1 Mem:31.63M (Peak 41.13M) | Time:00:02.15 | Mem:18.02M, Peak:18.02M | Scene, ViewLayer | Updating Lights
Fra:1 Mem:31.63M (Peak 41.13M) | Time:00:02.15 | Mem:18.02M, Peak:18.02M | Scene, ViewLayer | Updating Lights | Computing tree
Fra:1 Mem:31.82M (Peak 41.13M) | Time:00:02.16 | Mem:18.21M, Peak:18.21M | Scene, ViewLayer | Updating Integrator
Fra:1 Mem:31.82M (Peak 41.13M) | Time:00:02.16 | Mem:18.21M, Peak:18.21M | Scene, ViewLayer | Updating Film
Fra:1 Mem:31.83M (Peak 41.13M) | Time:00:02.16 | Mem:18.12M, Peak:18.21M | Scene, ViewLayer | Updating Lookup Tables
Fra:1 Mem:31.83M (Peak 41.13M) | Time:00:02.16 | Mem:18.21M, Peak:18.21M | Scene, ViewLayer | Updating Baking
Fra:1 Mem:31.83M (Peak 41.13M) | Time:00:02.16 | Mem:18.21M, Peak:18.21M | Scene, ViewLayer | Updating Device | Writing constant memory
Fra:1 Mem:31.83M (Peak 41.13M) | Time:00:02.16 | Mem:18.21M, Peak:18.21M | Scene, ViewLayer | Loading denoising kernels (may take a few minutes the first time)
Fra:1 Mem:35.83M (Peak 41.13M) | Time:00:02.20 | Mem:370.21M, Peak:370.21M | Scene, ViewLayer | Sample 0/24
Fra:1 Mem:82.80M (Peak 82.80M) | Time:00:02.24 | Remaining:00:00.75 | Mem:417.19M, Peak:417.19M | Scene, ViewLayer | Sample 1/24
Fra:1 Mem:102.59M (Peak 132.25M) | Time:00:07.33 | Mem:417.20M, Peak:417.20M | Scene, ViewLayer | Sample 24/24
Fra:1 Mem:102.59M (Peak 132.25M) | Time:00:07.33 | Mem:417.20M, Peak:417.20M | Scene, ViewLayer | Finished
Saved: 'D:\vibe-coding-e\nova-swarm-forum-129-improvements-20260822\docs\fleet-art-v2\ships\07\surfaced.png'
Time: 00:07.98 (Saving: 00:00.23)

Info: Saved as "source.blend"
17:11:10 | INFO: Starting glTF 2.0 export
17:11:10 | INFO: Extracting primitive: Continuous pressure fuselage.003
17:11:10 | WARNING: More than one shader node tex image used for a texture. The resulting glTF sampler will behave like the first shader node tex image.
17:11:10 | WARNING: More than one shader node tex image used for a texture. The resulting glTF sampler will behave like the first shader node tex image.
17:11:10 | INFO: Primitives created: 6
17:11:10 | INFO: Finished glTF 2.0 export in 0.33596372604370117 s
Fra:1 Mem:15.24M (Peak 30.75M) | Time:00:00.39 | Mem:0.00M, Peak:0.00M | Scene, ViewLayer | Synchronizing object | Broad neutral key
Fra:1 Mem:15.24M (Peak 30.75M) | Time:00:00.39 | Mem:0.00M, Peak:0.00M | Scene, ViewLayer | Synchronizing object | Neutral fill
Fra:1 Mem:16.86M (Peak 30.75M) | Time:00:00.41 | Mem:0.00M, Peak:0.00M | Scene, ViewLayer | Initializing
Fra:1 Mem:16.39M (Peak 30.75M) | Time:00:00.41 | Mem:0.00M, Peak:0.00M | Scene, ViewLayer | Waiting for render to start
Fra:1 Mem:16.39M (Peak 30.75M) | Time:00:00.41 | Mem:0.00M, Peak:0.00M | Scene, ViewLayer | Updating Scene
Fra:1 Mem:16.39M (Peak 30.75M) | Time:00:00.41 | Mem:0.00M, Peak:0.00M | Scene, ViewLayer | Updating Shaders
Fra:1 Mem:16.39M (Peak 30.75M) | Time:00:00.41 | Mem:0.00M, Peak:0.00M | Scene, ViewLayer | Loading render kernels (may take a few minutes the first time)
Fra:1 Mem:16.48M (Peak 43.76M) | Time:00:00.67 | Mem:0.01M, Peak:0.01M | Scene, ViewLayer | Updating Procedurals
Fra:1 Mem:16.48M (Peak 43.76M) | Time:00:00.67 | Mem:0.01M, Peak:0.01M | Scene, ViewLayer | Updating Background
Fra:1 Mem:16.48M (Peak 43.76M) | Time:00:00.67 | Mem:0.01M, Peak:0.01M | Scene, ViewLayer | Updating Camera
Fra:1 Mem:16.48M (Peak 43.76M) | Time:00:00.67 | Mem:0.01M, Peak:0.01M | Scene, ViewLayer | Updating Meshes Flags
Fra:1 Mem:16.48M (Peak 43.76M) | Time:00:00.67 | Mem:0.01M, Peak:0.01M | Scene, ViewLayer | Updating Objects
Fra:1 Mem:16.48M (Peak 43.76M) | Time:00:00.67 | Mem:0.01M, Peak:0.01M | Scene, ViewLayer | Updating Objects | Copying Transformations to device
Fra:1 Mem:16.48M (Peak 43.76M) | Time:00:00.67 | Mem:0.01M, Peak:0.01M | Scene, ViewLayer | Updating Particle Systems
Fra:1 Mem:16.48M (Peak 43.76M) | Time:00:00.67 | Mem:0.01M, Peak:0.01M | Scene, ViewLayer | Updating Particle Systems | Copying Particles to device
Fra:1 Mem:16.48M (Peak 43.76M) | Time:00:00.67 | Mem:0.01M, Peak:0.01M | Scene, ViewLayer | Updating Meshes
Fra:1 Mem:17.58M (Peak 43.76M) | Time:00:00.69 | Mem:0.01M, Peak:0.01M | Scene, ViewLayer | Updating Objects | Applying Static Transformations
Fra:1 Mem:17.58M (Peak 43.76M) | Time:00:00.69 | Mem:0.01M, Peak:0.01M | Scene, ViewLayer | Updating Mesh | Computing attributes
Fra:1 Mem:19.05M (Peak 43.76M) | Time:00:00.69 | Mem:0.01M, Peak:0.01M | Scene, ViewLayer | Updating Mesh | Copying Attributes to device
Fra:1 Mem:19.05M (Peak 43.76M) | Time:00:00.69 | Mem:1.48M, Peak:1.48M | Scene, ViewLayer | Updating Geometry BVH light 5/4 | Building BVH
Fra:1 Mem:19.05M (Peak 43.76M) | Time:00:00.69 | Mem:1.48M, Peak:1.48M | Scene, ViewLayer | Updating Geometry BVH Continuous pressure fuselage.003 4/4 | Building OptiX acceleration structure
Fra:1 Mem:19.05M (Peak 43.76M) | Time:00:00.70 | Mem:1.96M, Peak:3.42M | Scene, ViewLayer | Updating Scene BVH | Building
Fra:1 Mem:19.05M (Peak 43.76M) | Time:00:00.70 | Mem:1.96M, Peak:3.42M | Scene, ViewLayer | Updating Scene BVH | Building OptiX acceleration structure
Fra:1 Mem:19.05M (Peak 43.76M) | Time:00:00.72 | Mem:1.96M, Peak:3.42M | Scene, ViewLayer | Updating Scene BVH | Copying BVH to device
Fra:1 Mem:19.05M (Peak 43.76M) | Time:00:00.72 | Mem:1.96M, Peak:3.42M | Scene, ViewLayer | Updating Mesh | Computing normals
Fra:1 Mem:19.63M (Peak 43.76M) | Time:00:00.72 | Mem:1.96M, Peak:3.42M | Scene, ViewLayer | Updating Mesh | Copying Mesh to device
Fra:1 Mem:19.63M (Peak 43.76M) | Time:00:00.72 | Mem:2.54M, Peak:3.42M | Scene, ViewLayer | Updating Objects Flags
Fra:1 Mem:19.63M (Peak 43.76M) | Time:00:00.72 | Mem:2.54M, Peak:3.42M | Scene, ViewLayer | Updating Primitive Offsets
Fra:1 Mem:19.63M (Peak 43.76M) | Time:00:00.72 | Mem:2.54M, Peak:3.42M | Scene, ViewLayer | Updating Images
Fra:1 Mem:19.63M (Peak 43.76M) | Time:00:00.72 | Mem:2.54M, Peak:3.42M | Scene, ViewLayer | Updating Images | Loading panel-normal.png
Fra:1 Mem:23.63M (Peak 43.76M) | Time:00:00.72 | Mem:2.54M, Peak:3.42M | Scene, ViewLayer | Updating Images | Loading white-basecolor.png
Fra:1 Mem:27.63M (Peak 43.76M) | Time:00:00.72 | Mem:2.54M, Peak:3.42M | Scene, ViewLayer | Updating Images | Loading paint-orm.png
Fra:1 Mem:35.64M (Peak 43.76M) | Time:00:00.74 | Mem:18.54M, Peak:18.54M | Scene, ViewLayer | Updating Camera Volume
Fra:1 Mem:35.64M (Peak 43.76M) | Time:00:00.74 | Mem:18.54M, Peak:18.54M | Scene, ViewLayer | Updating Lookup Tables
Fra:1 Mem:35.64M (Peak 43.76M) | Time:00:00.74 | Mem:18.62M, Peak:18.62M | Scene, ViewLayer | Updating Lights
Fra:1 Mem:35.64M (Peak 43.76M) | Time:00:00.74 | Mem:18.62M, Peak:18.62M | Scene, ViewLayer | Updating Lights | Computing tree
Fra:1 Mem:35.90M (Peak 43.76M) | Time:00:00.76 | Mem:18.88M, Peak:18.88M | Scene, ViewLayer | Updating Integrator
Fra:1 Mem:35.90M (Peak 43.76M) | Time:00:00.76 | Mem:18.88M, Peak:18.88M | Scene, ViewLayer | Updating Film
Fra:1 Mem:35.91M (Peak 43.76M) | Time:00:00.76 | Mem:18.80M, Peak:18.88M | Scene, ViewLayer | Updating Lookup Tables
Fra:1 Mem:35.91M (Peak 43.76M) | Time:00:00.76 | Mem:18.88M, Peak:18.88M | Scene, ViewLayer | Updating Baking
Fra:1 Mem:35.91M (Peak 43.76M) | Time:00:00.76 | Mem:18.88M, Peak:18.88M | Scene, ViewLayer | Updating Device | Writing constant memory
Fra:1 Mem:35.91M (Peak 43.76M) | Time:00:00.76 | Mem:18.88M, Peak:18.88M | Scene, ViewLayer | Loading denoising kernels (may take a few minutes the first time)
Fra:1 Mem:39.91M (Peak 43.76M) | Time:00:00.79 | Mem:370.89M, Peak:370.89M | Scene, ViewLayer | Sample 0/24
Fra:1 Mem:115.92M (Peak 115.92M) | Time:00:00.83 | Remaining:00:01.06 | Mem:446.90M, Peak:446.90M | Scene, ViewLayer | Sample 1/24
Fra:1 Mem:147.92M (Peak 195.92M) | Time:00:10.57 | Mem:446.90M, Peak:446.90M | Scene, ViewLayer | Sample 24/24
Fra:1 Mem:147.92M (Peak 195.92M) | Time:00:10.57 | Mem:446.90M, Peak:446.90M | Scene, ViewLayer | Finished
Saved: 'D:\vibe-coding-e\nova-swarm-forum-129-improvements-20260822\docs\fleet-art-v2\ships\07\export\showroom.png'
Time: 00:12.03 (Saving: 00:00.28)

Fra:1 Mem:15.54M (Peak 15.54M) | Time:00:00.26 | Mem:0.00M, Peak:0.00M | Scene, ViewLayer | Synchronizing object | Broad neutral key
Fra:1 Mem:15.54M (Peak 15.54M) | Time:00:00.26 | Mem:0.00M, Peak:0.00M | Scene, ViewLayer | Synchronizing object | QuasarFanV2
Fra:1 Mem:16.86M (Peak 17.64M) | Time:00:00.28 | Mem:0.00M, Peak:0.00M | Scene, ViewLayer | Initializing
Fra:1 Mem:16.39M (Peak 17.64M) | Time:00:00.28 | Mem:0.00M, Peak:0.00M | Scene, ViewLayer | Waiting for render to start
Fra:1 Mem:16.39M (Peak 17.64M) | Time:00:00.28 | Mem:0.00M, Peak:0.00M | Scene, ViewLayer | Updating Scene
Fra:1 Mem:16.39M (Peak 17.64M) | Time:00:00.28 | Mem:0.00M, Peak:0.00M | Scene, ViewLayer | Updating Shaders
Fra:1 Mem:16.39M (Peak 17.64M) | Time:00:00.28 | Mem:0.00M, Peak:0.00M | Scene, ViewLayer | Loading render kernels (may take a few minutes the first time)
Fra:1 Mem:16.48M (Peak 43.76M) | Time:00:00.50 | Mem:0.01M, Peak:0.01M | Scene, ViewLayer | Updating Procedurals
Fra:1 Mem:16.48M (Peak 43.76M) | Time:00:00.50 | Mem:0.01M, Peak:0.01M | Scene, ViewLayer | Updating Background
Fra:1 Mem:16.48M (Peak 43.76M) | Time:00:00.50 | Mem:0.01M, Peak:0.01M | Scene, ViewLayer | Updating Camera
Fra:1 Mem:16.48M (Peak 43.76M) | Time:00:00.50 | Mem:0.01M, Peak:0.01M | Scene, ViewLayer | Updating Meshes Flags
Fra:1 Mem:16.48M (Peak 43.76M) | Time:00:00.50 | Mem:0.01M, Peak:0.01M | Scene, ViewLayer | Updating Objects
Fra:1 Mem:16.48M (Peak 43.76M) | Time:00:00.50 | Mem:0.01M, Peak:0.01M | Scene, ViewLayer | Updating Objects | Copying Transformations to device
Fra:1 Mem:16.48M (Peak 43.76M) | Time:00:00.50 | Mem:0.01M, Peak:0.01M | Scene, ViewLayer | Updating Particle Systems
Fra:1 Mem:16.48M (Peak 43.76M) | Time:00:00.50 | Mem:0.01M, Peak:0.01M | Scene, ViewLayer | Updating Particle Systems | Copying Particles to device
Fra:1 Mem:16.48M (Peak 43.76M) | Time:00:00.50 | Mem:0.01M, Peak:0.01M | Scene, ViewLayer | Updating Meshes
Fra:1 Mem:17.58M (Peak 43.76M) | Time:00:00.52 | Mem:0.01M, Peak:0.01M | Scene, ViewLayer | Updating Objects | Applying Static Transformations
Fra:1 Mem:17.58M (Peak 43.76M) | Time:00:00.52 | Mem:0.01M, Peak:0.01M | Scene, ViewLayer | Updating Mesh | Computing attributes
Fra:1 Mem:19.05M (Peak 43.76M) | Time:00:00.52 | Mem:0.01M, Peak:0.01M | Scene, ViewLayer | Updating Mesh | Copying Attributes to device
Fra:1 Mem:19.05M (Peak 43.76M) | Time:00:00.53 | Mem:1.48M, Peak:1.48M | Scene, ViewLayer | Updating Geometry BVH light 5/4 | Building BVH
Fra:1 Mem:19.05M (Peak 43.76M) | Time:00:00.53 | Mem:1.48M, Peak:1.48M | Scene, ViewLayer | Updating Geometry BVH Neutral fill 3/4 | Building BVH
Fra:1 Mem:19.05M (Peak 43.76M) | Time:00:00.53 | Mem:1.48M, Peak:1.48M | Scene, ViewLayer | Updating Geometry BVH Continuous pressure fuselage.003 4/4 | Building OptiX acceleration structure
Fra:1 Mem:19.05M (Peak 43.76M) | Time:00:00.53 | Mem:1.96M, Peak:3.42M | Scene, ViewLayer | Updating Scene BVH | Building
Fra:1 Mem:19.05M (Peak 43.76M) | Time:00:00.53 | Mem:1.96M, Peak:3.42M | Scene, ViewLayer | Updating Scene BVH | Building OptiX acceleration structure
Fra:1 Mem:19.05M (Peak 43.76M) | Time:00:00.53 | Mem:1.96M, Peak:3.42M | Scene, ViewLayer | Updating Scene BVH | Copying BVH to device
Fra:1 Mem:19.05M (Peak 43.76M) | Time:00:00.53 | Mem:1.96M, Peak:3.42M | Scene, ViewLayer | Updating Mesh | Computing normals
Fra:1 Mem:19.63M (Peak 43.76M) | Time:00:00.53 | Mem:1.96M, Peak:3.42M | Scene, ViewLayer | Updating Mesh | Copying Mesh to device
Fra:1 Mem:19.63M (Peak 43.76M) | Time:00:00.54 | Mem:2.54M, Peak:3.42M | Scene, ViewLayer | Updating Objects Flags
Fra:1 Mem:19.63M (Peak 43.76M) | Time:00:00.54 | Mem:2.54M, Peak:3.42M | Scene, ViewLayer | Updating Primitive Offsets
Fra:1 Mem:19.63M (Peak 43.76M) | Time:00:00.54 | Mem:2.54M, Peak:3.42M | Scene, ViewLayer | Updating Images
Fra:1 Mem:19.63M (Peak 43.76M) | Time:00:00.54 | Mem:2.54M, Peak:3.42M | Scene, ViewLayer | Updating Images | Loading panel-normal.png
Fra:1 Mem:23.63M (Peak 43.76M) | Time:00:00.54 | Mem:2.54M, Peak:3.42M | Scene, ViewLayer | Updating Images | Loading white-basecolor.png
Fra:1 Mem:27.63M (Peak 43.76M) | Time:00:00.54 | Mem:2.54M, Peak:3.42M | Scene, ViewLayer | Updating Images | Loading paint-orm.png
Fra:1 Mem:35.64M (Peak 43.76M) | Time:00:00.56 | Mem:18.54M, Peak:18.54M | Scene, ViewLayer | Updating Camera Volume
Fra:1 Mem:35.64M (Peak 43.76M) | Time:00:00.56 | Mem:18.54M, Peak:18.54M | Scene, ViewLayer | Updating Lookup Tables
Fra:1 Mem:35.64M (Peak 43.76M) | Time:00:00.56 | Mem:18.62M, Peak:18.62M | Scene, ViewLayer | Updating Lights
Fra:1 Mem:35.64M (Peak 43.76M) | Time:00:00.57 | Mem:18.62M, Peak:18.62M | Scene, ViewLayer | Updating Lights | Computing tree
Fra:1 Mem:35.90M (Peak 43.76M) | Time:00:00.58 | Mem:18.88M, Peak:18.88M | Scene, ViewLayer | Updating Integrator
Fra:1 Mem:35.90M (Peak 43.76M) | Time:00:00.58 | Mem:18.88M, Peak:18.88M | Scene, ViewLayer | Updating Film
Fra:1 Mem:35.91M (Peak 43.76M) | Time:00:00.58 | Mem:18.80M, Peak:18.88M | Scene, ViewLayer | Updating Lookup Tables
Fra:1 Mem:35.91M (Peak 43.76M) | Time:00:00.58 | Mem:18.88M, Peak:18.88M | Scene, ViewLayer | Updating Baking
Fra:1 Mem:35.91M (Peak 43.76M) | Time:00:00.58 | Mem:18.88M, Peak:18.88M | Scene, ViewLayer | Updating Device | Writing constant memory
Fra:1 Mem:35.91M (Peak 43.76M) | Time:00:00.58 | Mem:18.88M, Peak:18.88M | Scene, ViewLayer | Loading denoising kernels (may take a few minutes the first time)
Fra:1 Mem:39.91M (Peak 43.76M) | Time:00:00.62 | Mem:370.89M, Peak:370.89M | Scene, ViewLayer | Sample 0/24
Fra:1 Mem:58.92M (Peak 58.92M) | Time:00:00.66 | Remaining:00:00.83 | Mem:389.90M, Peak:389.90M | Scene, ViewLayer | Sample 1/24
Fra:1 Mem:66.92M (Peak 78.92M) | Time:00:02.78 | Mem:389.90M, Peak:389.90M | Scene, ViewLayer | Sample 24/24
Fra:1 Mem:66.92M (Peak 78.92M) | Time:00:02.78 | Mem:389.90M, Peak:389.90M | Scene, ViewLayer | Finished
Saved: 'D:\vibe-coding-e\nova-swarm-forum-129-improvements-20260822\docs\fleet-art-v2\ships\07\export\player.png'
Time: 00:03.51 (Saving: 00:00.16)


FLEET_V2_COMPLETE 7 Quasar Fan
Read blend: "D:\vibe-coding-e\nova-swarm-forum-129-improvements-20260822\docs\fleet-art-v2\ships\08\source.blend"
Fra:1 Mem:14.50M (Peak 14.50M) | Time:00:00.31 | Mem:0.00M, Peak:0.00M | Scene, ViewLayer | Synchronizing object | Broad neutral key
Fra:1 Mem:14.50M (Peak 14.50M) | Time:00:00.31 | Mem:0.00M, Peak:0.00M | Scene, ViewLayer | Synchronizing object | Neutral fill
Fra:1 Mem:14.82M (Peak 14.82M) | Time:00:00.39 | Mem:0.00M, Peak:0.00M | Scene, ViewLayer | Synchronizing object | Continuous pressure fuselage
Fra:1 Mem:15.67M (Peak 15.67M) | Time:00:00.44 | Mem:0.00M, Peak:0.00M | Scene, ViewLayer | Synchronizing object | Cockpit integrated coaming
Fra:1 Mem:16.20M (Peak 16.20M) | Time:00:00.50 | Mem:0.00M, Peak:0.00M | Scene, ViewLayer | Synchronizing object | Pressure canopy glazing
Fra:1 Mem:16.25M (Peak 16.25M) | Time:00:00.50 | Mem:0.00M, Peak:0.00M | Scene, ViewLayer | Synchronizing object | Canopy lower frame
Fra:1 Mem:16.48M (Peak 16.48M) | Time:00:00.50 | Mem:0.00M, Peak:0.00M | Scene, ViewLayer | Synchronizing object | Canopy lower frame.001
Fra:1 Mem:16.48M (Peak 16.48M) | Time:00:00.50 | Mem:0.00M, Peak:0.00M | Scene, ViewLayer | Synchronizing object | Canopy pressure bow
Fra:1 Mem:16.52M (Peak 16.52M) | Time:00:00.50 | Mem:0.00M, Peak:0.00M | Scene, ViewLayer | Synchronizing object | Integrated lifting hull
Fra:1 Mem:16.52M (Peak 16.52M) | Time:00:00.50 | Mem:0.00M, Peak:0.00M | Scene, ViewLayer | Synchronizing object | Contoured expansion nozzle
Fra:1 Mem:16.62M (Peak 16.62M) | Time:00:00.50 | Mem:0.00M, Peak:0.00M | Scene, ViewLayer | Synchronizing object | Nozzle petal seam.001
Fra:1 Mem:16.62M (Peak 16.62M) | Time:00:00.50 | Mem:0.00M, Peak:0.00M | Scene, ViewLayer | Synchronizing object | Nozzle petal seam.002
Fra:1 Mem:16.64M (Peak 16.64M) | Time:00:00.50 | Mem:0.00M, Peak:0.00M | Scene, ViewLayer | Synchronizing object | Nozzle petal seam.003
Fra:1 Mem:16.67M (Peak 16.67M) | Time:00:00.50 | Mem:0.00M, Peak:0.00M | Scene, ViewLayer | Synchronizing object | Nozzle petal seam.004
Fra:1 Mem:16.64M (Peak 16.67M) | Time:00:00.50 | Mem:0.00M, Peak:0.00M | Scene, ViewLayer | Synchronizing object | Nozzle petal seam.005
Fra:1 Mem:16.67M (Peak 16.67M) | Time:00:00.50 | Mem:0.00M, Peak:0.00M | Scene, ViewLayer | Synchronizing object | Nozzle petal seam.006
Fra:1 Mem:16.64M (Peak 16.67M) | Time:00:00.50 | Mem:0.00M, Peak:0.00M | Scene, ViewLayer | Synchronizing object | Nozzle petal seam.007
Fra:1 Mem:16.64M (Peak 16.67M) | Time:00:00.50 | Mem:0.00M, Peak:0.00M | Scene, ViewLayer | Synchronizing object | Nozzle petal seam.008
Fra:1 Mem:16.65M (Peak 16.67M) | Time:00:00.50 | Mem:0.00M, Peak:0.00M | Scene, ViewLayer | Synchronizing object | Nozzle petal seam.009
Fra:1 Mem:16.65M (Peak 16.67M) | Time:00:00.50 | Mem:0.00M, Peak:0.00M | Scene, ViewLayer | Synchronizing object | Nozzle petal seam.010
Fra:1 Mem:16.65M (Peak 16.67M) | Time:00:00.50 | Mem:0.00M, Peak:0.00M | Scene, ViewLayer | Synchronizing object | Nozzle petal seam.011
Fra:1 Mem:16.65M (Peak 16.67M) | Time:00:00.50 | Mem:0.00M, Peak:0.00M | Scene, ViewLayer | Synchronizing object | Deep ion throat
Fra:1 Mem:16.65M (Peak 16.67M) | Time:00:00.50 | Mem:0.00M, Peak:0.00M | Scene, ViewLayer | Synchronizing object | Deep intake duct
Fra:1 Mem:16.81M (Peak 16.81M) | Time:00:00.52 | Mem:0.00M, Peak:0.00M | Scene, ViewLayer | Synchronizing object | Blended structural fairing
Fra:1 Mem:16.81M (Peak 16.81M) | Time:00:00.52 | Mem:0.00M, Peak:0.00M | Scene, ViewLayer | Synchronizing object | Integrated lifting hull.001
Fra:1 Mem:16.91M (Peak 16.91M) | Time:00:00.52 | Mem:0.00M, Peak:0.00M | Scene, ViewLayer | Synchronizing object | Contoured expansion nozzle.001
Fra:1 Mem:17.02M (Peak 17.02M) | Time:00:00.52 | Mem:0.00M, Peak:0.00M | Scene, ViewLayer | Synchronizing object | Nozzle petal seam.013
Fra:1 Mem:17.04M (Peak 17.04M) | Time:00:00.52 | Mem:0.00M, Peak:0.00M | Scene, ViewLayer | Synchronizing object | Nozzle petal seam.014
Fra:1 Mem:17.01M (Peak 17.04M) | Time:00:00.52 | Mem:0.00M, Peak:0.00M | Scene, ViewLayer | Synchronizing object | Nozzle petal seam.015
Fra:1 Mem:17.09M (Peak 17.09M) | Time:00:00.52 | Mem:0.00M, Peak:0.00M | Scene, ViewLayer | Synchronizing object | Nozzle petal seam.016
Fra:1 Mem:17.09M (Peak 17.09M) | Time:00:00.52 | Mem:0.00M, Peak:0.00M | Scene, ViewLayer | Synchronizing object | Nozzle petal seam.017
Fra:1 Mem:17.08M (Peak 17.09M) | Time:00:00.52 | Mem:0.00M, Peak:0.00M | Scene, ViewLayer | Synchronizing object | Nozzle petal seam.018
Fra:1 Mem:17.12M (Peak 17.12M) | Time:00:00.52 | Mem:0.00M, Peak:0.00M | Scene, ViewLayer | Synchronizing object | Nozzle petal seam.019
Fra:1 Mem:17.09M (Peak 17.12M) | Time:00:00.52 | Mem:0.00M, Peak:0.00M | Scene, ViewLayer | Synchronizing object | Nozzle petal seam.020
Fra:1 Mem:17.09M (Peak 17.12M) | Time:00:00.52 | Mem:0.00M, Peak:0.00M | Scene, ViewLayer | Synchronizing object | Nozzle petal seam.021
Fra:1 Mem:17.09M (Peak 17.12M) | Time:00:00.52 | Mem:0.00M, Peak:0.00M | Scene, ViewLayer | Synchronizing object | Nozzle petal seam.022
Fra:1 Mem:17.09M (Peak 17.12M) | Time:00:00.52 | Mem:0.00M, Peak:0.00M | Scene, ViewLayer | Synchronizing object | Nozzle petal seam.023
Fra:1 Mem:17.10M (Peak 17.12M) | Time:00:00.52 | Mem:0.00M, Peak:0.00M | Scene, ViewLayer | Synchronizing object | Deep ion throat.001
Fra:1 Mem:17.10M (Peak 17.12M) | Time:00:00.52 | Mem:0.00M, Peak:0.00M | Scene, ViewLayer | Synchronizing object | Deep intake duct.001
Fra:1 Mem:17.25M (Peak 17.25M) | Time:00:00.53 | Mem:0.00M, Peak:0.00M | Scene, ViewLayer | Synchronizing object | Blended structural fairing.001
Fra:1 Mem:17.42M (Peak 17.42M) | Time:00:00.53 | Mem:0.00M, Peak:0.00M | Scene, ViewLayer | Initializing
Fra:1 Mem:13.85M (Peak 17.42M) | Time:00:00.53 | Mem:0.00M, Peak:0.00M | Scene, ViewLayer | Waiting for render to start
Fra:1 Mem:13.85M (Peak 17.42M) | Time:00:00.53 | Mem:0.00M, Peak:0.00M | Scene, ViewLayer | Updating Scene
Fra:1 Mem:13.85M (Peak 17.42M) | Time:00:00.53 | Mem:0.00M, Peak:0.00M | Scene, ViewLayer | Updating Shaders
Fra:1 Mem:13.85M (Peak 17.42M) | Time:00:00.53 | Mem:0.00M, Peak:0.00M | Scene, ViewLayer | Loading render kernels (may take a few minutes the first time)
Fra:1 Mem:13.94M (Peak 41.23M) | Time:00:01.31 | Mem:0.01M, Peak:0.01M | Scene, ViewLayer | Updating Procedurals
Fra:1 Mem:13.94M (Peak 41.23M) | Time:00:01.31 | Mem:0.01M, Peak:0.01M | Scene, ViewLayer | Updating Background
Fra:1 Mem:13.94M (Peak 41.23M) | Time:00:01.31 | Mem:0.01M, Peak:0.01M | Scene, ViewLayer | Updating Camera
Fra:1 Mem:13.94M (Peak 41.23M) | Time:00:01.31 | Mem:0.01M, Peak:0.01M | Scene, ViewLayer | Updating Meshes Flags
Fra:1 Mem:13.94M (Peak 41.23M) | Time:00:01.31 | Mem:0.01M, Peak:0.01M | Scene, ViewLayer | Updating Objects
Fra:1 Mem:13.94M (Peak 41.23M) | Time:00:01.31 | Mem:0.01M, Peak:0.01M | Scene, ViewLayer | Updating Objects | Copying Transformations to device
Fra:1 Mem:13.95M (Peak 41.23M) | Time:00:01.31 | Mem:0.02M, Peak:0.02M | Scene, ViewLayer | Updating Particle Systems
Fra:1 Mem:13.95M (Peak 41.23M) | Time:00:01.31 | Mem:0.02M, Peak:0.02M | Scene, ViewLayer | Updating Particle Systems | Copying Particles to device
Fra:1 Mem:13.95M (Peak 41.23M) | Time:00:01.31 | Mem:0.02M, Peak:0.02M | Scene, ViewLayer | Updating Meshes
Fra:1 Mem:14.59M (Peak 41.23M) | Time:00:01.32 | Mem:0.02M, Peak:0.02M | Scene, ViewLayer | Updating Objects | Applying Static Transformations
Fra:1 Mem:14.59M (Peak 41.23M) | Time:00:01.32 | Mem:0.02M, Peak:0.02M | Scene, ViewLayer | Updating Mesh | Computing attributes
Fra:1 Mem:15.53M (Peak 41.23M) | Time:00:01.32 | Mem:0.02M, Peak:0.02M | Scene, ViewLayer | Updating Mesh | Copying Attributes to device
Fra:1 Mem:15.52M (Peak 41.23M) | Time:00:01.32 | Mem:0.95M, Peak:0.95M | Scene, ViewLayer | Updating Geometry BVH light 46/45 | Building BVH
Fra:1 Mem:15.52M (Peak 41.23M) | Time:00:01.32 | Mem:0.95M, Peak:0.95M | Scene, ViewLayer | Updating Geometry BVH Contoured expansion nozzle.018 12/45 | Building OptiX acceleration structure
Fra:1 Mem:15.52M (Peak 41.23M) | Time:00:01.32 | Mem:0.95M, Peak:0.95M | Scene, ViewLayer | Updating Geometry BVH Mesh 45/45 | Building BVH
Fra:1 Mem:15.52M (Peak 41.23M) | Time:00:01.32 | Mem:0.95M, Peak:0.95M | Scene, ViewLayer | Updating Geometry BVH Mesh 45/45 | Building OptiX acceleration structure
Fra:1 Mem:15.52M (Peak 41.23M) | Time:00:01.32 | Mem:0.95M, Peak:0.95M | Scene, ViewLayer | Updating Geometry BVH Nozzle petal seam.216 13/45 | Building OptiX acceleration structure
Fra:1 Mem:15.87M (Peak 41.23M) | Time:00:01.32 | Mem:1.03M, Peak:1.03M | Scene, ViewLayer | Updating Geometry BVH Nozzle petal seam.217 14/45 | Building BVH
Fra:1 Mem:15.87M (Peak 41.23M) | Time:00:01.32 | Mem:1.03M, Peak:1.03M | Scene, ViewLayer | Updating Geometry BVH Nozzle petal seam.217 14/45 | Building OptiX acceleration structure
Fra:1 Mem:15.75M (Peak 41.23M) | Time:00:01.32 | Mem:1.33M, Peak:1.81M | Scene, ViewLayer | Updating Geometry BVH Nozzle petal seam.218 15/45 | Building BVH
Fra:1 Mem:15.75M (Peak 41.23M) | Time:00:01.32 | Mem:1.33M, Peak:1.81M | Scene, ViewLayer | Updating Geometry BVH Nozzle petal seam.218 15/45 | Building OptiX acceleration structure
Fra:1 Mem:15.74M (Peak 41.23M) | Time:00:01.32 | Mem:1.33M, Peak:1.81M | Scene, ViewLayer | Updating Geometry BVH Nozzle petal seam.219 16/45 | Building BVH
Fra:1 Mem:15.74M (Peak 41.23M) | Time:00:01.32 | Mem:1.52M, Peak:1.81M | Scene, ViewLayer | Updating Geometry BVH Nozzle petal seam.219 16/45 | Building OptiX acceleration structure
Fra:1 Mem:15.66M (Peak 41.23M) | Time:00:01.33 | Mem:1.35M, Peak:1.81M | Scene, ViewLayer | Updating Geometry BVH Nozzle petal seam.220 17/45 | Building BVH
Fra:1 Mem:15.66M (Peak 41.23M) | Time:00:01.33 | Mem:1.37M, Peak:1.81M | Scene, ViewLayer | Updating Geometry BVH Nozzle petal seam.220 17/45 | Building OptiX acceleration structure
Fra:1 Mem:15.66M (Peak 41.23M) | Time:00:01.33 | Mem:1.36M, Peak:1.81M | Scene, ViewLayer | Updating Geometry BVH Nozzle petal seam.221 18/45 | Building BVH
Fra:1 Mem:15.66M (Peak 41.23M) | Time:00:01.33 | Mem:1.36M, Peak:1.81M | Scene, ViewLayer | Updating Geometry BVH Nozzle petal seam.221 18/45 | Building OptiX acceleration structure
Fra:1 Mem:15.66M (Peak 41.23M) | Time:00:01.33 | Mem:1.36M, Peak:1.81M | Scene, ViewLayer | Updating Geometry BVH Nozzle petal seam.222 19/45 | Building BVH
Fra:1 Mem:15.66M (Peak 41.23M) | Time:00:01.33 | Mem:1.36M, Peak:1.81M | Scene, ViewLayer | Updating Geometry BVH Nozzle petal seam.222 19/45 | Building OptiX acceleration structure
Fra:1 Mem:15.65M (Peak 41.23M) | Time:00:01.33 | Mem:1.36M, Peak:1.81M | Scene, ViewLayer | Updating Geometry BVH Nozzle petal seam.223 20/45 | Building BVH
Fra:1 Mem:15.65M (Peak 41.23M) | Time:00:01.33 | Mem:1.37M, Peak:1.81M | Scene, ViewLayer | Updating Geometry BVH Nozzle petal seam.223 20/45 | Building OptiX acceleration structure
Fra:1 Mem:15.65M (Peak 41.23M) | Time:00:01.33 | Mem:1.36M, Peak:1.81M | Scene, ViewLayer | Updating Geometry BVH Nozzle petal seam.224 21/45 | Building BVH
Fra:1 Mem:15.65M (Peak 41.23M) | Time:00:01.33 | Mem:1.37M, Peak:1.81M | Scene, ViewLayer | Updating Geometry BVH Nozzle petal seam.224 21/45 | Building OptiX acceleration structure
Fra:1 Mem:15.65M (Peak 41.23M) | Time:00:01.33 | Mem:1.36M, Peak:1.81M | Scene, ViewLayer | Updating Geometry BVH Nozzle petal seam.225 22/45 | Building BVH
Fra:1 Mem:15.65M (Peak 41.23M) | Time:00:01.33 | Mem:1.54M, Peak:1.81M | Scene, ViewLayer | Updating Geometry BVH Nozzle petal seam.225 22/45 | Building OptiX acceleration structure
Fra:1 Mem:15.57M (Peak 41.23M) | Time:00:01.34 | Mem:1.38M, Peak:1.81M | Scene, ViewLayer | Updating Geometry BVH Nozzle petal seam.226 23/45 | Building BVH
Fra:1 Mem:15.57M (Peak 41.23M) | Time:00:01.34 | Mem:1.39M, Peak:1.81M | Scene, ViewLayer | Updating Geometry BVH Nozzle petal seam.226 23/45 | Building OptiX acceleration structure
Fra:1 Mem:15.57M (Peak 41.23M) | Time:00:01.34 | Mem:1.40M, Peak:1.81M | Scene, ViewLayer | Updating Geometry BVH Nozzle petal seam.227 24/45 | Building BVH
Fra:1 Mem:15.57M (Peak 41.23M) | Time:00:01.34 | Mem:1.42M, Peak:1.81M | Scene, ViewLayer | Updating Geometry BVH Nozzle petal seam.227 24/45 | Building OptiX acceleration structure
Fra:1 Mem:15.56M (Peak 41.23M) | Time:00:01.34 | Mem:1.38M, Peak:1.81M | Scene, ViewLayer | Updating Geometry BVH Deep ion throat.018 25/45 | Building BVH
Fra:1 Mem:15.56M (Peak 41.23M) | Time:00:01.34 | Mem:1.56M, Peak:1.81M | Scene, ViewLayer | Updating Geometry BVH Deep ion throat.018 25/45 | Building OptiX acceleration structure
Fra:1 Mem:15.55M (Peak 41.23M) | Time:00:01.34 | Mem:1.41M, Peak:1.81M | Scene, ViewLayer | Updating Geometry BVH Deep intake duct.009 44/45 | Building BVH
Fra:1 Mem:15.55M (Peak 41.23M) | Time:00:01.34 | Mem:1.42M, Peak:1.81M | Scene, ViewLayer | Updating Geometry BVH Deep intake duct.009 44/45 | Building OptiX acceleration structure
Fra:1 Mem:15.55M (Peak 41.23M) | Time:00:01.34 | Mem:1.41M, Peak:1.81M | Scene, ViewLayer | Updating Geometry BVH Deep intake duct.008 26/45 | Building BVH
Fra:1 Mem:15.55M (Peak 41.23M) | Time:00:01.34 | Mem:1.42M, Peak:1.81M | Scene, ViewLayer | Updating Geometry BVH Deep intake duct.008 26/45 | Building OptiX acceleration structure
Fra:1 Mem:15.55M (Peak 41.23M) | Time:00:01.34 | Mem:1.42M, Peak:1.81M | Scene, ViewLayer | Updating Geometry BVH Mesh 27/45 | Building BVH
Fra:1 Mem:15.55M (Peak 41.23M) | Time:00:01.34 | Mem:1.42M, Peak:1.81M | Scene, ViewLayer | Updating Geometry BVH Mesh 27/45 | Building OptiX acceleration structure
Fra:1 Mem:15.58M (Peak 41.23M) | Time:00:01.34 | Mem:1.45M, Peak:1.81M | Scene, ViewLayer | Updating Geometry BVH Integrated lifting hull.009 28/45 | Building BVH
Fra:1 Mem:15.58M (Peak 41.23M) | Time:00:01.34 | Mem:1.46M, Peak:1.81M | Scene, ViewLayer | Updating Geometry BVH Integrated lifting hull.009 28/45 | Building OptiX acceleration structure
Fra:1 Mem:15.59M (Peak 41.23M) | Time:00:01.35 | Mem:1.46M, Peak:1.81M | Scene, ViewLayer | Updating Geometry BVH Integrated propulsion nacelle.009 29/45 | Building BVH
Fra:1 Mem:15.59M (Peak 41.23M) | Time:00:01.35 | Mem:1.46M, Peak:1.81M | Scene, ViewLayer | Updating Geometry BVH Integrated propulsion nacelle.009 29/45 | Building OptiX acceleration structure
Fra:1 Mem:15.60M (Peak 41.23M) | Time:00:01.35 | Mem:1.47M, Peak:1.81M | Scene, ViewLayer | Updating Geometry BVH Contoured expansion nozzle.019 30/45 | Building BVH
Fra:1 Mem:15.60M (Peak 41.23M) | Time:00:01.35 | Mem:1.48M, Peak:1.81M | Scene, ViewLayer | Updating Geometry BVH Contoured expansion nozzle.019 30/45 | Building OptiX acceleration structure
Fra:1 Mem:15.61M (Peak 41.23M) | Time:00:01.35 | Mem:1.48M, Peak:1.81M | Scene, ViewLayer | Updating Geometry BVH Nozzle petal seam.228 31/45 | Building BVH
Fra:1 Mem:15.61M (Peak 41.23M) | Time:00:01.35 | Mem:1.49M, Peak:1.81M | Scene, ViewLayer | Updating Geometry BVH Nozzle petal seam.228 31/45 | Building OptiX acceleration structure
Fra:1 Mem:15.61M (Peak 41.23M) | Time:00:01.35 | Mem:1.48M, Peak:1.81M | Scene, ViewLayer | Updating Geometry BVH Nozzle petal seam.229 32/45 | Building BVH
Fra:1 Mem:15.61M (Peak 41.23M) | Time:00:01.35 | Mem:1.48M, Peak:1.81M | Scene, ViewLayer | Updating Geometry BVH Nozzle petal seam.229 32/45 | Building OptiX acceleration structure
Fra:1 Mem:15.61M (Peak 41.23M) | Time:00:01.35 | Mem:1.48M, Peak:1.81M | Scene, ViewLayer | Updating Geometry BVH Nozzle petal seam.230 33/45 | Building BVH
Fra:1 Mem:15.61M (Peak 41.23M) | Time:00:01.35 | Mem:1.49M, Peak:1.81M | Scene, ViewLayer | Updating Geometry BVH Nozzle petal seam.230 33/45 | Building OptiX acceleration structure
Fra:1 Mem:15.61M (Peak 41.23M) | Time:00:01.35 | Mem:1.48M, Peak:1.81M | Scene, ViewLayer | Updating Geometry BVH Nozzle petal seam.231 34/45 | Building BVH
Fra:1 Mem:15.61M (Peak 41.23M) | Time:00:01.35 | Mem:1.49M, Peak:1.81M | Scene, ViewLayer | Updating Geometry BVH Nozzle petal seam.231 34/45 | Building OptiX acceleration structure
Fra:1 Mem:15.61M (Peak 41.23M) | Time:00:01.35 | Mem:1.48M, Peak:1.81M | Scene, ViewLayer | Updating Geometry BVH Nozzle petal seam.232 35/45 | Building BVH
Fra:1 Mem:15.61M (Peak 41.23M) | Time:00:01.35 | Mem:1.48M, Peak:1.81M | Scene, ViewLayer | Updating Geometry BVH Nozzle petal seam.232 35/45 | Building OptiX acceleration structure
Fra:1 Mem:15.59M (Peak 41.23M) | Time:00:01.35 | Mem:1.48M, Peak:1.81M | Scene, ViewLayer | Updating Geometry BVH Nozzle petal seam.233 36/45 | Building BVH
Fra:1 Mem:15.59M (Peak 41.23M) | Time:00:01.35 | Mem:1.49M, Peak:1.81M | Scene, ViewLayer | Updating Geometry BVH Nozzle petal seam.233 36/45 | Building OptiX acceleration structure
Fra:1 Mem:15.58M (Peak 41.23M) | Time:00:01.35 | Mem:1.48M, Peak:1.81M | Scene, ViewLayer | Updating Geometry BVH Deep ion throat.019 43/45 | Building BVH
Fra:1 Mem:15.58M (Peak 41.23M) | Time:00:01.35 | Mem:1.48M, Peak:1.81M | Scene, ViewLayer | Updating Geometry BVH Deep ion throat.019 43/45 | Building OptiX acceleration structure
Fra:1 Mem:15.60M (Peak 41.23M) | Time:00:01.35 | Mem:1.50M, Peak:1.81M | Scene, ViewLayer | Updating Geometry BVH Nozzle petal seam.234 37/45 | Building BVH
Fra:1 Mem:15.60M (Peak 41.23M) | Time:00:01.35 | Mem:1.50M, Peak:1.81M | Scene, ViewLayer | Updating Geometry BVH Nozzle petal seam.234 37/45 | Building OptiX acceleration structure
Fra:1 Mem:15.57M (Peak 41.23M) | Time:00:01.35 | Mem:1.51M, Peak:1.81M | Scene, ViewLayer | Updating Geometry BVH Nozzle petal seam.235 38/45 | Building BVH
Fra:1 Mem:15.57M (Peak 41.23M) | Time:00:01.35 | Mem:1.51M, Peak:1.81M | Scene, ViewLayer | Updating Geometry BVH Nozzle petal seam.235 38/45 | Building OptiX acceleration structure
Fra:1 Mem:15.56M (Peak 41.23M) | Time:00:01.36 | Mem:1.51M, Peak:1.81M | Scene, ViewLayer | Updating Geometry BVH Nozzle petal seam.236 39/45 | Building BVH
Fra:1 Mem:15.56M (Peak 41.23M) | Time:00:01.36 | Mem:1.54M, Peak:1.81M | Scene, ViewLayer | Updating Geometry BVH Nozzle petal seam.236 39/45 | Building OptiX acceleration structure
Fra:1 Mem:15.55M (Peak 41.23M) | Time:00:01.36 | Mem:1.51M, Peak:1.81M | Scene, ViewLayer | Updating Geometry BVH Nozzle petal seam.237 40/45 | Building BVH
Fra:1 Mem:15.55M (Peak 41.23M) | Time:00:01.36 | Mem:1.55M, Peak:1.81M | Scene, ViewLayer | Updating Geometry BVH Nozzle petal seam.237 40/45 | Building OptiX acceleration structure
Fra:1 Mem:15.55M (Peak 41.23M) | Time:00:01.36 | Mem:1.51M, Peak:1.81M | Scene, ViewLayer | Updating Geometry BVH Nozzle petal seam.238 41/45 | Building BVH
Fra:1 Mem:15.55M (Peak 41.23M) | Time:00:01.36 | Mem:1.51M, Peak:1.81M | Scene, ViewLayer | Updating Geometry BVH Nozzle petal seam.238 41/45 | Building OptiX acceleration structure
Fra:1 Mem:15.55M (Peak 41.23M) | Time:00:01.36 | Mem:1.52M, Peak:1.81M | Scene, ViewLayer | Updating Geometry BVH Nozzle petal seam.239 42/45 | Building BVH
Fra:1 Mem:15.55M (Peak 41.23M) | Time:00:01.36 | Mem:1.52M, Peak:1.81M | Scene, ViewLayer | Updating Geometry BVH Nozzle petal seam.239 42/45 | Building OptiX acceleration structure
Fra:1 Mem:15.52M (Peak 41.23M) | Time:00:01.37 | Mem:1.52M, Peak:1.81M | Scene, ViewLayer | Updating Scene BVH | Building
Fra:1 Mem:15.52M (Peak 41.23M) | Time:00:01.37 | Mem:1.52M, Peak:1.81M | Scene, ViewLayer | Updating Scene BVH | Building OptiX acceleration structure
Fra:1 Mem:15.52M (Peak 41.23M) | Time:00:01.37 | Mem:1.53M, Peak:1.81M | Scene, ViewLayer | Updating Scene BVH | Copying BVH to device
Fra:1 Mem:15.52M (Peak 41.23M) | Time:00:01.37 | Mem:1.53M, Peak:1.81M | Scene, ViewLayer | Updating Mesh | Computing normals
Fra:1 Mem:16.17M (Peak 41.23M) | Time:00:01.37 | Mem:1.53M, Peak:1.81M | Scene, ViewLayer | Updating Mesh | Copying Mesh to device
Fra:1 Mem:16.17M (Peak 41.23M) | Time:00:01.37 | Mem:2.18M, Peak:2.18M | Scene, ViewLayer | Updating Objects Flags
Fra:1 Mem:16.17M (Peak 41.23M) | Time:00:01.37 | Mem:2.18M, Peak:2.18M | Scene, ViewLayer | Updating Primitive Offsets
Fra:1 Mem:16.17M (Peak 41.23M) | Time:00:01.37 | Mem:2.18M, Peak:2.18M | Scene, ViewLayer | Updating Images
Fra:1 Mem:16.17M (Peak 41.23M) | Time:00:01.37 | Mem:2.18M, Peak:2.18M | Scene, ViewLayer | Updating Images | Loading panel-normal.png
Fra:1 Mem:20.17M (Peak 41.23M) | Time:00:01.37 | Mem:2.18M, Peak:2.18M | Scene, ViewLayer | Updating Images | Loading white-basecolor.png
Fra:1 Mem:24.17M (Peak 41.23M) | Time:00:01.37 | Mem:2.18M, Peak:2.18M | Scene, ViewLayer | Updating Images | Loading paint-orm.png
Fra:1 Mem:32.19M (Peak 41.23M) | Time:00:01.70 | Mem:18.18M, Peak:18.18M | Scene, ViewLayer | Updating Camera Volume
Fra:1 Mem:32.19M (Peak 41.23M) | Time:00:01.70 | Mem:18.18M, Peak:18.18M | Scene, ViewLayer | Updating Lookup Tables
Fra:1 Mem:32.19M (Peak 41.23M) | Time:00:01.70 | Mem:18.26M, Peak:18.26M | Scene, ViewLayer | Updating Lights
Fra:1 Mem:32.19M (Peak 41.23M) | Time:00:01.70 | Mem:18.26M, Peak:18.26M | Scene, ViewLayer | Updating Lights | Computing tree
Fra:1 Mem:32.38M (Peak 41.23M) | Time:00:01.71 | Mem:18.45M, Peak:18.45M | Scene, ViewLayer | Updating Integrator
Fra:1 Mem:32.38M (Peak 41.23M) | Time:00:01.71 | Mem:18.45M, Peak:18.45M | Scene, ViewLayer | Updating Film
Fra:1 Mem:32.38M (Peak 41.23M) | Time:00:01.71 | Mem:18.37M, Peak:18.45M | Scene, ViewLayer | Updating Lookup Tables
Fra:1 Mem:32.38M (Peak 41.23M) | Time:00:01.71 | Mem:18.45M, Peak:18.45M | Scene, ViewLayer | Updating Baking
Fra:1 Mem:32.38M (Peak 41.23M) | Time:00:01.71 | Mem:18.45M, Peak:18.45M | Scene, ViewLayer | Updating Device | Writing constant memory
Fra:1 Mem:32.38M (Peak 41.23M) | Time:00:01.71 | Mem:18.45M, Peak:18.45M | Scene, ViewLayer | Loading denoising kernels (may take a few minutes the first time)
Fra:1 Mem:36.39M (Peak 41.23M) | Time:00:01.77 | Mem:370.46M, Peak:370.46M | Scene, ViewLayer | Sample 0/24
Fra:1 Mem:83.35M (Peak 83.35M) | Time:00:01.80 | Remaining:00:00.75 | Mem:417.44M, Peak:417.44M | Scene, ViewLayer | Sample 1/24
Fra:1 Mem:103.14M (Peak 132.80M) | Time:00:07.79 | Mem:417.44M, Peak:417.44M | Scene, ViewLayer | Sample 24/24
Fra:1 Mem:103.14M (Peak 132.80M) | Time:00:07.79 | Mem:417.44M, Peak:417.44M | Scene, ViewLayer | Finished
Saved: 'D:\vibe-coding-e\nova-swarm-forum-129-improvements-20260822\docs\fleet-art-v2\ships\08\surfaced.png'
Time: 00:08.46 (Saving: 00:00.16)

Info: Saved as "source.blend"
17:11:35 | INFO: Starting glTF 2.0 export
17:11:35 | INFO: Extracting primitive: Continuous pressure fuselage.004
17:11:35 | WARNING: More than one shader node tex image used for a texture. The resulting glTF sampler will behave like the first shader node tex image.
17:11:35 | WARNING: More than one shader node tex image used for a texture. The resulting glTF sampler will behave like the first shader node tex image.
17:11:35 | INFO: Primitives created: 6
17:11:35 | INFO: Finished glTF 2.0 export in 0.2252652645111084 s
Fra:1 Mem:15.26M (Peak 30.76M) | Time:00:00.21 | Mem:0.00M, Peak:0.00M | Scene, ViewLayer | Synchronizing object | Broad neutral key
Fra:1 Mem:15.26M (Peak 30.76M) | Time:00:00.21 | Mem:0.00M, Peak:0.00M | Scene, ViewLayer | Synchronizing object | GlacierScopeV2
Fra:1 Mem:16.89M (Peak 30.76M) | Time:00:00.22 | Mem:0.00M, Peak:0.00M | Scene, ViewLayer | Initializing
Fra:1 Mem:16.42M (Peak 30.76M) | Time:00:00.22 | Mem:0.00M, Peak:0.00M | Scene, ViewLayer | Waiting for render to start
Fra:1 Mem:16.42M (Peak 30.76M) | Time:00:00.22 | Mem:0.00M, Peak:0.00M | Scene, ViewLayer | Updating Scene
Fra:1 Mem:16.42M (Peak 30.76M) | Time:00:00.22 | Mem:0.00M, Peak:0.00M | Scene, ViewLayer | Updating Shaders
Fra:1 Mem:16.42M (Peak 30.76M) | Time:00:00.22 | Mem:0.00M, Peak:0.00M | Scene, ViewLayer | Loading render kernels (may take a few minutes the first time)
Fra:1 Mem:16.51M (Peak 43.79M) | Time:00:00.42 | Mem:0.01M, Peak:0.01M | Scene, ViewLayer | Updating Procedurals
Fra:1 Mem:16.51M (Peak 43.79M) | Time:00:00.42 | Mem:0.01M, Peak:0.01M | Scene, ViewLayer | Updating Background
Fra:1 Mem:16.51M (Peak 43.79M) | Time:00:00.42 | Mem:0.01M, Peak:0.01M | Scene, ViewLayer | Updating Camera
Fra:1 Mem:16.51M (Peak 43.79M) | Time:00:00.42 | Mem:0.01M, Peak:0.01M | Scene, ViewLayer | Updating Meshes Flags
Fra:1 Mem:16.51M (Peak 43.79M) | Time:00:00.42 | Mem:0.01M, Peak:0.01M | Scene, ViewLayer | Updating Objects
Fra:1 Mem:16.51M (Peak 43.79M) | Time:00:00.42 | Mem:0.01M, Peak:0.01M | Scene, ViewLayer | Updating Objects | Copying Transformations to device
Fra:1 Mem:16.51M (Peak 43.79M) | Time:00:00.42 | Mem:0.01M, Peak:0.01M | Scene, ViewLayer | Updating Particle Systems
Fra:1 Mem:16.51M (Peak 43.79M) | Time:00:00.42 | Mem:0.01M, Peak:0.01M | Scene, ViewLayer | Updating Particle Systems | Copying Particles to device
Fra:1 Mem:16.51M (Peak 43.79M) | Time:00:00.42 | Mem:0.01M, Peak:0.01M | Scene, ViewLayer | Updating Meshes
Fra:1 Mem:17.62M (Peak 43.79M) | Time:00:00.44 | Mem:0.01M, Peak:0.01M | Scene, ViewLayer | Updating Objects | Applying Static Transformations
Fra:1 Mem:17.62M (Peak 43.79M) | Time:00:00.44 | Mem:0.01M, Peak:0.01M | Scene, ViewLayer | Updating Mesh | Computing attributes
Fra:1 Mem:19.10M (Peak 43.79M) | Time:00:00.44 | Mem:0.01M, Peak:0.01M | Scene, ViewLayer | Updating Mesh | Copying Attributes to device
Fra:1 Mem:19.10M (Peak 43.79M) | Time:00:00.44 | Mem:1.49M, Peak:1.49M | Scene, ViewLayer | Updating Geometry BVH Broad neutral key 2/4 | Building BVH
Fra:1 Mem:19.10M (Peak 43.79M) | Time:00:00.44 | Mem:1.49M, Peak:1.49M | Scene, ViewLayer | Updating Geometry BVH Continuous pressure fuselage.004 4/4 | Building BVH
Fra:1 Mem:19.10M (Peak 43.79M) | Time:00:00.44 | Mem:1.49M, Peak:1.49M | Scene, ViewLayer | Updating Geometry BVH Continuous pressure fuselage.004 4/4 | Building OptiX acceleration structure
Fra:1 Mem:19.10M (Peak 43.79M) | Time:00:00.45 | Mem:1.97M, Peak:3.43M | Scene, ViewLayer | Updating Scene BVH | Building
Fra:1 Mem:19.10M (Peak 43.79M) | Time:00:00.45 | Mem:1.97M, Peak:3.43M | Scene, ViewLayer | Updating Scene BVH | Building OptiX acceleration structure
Fra:1 Mem:19.10M (Peak 43.79M) | Time:00:00.45 | Mem:1.97M, Peak:3.43M | Scene, ViewLayer | Updating Scene BVH | Copying BVH to device
Fra:1 Mem:19.10M (Peak 43.79M) | Time:00:00.45 | Mem:1.97M, Peak:3.43M | Scene, ViewLayer | Updating Mesh | Computing normals
Fra:1 Mem:19.68M (Peak 43.79M) | Time:00:00.45 | Mem:1.97M, Peak:3.43M | Scene, ViewLayer | Updating Mesh | Copying Mesh to device
Fra:1 Mem:19.68M (Peak 43.79M) | Time:00:00.45 | Mem:2.55M, Peak:3.43M | Scene, ViewLayer | Updating Objects Flags
Fra:1 Mem:19.68M (Peak 43.79M) | Time:00:00.45 | Mem:2.55M, Peak:3.43M | Scene, ViewLayer | Updating Primitive Offsets
Fra:1 Mem:19.68M (Peak 43.79M) | Time:00:00.45 | Mem:2.55M, Peak:3.43M | Scene, ViewLayer | Updating Images
Fra:1 Mem:19.68M (Peak 43.79M) | Time:00:00.45 | Mem:2.55M, Peak:3.43M | Scene, ViewLayer | Updating Images | Loading panel-normal.png
Fra:1 Mem:23.68M (Peak 43.79M) | Time:00:00.46 | Mem:2.55M, Peak:3.43M | Scene, ViewLayer | Updating Images | Loading cobalt-basecolor.png
Fra:1 Mem:27.68M (Peak 43.79M) | Time:00:00.46 | Mem:2.55M, Peak:3.43M | Scene, ViewLayer | Updating Images | Loading white-basecolor.png
Fra:1 Mem:31.68M (Peak 43.79M) | Time:00:00.46 | Mem:2.55M, Peak:3.43M | Scene, ViewLayer | Updating Images | Loading paint-orm.png
Fra:1 Mem:35.69M (Peak 43.79M) | Time:00:00.48 | Mem:18.55M, Peak:18.55M | Scene, ViewLayer | Updating Camera Volume
Fra:1 Mem:35.69M (Peak 43.79M) | Time:00:00.48 | Mem:18.55M, Peak:18.55M | Scene, ViewLayer | Updating Lookup Tables
Fra:1 Mem:35.69M (Peak 43.79M) | Time:00:00.48 | Mem:18.63M, Peak:18.63M | Scene, ViewLayer | Updating Lights
Fra:1 Mem:35.69M (Peak 43.79M) | Time:00:00.48 | Mem:18.63M, Peak:18.63M | Scene, ViewLayer | Updating Lights | Computing tree
Fra:1 Mem:35.95M (Peak 43.79M) | Time:00:00.49 | Mem:18.89M, Peak:18.89M | Scene, ViewLayer | Updating Integrator
Fra:1 Mem:35.95M (Peak 43.79M) | Time:00:00.49 | Mem:18.89M, Peak:18.89M | Scene, ViewLayer | Updating Film
Fra:1 Mem:35.95M (Peak 43.79M) | Time:00:00.49 | Mem:18.81M, Peak:18.89M | Scene, ViewLayer | Updating Lookup Tables
Fra:1 Mem:35.95M (Peak 43.79M) | Time:00:00.49 | Mem:18.90M, Peak:18.90M | Scene, ViewLayer | Updating Baking
Fra:1 Mem:35.95M (Peak 43.79M) | Time:00:00.49 | Mem:18.90M, Peak:18.90M | Scene, ViewLayer | Updating Device | Writing constant memory
Fra:1 Mem:35.96M (Peak 43.79M) | Time:00:00.49 | Mem:18.90M, Peak:18.90M | Scene, ViewLayer | Loading denoising kernels (may take a few minutes the first time)
Fra:1 Mem:39.96M (Peak 43.79M) | Time:00:00.53 | Mem:370.90M, Peak:370.90M | Scene, ViewLayer | Sample 0/24
Fra:1 Mem:115.96M (Peak 115.96M) | Time:00:00.69 | Remaining:00:03.60 | Mem:446.91M, Peak:446.91M | Scene, ViewLayer | Sample 1/24
Fra:1 Mem:147.97M (Peak 195.97M) | Time:00:14.06 | Mem:446.91M, Peak:446.91M | Scene, ViewLayer | Sample 24/24
Fra:1 Mem:147.97M (Peak 195.97M) | Time:00:14.06 | Mem:446.91M, Peak:446.91M | Scene, ViewLayer | Finished
Saved: 'D:\vibe-coding-e\nova-swarm-forum-129-improvements-20260822\docs\fleet-art-v2\ships\08\export\showroom.png'
Time: 00:15.68 (Saving: 00:00.35)

Fra:1 Mem:15.56M (Peak 15.56M) | Time:00:01.78 | Mem:0.00M, Peak:0.00M | Scene, ViewLayer | Synchronizing object | Broad neutral key
Fra:1 Mem:15.56M (Peak 15.56M) | Time:00:01.78 | Mem:0.00M, Peak:0.00M | Scene, ViewLayer | Synchronizing object | GlacierScopeV2
Fra:1 Mem:16.89M (Peak 17.68M) | Time:00:01.79 | Mem:0.00M, Peak:0.00M | Scene, ViewLayer | Initializing
Fra:1 Mem:16.42M (Peak 17.68M) | Time:00:01.79 | Mem:0.00M, Peak:0.00M | Scene, ViewLayer | Waiting for render to start
Fra:1 Mem:16.42M (Peak 17.68M) | Time:00:01.79 | Mem:0.00M, Peak:0.00M | Scene, ViewLayer | Updating Scene
Fra:1 Mem:16.42M (Peak 17.68M) | Time:00:01.79 | Mem:0.00M, Peak:0.00M | Scene, ViewLayer | Updating Shaders
Fra:1 Mem:16.42M (Peak 17.68M) | Time:00:01.79 | Mem:0.00M, Peak:0.00M | Scene, ViewLayer | Loading render kernels (may take a few minutes the first time)
Fra:1 Mem:16.51M (Peak 43.79M) | Time:00:03.39 | Mem:0.01M, Peak:0.01M | Scene, ViewLayer | Updating Procedurals
Fra:1 Mem:16.51M (Peak 43.79M) | Time:00:03.39 | Mem:0.01M, Peak:0.01M | Scene, ViewLayer | Updating Background
Fra:1 Mem:16.51M (Peak 43.79M) | Time:00:03.39 | Mem:0.01M, Peak:0.01M | Scene, ViewLayer | Updating Camera
Fra:1 Mem:16.51M (Peak 43.79M) | Time:00:03.39 | Mem:0.01M, Peak:0.01M | Scene, ViewLayer | Updating Meshes Flags
Fra:1 Mem:16.51M (Peak 43.79M) | Time:00:03.39 | Mem:0.01M, Peak:0.01M | Scene, ViewLayer | Updating Objects
Fra:1 Mem:16.51M (Peak 43.79M) | Time:00:03.39 | Mem:0.01M, Peak:0.01M | Scene, ViewLayer | Updating Objects | Copying Transformations to device
Fra:1 Mem:16.51M (Peak 43.79M) | Time:00:03.39 | Mem:0.01M, Peak:0.01M | Scene, ViewLayer | Updating Particle Systems
Fra:1 Mem:16.51M (Peak 43.79M) | Time:00:03.39 | Mem:0.01M, Peak:0.01M | Scene, ViewLayer | Updating Particle Systems | Copying Particles to device
Fra:1 Mem:16.51M (Peak 43.79M) | Time:00:03.39 | Mem:0.01M, Peak:0.01M | Scene, ViewLayer | Updating Meshes
Fra:1 Mem:17.62M (Peak 43.79M) | Time:00:03.41 | Mem:0.01M, Peak:0.01M | Scene, ViewLayer | Updating Objects | Applying Static Transformations
Fra:1 Mem:17.62M (Peak 43.79M) | Time:00:03.41 | Mem:0.01M, Peak:0.01M | Scene, ViewLayer | Updating Mesh | Computing attributes
Fra:1 Mem:19.10M (Peak 43.79M) | Time:00:03.44 | Mem:0.01M, Peak:0.01M | Scene, ViewLayer | Updating Mesh | Copying Attributes to device
Fra:1 Mem:19.10M (Peak 43.79M) | Time:00:03.44 | Mem:1.49M, Peak:1.49M | Scene, ViewLayer | Updating Geometry BVH light 5/4 | Building BVH
Fra:1 Mem:19.10M (Peak 43.79M) | Time:00:03.44 | Mem:1.49M, Peak:1.49M | Scene, ViewLayer | Updating Geometry BVH Continuous pressure fuselage.004 4/4 | Building OptiX acceleration structure
Fra:1 Mem:19.10M (Peak 43.79M) | Time:00:03.46 | Mem:1.97M, Peak:3.43M | Scene, ViewLayer | Updating Scene BVH | Building
Fra:1 Mem:19.10M (Peak 43.79M) | Time:00:03.46 | Mem:1.97M, Peak:3.43M | Scene, ViewLayer | Updating Scene BVH | Building OptiX acceleration structure
Fra:1 Mem:19.10M (Peak 43.79M) | Time:00:03.46 | Mem:1.97M, Peak:3.43M | Scene, ViewLayer | Updating Scene BVH | Copying BVH to device
Fra:1 Mem:19.10M (Peak 43.79M) | Time:00:03.46 | Mem:1.97M, Peak:3.43M | Scene, ViewLayer | Updating Mesh | Computing normals
Fra:1 Mem:19.68M (Peak 43.79M) | Time:00:03.46 | Mem:1.97M, Peak:3.43M | Scene, ViewLayer | Updating Mesh | Copying Mesh to device
Fra:1 Mem:19.68M (Peak 43.79M) | Time:00:03.46 | Mem:2.55M, Peak:3.43M | Scene, ViewLayer | Updating Objects Flags
Fra:1 Mem:19.68M (Peak 43.79M) | Time:00:03.46 | Mem:2.55M, Peak:3.43M | Scene, ViewLayer | Updating Primitive Offsets
Fra:1 Mem:19.68M (Peak 43.79M) | Time:00:03.46 | Mem:2.55M, Peak:3.43M | Scene, ViewLayer | Updating Images
Fra:1 Mem:19.68M (Peak 43.79M) | Time:00:03.46 | Mem:2.55M, Peak:3.43M | Scene, ViewLayer | Updating Images | Loading panel-normal.png
Fra:1 Mem:23.68M (Peak 43.79M) | Time:00:03.46 | Mem:2.55M, Peak:3.43M | Scene, ViewLayer | Updating Images | Loading white-basecolor.png
Fra:1 Mem:27.68M (Peak 43.79M) | Time:00:03.46 | Mem:2.55M, Peak:3.43M | Scene, ViewLayer | Updating Images | Loading cobalt-basecolor.png
Fra:1 Mem:31.68M (Peak 43.79M) | Time:00:03.47 | Mem:2.55M, Peak:3.43M | Scene, ViewLayer | Updating Images | Loading paint-orm.png
Fra:1 Mem:35.69M (Peak 43.79M) | Time:00:03.59 | Mem:18.55M, Peak:18.55M | Scene, ViewLayer | Updating Camera Volume
Fra:1 Mem:35.69M (Peak 43.79M) | Time:00:03.59 | Mem:18.55M, Peak:18.55M | Scene, ViewLayer | Updating Lookup Tables
Fra:1 Mem:35.69M (Peak 43.79M) | Time:00:03.59 | Mem:18.63M, Peak:18.63M | Scene, ViewLayer | Updating Lights
Fra:1 Mem:35.69M (Peak 43.79M) | Time:00:03.59 | Mem:18.63M, Peak:18.63M | Scene, ViewLayer | Updating Lights | Computing tree
Fra:1 Mem:35.95M (Peak 43.79M) | Time:00:03.61 | Mem:18.89M, Peak:18.89M | Scene, ViewLayer | Updating Integrator
Fra:1 Mem:35.95M (Peak 43.79M) | Time:00:03.61 | Mem:18.89M, Peak:18.89M | Scene, ViewLayer | Updating Film
Fra:1 Mem:35.95M (Peak 43.79M) | Time:00:03.61 | Mem:18.81M, Peak:18.89M | Scene, ViewLayer | Updating Lookup Tables
Fra:1 Mem:35.95M (Peak 43.79M) | Time:00:03.61 | Mem:18.90M, Peak:18.90M | Scene, ViewLayer | Updating Baking
Fra:1 Mem:35.95M (Peak 43.79M) | Time:00:03.61 | Mem:18.90M, Peak:18.90M | Scene, ViewLayer | Updating Device | Writing constant memory
Fra:1 Mem:35.96M (Peak 43.79M) | Time:00:03.61 | Mem:18.90M, Peak:18.90M | Scene, ViewLayer | Loading denoising kernels (may take a few minutes the first time)
Fra:1 Mem:39.96M (Peak 43.79M) | Time:00:03.64 | Mem:370.90M, Peak:370.90M | Scene, ViewLayer | Sample 0/24
Fra:1 Mem:58.96M (Peak 58.96M) | Time:00:03.74 | Remaining:00:02.38 | Mem:389.91M, Peak:389.91M | Scene, ViewLayer | Sample 1/24
Fra:1 Mem:66.97M (Peak 78.97M) | Time:00:06.72 | Mem:389.91M, Peak:389.91M | Scene, ViewLayer | Sample 24/24
Fra:1 Mem:66.97M (Peak 78.97M) | Time:00:06.72 | Mem:389.91M, Peak:389.91M | Scene, ViewLayer | Finished
Saved: 'D:\vibe-coding-e\nova-swarm-forum-129-improvements-20260822\docs\fleet-art-v2\ships\08\export\player.png'
Time: 00:07.34 (Saving: 00:00.08)


FLEET_V2_COMPLETE 8 Glacier Scope
Read blend: "D:\vibe-coding-e\nova-swarm-forum-129-improvements-20260822\docs\fleet-art-v2\ships\09\source.blend"
Fra:1 Mem:14.49M (Peak 14.49M) | Time:00:00.34 | Mem:0.00M, Peak:0.00M | Scene, ViewLayer | Synchronizing object | Broad neutral key
Fra:1 Mem:14.49M (Peak 14.49M) | Time:00:00.34 | Mem:0.00M, Peak:0.00M | Scene, ViewLayer | Synchronizing object | Neutral fill
Fra:1 Mem:14.82M (Peak 14.82M) | Time:00:00.42 | Mem:0.00M, Peak:0.00M | Scene, ViewLayer | Synchronizing object | Continuous pressure fuselage
Fra:1 Mem:15.67M (Peak 15.67M) | Time:00:00.47 | Mem:0.00M, Peak:0.00M | Scene, ViewLayer | Synchronizing object | Cockpit integrated coaming
Fra:1 Mem:16.19M (Peak 16.19M) | Time:00:00.54 | Mem:0.00M, Peak:0.00M | Scene, ViewLayer | Synchronizing object | Pressure canopy glazing
Fra:1 Mem:16.20M (Peak 16.20M) | Time:00:00.54 | Mem:0.00M, Peak:0.00M | Scene, ViewLayer | Synchronizing object | Canopy lower frame
Fra:1 Mem:16.43M (Peak 16.43M) | Time:00:00.54 | Mem:0.00M, Peak:0.00M | Scene, ViewLayer | Synchronizing object | Canopy lower frame.001
Fra:1 Mem:16.48M (Peak 16.48M) | Time:00:00.54 | Mem:0.00M, Peak:0.00M | Scene, ViewLayer | Synchronizing object | Canopy pressure bow
Fra:1 Mem:16.48M (Peak 16.48M) | Time:00:00.54 | Mem:0.00M, Peak:0.00M | Scene, ViewLayer | Synchronizing object | Integrated lifting hull
Fra:1 Mem:16.52M (Peak 16.52M) | Time:00:00.54 | Mem:0.00M, Peak:0.00M | Scene, ViewLayer | Synchronizing object | Nozzle petal seam
Fra:1 Mem:16.64M (Peak 16.64M) | Time:00:00.54 | Mem:0.00M, Peak:0.00M | Scene, ViewLayer | Synchronizing object | Nozzle petal seam.001
Fra:1 Mem:16.66M (Peak 16.66M) | Time:00:00.54 | Mem:0.00M, Peak:0.00M | Scene, ViewLayer | Synchronizing object | Nozzle petal seam.002
Fra:1 Mem:16.63M (Peak 16.66M) | Time:00:00.54 | Mem:0.00M, Peak:0.00M | Scene, ViewLayer | Synchronizing object | Nozzle petal seam.003
Fra:1 Mem:16.64M (Peak 16.66M) | Time:00:00.54 | Mem:0.00M, Peak:0.00M | Scene, ViewLayer | Synchronizing object | Nozzle petal seam.004
Fra:1 Mem:16.66M (Peak 16.66M) | Time:00:00.54 | Mem:0.00M, Peak:0.00M | Scene, ViewLayer | Synchronizing object | Nozzle petal seam.005
Fra:1 Mem:16.66M (Peak 16.66M) | Time:00:00.54 | Mem:0.00M, Peak:0.00M | Scene, ViewLayer | Synchronizing object | Nozzle petal seam.006
Fra:1 Mem:16.64M (Peak 16.66M) | Time:00:00.54 | Mem:0.00M, Peak:0.00M | Scene, ViewLayer | Synchronizing object | Nozzle petal seam.007
Fra:1 Mem:16.64M (Peak 16.66M) | Time:00:00.54 | Mem:0.00M, Peak:0.00M | Scene, ViewLayer | Synchronizing object | Nozzle petal seam.008
Fra:1 Mem:16.64M (Peak 16.66M) | Time:00:00.54 | Mem:0.00M, Peak:0.00M | Scene, ViewLayer | Synchronizing object | Nozzle petal seam.009
Fra:1 Mem:16.64M (Peak 16.66M) | Time:00:00.54 | Mem:0.00M, Peak:0.00M | Scene, ViewLayer | Synchronizing object | Nozzle petal seam.010
Fra:1 Mem:16.64M (Peak 16.66M) | Time:00:00.54 | Mem:0.00M, Peak:0.00M | Scene, ViewLayer | Synchronizing object | Nozzle petal seam.011
Fra:1 Mem:16.65M (Peak 16.66M) | Time:00:00.54 | Mem:0.00M, Peak:0.00M | Scene, ViewLayer | Synchronizing object | Deep ion throat
Fra:1 Mem:16.65M (Peak 16.66M) | Time:00:00.54 | Mem:0.00M, Peak:0.00M | Scene, ViewLayer | Synchronizing object | Deep intake duct
Fra:1 Mem:16.80M (Peak 16.80M) | Time:00:00.55 | Mem:0.00M, Peak:0.00M | Scene, ViewLayer | Synchronizing object | Blended structural fairing
Fra:1 Mem:16.80M (Peak 16.80M) | Time:00:00.55 | Mem:0.00M, Peak:0.00M | Scene, ViewLayer | Synchronizing object | Integrated lifting hull.001
Fra:1 Mem:16.81M (Peak 16.81M) | Time:00:00.55 | Mem:0.00M, Peak:0.00M | Scene, ViewLayer | Synchronizing object | Integrated propulsion nacelle.001
Fra:1 Mem:16.83M (Peak 16.83M) | Time:00:00.55 | Mem:0.00M, Peak:0.00M | Scene, ViewLayer | Synchronizing object | Contoured expansion nozzle.001
Fra:1 Mem:17.05M (Peak 17.05M) | Time:00:00.55 | Mem:0.00M, Peak:0.00M | Scene, ViewLayer | Synchronizing object | Nozzle petal seam.013
Fra:1 Mem:17.03M (Peak 17.05M) | Time:00:00.55 | Mem:0.00M, Peak:0.00M | Scene, ViewLayer | Synchronizing object | Nozzle petal seam.014
Fra:1 Mem:17.05M (Peak 17.05M) | Time:00:00.55 | Mem:0.00M, Peak:0.00M | Scene, ViewLayer | Synchronizing object | Nozzle petal seam.015
Fra:1 Mem:17.03M (Peak 17.05M) | Time:00:00.55 | Mem:0.00M, Peak:0.00M | Scene, ViewLayer | Synchronizing object | Nozzle petal seam.016
Fra:1 Mem:17.04M (Peak 17.05M) | Time:00:00.55 | Mem:0.00M, Peak:0.00M | Scene, ViewLayer | Synchronizing object | Nozzle petal seam.017
Fra:1 Mem:17.04M (Peak 17.05M) | Time:00:00.55 | Mem:0.00M, Peak:0.00M | Scene, ViewLayer | Synchronizing object | Nozzle petal seam.018
Fra:1 Mem:17.04M (Peak 17.05M) | Time:00:00.55 | Mem:0.00M, Peak:0.00M | Scene, ViewLayer | Synchronizing object | Nozzle petal seam.019
Fra:1 Mem:17.04M (Peak 17.05M) | Time:00:00.55 | Mem:0.00M, Peak:0.00M | Scene, ViewLayer | Synchronizing object | Nozzle petal seam.020
Fra:1 Mem:17.04M (Peak 17.05M) | Time:00:00.55 | Mem:0.00M, Peak:0.00M | Scene, ViewLayer | Synchronizing object | Nozzle petal seam.021
Fra:1 Mem:17.05M (Peak 17.05M) | Time:00:00.55 | Mem:0.00M, Peak:0.00M | Scene, ViewLayer | Synchronizing object | Nozzle petal seam.022
Fra:1 Mem:17.05M (Peak 17.05M) | Time:00:00.55 | Mem:0.00M, Peak:0.00M | Scene, ViewLayer | Synchronizing object | Nozzle petal seam.023
Fra:1 Mem:17.05M (Peak 17.05M) | Time:00:00.55 | Mem:0.00M, Peak:0.00M | Scene, ViewLayer | Synchronizing object | Deep ion throat.001
Fra:1 Mem:17.05M (Peak 17.05M) | Time:00:00.55 | Mem:0.00M, Peak:0.00M | Scene, ViewLayer | Synchronizing object | Deep intake duct.001
Fra:1 Mem:17.21M (Peak 17.21M) | Time:00:00.57 | Mem:0.00M, Peak:0.00M | Scene, ViewLayer | Synchronizing object | Blended structural fairing.001
Fra:1 Mem:17.34M (Peak 17.34M) | Time:00:00.57 | Mem:0.00M, Peak:0.00M | Scene, ViewLayer | Initializing
Fra:1 Mem:13.77M (Peak 17.34M) | Time:00:00.57 | Mem:0.00M, Peak:0.00M | Scene, ViewLayer | Waiting for render to start
Fra:1 Mem:13.77M (Peak 17.34M) | Time:00:00.57 | Mem:0.00M, Peak:0.00M | Scene, ViewLayer | Updating Scene
Fra:1 Mem:13.77M (Peak 17.34M) | Time:00:00.57 | Mem:0.00M, Peak:0.00M | Scene, ViewLayer | Updating Shaders
Fra:1 Mem:13.77M (Peak 17.34M) | Time:00:00.57 | Mem:0.00M, Peak:0.00M | Scene, ViewLayer | Loading render kernels (may take a few minutes the first time)
Fra:1 Mem:13.86M (Peak 41.15M) | Time:00:01.39 | Mem:0.01M, Peak:0.01M | Scene, ViewLayer | Updating Procedurals
Fra:1 Mem:13.86M (Peak 41.15M) | Time:00:01.39 | Mem:0.01M, Peak:0.01M | Scene, ViewLayer | Updating Background
Fra:1 Mem:13.86M (Peak 41.15M) | Time:00:01.39 | Mem:0.01M, Peak:0.01M | Scene, ViewLayer | Updating Camera
Fra:1 Mem:13.86M (Peak 41.15M) | Time:00:01.39 | Mem:0.01M, Peak:0.01M | Scene, ViewLayer | Updating Meshes Flags
Fra:1 Mem:13.86M (Peak 41.15M) | Time:00:01.39 | Mem:0.01M, Peak:0.01M | Scene, ViewLayer | Updating Objects
Fra:1 Mem:13.86M (Peak 41.15M) | Time:00:01.39 | Mem:0.01M, Peak:0.01M | Scene, ViewLayer | Updating Objects | Copying Transformations to device
Fra:1 Mem:13.87M (Peak 41.15M) | Time:00:01.39 | Mem:0.02M, Peak:0.02M | Scene, ViewLayer | Updating Particle Systems
Fra:1 Mem:13.87M (Peak 41.15M) | Time:00:01.39 | Mem:0.02M, Peak:0.02M | Scene, ViewLayer | Updating Particle Systems | Copying Particles to device
Fra:1 Mem:13.87M (Peak 41.15M) | Time:00:01.39 | Mem:0.02M, Peak:0.02M | Scene, ViewLayer | Updating Meshes
Fra:1 Mem:14.31M (Peak 41.15M) | Time:00:01.40 | Mem:0.02M, Peak:0.02M | Scene, ViewLayer | Updating Objects | Applying Static Transformations
Fra:1 Mem:14.31M (Peak 41.15M) | Time:00:01.40 | Mem:0.02M, Peak:0.02M | Scene, ViewLayer | Updating Mesh | Computing attributes
Fra:1 Mem:15.00M (Peak 41.15M) | Time:00:01.41 | Mem:0.02M, Peak:0.02M | Scene, ViewLayer | Updating Mesh | Copying Attributes to device
Fra:1 Mem:15.00M (Peak 41.15M) | Time:00:01.41 | Mem:0.71M, Peak:0.71M | Scene, ViewLayer | Updating Geometry BVH Broad neutral key 2/42 | Building BVH
Fra:1 Mem:15.00M (Peak 41.15M) | Time:00:01.41 | Mem:0.71M, Peak:0.71M | Scene, ViewLayer | Updating Geometry BVH Mesh 4/42 | Building OptiX acceleration structure
Fra:1 Mem:15.00M (Peak 41.15M) | Time:00:01.41 | Mem:0.71M, Peak:0.71M | Scene, ViewLayer | Updating Geometry BVH Integrated propulsion nacelle.010 11/42 | Building BVH
Fra:1 Mem:15.00M (Peak 41.15M) | Time:00:01.41 | Mem:0.71M, Peak:0.71M | Scene, ViewLayer | Updating Geometry BVH Nozzle petal seam.264 13/42 | Building OptiX acceleration structure
Fra:1 Mem:15.08M (Peak 41.15M) | Time:00:01.41 | Mem:0.71M, Peak:0.71M | Scene, ViewLayer | Updating Geometry BVH light 46/45 | Building OptiX acceleration structure
Fra:1 Mem:15.18M (Peak 41.15M) | Time:00:01.41 | Mem:0.76M, Peak:0.76M | Scene, ViewLayer | Updating Geometry BVH Mesh 45/45 | Building OptiX acceleration structure
Fra:1 Mem:15.19M (Peak 41.15M) | Time:00:01.41 | Mem:0.77M, Peak:0.77M | Scene, ViewLayer | Updating Geometry BVH Nozzle petal seam.265 14/45 | Building BVH
Fra:1 Mem:15.19M (Peak 41.15M) | Time:00:01.41 | Mem:0.77M, Peak:0.77M | Scene, ViewLayer | Updating Geometry BVH Nozzle petal seam.265 14/45 | Building OptiX acceleration structure
Fra:1 Mem:15.27M (Peak 41.15M) | Time:00:01.42 | Mem:1.08M, Peak:1.47M | Scene, ViewLayer | Updating Geometry BVH Nozzle petal seam.266 15/45 | Building BVH
Fra:1 Mem:15.27M (Peak 41.15M) | Time:00:01.42 | Mem:1.09M, Peak:1.47M | Scene, ViewLayer | Updating Geometry BVH Nozzle petal seam.266 15/45 | Building OptiX acceleration structure
Fra:1 Mem:15.27M (Peak 41.15M) | Time:00:01.42 | Mem:1.08M, Peak:1.47M | Scene, ViewLayer | Updating Geometry BVH Nozzle petal seam.267 16/45 | Building BVH
Fra:1 Mem:15.27M (Peak 41.15M) | Time:00:01.42 | Mem:1.08M, Peak:1.47M | Scene, ViewLayer | Updating Geometry BVH Nozzle petal seam.267 16/45 | Building OptiX acceleration structure
Fra:1 Mem:15.25M (Peak 41.15M) | Time:00:01.42 | Mem:1.08M, Peak:1.47M | Scene, ViewLayer | Updating Geometry BVH Nozzle petal seam.268 17/45 | Building BVH
Fra:1 Mem:15.25M (Peak 41.15M) | Time:00:01.42 | Mem:1.08M, Peak:1.47M | Scene, ViewLayer | Updating Geometry BVH Nozzle petal seam.268 17/45 | Building OptiX acceleration structure
Fra:1 Mem:15.25M (Peak 41.15M) | Time:00:01.42 | Mem:1.08M, Peak:1.47M | Scene, ViewLayer | Updating Geometry BVH Nozzle petal seam.269 18/45 | Building BVH
Fra:1 Mem:15.25M (Peak 41.15M) | Time:00:01.42 | Mem:1.08M, Peak:1.47M | Scene, ViewLayer | Updating Geometry BVH Nozzle petal seam.269 18/45 | Building OptiX acceleration structure
Fra:1 Mem:15.24M (Peak 41.15M) | Time:00:01.42 | Mem:1.09M, Peak:1.47M | Scene, ViewLayer | Updating Geometry BVH Nozzle petal seam.270 19/45 | Building BVH
Fra:1 Mem:15.24M (Peak 41.15M) | Time:00:01.42 | Mem:1.09M, Peak:1.47M | Scene, ViewLayer | Updating Geometry BVH Nozzle petal seam.270 19/45 | Building OptiX acceleration structure
Fra:1 Mem:15.24M (Peak 41.15M) | Time:00:01.44 | Mem:1.09M, Peak:1.47M | Scene, ViewLayer | Updating Geometry BVH Nozzle petal seam.271 20/45 | Building BVH
Fra:1 Mem:15.24M (Peak 41.15M) | Time:00:01.44 | Mem:1.09M, Peak:1.47M | Scene, ViewLayer | Updating Geometry BVH Nozzle petal seam.271 20/45 | Building OptiX acceleration structure
Fra:1 Mem:15.24M (Peak 41.15M) | Time:00:01.44 | Mem:1.09M, Peak:1.47M | Scene, ViewLayer | Updating Geometry BVH Nozzle petal seam.272 21/45 | Building BVH
Fra:1 Mem:15.24M (Peak 41.15M) | Time:00:01.44 | Mem:1.09M, Peak:1.47M | Scene, ViewLayer | Updating Geometry BVH Nozzle petal seam.272 21/45 | Building OptiX acceleration structure
Fra:1 Mem:15.16M (Peak 41.15M) | Time:00:01.44 | Mem:1.11M, Peak:1.50M | Scene, ViewLayer | Updating Geometry BVH Nozzle petal seam.273 22/45 | Building BVH
Fra:1 Mem:15.16M (Peak 41.15M) | Time:00:01.44 | Mem:1.12M, Peak:1.50M | Scene, ViewLayer | Updating Geometry BVH Nozzle petal seam.273 22/45 | Building OptiX acceleration structure
Fra:1 Mem:15.16M (Peak 41.15M) | Time:00:01.44 | Mem:1.11M, Peak:1.50M | Scene, ViewLayer | Updating Geometry BVH Nozzle petal seam.274 23/45 | Building BVH
Fra:1 Mem:15.16M (Peak 41.15M) | Time:00:01.44 | Mem:1.12M, Peak:1.50M | Scene, ViewLayer | Updating Geometry BVH Nozzle petal seam.274 23/45 | Building OptiX acceleration structure
Fra:1 Mem:15.16M (Peak 41.15M) | Time:00:01.44 | Mem:1.11M, Peak:1.50M | Scene, ViewLayer | Updating Geometry BVH Nozzle petal seam.275 24/45 | Building BVH
Fra:1 Mem:15.16M (Peak 41.15M) | Time:00:01.44 | Mem:1.29M, Peak:1.50M | Scene, ViewLayer | Updating Geometry BVH Nozzle petal seam.275 24/45 | Building OptiX acceleration structure
Fra:1 Mem:15.13M (Peak 41.15M) | Time:00:01.44 | Mem:1.18M, Peak:1.50M | Scene, ViewLayer | Updating Geometry BVH Deep intake duct.011 44/45 | Building BVH
Fra:1 Mem:15.13M (Peak 41.15M) | Time:00:01.44 | Mem:1.18M, Peak:1.50M | Scene, ViewLayer | Updating Geometry BVH Deep intake duct.011 44/45 | Building OptiX acceleration structure
Fra:1 Mem:15.01M (Peak 41.15M) | Time:00:01.44 | Mem:1.16M, Peak:1.64M | Scene, ViewLayer | Updating Geometry BVH Deep ion throat.022 25/45 | Building BVH
Fra:1 Mem:15.01M (Peak 41.15M) | Time:00:01.44 | Mem:1.16M, Peak:1.64M | Scene, ViewLayer | Updating Geometry BVH Deep ion throat.022 25/45 | Building OptiX acceleration structure
Fra:1 Mem:15.03M (Peak 41.15M) | Time:00:01.45 | Mem:1.18M, Peak:1.64M | Scene, ViewLayer | Updating Geometry BVH Deep intake duct.010 26/45 | Building BVH
Fra:1 Mem:15.03M (Peak 41.15M) | Time:00:01.45 | Mem:1.19M, Peak:1.64M | Scene, ViewLayer | Updating Geometry BVH Deep intake duct.010 26/45 | Building OptiX acceleration structure
Fra:1 Mem:15.03M (Peak 41.15M) | Time:00:01.45 | Mem:1.18M, Peak:1.64M | Scene, ViewLayer | Updating Geometry BVH Mesh 27/45 | Building BVH
Fra:1 Mem:15.03M (Peak 41.15M) | Time:00:01.45 | Mem:1.19M, Peak:1.64M | Scene, ViewLayer | Updating Geometry BVH Mesh 27/45 | Building OptiX acceleration structure
Fra:1 Mem:15.06M (Peak 41.15M) | Time:00:01.45 | Mem:1.22M, Peak:1.64M | Scene, ViewLayer | Updating Geometry BVH Integrated lifting hull.011 28/45 | Building BVH
Fra:1 Mem:15.06M (Peak 41.15M) | Time:00:01.45 | Mem:1.22M, Peak:1.64M | Scene, ViewLayer | Updating Geometry BVH Integrated lifting hull.011 28/45 | Building OptiX acceleration structure
Fra:1 Mem:15.07M (Peak 41.15M) | Time:00:01.45 | Mem:1.23M, Peak:1.64M | Scene, ViewLayer | Updating Geometry BVH Integrated propulsion nacelle.011 29/45 | Building BVH
Fra:1 Mem:15.07M (Peak 41.15M) | Time:00:01.45 | Mem:1.23M, Peak:1.64M | Scene, ViewLayer | Updating Geometry BVH Integrated propulsion nacelle.011 29/45 | Building OptiX acceleration structure
Fra:1 Mem:15.08M (Peak 41.15M) | Time:00:01.47 | Mem:1.24M, Peak:1.64M | Scene, ViewLayer | Updating Geometry BVH Contoured expansion nozzle.023 30/45 | Building BVH
Fra:1 Mem:15.08M (Peak 41.15M) | Time:00:01.47 | Mem:1.24M, Peak:1.64M | Scene, ViewLayer | Updating Geometry BVH Contoured expansion nozzle.023 30/45 | Building OptiX acceleration structure
Fra:1 Mem:15.08M (Peak 41.15M) | Time:00:01.47 | Mem:1.25M, Peak:1.64M | Scene, ViewLayer | Updating Geometry BVH Nozzle petal seam.276 31/45 | Building BVH
Fra:1 Mem:15.08M (Peak 41.15M) | Time:00:01.47 | Mem:1.25M, Peak:1.64M | Scene, ViewLayer | Updating Geometry BVH Nozzle petal seam.276 31/45 | Building OptiX acceleration structure
Fra:1 Mem:15.08M (Peak 41.15M) | Time:00:01.47 | Mem:1.25M, Peak:1.64M | Scene, ViewLayer | Updating Geometry BVH Nozzle petal seam.277 32/45 | Building BVH
Fra:1 Mem:15.08M (Peak 41.15M) | Time:00:01.47 | Mem:1.25M, Peak:1.64M | Scene, ViewLayer | Updating Geometry BVH Nozzle petal seam.277 32/45 | Building OptiX acceleration structure
Fra:1 Mem:15.08M (Peak 41.15M) | Time:00:01.47 | Mem:1.25M, Peak:1.64M | Scene, ViewLayer | Updating Geometry BVH Nozzle petal seam.278 33/45 | Building BVH
Fra:1 Mem:15.08M (Peak 41.15M) | Time:00:01.47 | Mem:1.25M, Peak:1.64M | Scene, ViewLayer | Updating Geometry BVH Nozzle petal seam.278 33/45 | Building OptiX acceleration structure
Fra:1 Mem:15.08M (Peak 41.15M) | Time:00:01.47 | Mem:1.25M, Peak:1.64M | Scene, ViewLayer | Updating Geometry BVH Nozzle petal seam.279 34/45 | Building BVH
Fra:1 Mem:15.08M (Peak 41.15M) | Time:00:01.47 | Mem:1.25M, Peak:1.64M | Scene, ViewLayer | Updating Geometry BVH Nozzle petal seam.279 34/45 | Building OptiX acceleration structure
Fra:1 Mem:15.08M (Peak 41.15M) | Time:00:01.47 | Mem:1.25M, Peak:1.64M | Scene, ViewLayer | Updating Geometry BVH Nozzle petal seam.280 35/45 | Building BVH
Fra:1 Mem:15.08M (Peak 41.15M) | Time:00:01.47 | Mem:1.27M, Peak:1.64M | Scene, ViewLayer | Updating Geometry BVH Nozzle petal seam.280 35/45 | Building OptiX acceleration structure
Fra:1 Mem:15.08M (Peak 41.15M) | Time:00:01.47 | Mem:1.25M, Peak:1.64M | Scene, ViewLayer | Updating Geometry BVH Deep ion throat.023 43/45 | Building BVH
Fra:1 Mem:15.08M (Peak 41.15M) | Time:00:01.47 | Mem:1.25M, Peak:1.64M | Scene, ViewLayer | Updating Geometry BVH Deep ion throat.023 43/45 | Building OptiX acceleration structure
Fra:1 Mem:15.08M (Peak 41.15M) | Time:00:01.47 | Mem:1.27M, Peak:1.64M | Scene, ViewLayer | Updating Geometry BVH Nozzle petal seam.281 36/45 | Building BVH
Fra:1 Mem:15.08M (Peak 41.15M) | Time:00:01.47 | Mem:1.27M, Peak:1.64M | Scene, ViewLayer | Updating Geometry BVH Nozzle petal seam.281 36/45 | Building OptiX acceleration structure
Fra:1 Mem:15.08M (Peak 41.15M) | Time:00:01.47 | Mem:1.27M, Peak:1.64M | Scene, ViewLayer | Updating Geometry BVH Nozzle petal seam.282 37/45 | Building BVH
Fra:1 Mem:15.08M (Peak 41.15M) | Time:00:01.47 | Mem:1.27M, Peak:1.64M | Scene, ViewLayer | Updating Geometry BVH Nozzle petal seam.282 37/45 | Building OptiX acceleration structure
Fra:1 Mem:15.05M (Peak 41.15M) | Time:00:01.47 | Mem:1.29M, Peak:1.64M | Scene, ViewLayer | Updating Geometry BVH Nozzle petal seam.283 38/45 | Building BVH
Fra:1 Mem:15.05M (Peak 41.15M) | Time:00:01.47 | Mem:1.31M, Peak:1.64M | Scene, ViewLayer | Updating Geometry BVH Nozzle petal seam.283 38/45 | Building OptiX acceleration structure
Fra:1 Mem:15.04M (Peak 41.15M) | Time:00:01.48 | Mem:1.27M, Peak:1.64M | Scene, ViewLayer | Updating Geometry BVH Nozzle petal seam.284 39/45 | Building BVH
Fra:1 Mem:15.04M (Peak 41.15M) | Time:00:01.48 | Mem:1.29M, Peak:1.64M | Scene, ViewLayer | Updating Geometry BVH Nozzle petal seam.284 39/45 | Building OptiX acceleration structure
Fra:1 Mem:15.03M (Peak 41.15M) | Time:00:01.49 | Mem:1.28M, Peak:1.64M | Scene, ViewLayer | Updating Geometry BVH Nozzle petal seam.285 40/45 | Building BVH
Fra:1 Mem:15.03M (Peak 41.15M) | Time:00:01.49 | Mem:1.31M, Peak:1.64M | Scene, ViewLayer | Updating Geometry BVH Nozzle petal seam.285 40/45 | Building OptiX acceleration structure
Fra:1 Mem:15.02M (Peak 41.15M) | Time:00:01.49 | Mem:1.28M, Peak:1.64M | Scene, ViewLayer | Updating Geometry BVH Nozzle petal seam.286 41/45 | Building BVH
Fra:1 Mem:15.02M (Peak 41.15M) | Time:00:01.49 | Mem:1.28M, Peak:1.64M | Scene, ViewLayer | Updating Geometry BVH Nozzle petal seam.286 41/45 | Building OptiX acceleration structure
Fra:1 Mem:15.02M (Peak 41.15M) | Time:00:01.49 | Mem:1.28M, Peak:1.64M | Scene, ViewLayer | Updating Geometry BVH Nozzle petal seam.287 42/45 | Building BVH
Fra:1 Mem:15.02M (Peak 41.15M) | Time:00:01.49 | Mem:1.28M, Peak:1.64M | Scene, ViewLayer | Updating Geometry BVH Nozzle petal seam.287 42/45 | Building OptiX acceleration structure
Fra:1 Mem:15.00M (Peak 41.15M) | Time:00:01.52 | Mem:1.28M, Peak:1.64M | Scene, ViewLayer | Updating Scene BVH | Building
Fra:1 Mem:15.00M (Peak 41.15M) | Time:00:01.52 | Mem:1.28M, Peak:1.64M | Scene, ViewLayer | Updating Scene BVH | Building OptiX acceleration structure
Fra:1 Mem:15.00M (Peak 41.15M) | Time:00:01.52 | Mem:1.29M, Peak:1.64M | Scene, ViewLayer | Updating Scene BVH | Copying BVH to device
Fra:1 Mem:15.00M (Peak 41.15M) | Time:00:01.52 | Mem:1.29M, Peak:1.64M | Scene, ViewLayer | Updating Mesh | Computing normals
Fra:1 Mem:15.65M (Peak 41.15M) | Time:00:01.52 | Mem:1.29M, Peak:1.64M | Scene, ViewLayer | Updating Mesh | Copying Mesh to device
Fra:1 Mem:15.65M (Peak 41.15M) | Time:00:01.52 | Mem:1.94M, Peak:1.94M | Scene, ViewLayer | Updating Objects Flags
Fra:1 Mem:15.65M (Peak 41.15M) | Time:00:01.52 | Mem:1.94M, Peak:1.94M | Scene, ViewLayer | Updating Primitive Offsets
Fra:1 Mem:15.65M (Peak 41.15M) | Time:00:01.52 | Mem:1.94M, Peak:1.94M | Scene, ViewLayer | Updating Images
Fra:1 Mem:15.65M (Peak 41.15M) | Time:00:01.52 | Mem:1.94M, Peak:1.94M | Scene, ViewLayer | Updating Images | Loading panel-normal.png
Fra:1 Mem:15.65M (Peak 41.15M) | Time:00:01.52 | Mem:1.94M, Peak:1.94M | Scene, ViewLayer | Updating Images | Loading white-basecolor.png
Fra:1 Mem:15.65M (Peak 41.15M) | Time:00:01.52 | Mem:1.94M, Peak:1.94M | Scene, ViewLayer | Updating Images | Loading paint-orm.png
Fra:1 Mem:31.66M (Peak 41.15M) | Time:00:01.94 | Mem:17.94M, Peak:17.94M | Scene, ViewLayer | Updating Camera Volume
Fra:1 Mem:31.66M (Peak 41.15M) | Time:00:01.94 | Mem:17.94M, Peak:17.94M | Scene, ViewLayer | Updating Lookup Tables
Fra:1 Mem:31.66M (Peak 41.15M) | Time:00:01.94 | Mem:18.02M, Peak:18.02M | Scene, ViewLayer | Updating Lights
Fra:1 Mem:31.66M (Peak 41.15M) | Time:00:01.94 | Mem:18.02M, Peak:18.02M | Scene, ViewLayer | Updating Lights | Computing tree
Fra:1 Mem:31.85M (Peak 41.15M) | Time:00:01.94 | Mem:18.21M, Peak:18.21M | Scene, ViewLayer | Updating Integrator
Fra:1 Mem:31.85M (Peak 41.15M) | Time:00:01.94 | Mem:18.21M, Peak:18.21M | Scene, ViewLayer | Updating Film
Fra:1 Mem:31.86M (Peak 41.15M) | Time:00:01.94 | Mem:18.13M, Peak:18.21M | Scene, ViewLayer | Updating Lookup Tables
Fra:1 Mem:31.86M (Peak 41.15M) | Time:00:01.94 | Mem:18.22M, Peak:18.22M | Scene, ViewLayer | Updating Baking
Fra:1 Mem:31.86M (Peak 41.15M) | Time:00:01.94 | Mem:18.22M, Peak:18.22M | Scene, ViewLayer | Updating Device | Writing constant memory
Fra:1 Mem:31.86M (Peak 41.15M) | Time:00:01.95 | Mem:18.22M, Peak:18.22M | Scene, ViewLayer | Loading denoising kernels (may take a few minutes the first time)
Fra:1 Mem:35.86M (Peak 41.15M) | Time:00:01.98 | Mem:370.22M, Peak:370.22M | Scene, ViewLayer | Sample 0/24
Fra:1 Mem:82.83M (Peak 82.83M) | Time:00:02.30 | Remaining:00:07.49 | Mem:417.20M, Peak:417.20M | Scene, ViewLayer | Sample 1/24
Fra:1 Mem:102.61M (Peak 132.28M) | Time:00:40.29 | Mem:417.20M, Peak:417.20M | Scene, ViewLayer | Sample 24/24
Fra:1 Mem:102.61M (Peak 132.28M) | Time:00:40.29 | Mem:417.20M, Peak:417.20M | Scene, ViewLayer | Finished
Saved: 'D:\vibe-coding-e\nova-swarm-forum-129-improvements-20260822\docs\fleet-art-v2\ships\09\surfaced.png'
Time: 00:40.80 (Saving: 00:00.38)

Info: Saved as "source.blend"
17:12:40 | INFO: Starting glTF 2.0 export
17:12:40 | INFO: Extracting primitive: Continuous pressure fuselage.005
17:12:40 | WARNING: More than one shader node tex image used for a texture. The resulting glTF sampler will behave like the first shader node tex image.
17:12:40 | WARNING: More than one shader node tex image used for a texture. The resulting glTF sampler will behave like the first shader node tex image.
17:12:40 | INFO: Primitives created: 6
17:12:40 | INFO: Finished glTF 2.0 export in 0.24369096755981445 s
Fra:1 Mem:15.26M (Peak 30.76M) | Time:00:00.29 | Mem:0.00M, Peak:0.00M | Scene, ViewLayer | Synchronizing object | Broad neutral key
Fra:1 Mem:15.26M (Peak 30.76M) | Time:00:00.29 | Mem:0.00M, Peak:0.00M | Scene, ViewLayer | Synchronizing object | ArcStrikerV2
Fra:1 Mem:16.88M (Peak 30.76M) | Time:00:00.30 | Mem:0.00M, Peak:0.00M | Scene, ViewLayer | Initializing
Fra:1 Mem:16.41M (Peak 30.76M) | Time:00:00.30 | Mem:0.00M, Peak:0.00M | Scene, ViewLayer | Waiting for render to start
Fra:1 Mem:16.41M (Peak 30.76M) | Time:00:00.30 | Mem:0.00M, Peak:0.00M | Scene, ViewLayer | Updating Scene
Fra:1 Mem:16.41M (Peak 30.76M) | Time:00:00.30 | Mem:0.00M, Peak:0.00M | Scene, ViewLayer | Updating Shaders
Fra:1 Mem:16.41M (Peak 30.76M) | Time:00:00.30 | Mem:0.00M, Peak:0.00M | Scene, ViewLayer | Loading render kernels (may take a few minutes the first time)
Fra:1 Mem:16.50M (Peak 43.79M) | Time:00:00.56 | Mem:0.01M, Peak:0.01M | Scene, ViewLayer | Updating Procedurals
Fra:1 Mem:16.50M (Peak 43.79M) | Time:00:00.56 | Mem:0.01M, Peak:0.01M | Scene, ViewLayer | Updating Background
Fra:1 Mem:16.50M (Peak 43.79M) | Time:00:00.56 | Mem:0.01M, Peak:0.01M | Scene, ViewLayer | Updating Camera
Fra:1 Mem:16.50M (Peak 43.79M) | Time:00:00.56 | Mem:0.01M, Peak:0.01M | Scene, ViewLayer | Updating Meshes Flags
Fra:1 Mem:16.50M (Peak 43.79M) | Time:00:00.56 | Mem:0.01M, Peak:0.01M | Scene, ViewLayer | Updating Objects
Fra:1 Mem:16.50M (Peak 43.79M) | Time:00:00.56 | Mem:0.01M, Peak:0.01M | Scene, ViewLayer | Updating Objects | Copying Transformations to device
Fra:1 Mem:16.50M (Peak 43.79M) | Time:00:00.56 | Mem:0.01M, Peak:0.01M | Scene, ViewLayer | Updating Particle Systems
Fra:1 Mem:16.50M (Peak 43.79M) | Time:00:00.56 | Mem:0.01M, Peak:0.01M | Scene, ViewLayer | Updating Particle Systems | Copying Particles to device
Fra:1 Mem:16.50M (Peak 43.79M) | Time:00:00.56 | Mem:0.01M, Peak:0.01M | Scene, ViewLayer | Updating Meshes
Fra:1 Mem:17.61M (Peak 43.79M) | Time:00:00.58 | Mem:0.01M, Peak:0.01M | Scene, ViewLayer | Updating Objects | Applying Static Transformations
Fra:1 Mem:17.61M (Peak 43.79M) | Time:00:00.58 | Mem:0.01M, Peak:0.01M | Scene, ViewLayer | Updating Mesh | Computing attributes
Fra:1 Mem:19.09M (Peak 43.79M) | Time:00:00.58 | Mem:0.01M, Peak:0.01M | Scene, ViewLayer | Updating Mesh | Copying Attributes to device
Fra:1 Mem:19.09M (Peak 43.79M) | Time:00:00.58 | Mem:1.49M, Peak:1.49M | Scene, ViewLayer | Updating Geometry BVH Neutral fill 3/4 | Building BVH
Fra:1 Mem:19.09M (Peak 43.79M) | Time:00:00.58 | Mem:1.49M, Peak:1.49M | Scene, ViewLayer | Updating Geometry BVH Continuous pressure fuselage.005 4/4 | Building OptiX acceleration structure
Fra:1 Mem:19.09M (Peak 43.79M) | Time:00:00.61 | Mem:1.97M, Peak:3.43M | Scene, ViewLayer | Updating Scene BVH | Building
Fra:1 Mem:19.09M (Peak 43.79M) | Time:00:00.61 | Mem:1.97M, Peak:3.43M | Scene, ViewLayer | Updating Scene BVH | Building OptiX acceleration structure
Fra:1 Mem:19.09M (Peak 43.79M) | Time:00:00.61 | Mem:1.97M, Peak:3.43M | Scene, ViewLayer | Updating Scene BVH | Copying BVH to device
Fra:1 Mem:19.09M (Peak 43.79M) | Time:00:00.61 | Mem:1.97M, Peak:3.43M | Scene, ViewLayer | Updating Mesh | Computing normals
Fra:1 Mem:19.67M (Peak 43.79M) | Time:00:00.61 | Mem:1.97M, Peak:3.43M | Scene, ViewLayer | Updating Mesh | Copying Mesh to device
Fra:1 Mem:19.67M (Peak 43.79M) | Time:00:00.61 | Mem:2.55M, Peak:3.43M | Scene, ViewLayer | Updating Objects Flags
Fra:1 Mem:19.67M (Peak 43.79M) | Time:00:00.61 | Mem:2.55M, Peak:3.43M | Scene, ViewLayer | Updating Primitive Offsets
Fra:1 Mem:19.67M (Peak 43.79M) | Time:00:00.61 | Mem:2.55M, Peak:3.43M | Scene, ViewLayer | Updating Images
Fra:1 Mem:19.67M (Peak 43.79M) | Time:00:00.61 | Mem:2.55M, Peak:3.43M | Scene, ViewLayer | Updating Images | Loading panel-normal.png
Fra:1 Mem:23.67M (Peak 43.79M) | Time:00:00.62 | Mem:2.55M, Peak:3.43M | Scene, ViewLayer | Updating Images | Loading white-basecolor.png
Fra:1 Mem:27.67M (Peak 43.79M) | Time:00:00.62 | Mem:2.55M, Peak:3.43M | Scene, ViewLayer | Updating Images | Loading cobalt-basecolor.png
Fra:1 Mem:31.68M (Peak 43.79M) | Time:00:00.62 | Mem:6.55M, Peak:6.55M | Scene, ViewLayer | Updating Images | Loading paint-orm.png
Fra:1 Mem:35.68M (Peak 43.79M) | Time:00:00.69 | Mem:18.55M, Peak:18.55M | Scene, ViewLayer | Updating Camera Volume
Fra:1 Mem:35.68M (Peak 43.79M) | Time:00:00.69 | Mem:18.55M, Peak:18.55M | Scene, ViewLayer | Updating Lookup Tables
Fra:1 Mem:35.68M (Peak 43.79M) | Time:00:00.69 | Mem:18.63M, Peak:18.63M | Scene, ViewLayer | Updating Lights
Fra:1 Mem:35.68M (Peak 43.79M) | Time:00:00.69 | Mem:18.63M, Peak:18.63M | Scene, ViewLayer | Updating Lights | Computing tree
Fra:1 Mem:35.94M (Peak 43.79M) | Time:00:00.70 | Mem:18.89M, Peak:18.89M | Scene, ViewLayer | Updating Integrator
Fra:1 Mem:35.94M (Peak 43.79M) | Time:00:00.70 | Mem:18.89M, Peak:18.89M | Scene, ViewLayer | Updating Film
Fra:1 Mem:35.94M (Peak 43.79M) | Time:00:00.70 | Mem:18.81M, Peak:18.89M | Scene, ViewLayer | Updating Lookup Tables
Fra:1 Mem:35.94M (Peak 43.79M) | Time:00:00.70 | Mem:18.90M, Peak:18.90M | Scene, ViewLayer | Updating Baking
Fra:1 Mem:35.94M (Peak 43.79M) | Time:00:00.70 | Mem:18.90M, Peak:18.90M | Scene, ViewLayer | Updating Device | Writing constant memory
Fra:1 Mem:35.95M (Peak 43.79M) | Time:00:00.70 | Mem:18.90M, Peak:18.90M | Scene, ViewLayer | Loading denoising kernels (may take a few minutes the first time)
Fra:1 Mem:39.95M (Peak 43.79M) | Time:00:00.91 | Mem:370.90M, Peak:370.90M | Scene, ViewLayer | Sample 0/24
Fra:1 Mem:115.95M (Peak 115.95M) | Time:00:00.98 | Remaining:00:01.60 | Mem:446.91M, Peak:446.91M | Scene, ViewLayer | Sample 1/24
Fra:1 Mem:147.96M (Peak 195.96M) | Time:00:08.46 | Mem:446.91M, Peak:446.91M | Scene, ViewLayer | Sample 24/24
Fra:1 Mem:147.96M (Peak 195.96M) | Time:00:08.46 | Mem:446.91M, Peak:446.91M | Scene, ViewLayer | Finished
Saved: 'D:\vibe-coding-e\nova-swarm-forum-129-improvements-20260822\docs\fleet-art-v2\ships\09\export\showroom.png'
Time: 00:08.81 (Saving: 00:00.17)

Fra:1 Mem:15.55M (Peak 15.55M) | Time:00:00.31 | Mem:0.00M, Peak:0.00M | Scene, ViewLayer | Synchronizing object | ArcStrikerV2
Fra:1 Mem:15.55M (Peak 15.55M) | Time:00:00.31 | Mem:0.00M, Peak:0.00M | Scene, ViewLayer | Synchronizing object | Neutral fill
Fra:1 Mem:16.88M (Peak 17.67M) | Time:00:00.32 | Mem:0.00M, Peak:0.00M | Scene, ViewLayer | Initializing
Fra:1 Mem:16.41M (Peak 17.67M) | Time:00:00.32 | Mem:0.00M, Peak:0.00M | Scene, ViewLayer | Waiting for render to start
Fra:1 Mem:16.41M (Peak 17.67M) | Time:00:00.32 | Mem:0.00M, Peak:0.00M | Scene, ViewLayer | Updating Scene
Fra:1 Mem:16.41M (Peak 17.67M) | Time:00:00.32 | Mem:0.00M, Peak:0.00M | Scene, ViewLayer | Updating Shaders
Fra:1 Mem:16.41M (Peak 17.67M) | Time:00:00.32 | Mem:0.00M, Peak:0.00M | Scene, ViewLayer | Loading render kernels (may take a few minutes the first time)
Fra:1 Mem:16.50M (Peak 43.79M) | Time:00:00.53 | Mem:0.01M, Peak:0.01M | Scene, ViewLayer | Updating Procedurals
Fra:1 Mem:16.50M (Peak 43.79M) | Time:00:00.53 | Mem:0.01M, Peak:0.01M | Scene, ViewLayer | Updating Background
Fra:1 Mem:16.50M (Peak 43.79M) | Time:00:00.53 | Mem:0.01M, Peak:0.01M | Scene, ViewLayer | Updating Camera
Fra:1 Mem:16.50M (Peak 43.79M) | Time:00:00.53 | Mem:0.01M, Peak:0.01M | Scene, ViewLayer | Updating Meshes Flags
Fra:1 Mem:16.50M (Peak 43.79M) | Time:00:00.53 | Mem:0.01M, Peak:0.01M | Scene, ViewLayer | Updating Objects
Fra:1 Mem:16.50M (Peak 43.79M) | Time:00:00.53 | Mem:0.01M, Peak:0.01M | Scene, ViewLayer | Updating Objects | Copying Transformations to device
Fra:1 Mem:16.50M (Peak 43.79M) | Time:00:00.53 | Mem:0.01M, Peak:0.01M | Scene, ViewLayer | Updating Particle Systems
Fra:1 Mem:16.50M (Peak 43.79M) | Time:00:00.53 | Mem:0.01M, Peak:0.01M | Scene, ViewLayer | Updating Particle Systems | Copying Particles to device
Fra:1 Mem:16.50M (Peak 43.79M) | Time:00:00.53 | Mem:0.01M, Peak:0.01M | Scene, ViewLayer | Updating Meshes
Fra:1 Mem:17.61M (Peak 43.79M) | Time:00:00.55 | Mem:0.01M, Peak:0.01M | Scene, ViewLayer | Updating Objects | Applying Static Transformations
Fra:1 Mem:17.61M (Peak 43.79M) | Time:00:00.55 | Mem:0.01M, Peak:0.01M | Scene, ViewLayer | Updating Mesh | Computing attributes
Fra:1 Mem:19.09M (Peak 43.79M) | Time:00:00.56 | Mem:0.01M, Peak:0.01M | Scene, ViewLayer | Updating Mesh | Copying Attributes to device
Fra:1 Mem:19.09M (Peak 43.79M) | Time:00:00.56 | Mem:1.49M, Peak:1.49M | Scene, ViewLayer | Updating Geometry BVH light 5/4 | Building BVH
Fra:1 Mem:19.09M (Peak 43.79M) | Time:00:00.56 | Mem:1.49M, Peak:1.49M | Scene, ViewLayer | Updating Geometry BVH light 5/4 | Building OptiX acceleration structure
Fra:1 Mem:19.09M (Peak 43.79M) | Time:00:00.56 | Mem:1.49M, Peak:1.49M | Scene, ViewLayer | Updating Geometry BVH Continuous pressure fuselage.005 4/4 | Building BVH
Fra:1 Mem:19.09M (Peak 43.79M) | Time:00:00.56 | Mem:1.49M, Peak:1.49M | Scene, ViewLayer | Updating Geometry BVH Continuous pressure fuselage.005 4/4 | Building OptiX acceleration structure
Fra:1 Mem:19.09M (Peak 43.79M) | Time:00:00.56 | Mem:1.97M, Peak:3.43M | Scene, ViewLayer | Updating Geometry BVH Neutral fill 3/4 | Building BVH
Fra:1 Mem:19.09M (Peak 43.79M) | Time:00:00.56 | Mem:1.97M, Peak:3.43M | Scene, ViewLayer | Updating Geometry BVH Neutral fill 3/4 | Building OptiX acceleration structure
Fra:1 Mem:19.09M (Peak 43.79M) | Time:00:00.56 | Mem:1.97M, Peak:3.43M | Scene, ViewLayer | Updating Geometry BVH Broad neutral key 2/4 | Building BVH
Fra:1 Mem:19.09M (Peak 43.79M) | Time:00:00.56 | Mem:1.97M, Peak:3.43M | Scene, ViewLayer | Updating Geometry BVH Broad neutral key 2/4 | Building OptiX acceleration structure
Fra:1 Mem:19.09M (Peak 43.79M) | Time:00:00.56 | Mem:1.97M, Peak:3.43M | Scene, ViewLayer | Updating Scene BVH | Building
Fra:1 Mem:19.09M (Peak 43.79M) | Time:00:00.56 | Mem:1.97M, Peak:3.43M | Scene, ViewLayer | Updating Scene BVH | Building OptiX acceleration structure
Fra:1 Mem:19.09M (Peak 43.79M) | Time:00:00.56 | Mem:1.97M, Peak:3.43M | Scene, ViewLayer | Updating Scene BVH | Copying BVH to device
Fra:1 Mem:19.09M (Peak 43.79M) | Time:00:00.56 | Mem:1.97M, Peak:3.43M | Scene, ViewLayer | Updating Mesh | Computing normals
Fra:1 Mem:19.67M (Peak 43.79M) | Time:00:00.56 | Mem:1.97M, Peak:3.43M | Scene, ViewLayer | Updating Mesh | Copying Mesh to device
Fra:1 Mem:19.67M (Peak 43.79M) | Time:00:00.56 | Mem:2.55M, Peak:3.43M | Scene, ViewLayer | Updating Objects Flags
Fra:1 Mem:19.67M (Peak 43.79M) | Time:00:00.56 | Mem:2.55M, Peak:3.43M | Scene, ViewLayer | Updating Primitive Offsets
Fra:1 Mem:19.67M (Peak 43.79M) | Time:00:00.56 | Mem:2.55M, Peak:3.43M | Scene, ViewLayer | Updating Images
Fra:1 Mem:19.67M (Peak 43.79M) | Time:00:00.56 | Mem:2.55M, Peak:3.43M | Scene, ViewLayer | Updating Images | Loading panel-normal.png
Fra:1 Mem:23.67M (Peak 43.79M) | Time:00:00.57 | Mem:2.55M, Peak:3.43M | Scene, ViewLayer | Updating Images | Loading white-basecolor.png
Fra:1 Mem:27.68M (Peak 43.79M) | Time:00:00.58 | Mem:6.55M, Peak:6.55M | Scene, ViewLayer | Updating Images | Loading paint-orm.png
Fra:1 Mem:27.68M (Peak 43.79M) | Time:00:00.58 | Mem:10.55M, Peak:10.55M | Scene, ViewLayer | Updating Images | Loading cobalt-basecolor.png
Fra:1 Mem:35.68M (Peak 43.79M) | Time:00:00.62 | Mem:18.55M, Peak:18.55M | Scene, ViewLayer | Updating Camera Volume
Fra:1 Mem:35.68M (Peak 43.79M) | Time:00:00.62 | Mem:18.55M, Peak:18.55M | Scene, ViewLayer | Updating Lookup Tables
Fra:1 Mem:35.68M (Peak 43.79M) | Time:00:00.62 | Mem:18.63M, Peak:18.63M | Scene, ViewLayer | Updating Lights
Fra:1 Mem:35.68M (Peak 43.79M) | Time:00:00.62 | Mem:18.63M, Peak:18.63M | Scene, ViewLayer | Updating Lights | Computing tree
Fra:1 Mem:35.94M (Peak 43.79M) | Time:00:00.63 | Mem:18.89M, Peak:18.89M | Scene, ViewLayer | Updating Integrator
Fra:1 Mem:35.94M (Peak 43.79M) | Time:00:00.63 | Mem:18.89M, Peak:18.89M | Scene, ViewLayer | Updating Film
Fra:1 Mem:35.94M (Peak 43.79M) | Time:00:00.63 | Mem:18.81M, Peak:18.89M | Scene, ViewLayer | Updating Lookup Tables
Fra:1 Mem:35.94M (Peak 43.79M) | Time:00:00.63 | Mem:18.90M, Peak:18.90M | Scene, ViewLayer | Updating Baking
Fra:1 Mem:35.94M (Peak 43.79M) | Time:00:00.63 | Mem:18.90M, Peak:18.90M | Scene, ViewLayer | Updating Device | Writing constant memory
Fra:1 Mem:35.95M (Peak 43.79M) | Time:00:00.63 | Mem:18.90M, Peak:18.90M | Scene, ViewLayer | Loading denoising kernels (may take a few minutes the first time)
Fra:1 Mem:39.95M (Peak 43.79M) | Time:00:00.67 | Mem:370.90M, Peak:370.90M | Scene, ViewLayer | Sample 0/24
Fra:1 Mem:58.95M (Peak 58.95M) | Time:00:00.69 | Remaining:00:00.37 | Mem:389.91M, Peak:389.91M | Scene, ViewLayer | Sample 1/24
Fra:1 Mem:66.96M (Peak 78.96M) | Time:00:02.67 | Mem:389.91M, Peak:389.91M | Scene, ViewLayer | Sample 24/24
Fra:1 Mem:66.96M (Peak 78.96M) | Time:00:02.67 | Mem:389.91M, Peak:389.91M | Scene, ViewLayer | Finished
Saved: 'D:\vibe-coding-e\nova-swarm-forum-129-improvements-20260822\docs\fleet-art-v2\ships\09\export\player.png'
Time: 00:03.01 (Saving: 00:00.15)


FLEET_V2_COMPLETE 9 Arc Striker
Read blend: "D:\vibe-coding-e\nova-swarm-forum-129-improvements-20260822\docs\fleet-art-v2\ships\10\source.blend"
Fra:1 Mem:14.52M (Peak 14.52M) | Time:00:00.28 | Mem:0.00M, Peak:0.00M | Scene, ViewLayer | Synchronizing object | Broad neutral key
Fra:1 Mem:14.52M (Peak 14.52M) | Time:00:00.28 | Mem:0.00M, Peak:0.00M | Scene, ViewLayer | Synchronizing object | Neutral fill
Fra:1 Mem:14.84M (Peak 14.84M) | Time:00:00.35 | Mem:0.00M, Peak:0.00M | Scene, ViewLayer | Synchronizing object | Continuous pressure fuselage
Fra:1 Mem:15.69M (Peak 15.69M) | Time:00:00.41 | Mem:0.00M, Peak:0.00M | Scene, ViewLayer | Synchronizing object | Cockpit integrated coaming
Fra:1 Mem:16.22M (Peak 16.22M) | Time:00:00.47 | Mem:0.00M, Peak:0.00M | Scene, ViewLayer | Synchronizing object | Pressure canopy glazing
Fra:1 Mem:16.22M (Peak 16.22M) | Time:00:00.47 | Mem:0.00M, Peak:0.00M | Scene, ViewLayer | Synchronizing object | Canopy lower frame
Fra:1 Mem:16.50M (Peak 16.50M) | Time:00:00.47 | Mem:0.00M, Peak:0.00M | Scene, ViewLayer | Synchronizing object | Canopy lower frame.001
Fra:1 Mem:16.50M (Peak 16.50M) | Time:00:00.47 | Mem:0.00M, Peak:0.00M | Scene, ViewLayer | Synchronizing object | Canopy pressure bow
Fra:1 Mem:16.56M (Peak 16.56M) | Time:00:00.47 | Mem:0.00M, Peak:0.00M | Scene, ViewLayer | Synchronizing object | Integrated lifting hull
Fra:1 Mem:16.56M (Peak 16.56M) | Time:00:00.47 | Mem:0.00M, Peak:0.00M | Scene, ViewLayer | Synchronizing object | Integrated propulsion nacelle
Fra:1 Mem:16.60M (Peak 16.60M) | Time:00:00.47 | Mem:0.00M, Peak:0.00M | Scene, ViewLayer | Synchronizing object | Contoured expansion nozzle
Fra:1 Mem:16.63M (Peak 16.63M) | Time:00:00.47 | Mem:0.00M, Peak:0.00M | Scene, ViewLayer | Synchronizing object | Nozzle petal seam
Fra:1 Mem:16.64M (Peak 16.64M) | Time:00:00.47 | Mem:0.00M, Peak:0.00M | Scene, ViewLayer | Synchronizing object | Nozzle petal seam.001
Fra:1 Mem:16.66M (Peak 16.66M) | Time:00:00.47 | Mem:0.00M, Peak:0.00M | Scene, ViewLayer | Synchronizing object | Nozzle petal seam.002
Fra:1 Mem:16.66M (Peak 16.66M) | Time:00:00.47 | Mem:0.00M, Peak:0.00M | Scene, ViewLayer | Synchronizing object | Nozzle petal seam.003
Fra:1 Mem:16.66M (Peak 16.66M) | Time:00:00.47 | Mem:0.00M, Peak:0.00M | Scene, ViewLayer | Synchronizing object | Nozzle petal seam.004
Fra:1 Mem:16.66M (Peak 16.66M) | Time:00:00.47 | Mem:0.00M, Peak:0.00M | Scene, ViewLayer | Synchronizing object | Nozzle petal seam.005
Fra:1 Mem:16.66M (Peak 16.66M) | Time:00:00.47 | Mem:0.00M, Peak:0.00M | Scene, ViewLayer | Synchronizing object | Nozzle petal seam.006
Fra:1 Mem:16.67M (Peak 16.67M) | Time:00:00.47 | Mem:0.00M, Peak:0.00M | Scene, ViewLayer | Synchronizing object | Nozzle petal seam.007
Fra:1 Mem:16.67M (Peak 16.67M) | Time:00:00.47 | Mem:0.00M, Peak:0.00M | Scene, ViewLayer | Synchronizing object | Nozzle petal seam.008
Fra:1 Mem:16.67M (Peak 16.67M) | Time:00:00.47 | Mem:0.00M, Peak:0.00M | Scene, ViewLayer | Synchronizing object | Nozzle petal seam.009
Fra:1 Mem:16.67M (Peak 16.67M) | Time:00:00.47 | Mem:0.00M, Peak:0.00M | Scene, ViewLayer | Synchronizing object | Nozzle petal seam.010
Fra:1 Mem:16.67M (Peak 16.67M) | Time:00:00.47 | Mem:0.00M, Peak:0.00M | Scene, ViewLayer | Synchronizing object | Nozzle petal seam.011
Fra:1 Mem:16.68M (Peak 16.68M) | Time:00:00.47 | Mem:0.00M, Peak:0.00M | Scene, ViewLayer | Synchronizing object | Deep ion throat
Fra:1 Mem:16.68M (Peak 16.68M) | Time:00:00.47 | Mem:0.00M, Peak:0.00M | Scene, ViewLayer | Synchronizing object | Deep intake duct
Fra:1 Mem:16.84M (Peak 16.84M) | Time:00:00.49 | Mem:0.00M, Peak:0.00M | Scene, ViewLayer | Synchronizing object | Blended structural fairing
Fra:1 Mem:16.84M (Peak 16.84M) | Time:00:00.49 | Mem:0.00M, Peak:0.00M | Scene, ViewLayer | Synchronizing object | Nozzle petal seam.012
Fra:1 Mem:16.95M (Peak 16.95M) | Time:00:00.49 | Mem:0.00M, Peak:0.00M | Scene, ViewLayer | Synchronizing object | Integrated lifting hull.001
Fra:1 Mem:16.97M (Peak 16.97M) | Time:00:00.49 | Mem:0.00M, Peak:0.00M | Scene, ViewLayer | Synchronizing object | Contoured expansion nozzle.001
Fra:1 Mem:17.08M (Peak 17.08M) | Time:00:00.49 | Mem:0.00M, Peak:0.00M | Scene, ViewLayer | Synchronizing object | Nozzle petal seam.013
Fra:1 Mem:17.11M (Peak 17.11M) | Time:00:00.49 | Mem:0.00M, Peak:0.00M | Scene, ViewLayer | Synchronizing object | Nozzle petal seam.014
Fra:1 Mem:17.11M (Peak 17.11M) | Time:00:00.49 | Mem:0.00M, Peak:0.00M | Scene, ViewLayer | Synchronizing object | Nozzle petal seam.015
Fra:1 Mem:17.15M (Peak 17.15M) | Time:00:00.49 | Mem:0.00M, Peak:0.00M | Scene, ViewLayer | Synchronizing object | Nozzle petal seam.016
Fra:1 Mem:17.11M (Peak 17.15M) | Time:00:00.49 | Mem:0.00M, Peak:0.00M | Scene, ViewLayer | Synchronizing object | Nozzle petal seam.017
Fra:1 Mem:17.12M (Peak 17.15M) | Time:00:00.49 | Mem:0.00M, Peak:0.00M | Scene, ViewLayer | Synchronizing object | Nozzle petal seam.018
Fra:1 Mem:17.12M (Peak 17.15M) | Time:00:00.49 | Mem:0.00M, Peak:0.00M | Scene, ViewLayer | Synchronizing object | Nozzle petal seam.019
Fra:1 Mem:17.12M (Peak 17.15M) | Time:00:00.49 | Mem:0.00M, Peak:0.00M | Scene, ViewLayer | Synchronizing object | Nozzle petal seam.020
Fra:1 Mem:17.12M (Peak 17.15M) | Time:00:00.49 | Mem:0.00M, Peak:0.00M | Scene, ViewLayer | Synchronizing object | Nozzle petal seam.021
Fra:1 Mem:17.12M (Peak 17.15M) | Time:00:00.49 | Mem:0.00M, Peak:0.00M | Scene, ViewLayer | Synchronizing object | Nozzle petal seam.022
Fra:1 Mem:17.13M (Peak 17.15M) | Time:00:00.49 | Mem:0.00M, Peak:0.00M | Scene, ViewLayer | Synchronizing object | Nozzle petal seam.023
Fra:1 Mem:17.13M (Peak 17.15M) | Time:00:00.49 | Mem:0.00M, Peak:0.00M | Scene, ViewLayer | Synchronizing object | Deep ion throat.001
Fra:1 Mem:17.19M (Peak 17.19M) | Time:00:00.49 | Mem:0.00M, Peak:0.00M | Scene, ViewLayer | Synchronizing object | Deep intake duct.001
Fra:1 Mem:17.29M (Peak 17.29M) | Time:00:00.50 | Mem:0.00M, Peak:0.00M | Scene, ViewLayer | Synchronizing object | Blended structural fairing.001
Fra:1 Mem:17.46M (Peak 17.46M) | Time:00:00.50 | Mem:0.00M, Peak:0.00M | Scene, ViewLayer | Initializing
Fra:1 Mem:13.88M (Peak 17.46M) | Time:00:00.51 | Mem:0.00M, Peak:0.00M | Scene, ViewLayer | Waiting for render to start
Fra:1 Mem:13.88M (Peak 17.46M) | Time:00:00.51 | Mem:0.00M, Peak:0.00M | Scene, ViewLayer | Updating Scene
Fra:1 Mem:13.88M (Peak 17.46M) | Time:00:00.51 | Mem:0.00M, Peak:0.00M | Scene, ViewLayer | Updating Shaders
Fra:1 Mem:13.88M (Peak 17.46M) | Time:00:00.51 | Mem:0.00M, Peak:0.00M | Scene, ViewLayer | Loading render kernels (may take a few minutes the first time)
Fra:1 Mem:13.96M (Peak 41.25M) | Time:00:01.51 | Mem:0.01M, Peak:0.01M | Scene, ViewLayer | Updating Procedurals
Fra:1 Mem:13.96M (Peak 41.25M) | Time:00:01.51 | Mem:0.01M, Peak:0.01M | Scene, ViewLayer | Updating Background
Fra:1 Mem:13.96M (Peak 41.25M) | Time:00:01.51 | Mem:0.01M, Peak:0.01M | Scene, ViewLayer | Updating Camera
Fra:1 Mem:13.96M (Peak 41.25M) | Time:00:01.51 | Mem:0.01M, Peak:0.01M | Scene, ViewLayer | Updating Meshes Flags
Fra:1 Mem:13.96M (Peak 41.25M) | Time:00:01.51 | Mem:0.01M, Peak:0.01M | Scene, ViewLayer | Updating Objects
Fra:1 Mem:13.96M (Peak 41.25M) | Time:00:01.51 | Mem:0.01M, Peak:0.01M | Scene, ViewLayer | Updating Objects | Copying Transformations to device
Fra:1 Mem:13.97M (Peak 41.25M) | Time:00:01.51 | Mem:0.02M, Peak:0.02M | Scene, ViewLayer | Updating Particle Systems
Fra:1 Mem:13.97M (Peak 41.25M) | Time:00:01.51 | Mem:0.02M, Peak:0.02M | Scene, ViewLayer | Updating Particle Systems | Copying Particles to device
Fra:1 Mem:13.97M (Peak 41.25M) | Time:00:01.51 | Mem:0.02M, Peak:0.02M | Scene, ViewLayer | Updating Meshes
Fra:1 Mem:14.62M (Peak 41.25M) | Time:00:01.52 | Mem:0.02M, Peak:0.02M | Scene, ViewLayer | Updating Objects | Applying Static Transformations
Fra:1 Mem:14.62M (Peak 41.25M) | Time:00:01.52 | Mem:0.02M, Peak:0.02M | Scene, ViewLayer | Updating Mesh | Computing attributes
Fra:1 Mem:15.56M (Peak 41.25M) | Time:00:01.52 | Mem:0.02M, Peak:0.02M | Scene, ViewLayer | Updating Mesh | Copying Attributes to device
Fra:1 Mem:15.56M (Peak 41.25M) | Time:00:01.52 | Mem:0.96M, Peak:0.96M | Scene, ViewLayer | Updating Geometry BVH Broad neutral key 2/45 | Building BVH
Fra:1 Mem:15.56M (Peak 41.25M) | Time:00:01.52 | Mem:0.96M, Peak:0.96M | Scene, ViewLayer | Updating Geometry BVH Contoured expansion nozzle.026 12/45 | Building OptiX acceleration structure
Fra:1 Mem:15.56M (Peak 41.25M) | Time:00:01.52 | Mem:0.96M, Peak:0.96M | Scene, ViewLayer | Updating Geometry BVH Nozzle petal seam.312 13/45 | Building OptiX acceleration structure
Fra:1 Mem:15.72M (Peak 41.25M) | Time:00:01.52 | Mem:1.01M, Peak:1.01M | Scene, ViewLayer | Updating Geometry BVH Nozzle petal seam.313 14/45 | Building BVH
Fra:1 Mem:15.73M (Peak 41.25M) | Time:00:01.52 | Mem:1.01M, Peak:1.01M | Scene, ViewLayer | Updating Geometry BVH Nozzle petal seam.313 14/45 | Building OptiX acceleration structure
Fra:1 Mem:15.73M (Peak 41.25M) | Time:00:01.52 | Mem:1.01M, Peak:1.01M | Scene, ViewLayer | Updating Geometry BVH Mesh 45/45 | Building BVH
Fra:1 Mem:15.73M (Peak 41.25M) | Time:00:01.52 | Mem:1.01M, Peak:1.01M | Scene, ViewLayer | Updating Geometry BVH Mesh 45/45 | Building OptiX acceleration structure
Fra:1 Mem:15.83M (Peak 41.25M) | Time:00:01.53 | Mem:1.33M, Peak:1.72M | Scene, ViewLayer | Updating Geometry BVH Nozzle petal seam.314 15/45 | Building BVH
Fra:1 Mem:15.83M (Peak 41.25M) | Time:00:01.53 | Mem:1.74M, Peak:1.74M | Scene, ViewLayer | Updating Geometry BVH Nozzle petal seam.314 15/45 | Building OptiX acceleration structure
Fra:1 Mem:15.75M (Peak 41.25M) | Time:00:01.53 | Mem:1.35M, Peak:1.74M | Scene, ViewLayer | Updating Geometry BVH Nozzle petal seam.315 16/45 | Building BVH
Fra:1 Mem:15.75M (Peak 41.25M) | Time:00:01.53 | Mem:1.35M, Peak:1.74M | Scene, ViewLayer | Updating Geometry BVH Nozzle petal seam.315 16/45 | Building OptiX acceleration structure
Fra:1 Mem:15.74M (Peak 41.25M) | Time:00:01.53 | Mem:1.35M, Peak:1.74M | Scene, ViewLayer | Updating Geometry BVH Nozzle petal seam.316 17/45 | Building BVH
Fra:1 Mem:15.74M (Peak 41.25M) | Time:00:01.53 | Mem:1.35M, Peak:1.74M | Scene, ViewLayer | Updating Geometry BVH Nozzle petal seam.316 17/45 | Building OptiX acceleration structure
Fra:1 Mem:15.74M (Peak 41.25M) | Time:00:01.53 | Mem:1.35M, Peak:1.74M | Scene, ViewLayer | Updating Geometry BVH Nozzle petal seam.317 18/45 | Building BVH
Fra:1 Mem:15.74M (Peak 41.25M) | Time:00:01.53 | Mem:1.35M, Peak:1.74M | Scene, ViewLayer | Updating Geometry BVH Nozzle petal seam.317 18/45 | Building OptiX acceleration structure
Fra:1 Mem:15.74M (Peak 41.25M) | Time:00:01.53 | Mem:1.35M, Peak:1.74M | Scene, ViewLayer | Updating Geometry BVH Nozzle petal seam.318 19/45 | Building BVH
Fra:1 Mem:15.74M (Peak 41.25M) | Time:00:01.53 | Mem:1.35M, Peak:1.74M | Scene, ViewLayer | Updating Geometry BVH Nozzle petal seam.318 19/45 | Building OptiX acceleration structure
Fra:1 Mem:15.74M (Peak 41.25M) | Time:00:01.53 | Mem:1.35M, Peak:1.74M | Scene, ViewLayer | Updating Geometry BVH Nozzle petal seam.319 20/45 | Building BVH
Fra:1 Mem:15.74M (Peak 41.25M) | Time:00:01.53 | Mem:1.36M, Peak:1.74M | Scene, ViewLayer | Updating Geometry BVH Nozzle petal seam.319 20/45 | Building OptiX acceleration structure
Fra:1 Mem:15.74M (Peak 41.25M) | Time:00:01.53 | Mem:1.36M, Peak:1.74M | Scene, ViewLayer | Updating Geometry BVH Nozzle petal seam.320 21/45 | Building BVH
Fra:1 Mem:15.74M (Peak 41.25M) | Time:00:01.53 | Mem:1.40M, Peak:1.74M | Scene, ViewLayer | Updating Geometry BVH Nozzle petal seam.320 21/45 | Building OptiX acceleration structure
Fra:1 Mem:15.72M (Peak 41.25M) | Time:00:01.53 | Mem:1.35M, Peak:1.74M | Scene, ViewLayer | Updating Geometry BVH Nozzle petal seam.321 22/45 | Building BVH
Fra:1 Mem:15.72M (Peak 41.25M) | Time:00:01.53 | Mem:1.39M, Peak:1.74M | Scene, ViewLayer | Updating Geometry BVH Nozzle petal seam.321 22/45 | Building OptiX acceleration structure
Fra:1 Mem:15.72M (Peak 41.25M) | Time:00:01.53 | Mem:1.36M, Peak:1.74M | Scene, ViewLayer | Updating Geometry BVH Nozzle petal seam.322 23/45 | Building BVH
Fra:1 Mem:15.72M (Peak 41.25M) | Time:00:01.53 | Mem:1.77M, Peak:1.77M | Scene, ViewLayer | Updating Geometry BVH Nozzle petal seam.322 23/45 | Building OptiX acceleration structure
Fra:1 Mem:15.59M (Peak 41.25M) | Time:00:01.54 | Mem:1.39M, Peak:1.87M | Scene, ViewLayer | Updating Geometry BVH Nozzle petal seam.323 24/45 | Building BVH
Fra:1 Mem:15.59M (Peak 41.25M) | Time:00:01.54 | Mem:1.39M, Peak:1.87M | Scene, ViewLayer | Updating Geometry BVH Nozzle petal seam.323 24/45 | Building OptiX acceleration structure
Fra:1 Mem:15.59M (Peak 41.25M) | Time:00:01.54 | Mem:1.39M, Peak:1.87M | Scene, ViewLayer | Updating Geometry BVH Deep ion throat.026 25/45 | Building BVH
Fra:1 Mem:15.59M (Peak 41.25M) | Time:00:01.54 | Mem:1.57M, Peak:1.87M | Scene, ViewLayer | Updating Geometry BVH Deep ion throat.026 25/45 | Building OptiX acceleration structure
Fra:1 Mem:15.58M (Peak 41.25M) | Time:00:01.54 | Mem:1.42M, Peak:1.87M | Scene, ViewLayer | Updating Geometry BVH Deep intake duct.013 44/45 | Building BVH
Fra:1 Mem:15.58M (Peak 41.25M) | Time:00:01.54 | Mem:1.43M, Peak:1.87M | Scene, ViewLayer | Updating Geometry BVH Deep intake duct.013 44/45 | Building OptiX acceleration structure
Fra:1 Mem:15.58M (Peak 41.25M) | Time:00:01.54 | Mem:1.43M, Peak:1.87M | Scene, ViewLayer | Updating Geometry BVH Deep intake duct.012 26/45 | Building BVH
Fra:1 Mem:15.58M (Peak 41.25M) | Time:00:01.54 | Mem:1.43M, Peak:1.87M | Scene, ViewLayer | Updating Geometry BVH Deep intake duct.012 26/45 | Building OptiX acceleration structure
Fra:1 Mem:15.58M (Peak 41.25M) | Time:00:01.54 | Mem:1.43M, Peak:1.87M | Scene, ViewLayer | Updating Geometry BVH Mesh 27/45 | Building BVH
Fra:1 Mem:15.58M (Peak 41.25M) | Time:00:01.54 | Mem:1.43M, Peak:1.87M | Scene, ViewLayer | Updating Geometry BVH Mesh 27/45 | Building OptiX acceleration structure
Fra:1 Mem:15.62M (Peak 41.25M) | Time:00:01.54 | Mem:1.46M, Peak:1.87M | Scene, ViewLayer | Updating Geometry BVH Integrated lifting hull.013 28/45 | Building BVH
Fra:1 Mem:15.62M (Peak 41.25M) | Time:00:01.54 | Mem:1.47M, Peak:1.87M | Scene, ViewLayer | Updating Geometry BVH Integrated lifting hull.013 28/45 | Building OptiX acceleration structure
Fra:1 Mem:15.63M (Peak 41.25M) | Time:00:01.54 | Mem:1.48M, Peak:1.87M | Scene, ViewLayer | Updating Geometry BVH Integrated propulsion nacelle.013 29/45 | Building BVH
Fra:1 Mem:15.63M (Peak 41.25M) | Time:00:01.54 | Mem:1.48M, Peak:1.87M | Scene, ViewLayer | Updating Geometry BVH Integrated propulsion nacelle.013 29/45 | Building OptiX acceleration structure
Fra:1 Mem:15.64M (Peak 41.25M) | Time:00:01.54 | Mem:1.49M, Peak:1.87M | Scene, ViewLayer | Updating Geometry BVH Contoured expansion nozzle.027 30/45 | Building BVH
Fra:1 Mem:15.64M (Peak 41.25M) | Time:00:01.54 | Mem:1.49M, Peak:1.87M | Scene, ViewLayer | Updating Geometry BVH Contoured expansion nozzle.027 30/45 | Building OptiX acceleration structure
Fra:1 Mem:15.64M (Peak 41.25M) | Time:00:01.54 | Mem:1.49M, Peak:1.87M | Scene, ViewLayer | Updating Geometry BVH Nozzle petal seam.324 31/45 | Building BVH
Fra:1 Mem:15.64M (Peak 41.25M) | Time:00:01.54 | Mem:1.50M, Peak:1.87M | Scene, ViewLayer | Updating Geometry BVH Nozzle petal seam.324 31/45 | Building OptiX acceleration structure
Fra:1 Mem:15.64M (Peak 41.25M) | Time:00:01.54 | Mem:1.49M, Peak:1.87M | Scene, ViewLayer | Updating Geometry BVH Nozzle petal seam.325 32/45 | Building BVH
Fra:1 Mem:15.64M (Peak 41.25M) | Time:00:01.54 | Mem:1.50M, Peak:1.87M | Scene, ViewLayer | Updating Geometry BVH Nozzle petal seam.325 32/45 | Building OptiX acceleration structure
Fra:1 Mem:15.64M (Peak 41.25M) | Time:00:01.55 | Mem:1.50M, Peak:1.87M | Scene, ViewLayer | Updating Geometry BVH Nozzle petal seam.326 33/45 | Building BVH
Fra:1 Mem:15.64M (Peak 41.25M) | Time:00:01.55 | Mem:1.50M, Peak:1.87M | Scene, ViewLayer | Updating Geometry BVH Nozzle petal seam.326 33/45 | Building OptiX acceleration structure
Fra:1 Mem:15.64M (Peak 41.25M) | Time:00:01.55 | Mem:1.50M, Peak:1.87M | Scene, ViewLayer | Updating Geometry BVH Nozzle petal seam.327 34/45 | Building BVH
Fra:1 Mem:15.64M (Peak 41.25M) | Time:00:01.55 | Mem:1.50M, Peak:1.87M | Scene, ViewLayer | Updating Geometry BVH Nozzle petal seam.327 34/45 | Building OptiX acceleration structure
Fra:1 Mem:15.64M (Peak 41.25M) | Time:00:01.55 | Mem:1.50M, Peak:1.87M | Scene, ViewLayer | Updating Geometry BVH Nozzle petal seam.328 35/45 | Building BVH
Fra:1 Mem:15.64M (Peak 41.25M) | Time:00:01.55 | Mem:1.55M, Peak:1.87M | Scene, ViewLayer | Updating Geometry BVH Nozzle petal seam.328 35/45 | Building OptiX acceleration structure
Fra:1 Mem:15.62M (Peak 41.25M) | Time:00:01.55 | Mem:1.49M, Peak:1.87M | Scene, ViewLayer | Updating Geometry BVH Nozzle petal seam.329 36/45 | Building BVH
Fra:1 Mem:15.62M (Peak 41.25M) | Time:00:01.55 | Mem:1.51M, Peak:1.87M | Scene, ViewLayer | Updating Geometry BVH Nozzle petal seam.329 36/45 | Building OptiX acceleration structure
Fra:1 Mem:15.62M (Peak 41.25M) | Time:00:01.55 | Mem:1.49M, Peak:1.87M | Scene, ViewLayer | Updating Geometry BVH Deep ion throat.027 43/45 | Building BVH
Fra:1 Mem:15.62M (Peak 41.25M) | Time:00:01.55 | Mem:1.51M, Peak:1.87M | Scene, ViewLayer | Updating Geometry BVH Deep ion throat.027 43/45 | Building OptiX acceleration structure
Fra:1 Mem:15.64M (Peak 41.25M) | Time:00:01.55 | Mem:1.52M, Peak:1.87M | Scene, ViewLayer | Updating Geometry BVH Nozzle petal seam.330 37/45 | Building BVH
Fra:1 Mem:15.64M (Peak 41.25M) | Time:00:01.55 | Mem:1.69M, Peak:1.87M | Scene, ViewLayer | Updating Geometry BVH Nozzle petal seam.330 37/45 | Building OptiX acceleration structure
Fra:1 Mem:15.61M (Peak 41.25M) | Time:00:01.55 | Mem:1.53M, Peak:1.87M | Scene, ViewLayer | Updating Geometry BVH Nozzle petal seam.331 38/45 | Building BVH
Fra:1 Mem:15.61M (Peak 41.25M) | Time:00:01.55 | Mem:1.57M, Peak:1.87M | Scene, ViewLayer | Updating Geometry BVH Nozzle petal seam.331 38/45 | Building OptiX acceleration structure
Fra:1 Mem:15.59M (Peak 41.25M) | Time:00:01.55 | Mem:1.52M, Peak:1.87M | Scene, ViewLayer | Updating Geometry BVH Nozzle petal seam.332 39/45 | Building BVH
Fra:1 Mem:15.59M (Peak 41.25M) | Time:00:01.55 | Mem:1.52M, Peak:1.87M | Scene, ViewLayer | Updating Geometry BVH Nozzle petal seam.332 39/45 | Building OptiX acceleration structure
Fra:1 Mem:15.59M (Peak 41.25M) | Time:00:01.55 | Mem:1.53M, Peak:1.87M | Scene, ViewLayer | Updating Geometry BVH Nozzle petal seam.333 40/45 | Building BVH
Fra:1 Mem:15.59M (Peak 41.25M) | Time:00:01.55 | Mem:1.53M, Peak:1.87M | Scene, ViewLayer | Updating Geometry BVH Nozzle petal seam.333 40/45 | Building OptiX acceleration structure
Fra:1 Mem:15.58M (Peak 41.25M) | Time:00:01.55 | Mem:1.54M, Peak:1.87M | Scene, ViewLayer | Updating Geometry BVH Nozzle petal seam.334 41/45 | Building BVH
Fra:1 Mem:15.58M (Peak 41.25M) | Time:00:01.55 | Mem:1.54M, Peak:1.87M | Scene, ViewLayer | Updating Geometry BVH Nozzle petal seam.334 41/45 | Building OptiX acceleration structure
Fra:1 Mem:15.58M (Peak 41.25M) | Time:00:01.56 | Mem:1.53M, Peak:1.87M | Scene, ViewLayer | Updating Geometry BVH Nozzle petal seam.335 42/45 | Building BVH
Fra:1 Mem:15.58M (Peak 41.25M) | Time:00:01.56 | Mem:1.54M, Peak:1.87M | Scene, ViewLayer | Updating Geometry BVH Nozzle petal seam.335 42/45 | Building OptiX acceleration structure
Fra:1 Mem:15.56M (Peak 41.25M) | Time:00:01.56 | Mem:1.53M, Peak:1.87M | Scene, ViewLayer | Updating Scene BVH | Building
Fra:1 Mem:15.56M (Peak 41.25M) | Time:00:01.56 | Mem:1.53M, Peak:1.87M | Scene, ViewLayer | Updating Scene BVH | Building OptiX acceleration structure
Fra:1 Mem:15.56M (Peak 41.25M) | Time:00:01.56 | Mem:1.54M, Peak:1.87M | Scene, ViewLayer | Updating Scene BVH | Copying BVH to device
Fra:1 Mem:15.56M (Peak 41.25M) | Time:00:01.56 | Mem:1.54M, Peak:1.87M | Scene, ViewLayer | Updating Mesh | Computing normals
Fra:1 Mem:16.21M (Peak 41.25M) | Time:00:01.56 | Mem:1.54M, Peak:1.87M | Scene, ViewLayer | Updating Mesh | Copying Mesh to device
Fra:1 Mem:16.21M (Peak 41.25M) | Time:00:01.57 | Mem:2.20M, Peak:2.20M | Scene, ViewLayer | Updating Objects Flags
Fra:1 Mem:16.21M (Peak 41.25M) | Time:00:01.57 | Mem:2.20M, Peak:2.20M | Scene, ViewLayer | Updating Primitive Offsets
Fra:1 Mem:16.21M (Peak 41.25M) | Time:00:01.57 | Mem:2.20M, Peak:2.20M | Scene, ViewLayer | Updating Images
Fra:1 Mem:16.21M (Peak 41.25M) | Time:00:01.57 | Mem:2.20M, Peak:2.20M | Scene, ViewLayer | Updating Images | Loading cobalt-basecolor.png
Fra:1 Mem:16.21M (Peak 41.25M) | Time:00:01.57 | Mem:2.20M, Peak:2.20M | Scene, ViewLayer | Updating Images | Loading paint-orm.png
Fra:1 Mem:32.23M (Peak 41.25M) | Time:00:01.86 | Mem:18.20M, Peak:18.20M | Scene, ViewLayer | Updating Camera Volume
Fra:1 Mem:32.23M (Peak 41.25M) | Time:00:01.86 | Mem:18.20M, Peak:18.20M | Scene, ViewLayer | Updating Lookup Tables
Fra:1 Mem:32.23M (Peak 41.25M) | Time:00:01.86 | Mem:18.28M, Peak:18.28M | Scene, ViewLayer | Updating Lights
Fra:1 Mem:32.23M (Peak 41.25M) | Time:00:01.86 | Mem:18.28M, Peak:18.28M | Scene, ViewLayer | Updating Lights | Computing tree
Fra:1 Mem:32.42M (Peak 41.25M) | Time:00:01.87 | Mem:18.47M, Peak:18.47M | Scene, ViewLayer | Updating Integrator
Fra:1 Mem:32.42M (Peak 41.25M) | Time:00:01.87 | Mem:18.47M, Peak:18.47M | Scene, ViewLayer | Updating Film
Fra:1 Mem:32.42M (Peak 41.25M) | Time:00:01.87 | Mem:18.39M, Peak:18.47M | Scene, ViewLayer | Updating Lookup Tables
Fra:1 Mem:32.42M (Peak 41.25M) | Time:00:01.87 | Mem:18.47M, Peak:18.47M | Scene, ViewLayer | Updating Baking
Fra:1 Mem:32.42M (Peak 41.25M) | Time:00:01.87 | Mem:18.47M, Peak:18.47M | Scene, ViewLayer | Updating Device | Writing constant memory
Fra:1 Mem:32.42M (Peak 41.25M) | Time:00:01.87 | Mem:18.47M, Peak:18.47M | Scene, ViewLayer | Loading denoising kernels (may take a few minutes the first time)
Fra:1 Mem:36.43M (Peak 41.25M) | Time:00:01.91 | Mem:370.48M, Peak:370.48M | Scene, ViewLayer | Sample 0/24
Fra:1 Mem:83.40M (Peak 83.40M) | Time:00:01.98 | Remaining:00:01.50 | Mem:417.45M, Peak:417.45M | Scene, ViewLayer | Sample 1/24
Fra:1 Mem:103.18M (Peak 132.84M) | Time:00:08.89 | Mem:417.46M, Peak:417.46M | Scene, ViewLayer | Sample 24/24
Fra:1 Mem:103.18M (Peak 132.84M) | Time:00:08.89 | Mem:417.46M, Peak:417.46M | Scene, ViewLayer | Finished
Saved: 'D:\vibe-coding-e\nova-swarm-forum-129-improvements-20260822\docs\fleet-art-v2\ships\10\surfaced.png'
Time: 00:09.36 (Saving: 00:00.23)

Info: Saved as "source.blend"
17:13:02 | INFO: Starting glTF 2.0 export
17:13:02 | INFO: Extracting primitive: Continuous pressure fuselage.006
17:13:02 | WARNING: More than one shader node tex image used for a texture. The resulting glTF sampler will behave like the first shader node tex image.
17:13:02 | WARNING: More than one shader node tex image used for a texture. The resulting glTF sampler will behave like the first shader node tex image.
17:13:02 | INFO: Primitives created: 6
17:13:02 | INFO: Finished glTF 2.0 export in 0.36829662322998047 s
Fra:1 Mem:15.28M (Peak 30.78M) | Time:00:00.27 | Mem:0.00M, Peak:0.00M | Scene, ViewLayer | Synchronizing object | SolarHammerV2
Fra:1 Mem:16.64M (Peak 30.78M) | Time:00:00.28 | Mem:0.00M, Peak:0.00M | Scene, ViewLayer | Synchronizing object | Broad neutral key
Fra:1 Mem:16.68M (Peak 30.78M) | Time:00:00.28 | Mem:0.00M, Peak:0.00M | Scene, ViewLayer | Synchronizing object | Neutral fill
Fra:1 Mem:16.92M (Peak 30.78M) | Time:00:00.29 | Mem:0.00M, Peak:0.00M | Scene, ViewLayer | Initializing
Fra:1 Mem:16.45M (Peak 30.78M) | Time:00:00.29 | Mem:0.00M, Peak:0.00M | Scene, ViewLayer | Waiting for render to start
Fra:1 Mem:16.45M (Peak 30.78M) | Time:00:00.29 | Mem:0.00M, Peak:0.00M | Scene, ViewLayer | Updating Scene
Fra:1 Mem:16.45M (Peak 30.78M) | Time:00:00.29 | Mem:0.00M, Peak:0.00M | Scene, ViewLayer | Updating Shaders
Fra:1 Mem:16.45M (Peak 30.78M) | Time:00:00.29 | Mem:0.00M, Peak:0.00M | Scene, ViewLayer | Loading render kernels (may take a few minutes the first time)
Fra:1 Mem:16.54M (Peak 43.83M) | Time:00:00.48 | Mem:0.01M, Peak:0.01M | Scene, ViewLayer | Updating Procedurals
Fra:1 Mem:16.54M (Peak 43.83M) | Time:00:00.48 | Mem:0.01M, Peak:0.01M | Scene, ViewLayer | Updating Background
Fra:1 Mem:16.54M (Peak 43.83M) | Time:00:00.48 | Mem:0.01M, Peak:0.01M | Scene, ViewLayer | Updating Camera
Fra:1 Mem:16.54M (Peak 43.83M) | Time:00:00.48 | Mem:0.01M, Peak:0.01M | Scene, ViewLayer | Updating Meshes Flags
Fra:1 Mem:16.54M (Peak 43.83M) | Time:00:00.48 | Mem:0.01M, Peak:0.01M | Scene, ViewLayer | Updating Objects
Fra:1 Mem:16.54M (Peak 43.83M) | Time:00:00.48 | Mem:0.01M, Peak:0.01M | Scene, ViewLayer | Updating Objects | Copying Transformations to device
Fra:1 Mem:16.54M (Peak 43.83M) | Time:00:00.48 | Mem:0.01M, Peak:0.01M | Scene, ViewLayer | Updating Particle Systems
Fra:1 Mem:16.54M (Peak 43.83M) | Time:00:00.48 | Mem:0.01M, Peak:0.01M | Scene, ViewLayer | Updating Particle Systems | Copying Particles to device
Fra:1 Mem:16.54M (Peak 43.83M) | Time:00:00.48 | Mem:0.01M, Peak:0.01M | Scene, ViewLayer | Updating Meshes
Fra:1 Mem:17.66M (Peak 43.83M) | Time:00:00.52 | Mem:0.01M, Peak:0.01M | Scene, ViewLayer | Updating Objects | Applying Static Transformations
Fra:1 Mem:17.66M (Peak 43.83M) | Time:00:00.52 | Mem:0.01M, Peak:0.01M | Scene, ViewLayer | Updating Mesh | Computing attributes
Fra:1 Mem:19.14M (Peak 43.83M) | Time:00:00.53 | Mem:0.01M, Peak:0.01M | Scene, ViewLayer | Updating Mesh | Copying Attributes to device
Fra:1 Mem:19.14M (Peak 43.83M) | Time:00:00.53 | Mem:1.50M, Peak:1.50M | Scene, ViewLayer | Updating Geometry BVH Broad neutral key 2/4 | Building BVH
Fra:1 Mem:19.14M (Peak 43.83M) | Time:00:00.53 | Mem:1.50M, Peak:1.50M | Scene, ViewLayer | Updating Geometry BVH Continuous pressure fuselage.006 4/4 | Building BVH
Fra:1 Mem:19.14M (Peak 43.83M) | Time:00:00.53 | Mem:1.50M, Peak:1.50M | Scene, ViewLayer | Updating Geometry BVH Continuous pressure fuselage.006 4/4 | Building OptiX acceleration structure
Fra:1 Mem:19.14M (Peak 43.83M) | Time:00:00.53 | Mem:1.98M, Peak:3.45M | Scene, ViewLayer | Updating Scene BVH | Building
Fra:1 Mem:19.14M (Peak 43.83M) | Time:00:00.53 | Mem:1.98M, Peak:3.45M | Scene, ViewLayer | Updating Scene BVH | Building OptiX acceleration structure
Fra:1 Mem:19.14M (Peak 43.83M) | Time:00:00.53 | Mem:1.98M, Peak:3.45M | Scene, ViewLayer | Updating Scene BVH | Copying BVH to device
Fra:1 Mem:19.14M (Peak 43.83M) | Time:00:00.53 | Mem:1.98M, Peak:3.45M | Scene, ViewLayer | Updating Mesh | Computing normals
Fra:1 Mem:19.73M (Peak 43.83M) | Time:00:00.53 | Mem:1.98M, Peak:3.45M | Scene, ViewLayer | Updating Mesh | Copying Mesh to device
Fra:1 Mem:19.73M (Peak 43.83M) | Time:00:00.54 | Mem:2.57M, Peak:3.45M | Scene, ViewLayer | Updating Objects Flags
Fra:1 Mem:19.73M (Peak 43.83M) | Time:00:00.54 | Mem:2.57M, Peak:3.45M | Scene, ViewLayer | Updating Primitive Offsets
Fra:1 Mem:19.73M (Peak 43.83M) | Time:00:00.54 | Mem:2.57M, Peak:3.45M | Scene, ViewLayer | Updating Images
Fra:1 Mem:19.73M (Peak 43.83M) | Time:00:00.54 | Mem:2.57M, Peak:3.45M | Scene, ViewLayer | Updating Images | Loading panel-normal.png
Fra:1 Mem:23.73M (Peak 43.83M) | Time:00:00.54 | Mem:2.57M, Peak:3.45M | Scene, ViewLayer | Updating Images | Loading cobalt-basecolor.png
Fra:1 Mem:27.73M (Peak 43.83M) | Time:00:00.54 | Mem:2.57M, Peak:3.45M | Scene, ViewLayer | Updating Images | Loading paint-orm.png
Fra:1 Mem:35.74M (Peak 43.83M) | Time:00:00.56 | Mem:18.57M, Peak:18.57M | Scene, ViewLayer | Updating Camera Volume
Fra:1 Mem:35.74M (Peak 43.83M) | Time:00:00.56 | Mem:18.57M, Peak:18.57M | Scene, ViewLayer | Updating Lookup Tables
Fra:1 Mem:35.74M (Peak 43.83M) | Time:00:00.56 | Mem:18.65M, Peak:18.65M | Scene, ViewLayer | Updating Lights
Fra:1 Mem:35.74M (Peak 43.83M) | Time:00:00.56 | Mem:18.65M, Peak:18.65M | Scene, ViewLayer | Updating Lights | Computing tree
Fra:1 Mem:36.00M (Peak 43.83M) | Time:00:00.57 | Mem:18.91M, Peak:18.91M | Scene, ViewLayer | Updating Integrator
Fra:1 Mem:36.00M (Peak 43.83M) | Time:00:00.57 | Mem:18.91M, Peak:18.91M | Scene, ViewLayer | Updating Film
Fra:1 Mem:36.01M (Peak 43.83M) | Time:00:00.57 | Mem:18.83M, Peak:18.91M | Scene, ViewLayer | Updating Lookup Tables
Fra:1 Mem:36.01M (Peak 43.83M) | Time:00:00.57 | Mem:18.92M, Peak:18.92M | Scene, ViewLayer | Updating Baking
Fra:1 Mem:36.01M (Peak 43.83M) | Time:00:00.57 | Mem:18.92M, Peak:18.92M | Scene, ViewLayer | Updating Device | Writing constant memory
Fra:1 Mem:36.01M (Peak 43.83M) | Time:00:00.57 | Mem:18.92M, Peak:18.92M | Scene, ViewLayer | Loading denoising kernels (may take a few minutes the first time)
Fra:1 Mem:40.01M (Peak 43.83M) | Time:00:00.60 | Mem:370.92M, Peak:370.92M | Scene, ViewLayer | Sample 0/24
Fra:1 Mem:116.02M (Peak 116.02M) | Time:00:00.64 | Remaining:00:00.96 | Mem:446.93M, Peak:446.93M | Scene, ViewLayer | Sample 1/24
Fra:1 Mem:148.02M (Peak 196.02M) | Time:00:08.67 | Mem:446.93M, Peak:446.93M | Scene, ViewLayer | Sample 24/24
Fra:1 Mem:148.02M (Peak 196.02M) | Time:00:08.67 | Mem:446.93M, Peak:446.93M | Scene, ViewLayer | Finished
Saved: 'D:\vibe-coding-e\nova-swarm-forum-129-improvements-20260822\docs\fleet-art-v2\ships\10\export\showroom.png'
Time: 00:09.65 (Saving: 00:00.32)

Fra:1 Mem:15.58M (Peak 15.58M) | Time:00:00.20 | Mem:0.00M, Peak:0.00M | Scene, ViewLayer | Synchronizing object | Broad neutral key
Fra:1 Mem:15.58M (Peak 15.58M) | Time:00:00.20 | Mem:0.00M, Peak:0.00M | Scene, ViewLayer | Synchronizing object | SolarHammerV2
Fra:1 Mem:16.92M (Peak 17.71M) | Time:00:00.21 | Mem:0.00M, Peak:0.00M | Scene, ViewLayer | Initializing
Fra:1 Mem:16.45M (Peak 17.71M) | Time:00:00.21 | Mem:0.00M, Peak:0.00M | Scene, ViewLayer | Waiting for render to start
Fra:1 Mem:16.45M (Peak 17.71M) | Time:00:00.21 | Mem:0.00M, Peak:0.00M | Scene, ViewLayer | Updating Scene
Fra:1 Mem:16.45M (Peak 17.71M) | Time:00:00.21 | Mem:0.00M, Peak:0.00M | Scene, ViewLayer | Updating Shaders
Fra:1 Mem:16.45M (Peak 17.71M) | Time:00:00.21 | Mem:0.00M, Peak:0.00M | Scene, ViewLayer | Loading render kernels (may take a few minutes the first time)
Fra:1 Mem:16.54M (Peak 43.83M) | Time:00:00.40 | Mem:0.01M, Peak:0.01M | Scene, ViewLayer | Updating Procedurals
Fra:1 Mem:16.54M (Peak 43.83M) | Time:00:00.40 | Mem:0.01M, Peak:0.01M | Scene, ViewLayer | Updating Background
Fra:1 Mem:16.54M (Peak 43.83M) | Time:00:00.40 | Mem:0.01M, Peak:0.01M | Scene, ViewLayer | Updating Camera
Fra:1 Mem:16.54M (Peak 43.83M) | Time:00:00.40 | Mem:0.01M, Peak:0.01M | Scene, ViewLayer | Updating Meshes Flags
Fra:1 Mem:16.54M (Peak 43.83M) | Time:00:00.40 | Mem:0.01M, Peak:0.01M | Scene, ViewLayer | Updating Objects
Fra:1 Mem:16.54M (Peak 43.83M) | Time:00:00.40 | Mem:0.01M, Peak:0.01M | Scene, ViewLayer | Updating Objects | Copying Transformations to device
Fra:1 Mem:16.54M (Peak 43.83M) | Time:00:00.40 | Mem:0.01M, Peak:0.01M | Scene, ViewLayer | Updating Particle Systems
Fra:1 Mem:16.54M (Peak 43.83M) | Time:00:00.40 | Mem:0.01M, Peak:0.01M | Scene, ViewLayer | Updating Particle Systems | Copying Particles to device
Fra:1 Mem:16.54M (Peak 43.83M) | Time:00:00.40 | Mem:0.01M, Peak:0.01M | Scene, ViewLayer | Updating Meshes
Fra:1 Mem:17.66M (Peak 43.83M) | Time:00:00.42 | Mem:0.01M, Peak:0.01M | Scene, ViewLayer | Updating Objects | Applying Static Transformations
Fra:1 Mem:17.66M (Peak 43.83M) | Time:00:00.42 | Mem:0.01M, Peak:0.01M | Scene, ViewLayer | Updating Mesh | Computing attributes
Fra:1 Mem:19.14M (Peak 43.83M) | Time:00:00.42 | Mem:0.01M, Peak:0.01M | Scene, ViewLayer | Updating Mesh | Copying Attributes to device
Fra:1 Mem:19.14M (Peak 43.83M) | Time:00:00.42 | Mem:1.50M, Peak:1.50M | Scene, ViewLayer | Updating Geometry BVH light 5/4 | Building BVH
Fra:1 Mem:19.14M (Peak 43.83M) | Time:00:00.42 | Mem:1.50M, Peak:1.50M | Scene, ViewLayer | Updating Geometry BVH Neutral fill 3/4 | Building OptiX acceleration structure
Fra:1 Mem:19.14M (Peak 43.83M) | Time:00:00.42 | Mem:1.50M, Peak:1.50M | Scene, ViewLayer | Updating Geometry BVH Continuous pressure fuselage.006 4/4 | Building BVH
Fra:1 Mem:19.14M (Peak 43.83M) | Time:00:00.42 | Mem:1.50M, Peak:1.50M | Scene, ViewLayer | Updating Geometry BVH Continuous pressure fuselage.006 4/4 | Building OptiX acceleration structure
Fra:1 Mem:19.14M (Peak 43.83M) | Time:00:00.42 | Mem:1.98M, Peak:3.45M | Scene, ViewLayer | Updating Scene BVH | Building
Fra:1 Mem:19.14M (Peak 43.83M) | Time:00:00.42 | Mem:1.98M, Peak:3.45M | Scene, ViewLayer | Updating Scene BVH | Building OptiX acceleration structure
Fra:1 Mem:19.14M (Peak 43.83M) | Time:00:00.43 | Mem:1.98M, Peak:3.45M | Scene, ViewLayer | Updating Scene BVH | Copying BVH to device
Fra:1 Mem:19.14M (Peak 43.83M) | Time:00:00.43 | Mem:1.98M, Peak:3.45M | Scene, ViewLayer | Updating Mesh | Computing normals
Fra:1 Mem:19.73M (Peak 43.83M) | Time:00:00.43 | Mem:1.98M, Peak:3.45M | Scene, ViewLayer | Updating Mesh | Copying Mesh to device
Fra:1 Mem:19.73M (Peak 43.83M) | Time:00:00.43 | Mem:2.57M, Peak:3.45M | Scene, ViewLayer | Updating Objects Flags
Fra:1 Mem:19.73M (Peak 43.83M) | Time:00:00.43 | Mem:2.57M, Peak:3.45M | Scene, ViewLayer | Updating Primitive Offsets
Fra:1 Mem:19.73M (Peak 43.83M) | Time:00:00.43 | Mem:2.57M, Peak:3.45M | Scene, ViewLayer | Updating Images
Fra:1 Mem:19.73M (Peak 43.83M) | Time:00:00.43 | Mem:2.57M, Peak:3.45M | Scene, ViewLayer | Updating Images | Loading panel-normal.png
Fra:1 Mem:23.73M (Peak 43.83M) | Time:00:00.43 | Mem:2.57M, Peak:3.45M | Scene, ViewLayer | Updating Images | Loading cobalt-basecolor.png
Fra:1 Mem:27.73M (Peak 43.83M) | Time:00:00.43 | Mem:2.57M, Peak:3.45M | Scene, ViewLayer | Updating Images | Loading paint-orm.png
Fra:1 Mem:35.74M (Peak 43.83M) | Time:00:00.45 | Mem:18.57M, Peak:18.57M | Scene, ViewLayer | Updating Camera Volume
Fra:1 Mem:35.74M (Peak 43.83M) | Time:00:00.45 | Mem:18.57M, Peak:18.57M | Scene, ViewLayer | Updating Lookup Tables
Fra:1 Mem:35.74M (Peak 43.83M) | Time:00:00.45 | Mem:18.65M, Peak:18.65M | Scene, ViewLayer | Updating Lights
Fra:1 Mem:35.74M (Peak 43.83M) | Time:00:00.45 | Mem:18.65M, Peak:18.65M | Scene, ViewLayer | Updating Lights | Computing tree
Fra:1 Mem:36.00M (Peak 43.83M) | Time:00:00.46 | Mem:18.91M, Peak:18.91M | Scene, ViewLayer | Updating Integrator
Fra:1 Mem:36.00M (Peak 43.83M) | Time:00:00.46 | Mem:18.91M, Peak:18.91M | Scene, ViewLayer | Updating Film
Fra:1 Mem:36.01M (Peak 43.83M) | Time:00:00.46 | Mem:18.83M, Peak:18.91M | Scene, ViewLayer | Updating Lookup Tables
Fra:1 Mem:36.01M (Peak 43.83M) | Time:00:00.46 | Mem:18.92M, Peak:18.92M | Scene, ViewLayer | Updating Baking
Fra:1 Mem:36.01M (Peak 43.83M) | Time:00:00.46 | Mem:18.92M, Peak:18.92M | Scene, ViewLayer | Updating Device | Writing constant memory
Fra:1 Mem:36.01M (Peak 43.83M) | Time:00:00.46 | Mem:18.92M, Peak:18.92M | Scene, ViewLayer | Loading denoising kernels (may take a few minutes the first time)
Fra:1 Mem:40.01M (Peak 43.83M) | Time:00:00.49 | Mem:370.92M, Peak:370.92M | Scene, ViewLayer | Sample 0/24
Fra:1 Mem:59.01M (Peak 59.01M) | Time:00:00.51 | Remaining:00:00.37 | Mem:389.93M, Peak:389.93M | Scene, ViewLayer | Sample 1/24
Fra:1 Mem:67.02M (Peak 79.02M) | Time:00:02.75 | Mem:389.93M, Peak:389.93M | Scene, ViewLayer | Sample 24/24
Fra:1 Mem:67.02M (Peak 79.02M) | Time:00:02.75 | Mem:389.93M, Peak:389.93M | Scene, ViewLayer | Finished
Saved: 'D:\vibe-coding-e\nova-swarm-forum-129-improvements-20260822\docs\fleet-art-v2\ships\10\export\player.png'
Time: 00:02.94 (Saving: 00:00.07)


FLEET_V2_COMPLETE 10 Solar Hammer
Read blend: "D:\vibe-coding-e\nova-swarm-forum-129-improvements-20260822\docs\fleet-art-v2\ships\11\source.blend"
Fra:1 Mem:14.62M (Peak 14.62M) | Time:00:00.23 | Mem:0.00M, Peak:0.00M | Scene, ViewLayer | Synchronizing object | Broad neutral key
Fra:1 Mem:14.62M (Peak 14.62M) | Time:00:00.23 | Mem:0.00M, Peak:0.00M | Scene, ViewLayer | Synchronizing object | Neutral fill
Fra:1 Mem:14.94M (Peak 14.94M) | Time:00:00.29 | Mem:0.00M, Peak:0.00M | Scene, ViewLayer | Synchronizing object | Continuous pressure fuselage
Fra:1 Mem:15.79M (Peak 15.79M) | Time:00:00.35 | Mem:0.00M, Peak:0.00M | Scene, ViewLayer | Synchronizing object | Cockpit integrated coaming
Fra:1 Mem:16.32M (Peak 16.32M) | Time:00:00.40 | Mem:0.00M, Peak:0.00M | Scene, ViewLayer | Synchronizing object | Pressure canopy glazing
Fra:1 Mem:16.37M (Peak 16.37M) | Time:00:00.40 | Mem:0.00M, Peak:0.00M | Scene, ViewLayer | Synchronizing object | Canopy lower frame
Fra:1 Mem:16.57M (Peak 16.57M) | Time:00:00.40 | Mem:0.00M, Peak:0.00M | Scene, ViewLayer | Synchronizing object | Canopy lower frame.001
Fra:1 Mem:16.60M (Peak 16.60M) | Time:00:00.40 | Mem:0.00M, Peak:0.00M | Scene, ViewLayer | Synchronizing object | Canopy pressure bow
Fra:1 Mem:16.64M (Peak 16.64M) | Time:00:00.40 | Mem:0.00M, Peak:0.00M | Scene, ViewLayer | Synchronizing object | Integrated lifting hull
Fra:1 Mem:16.66M (Peak 16.66M) | Time:00:00.40 | Mem:0.00M, Peak:0.00M | Scene, ViewLayer | Synchronizing object | Integrated propulsion nacelle
Fra:1 Mem:16.69M (Peak 16.69M) | Time:00:00.40 | Mem:0.00M, Peak:0.00M | Scene, ViewLayer | Synchronizing object | Contoured expansion nozzle
Fra:1 Mem:16.71M (Peak 16.72M) | Time:00:00.40 | Mem:0.00M, Peak:0.00M | Scene, ViewLayer | Synchronizing object | Nozzle petal seam
Fra:1 Mem:16.75M (Peak 16.75M) | Time:00:00.40 | Mem:0.00M, Peak:0.00M | Scene, ViewLayer | Synchronizing object | Nozzle petal seam.001
Fra:1 Mem:16.79M (Peak 16.79M) | Time:00:00.40 | Mem:0.00M, Peak:0.00M | Scene, ViewLayer | Synchronizing object | Nozzle petal seam.002
Fra:1 Mem:16.76M (Peak 16.79M) | Time:00:00.40 | Mem:0.00M, Peak:0.00M | Scene, ViewLayer | Synchronizing object | Nozzle petal seam.003
Fra:1 Mem:16.76M (Peak 16.79M) | Time:00:00.40 | Mem:0.00M, Peak:0.00M | Scene, ViewLayer | Synchronizing object | Nozzle petal seam.004
Fra:1 Mem:16.76M (Peak 16.79M) | Time:00:00.40 | Mem:0.00M, Peak:0.00M | Scene, ViewLayer | Synchronizing object | Nozzle petal seam.005
Fra:1 Mem:16.77M (Peak 16.79M) | Time:00:00.40 | Mem:0.00M, Peak:0.00M | Scene, ViewLayer | Synchronizing object | Nozzle petal seam.006
Fra:1 Mem:16.77M (Peak 16.79M) | Time:00:00.40 | Mem:0.00M, Peak:0.00M | Scene, ViewLayer | Synchronizing object | Nozzle petal seam.007
Fra:1 Mem:16.77M (Peak 16.79M) | Time:00:00.40 | Mem:0.00M, Peak:0.00M | Scene, ViewLayer | Synchronizing object | Nozzle petal seam.008
Fra:1 Mem:16.77M (Peak 16.79M) | Time:00:00.40 | Mem:0.00M, Peak:0.00M | Scene, ViewLayer | Synchronizing object | Nozzle petal seam.009
Fra:1 Mem:16.77M (Peak 16.79M) | Time:00:00.40 | Mem:0.00M, Peak:0.00M | Scene, ViewLayer | Synchronizing object | Nozzle petal seam.010
Fra:1 Mem:16.77M (Peak 16.79M) | Time:00:00.40 | Mem:0.00M, Peak:0.00M | Scene, ViewLayer | Synchronizing object | Nozzle petal seam.011
Fra:1 Mem:16.78M (Peak 16.79M) | Time:00:00.40 | Mem:0.00M, Peak:0.00M | Scene, ViewLayer | Synchronizing object | Deep ion throat
Fra:1 Mem:16.78M (Peak 16.79M) | Time:00:00.40 | Mem:0.00M, Peak:0.00M | Scene, ViewLayer | Synchronizing object | Deep intake duct
Fra:1 Mem:16.93M (Peak 16.93M) | Time:00:00.41 | Mem:0.00M, Peak:0.00M | Scene, ViewLayer | Synchronizing object | Blended structural fairing
Fra:1 Mem:16.93M (Peak 16.93M) | Time:00:00.41 | Mem:0.00M, Peak:0.00M | Scene, ViewLayer | Synchronizing object | Recessed induction aperture
Fra:1 Mem:17.05M (Peak 17.05M) | Time:00:00.41 | Mem:0.00M, Peak:0.00M | Scene, ViewLayer | Synchronizing object | Integrated lifting hull.001
Fra:1 Mem:17.12M (Peak 17.12M) | Time:00:00.41 | Mem:0.00M, Peak:0.00M | Scene, ViewLayer | Synchronizing object | Integrated propulsion nacelle.001
Fra:1 Mem:17.15M (Peak 17.15M) | Time:00:00.41 | Mem:0.00M, Peak:0.00M | Scene, ViewLayer | Synchronizing object | Nozzle petal seam.012
Fra:1 Mem:17.18M (Peak 17.18M) | Time:00:00.41 | Mem:0.00M, Peak:0.00M | Scene, ViewLayer | Synchronizing object | Contoured expansion nozzle.001
Fra:1 Mem:17.24M (Peak 17.24M) | Time:00:00.41 | Mem:0.00M, Peak:0.00M | Scene, ViewLayer | Synchronizing object | Nozzle petal seam.013
Fra:1 Mem:17.21M (Peak 17.24M) | Time:00:00.41 | Mem:0.00M, Peak:0.00M | Scene, ViewLayer | Synchronizing object | Nozzle petal seam.014
Fra:1 Mem:17.20M (Peak 17.24M) | Time:00:00.41 | Mem:0.00M, Peak:0.00M | Scene, ViewLayer | Synchronizing object | Nozzle petal seam.015
Fra:1 Mem:17.21M (Peak 17.24M) | Time:00:00.41 | Mem:0.00M, Peak:0.00M | Scene, ViewLayer | Synchronizing object | Nozzle petal seam.016
Fra:1 Mem:17.21M (Peak 17.24M) | Time:00:00.41 | Mem:0.00M, Peak:0.00M | Scene, ViewLayer | Synchronizing object | Nozzle petal seam.017
Fra:1 Mem:17.21M (Peak 17.24M) | Time:00:00.41 | Mem:0.00M, Peak:0.00M | Scene, ViewLayer | Synchronizing object | Nozzle petal seam.018
Fra:1 Mem:17.21M (Peak 17.24M) | Time:00:00.41 | Mem:0.00M, Peak:0.00M | Scene, ViewLayer | Synchronizing object | Nozzle petal seam.019
Fra:1 Mem:17.22M (Peak 17.24M) | Time:00:00.41 | Mem:0.00M, Peak:0.00M | Scene, ViewLayer | Synchronizing object | Nozzle petal seam.020
Fra:1 Mem:17.22M (Peak 17.24M) | Time:00:00.41 | Mem:0.00M, Peak:0.00M | Scene, ViewLayer | Synchronizing object | Nozzle petal seam.021
Fra:1 Mem:17.22M (Peak 17.24M) | Time:00:00.41 | Mem:0.00M, Peak:0.00M | Scene, ViewLayer | Synchronizing object | Nozzle petal seam.022
Fra:1 Mem:17.22M (Peak 17.24M) | Time:00:00.41 | Mem:0.00M, Peak:0.00M | Scene, ViewLayer | Synchronizing object | Nozzle petal seam.023
Fra:1 Mem:17.22M (Peak 17.24M) | Time:00:00.41 | Mem:0.00M, Peak:0.00M | Scene, ViewLayer | Synchronizing object | Deep ion throat.001
Fra:1 Mem:17.23M (Peak 17.24M) | Time:00:00.41 | Mem:0.00M, Peak:0.00M | Scene, ViewLayer | Synchronizing object | Deep intake duct.001
Fra:1 Mem:17.38M (Peak 17.38M) | Time:00:00.42 | Mem:0.00M, Peak:0.00M | Scene, ViewLayer | Synchronizing object | Blended structural fairing.001
Fra:1 Mem:17.50M (Peak 17.51M) | Time:00:00.43 | Mem:0.00M, Peak:0.00M | Scene, ViewLayer | Synchronizing object | Recessed induction aperture.001
Fra:1 Mem:17.55M (Peak 17.55M) | Time:00:00.43 | Mem:0.00M, Peak:0.00M | Scene, ViewLayer | Initializing
Fra:1 Mem:13.92M (Peak 17.55M) | Time:00:00.43 | Mem:0.00M, Peak:0.00M | Scene, ViewLayer | Waiting for render to start
Fra:1 Mem:13.92M (Peak 17.55M) | Time:00:00.43 | Mem:0.00M, Peak:0.00M | Scene, ViewLayer | Updating Scene
Fra:1 Mem:13.92M (Peak 17.55M) | Time:00:00.43 | Mem:0.00M, Peak:0.00M | Scene, ViewLayer | Updating Shaders
Fra:1 Mem:13.92M (Peak 17.55M) | Time:00:00.43 | Mem:0.00M, Peak:0.00M | Scene, ViewLayer | Loading render kernels (may take a few minutes the first time)
Fra:1 Mem:14.01M (Peak 41.30M) | Time:00:01.13 | Mem:0.01M, Peak:0.01M | Scene, ViewLayer | Updating Procedurals
Fra:1 Mem:14.01M (Peak 41.30M) | Time:00:01.13 | Mem:0.01M, Peak:0.01M | Scene, ViewLayer | Updating Background
Fra:1 Mem:14.01M (Peak 41.30M) | Time:00:01.13 | Mem:0.01M, Peak:0.01M | Scene, ViewLayer | Updating Camera
Fra:1 Mem:14.01M (Peak 41.30M) | Time:00:01.13 | Mem:0.01M, Peak:0.01M | Scene, ViewLayer | Updating Meshes Flags
Fra:1 Mem:14.01M (Peak 41.30M) | Time:00:01.13 | Mem:0.01M, Peak:0.01M | Scene, ViewLayer | Updating Objects
Fra:1 Mem:14.01M (Peak 41.30M) | Time:00:01.13 | Mem:0.01M, Peak:0.01M | Scene, ViewLayer | Updating Objects | Copying Transformations to device
Fra:1 Mem:14.02M (Peak 41.30M) | Time:00:01.13 | Mem:0.02M, Peak:0.02M | Scene, ViewLayer | Updating Particle Systems
Fra:1 Mem:14.02M (Peak 41.30M) | Time:00:01.13 | Mem:0.02M, Peak:0.02M | Scene, ViewLayer | Updating Particle Systems | Copying Particles to device
Fra:1 Mem:14.02M (Peak 41.30M) | Time:00:01.13 | Mem:0.02M, Peak:0.02M | Scene, ViewLayer | Updating Meshes
Fra:1 Mem:14.66M (Peak 41.30M) | Time:00:01.13 | Mem:0.02M, Peak:0.02M | Scene, ViewLayer | Updating Objects | Applying Static Transformations
Fra:1 Mem:14.66M (Peak 41.30M) | Time:00:01.14 | Mem:0.02M, Peak:0.02M | Scene, ViewLayer | Updating Mesh | Computing attributes
Fra:1 Mem:15.60M (Peak 41.30M) | Time:00:01.14 | Mem:0.03M, Peak:0.03M | Scene, ViewLayer | Updating Mesh | Copying Attributes to device
Fra:1 Mem:15.60M (Peak 41.30M) | Time:00:01.14 | Mem:0.95M, Peak:0.95M | Scene, ViewLayer | Updating Geometry BVH light 48/47 | Building BVH
Fra:1 Mem:15.60M (Peak 41.30M) | Time:00:01.14 | Mem:0.95M, Peak:0.95M | Scene, ViewLayer | Updating Geometry BVH Mesh 6/47 | Building BVH
Fra:1 Mem:15.60M (Peak 41.30M) | Time:00:01.14 | Mem:0.95M, Peak:0.95M | Scene, ViewLayer | Updating Geometry BVH Integrated propulsion nacelle.014 11/47 | Building BVH
Fra:1 Mem:15.60M (Peak 41.30M) | Time:00:01.14 | Mem:0.95M, Peak:0.95M | Scene, ViewLayer | Updating Geometry BVH Contoured expansion nozzle.030 12/47 | Building OptiX acceleration structure
Fra:1 Mem:15.87M (Peak 41.30M) | Time:00:01.14 | Mem:1.03M, Peak:1.03M | Scene, ViewLayer | Updating Geometry BVH Nozzle petal seam.360 13/47 | Building OptiX acceleration structure
Fra:1 Mem:15.91M (Peak 41.30M) | Time:00:01.14 | Mem:1.03M, Peak:1.03M | Scene, ViewLayer | Updating Geometry BVH Recessed induction aperture.001 47/47 | Building BVH
Fra:1 Mem:15.91M (Peak 41.30M) | Time:00:01.14 | Mem:1.03M, Peak:1.03M | Scene, ViewLayer | Updating Geometry BVH Recessed induction aperture.001 47/47 | Building OptiX acceleration structure
Fra:1 Mem:15.91M (Peak 41.30M) | Time:00:01.14 | Mem:1.27M, Peak:1.28M | Scene, ViewLayer | Updating Geometry BVH Nozzle petal seam.362 15/47 | Building BVH
Fra:1 Mem:15.91M (Peak 41.30M) | Time:00:01.14 | Mem:1.33M, Peak:1.33M | Scene, ViewLayer | Updating Geometry BVH Nozzle petal seam.362 15/47 | Building OptiX acceleration structure
Fra:1 Mem:15.79M (Peak 41.30M) | Time:00:01.14 | Mem:1.31M, Peak:1.79M | Scene, ViewLayer | Updating Geometry BVH Nozzle petal seam.363 16/47 | Building BVH
Fra:1 Mem:15.79M (Peak 41.30M) | Time:00:01.14 | Mem:1.31M, Peak:1.79M | Scene, ViewLayer | Updating Geometry BVH Nozzle petal seam.363 16/47 | Building OptiX acceleration structure
Fra:1 Mem:15.71M (Peak 41.30M) | Time:00:01.14 | Mem:1.33M, Peak:1.79M | Scene, ViewLayer | Updating Geometry BVH Nozzle petal seam.364 17/47 | Building BVH
Fra:1 Mem:15.71M (Peak 41.30M) | Time:00:01.14 | Mem:1.34M, Peak:1.79M | Scene, ViewLayer | Updating Geometry BVH Nozzle petal seam.364 17/47 | Building OptiX acceleration structure
Fra:1 Mem:15.71M (Peak 41.30M) | Time:00:01.14 | Mem:1.33M, Peak:1.79M | Scene, ViewLayer | Updating Geometry BVH Nozzle petal seam.365 18/47 | Building BVH
Fra:1 Mem:15.71M (Peak 41.30M) | Time:00:01.14 | Mem:1.33M, Peak:1.79M | Scene, ViewLayer | Updating Geometry BVH Nozzle petal seam.365 18/47 | Building OptiX acceleration structure
Fra:1 Mem:15.70M (Peak 41.30M) | Time:00:01.15 | Mem:1.33M, Peak:1.79M | Scene, ViewLayer | Updating Geometry BVH Nozzle petal seam.366 19/47 | Building BVH
Fra:1 Mem:15.70M (Peak 41.30M) | Time:00:01.15 | Mem:1.34M, Peak:1.79M | Scene, ViewLayer | Updating Geometry BVH Nozzle petal seam.366 19/47 | Building OptiX acceleration structure
Fra:1 Mem:15.69M (Peak 41.30M) | Time:00:01.15 | Mem:1.33M, Peak:1.79M | Scene, ViewLayer | Updating Geometry BVH Nozzle petal seam.367 20/47 | Building BVH
Fra:1 Mem:15.69M (Peak 41.30M) | Time:00:01.15 | Mem:1.36M, Peak:1.79M | Scene, ViewLayer | Updating Geometry BVH Nozzle petal seam.367 20/47 | Building OptiX acceleration structure
Fra:1 Mem:15.69M (Peak 41.30M) | Time:00:01.15 | Mem:1.33M, Peak:1.79M | Scene, ViewLayer | Updating Geometry BVH Nozzle petal seam.368 21/47 | Building BVH
Fra:1 Mem:15.69M (Peak 41.30M) | Time:00:01.15 | Mem:1.37M, Peak:1.79M | Scene, ViewLayer | Updating Geometry BVH Nozzle petal seam.368 21/47 | Building OptiX acceleration structure
Fra:1 Mem:15.68M (Peak 41.30M) | Time:00:01.15 | Mem:1.34M, Peak:1.79M | Scene, ViewLayer | Updating Geometry BVH Nozzle petal seam.369 22/47 | Building BVH
Fra:1 Mem:15.68M (Peak 41.30M) | Time:00:01.15 | Mem:1.34M, Peak:1.79M | Scene, ViewLayer | Updating Geometry BVH Nozzle petal seam.369 22/47 | Building OptiX acceleration structure
Fra:1 Mem:15.68M (Peak 41.30M) | Time:00:01.15 | Mem:1.34M, Peak:1.79M | Scene, ViewLayer | Updating Geometry BVH Nozzle petal seam.370 23/47 | Building BVH
Fra:1 Mem:15.68M (Peak 41.30M) | Time:00:01.15 | Mem:1.35M, Peak:1.79M | Scene, ViewLayer | Updating Geometry BVH Nozzle petal seam.370 23/47 | Building OptiX acceleration structure
Fra:1 Mem:15.68M (Peak 41.30M) | Time:00:01.15 | Mem:1.34M, Peak:1.79M | Scene, ViewLayer | Updating Geometry BVH Mesh 46/47 | Building BVH
Fra:1 Mem:15.68M (Peak 41.30M) | Time:00:01.15 | Mem:1.35M, Peak:1.79M | Scene, ViewLayer | Updating Geometry BVH Mesh 46/47 | Building OptiX acceleration structure
Fra:1 Mem:15.71M (Peak 41.30M) | Time:00:01.15 | Mem:1.37M, Peak:1.79M | Scene, ViewLayer | Updating Geometry BVH Nozzle petal seam.371 24/47 | Building BVH
Fra:1 Mem:15.71M (Peak 41.30M) | Time:00:01.15 | Mem:1.37M, Peak:1.79M | Scene, ViewLayer | Updating Geometry BVH Nozzle petal seam.371 24/47 | Building OptiX acceleration structure
Fra:1 Mem:15.63M (Peak 41.30M) | Time:00:01.15 | Mem:1.40M, Peak:1.79M | Scene, ViewLayer | Updating Geometry BVH Deep ion throat.030 25/47 | Building BVH
Fra:1 Mem:15.63M (Peak 41.30M) | Time:00:01.15 | Mem:1.40M, Peak:1.79M | Scene, ViewLayer | Updating Geometry BVH Deep ion throat.030 25/47 | Building OptiX acceleration structure
Fra:1 Mem:15.65M (Peak 41.30M) | Time:00:01.15 | Mem:1.42M, Peak:1.79M | Scene, ViewLayer | Updating Geometry BVH Deep intake duct.014 26/47 | Building BVH
Fra:1 Mem:15.65M (Peak 41.30M) | Time:00:01.15 | Mem:1.42M, Peak:1.79M | Scene, ViewLayer | Updating Geometry BVH Deep intake duct.014 26/47 | Building OptiX acceleration structure
Fra:1 Mem:15.66M (Peak 41.30M) | Time:00:01.15 | Mem:1.42M, Peak:1.79M | Scene, ViewLayer | Updating Geometry BVH Mesh 27/47 | Building BVH
Fra:1 Mem:15.66M (Peak 41.30M) | Time:00:01.15 | Mem:1.42M, Peak:1.79M | Scene, ViewLayer | Updating Geometry BVH Mesh 27/47 | Building OptiX acceleration structure
Fra:1 Mem:15.69M (Peak 41.30M) | Time:00:01.15 | Mem:1.45M, Peak:1.79M | Scene, ViewLayer | Updating Geometry BVH Recessed induction aperture 28/47 | Building BVH
Fra:1 Mem:15.69M (Peak 41.30M) | Time:00:01.15 | Mem:1.45M, Peak:1.79M | Scene, ViewLayer | Updating Geometry BVH Recessed induction aperture 28/47 | Building OptiX acceleration structure
Fra:1 Mem:15.69M (Peak 41.30M) | Time:00:01.15 | Mem:1.45M, Peak:1.79M | Scene, ViewLayer | Updating Geometry BVH Integrated lifting hull.015 29/47 | Building BVH
Fra:1 Mem:15.69M (Peak 41.30M) | Time:00:01.15 | Mem:1.46M, Peak:1.79M | Scene, ViewLayer | Updating Geometry BVH Integrated lifting hull.015 29/47 | Building OptiX acceleration structure
Fra:1 Mem:15.70M (Peak 41.30M) | Time:00:01.16 | Mem:1.47M, Peak:1.79M | Scene, ViewLayer | Updating Geometry BVH Integrated propulsion nacelle.015 30/47 | Building BVH
Fra:1 Mem:15.70M (Peak 41.30M) | Time:00:01.16 | Mem:1.47M, Peak:1.79M | Scene, ViewLayer | Updating Geometry BVH Integrated propulsion nacelle.015 30/47 | Building OptiX acceleration structure
Fra:1 Mem:15.71M (Peak 41.30M) | Time:00:01.16 | Mem:1.47M, Peak:1.79M | Scene, ViewLayer | Updating Geometry BVH Contoured expansion nozzle.031 31/47 | Building BVH
Fra:1 Mem:15.71M (Peak 41.30M) | Time:00:01.16 | Mem:1.47M, Peak:1.79M | Scene, ViewLayer | Updating Geometry BVH Contoured expansion nozzle.031 31/47 | Building OptiX acceleration structure
Fra:1 Mem:15.71M (Peak 41.30M) | Time:00:01.16 | Mem:1.48M, Peak:1.79M | Scene, ViewLayer | Updating Geometry BVH Nozzle petal seam.372 32/47 | Building BVH
Fra:1 Mem:15.71M (Peak 41.30M) | Time:00:01.16 | Mem:1.48M, Peak:1.79M | Scene, ViewLayer | Updating Geometry BVH Nozzle petal seam.372 32/47 | Building OptiX acceleration structure
Fra:1 Mem:15.71M (Peak 41.30M) | Time:00:01.16 | Mem:1.48M, Peak:1.79M | Scene, ViewLayer | Updating Geometry BVH Nozzle petal seam.373 33/47 | Building BVH
Fra:1 Mem:15.71M (Peak 41.30M) | Time:00:01.16 | Mem:1.48M, Peak:1.79M | Scene, ViewLayer | Updating Geometry BVH Nozzle petal seam.373 33/47 | Building OptiX acceleration structure
Fra:1 Mem:15.71M (Peak 41.30M) | Time:00:01.16 | Mem:1.49M, Peak:1.79M | Scene, ViewLayer | Updating Geometry BVH Nozzle petal seam.374 34/47 | Building BVH
Fra:1 Mem:15.71M (Peak 41.30M) | Time:00:01.16 | Mem:1.66M, Peak:1.79M | Scene, ViewLayer | Updating Geometry BVH Nozzle petal seam.374 34/47 | Building OptiX acceleration structure
Fra:1 Mem:15.68M (Peak 41.30M) | Time:00:01.16 | Mem:1.50M, Peak:1.79M | Scene, ViewLayer | Updating Geometry BVH Deep intake duct.015 45/47 | Building BVH
Fra:1 Mem:15.68M (Peak 41.30M) | Time:00:01.16 | Mem:1.50M, Peak:1.79M | Scene, ViewLayer | Updating Geometry BVH Deep intake duct.015 45/47 | Building OptiX acceleration structure
Fra:1 Mem:15.68M (Peak 41.30M) | Time:00:01.16 | Mem:1.50M, Peak:1.79M | Scene, ViewLayer | Updating Geometry BVH Nozzle petal seam.375 35/47 | Building BVH
Fra:1 Mem:15.68M (Peak 41.30M) | Time:00:01.16 | Mem:1.50M, Peak:1.79M | Scene, ViewLayer | Updating Geometry BVH Nozzle petal seam.375 35/47 | Building OptiX acceleration structure
Fra:1 Mem:15.66M (Peak 41.30M) | Time:00:01.17 | Mem:1.49M, Peak:1.79M | Scene, ViewLayer | Updating Geometry BVH Nozzle petal seam.376 36/47 | Building BVH
Fra:1 Mem:15.66M (Peak 41.30M) | Time:00:01.17 | Mem:1.50M, Peak:1.79M | Scene, ViewLayer | Updating Geometry BVH Nozzle petal seam.376 36/47 | Building OptiX acceleration structure
Fra:1 Mem:15.66M (Peak 41.30M) | Time:00:01.17 | Mem:1.49M, Peak:1.79M | Scene, ViewLayer | Updating Geometry BVH Nozzle petal seam.377 37/47 | Building BVH
Fra:1 Mem:15.66M (Peak 41.30M) | Time:00:01.17 | Mem:1.67M, Peak:1.79M | Scene, ViewLayer | Updating Geometry BVH Nozzle petal seam.377 37/47 | Building OptiX acceleration structure
Fra:1 Mem:15.63M (Peak 41.30M) | Time:00:01.17 | Mem:1.50M, Peak:1.79M | Scene, ViewLayer | Updating Geometry BVH Nozzle petal seam.378 38/47 | Building BVH
Fra:1 Mem:15.63M (Peak 41.30M) | Time:00:01.17 | Mem:1.52M, Peak:1.79M | Scene, ViewLayer | Updating Geometry BVH Nozzle petal seam.378 38/47 | Building OptiX acceleration structure
Fra:1 Mem:15.62M (Peak 41.30M) | Time:00:01.17 | Mem:1.50M, Peak:1.79M | Scene, ViewLayer | Updating Geometry BVH Nozzle petal seam.379 39/47 | Building BVH
Fra:1 Mem:15.62M (Peak 41.30M) | Time:00:01.17 | Mem:1.50M, Peak:1.79M | Scene, ViewLayer | Updating Geometry BVH Nozzle petal seam.379 39/47 | Building OptiX acceleration structure
Fra:1 Mem:15.62M (Peak 41.30M) | Time:00:01.17 | Mem:1.50M, Peak:1.79M | Scene, ViewLayer | Updating Geometry BVH Nozzle petal seam.380 40/47 | Building BVH
Fra:1 Mem:15.62M (Peak 41.30M) | Time:00:01.17 | Mem:1.54M, Peak:1.79M | Scene, ViewLayer | Updating Geometry BVH Nozzle petal seam.380 40/47 | Building OptiX acceleration structure
Fra:1 Mem:15.61M (Peak 41.30M) | Time:00:01.17 | Mem:1.51M, Peak:1.79M | Scene, ViewLayer | Updating Geometry BVH Nozzle petal seam.381 41/47 | Building BVH
Fra:1 Mem:15.61M (Peak 41.30M) | Time:00:01.17 | Mem:1.51M, Peak:1.79M | Scene, ViewLayer | Updating Geometry BVH Nozzle petal seam.381 41/47 | Building OptiX acceleration structure
Fra:1 Mem:15.60M (Peak 41.30M) | Time:00:01.17 | Mem:1.51M, Peak:1.79M | Scene, ViewLayer | Updating Geometry BVH Nozzle petal seam.382 42/47 | Building BVH
Fra:1 Mem:15.60M (Peak 41.30M) | Time:00:01.17 | Mem:1.51M, Peak:1.79M | Scene, ViewLayer | Updating Geometry BVH Nozzle petal seam.382 42/47 | Building OptiX acceleration structure
Fra:1 Mem:15.60M (Peak 41.30M) | Time:00:01.17 | Mem:1.51M, Peak:1.79M | Scene, ViewLayer | Updating Geometry BVH Nozzle petal seam.383 43/47 | Building BVH
Fra:1 Mem:15.60M (Peak 41.30M) | Time:00:01.17 | Mem:1.51M, Peak:1.79M | Scene, ViewLayer | Updating Geometry BVH Nozzle petal seam.383 43/47 | Building OptiX acceleration structure
Fra:1 Mem:15.60M (Peak 41.30M) | Time:00:01.17 | Mem:1.51M, Peak:1.79M | Scene, ViewLayer | Updating Geometry BVH Deep ion throat.031 44/47 | Building BVH
Fra:1 Mem:15.60M (Peak 41.30M) | Time:00:01.17 | Mem:1.51M, Peak:1.79M | Scene, ViewLayer | Updating Geometry BVH Deep ion throat.031 44/47 | Building OptiX acceleration structure
Fra:1 Mem:15.60M (Peak 41.30M) | Time:00:01.18 | Mem:1.53M, Peak:1.79M | Scene, ViewLayer | Updating Scene BVH | Building
Fra:1 Mem:15.60M (Peak 41.30M) | Time:00:01.18 | Mem:1.53M, Peak:1.79M | Scene, ViewLayer | Updating Scene BVH | Building OptiX acceleration structure
Fra:1 Mem:15.60M (Peak 41.30M) | Time:00:01.18 | Mem:1.54M, Peak:1.79M | Scene, ViewLayer | Updating Scene BVH | Copying BVH to device
Fra:1 Mem:15.60M (Peak 41.30M) | Time:00:01.18 | Mem:1.54M, Peak:1.79M | Scene, ViewLayer | Updating Mesh | Computing normals
Fra:1 Mem:16.25M (Peak 41.30M) | Time:00:01.18 | Mem:1.54M, Peak:1.79M | Scene, ViewLayer | Updating Mesh | Copying Mesh to device
Fra:1 Mem:16.25M (Peak 41.30M) | Time:00:01.19 | Mem:2.20M, Peak:2.20M | Scene, ViewLayer | Updating Objects Flags
Fra:1 Mem:16.25M (Peak 41.30M) | Time:00:01.19 | Mem:2.20M, Peak:2.20M | Scene, ViewLayer | Updating Primitive Offsets
Fra:1 Mem:16.25M (Peak 41.30M) | Time:00:01.19 | Mem:2.20M, Peak:2.20M | Scene, ViewLayer | Updating Images
Fra:1 Mem:16.25M (Peak 41.30M) | Time:00:01.19 | Mem:2.20M, Peak:2.20M | Scene, ViewLayer | Updating Images | Loading panel-normal.png
Fra:1 Mem:20.25M (Peak 41.30M) | Time:00:01.19 | Mem:2.20M, Peak:2.20M | Scene, ViewLayer | Updating Images | Loading white-basecolor.png
Fra:1 Mem:24.25M (Peak 41.30M) | Time:00:01.19 | Mem:2.20M, Peak:2.20M | Scene, ViewLayer | Updating Images | Loading paint-orm.png
Fra:1 Mem:32.26M (Peak 41.30M) | Time:00:01.97 | Mem:18.20M, Peak:18.20M | Scene, ViewLayer | Updating Camera Volume
Fra:1 Mem:32.26M (Peak 41.30M) | Time:00:01.97 | Mem:18.20M, Peak:18.20M | Scene, ViewLayer | Updating Lookup Tables
Fra:1 Mem:32.26M (Peak 41.30M) | Time:00:01.97 | Mem:18.28M, Peak:18.28M | Scene, ViewLayer | Updating Lights
Fra:1 Mem:32.26M (Peak 41.30M) | Time:00:01.97 | Mem:18.28M, Peak:18.28M | Scene, ViewLayer | Updating Lights | Computing tree
Fra:1 Mem:32.46M (Peak 41.30M) | Time:00:01.97 | Mem:18.47M, Peak:18.47M | Scene, ViewLayer | Updating Integrator
Fra:1 Mem:32.46M (Peak 41.30M) | Time:00:01.97 | Mem:18.47M, Peak:18.47M | Scene, ViewLayer | Updating Film
Fra:1 Mem:32.46M (Peak 41.30M) | Time:00:01.98 | Mem:18.39M, Peak:18.47M | Scene, ViewLayer | Updating Lookup Tables
Fra:1 Mem:32.46M (Peak 41.30M) | Time:00:01.98 | Mem:18.48M, Peak:18.48M | Scene, ViewLayer | Updating Baking
Fra:1 Mem:32.46M (Peak 41.30M) | Time:00:01.98 | Mem:18.48M, Peak:18.48M | Scene, ViewLayer | Updating Device | Writing constant memory
Fra:1 Mem:32.47M (Peak 41.30M) | Time:00:01.98 | Mem:18.48M, Peak:18.48M | Scene, ViewLayer | Loading denoising kernels (may take a few minutes the first time)
Fra:1 Mem:36.47M (Peak 41.30M) | Time:00:02.00 | Mem:370.48M, Peak:370.48M | Scene, ViewLayer | Sample 0/24
Fra:1 Mem:83.44M (Peak 83.44M) | Time:00:02.02 | Remaining:00:00.50 | Mem:417.46M, Peak:417.46M | Scene, ViewLayer | Sample 1/24
Fra:1 Mem:103.22M (Peak 132.89M) | Time:00:06.36 | Mem:417.46M, Peak:417.46M | Scene, ViewLayer | Sample 24/24
Fra:1 Mem:103.22M (Peak 132.89M) | Time:00:06.36 | Mem:417.46M, Peak:417.46M | Scene, ViewLayer | Finished
Saved: 'D:\vibe-coding-e\nova-swarm-forum-129-improvements-20260822\docs\fleet-art-v2\ships\11\surfaced.png'
Time: 00:06.76 (Saving: 00:00.21)

Info: Saved as "source.blend"
17:13:22 | INFO: Starting glTF 2.0 export
17:13:22 | INFO: Extracting primitive: Continuous pressure fuselage.007
17:13:22 | WARNING: More than one shader node tex image used for a texture. The resulting glTF sampler will behave like the first shader node tex image.
17:13:22 | WARNING: More than one shader node tex image used for a texture. The resulting glTF sampler will behave like the first shader node tex image.
17:13:22 | INFO: Primitives created: 6
17:13:23 | INFO: Finished glTF 2.0 export in 0.2930476665496826 s
Fra:1 Mem:15.29M (Peak 30.79M) | Time:00:00.23 | Mem:0.00M, Peak:0.00M | Scene, ViewLayer | Synchronizing object | CircuitTapV2
Fra:1 Mem:15.76M (Peak 30.79M) | Time:00:00.23 | Mem:0.00M, Peak:0.00M | Scene, ViewLayer | Synchronizing object | Broad neutral key
Fra:1 Mem:15.76M (Peak 30.79M) | Time:00:00.23 | Mem:0.00M, Peak:0.00M | Scene, ViewLayer | Synchronizing object | Neutral fill
Fra:1 Mem:16.93M (Peak 30.79M) | Time:00:00.25 | Mem:0.00M, Peak:0.00M | Scene, ViewLayer | Initializing
Fra:1 Mem:16.45M (Peak 30.79M) | Time:00:00.25 | Mem:0.00M, Peak:0.00M | Scene, ViewLayer | Waiting for render to start
Fra:1 Mem:16.45M (Peak 30.79M) | Time:00:00.25 | Mem:0.00M, Peak:0.00M | Scene, ViewLayer | Updating Scene
Fra:1 Mem:16.45M (Peak 30.79M) | Time:00:00.25 | Mem:0.00M, Peak:0.00M | Scene, ViewLayer | Updating Shaders
Fra:1 Mem:16.45M (Peak 30.79M) | Time:00:00.25 | Mem:0.00M, Peak:0.00M | Scene, ViewLayer | Loading render kernels (may take a few minutes the first time)
Fra:1 Mem:16.54M (Peak 43.83M) | Time:00:00.49 | Mem:0.01M, Peak:0.01M | Scene, ViewLayer | Updating Procedurals
Fra:1 Mem:16.54M (Peak 43.83M) | Time:00:00.49 | Mem:0.01M, Peak:0.01M | Scene, ViewLayer | Updating Background
Fra:1 Mem:16.54M (Peak 43.83M) | Time:00:00.49 | Mem:0.01M, Peak:0.01M | Scene, ViewLayer | Updating Camera
Fra:1 Mem:16.54M (Peak 43.83M) | Time:00:00.50 | Mem:0.01M, Peak:0.01M | Scene, ViewLayer | Updating Meshes Flags
Fra:1 Mem:16.54M (Peak 43.83M) | Time:00:00.50 | Mem:0.01M, Peak:0.01M | Scene, ViewLayer | Updating Objects
Fra:1 Mem:16.54M (Peak 43.83M) | Time:00:00.50 | Mem:0.01M, Peak:0.01M | Scene, ViewLayer | Updating Objects | Copying Transformations to device
Fra:1 Mem:16.54M (Peak 43.83M) | Time:00:00.50 | Mem:0.01M, Peak:0.01M | Scene, ViewLayer | Updating Particle Systems
Fra:1 Mem:16.54M (Peak 43.83M) | Time:00:00.50 | Mem:0.01M, Peak:0.01M | Scene, ViewLayer | Updating Particle Systems | Copying Particles to device
Fra:1 Mem:16.54M (Peak 43.83M) | Time:00:00.50 | Mem:0.01M, Peak:0.01M | Scene, ViewLayer | Updating Meshes
Fra:1 Mem:17.66M (Peak 43.83M) | Time:00:00.53 | Mem:0.01M, Peak:0.01M | Scene, ViewLayer | Updating Objects | Applying Static Transformations
Fra:1 Mem:17.66M (Peak 43.83M) | Time:00:00.53 | Mem:0.01M, Peak:0.01M | Scene, ViewLayer | Updating Mesh | Computing attributes
Fra:1 Mem:19.14M (Peak 43.83M) | Time:00:00.53 | Mem:0.01M, Peak:0.01M | Scene, ViewLayer | Updating Mesh | Copying Attributes to device
Fra:1 Mem:19.14M (Peak 43.83M) | Time:00:00.53 | Mem:1.49M, Peak:1.49M | Scene, ViewLayer | Updating Geometry BVH light 5/4 | Building BVH
Fra:1 Mem:19.14M (Peak 43.83M) | Time:00:00.53 | Mem:1.49M, Peak:1.49M | Scene, ViewLayer | Updating Geometry BVH light 5/4 | Building OptiX acceleration structure
Fra:1 Mem:19.14M (Peak 43.83M) | Time:00:00.53 | Mem:1.49M, Peak:1.49M | Scene, ViewLayer | Updating Geometry BVH Continuous pressure fuselage.007 4/4 | Building BVH
Fra:1 Mem:19.14M (Peak 43.83M) | Time:00:00.53 | Mem:1.49M, Peak:1.49M | Scene, ViewLayer | Updating Geometry BVH Continuous pressure fuselage.007 4/4 | Building OptiX acceleration structure
Fra:1 Mem:19.36M (Peak 43.83M) | Time:00:00.53 | Mem:1.49M, Peak:1.49M | Scene, ViewLayer | Updating Geometry BVH Broad neutral key 2/4 | Building BVH
Fra:1 Mem:19.36M (Peak 43.83M) | Time:00:00.53 | Mem:1.49M, Peak:1.49M | Scene, ViewLayer | Updating Geometry BVH Neutral fill 3/4 | Building BVH
Fra:1 Mem:19.36M (Peak 43.83M) | Time:00:00.53 | Mem:1.49M, Peak:1.49M | Scene, ViewLayer | Updating Geometry BVH Neutral fill 3/4 | Building OptiX acceleration structure
Fra:1 Mem:19.14M (Peak 43.83M) | Time:00:00.54 | Mem:1.97M, Peak:3.44M | Scene, ViewLayer | Updating Scene BVH | Building
Fra:1 Mem:19.14M (Peak 43.83M) | Time:00:00.54 | Mem:1.97M, Peak:3.44M | Scene, ViewLayer | Updating Scene BVH | Building OptiX acceleration structure
Fra:1 Mem:19.14M (Peak 43.83M) | Time:00:00.54 | Mem:1.98M, Peak:3.44M | Scene, ViewLayer | Updating Scene BVH | Copying BVH to device
Fra:1 Mem:19.14M (Peak 43.83M) | Time:00:00.54 | Mem:1.98M, Peak:3.44M | Scene, ViewLayer | Updating Mesh | Computing normals
Fra:1 Mem:19.72M (Peak 43.83M) | Time:00:00.54 | Mem:1.98M, Peak:3.44M | Scene, ViewLayer | Updating Mesh | Copying Mesh to device
Fra:1 Mem:19.72M (Peak 43.83M) | Time:00:00.54 | Mem:2.56M, Peak:3.44M | Scene, ViewLayer | Updating Objects Flags
Fra:1 Mem:19.72M (Peak 43.83M) | Time:00:00.54 | Mem:2.56M, Peak:3.44M | Scene, ViewLayer | Updating Primitive Offsets
Fra:1 Mem:19.72M (Peak 43.83M) | Time:00:00.54 | Mem:2.56M, Peak:3.44M | Scene, ViewLayer | Updating Images
Fra:1 Mem:19.72M (Peak 43.83M) | Time:00:00.54 | Mem:2.56M, Peak:3.44M | Scene, ViewLayer | Updating Images | Loading panel-normal.png
Fra:1 Mem:23.72M (Peak 43.83M) | Time:00:00.54 | Mem:2.56M, Peak:3.44M | Scene, ViewLayer | Updating Images | Loading white-basecolor.png
Fra:1 Mem:35.74M (Peak 43.83M) | Time:00:00.57 | Mem:18.56M, Peak:18.56M | Scene, ViewLayer | Updating Camera Volume
Fra:1 Mem:35.74M (Peak 43.83M) | Time:00:00.57 | Mem:18.56M, Peak:18.56M | Scene, ViewLayer | Updating Lookup Tables
Fra:1 Mem:35.74M (Peak 43.83M) | Time:00:00.57 | Mem:18.64M, Peak:18.64M | Scene, ViewLayer | Updating Lights
Fra:1 Mem:35.74M (Peak 43.83M) | Time:00:00.57 | Mem:18.64M, Peak:18.64M | Scene, ViewLayer | Updating Lights | Computing tree
Fra:1 Mem:36.00M (Peak 43.83M) | Time:00:00.58 | Mem:18.91M, Peak:18.91M | Scene, ViewLayer | Updating Integrator
Fra:1 Mem:36.00M (Peak 43.83M) | Time:00:00.58 | Mem:18.91M, Peak:18.91M | Scene, ViewLayer | Updating Film
Fra:1 Mem:36.01M (Peak 43.83M) | Time:00:00.58 | Mem:18.83M, Peak:18.91M | Scene, ViewLayer | Updating Lookup Tables
Fra:1 Mem:36.01M (Peak 43.83M) | Time:00:00.58 | Mem:18.91M, Peak:18.91M | Scene, ViewLayer | Updating Baking
Fra:1 Mem:36.01M (Peak 43.83M) | Time:00:00.58 | Mem:18.91M, Peak:18.91M | Scene, ViewLayer | Updating Device | Writing constant memory
Fra:1 Mem:36.01M (Peak 43.83M) | Time:00:00.58 | Mem:18.91M, Peak:18.91M | Scene, ViewLayer | Loading denoising kernels (may take a few minutes the first time)
Fra:1 Mem:40.01M (Peak 43.83M) | Time:00:00.62 | Mem:370.91M, Peak:370.91M | Scene, ViewLayer | Sample 0/24
Fra:1 Mem:116.01M (Peak 116.01M) | Time:00:00.66 | Remaining:00:00.93 | Mem:446.93M, Peak:446.93M | Scene, ViewLayer | Sample 1/24
Fra:1 Mem:148.02M (Peak 196.02M) | Time:00:08.64 | Mem:446.93M, Peak:446.93M | Scene, ViewLayer | Sample 24/24
Fra:1 Mem:148.02M (Peak 196.02M) | Time:00:08.64 | Mem:446.93M, Peak:446.93M | Scene, ViewLayer | Finished
Saved: 'D:\vibe-coding-e\nova-swarm-forum-129-improvements-20260822\docs\fleet-art-v2\ships\11\export\showroom.png'
Time: 00:09.75 (Saving: 00:00.30)

Fra:1 Mem:15.59M (Peak 15.59M) | Time:00:00.28 | Mem:0.00M, Peak:0.00M | Scene, ViewLayer | Synchronizing object | Broad neutral key
Fra:1 Mem:15.59M (Peak 15.59M) | Time:00:00.28 | Mem:0.00M, Peak:0.00M | Scene, ViewLayer | Synchronizing object | Neutral fill
Fra:1 Mem:16.93M (Peak 17.71M) | Time:00:00.30 | Mem:0.00M, Peak:0.00M | Scene, ViewLayer | Initializing
Fra:1 Mem:16.45M (Peak 17.71M) | Time:00:00.30 | Mem:0.00M, Peak:0.00M | Scene, ViewLayer | Waiting for render to start
Fra:1 Mem:16.45M (Peak 17.71M) | Time:00:00.30 | Mem:0.00M, Peak:0.00M | Scene, ViewLayer | Updating Scene
Fra:1 Mem:16.45M (Peak 17.71M) | Time:00:00.30 | Mem:0.00M, Peak:0.00M | Scene, ViewLayer | Updating Shaders
Fra:1 Mem:16.45M (Peak 17.71M) | Time:00:00.30 | Mem:0.00M, Peak:0.00M | Scene, ViewLayer | Loading render kernels (may take a few minutes the first time)
Fra:1 Mem:16.54M (Peak 43.83M) | Time:00:00.50 | Mem:0.01M, Peak:0.01M | Scene, ViewLayer | Updating Procedurals
Fra:1 Mem:16.54M (Peak 43.83M) | Time:00:00.50 | Mem:0.01M, Peak:0.01M | Scene, ViewLayer | Updating Background
Fra:1 Mem:16.54M (Peak 43.83M) | Time:00:00.50 | Mem:0.01M, Peak:0.01M | Scene, ViewLayer | Updating Camera
Fra:1 Mem:16.54M (Peak 43.83M) | Time:00:00.50 | Mem:0.01M, Peak:0.01M | Scene, ViewLayer | Updating Meshes Flags
Fra:1 Mem:16.54M (Peak 43.83M) | Time:00:00.50 | Mem:0.01M, Peak:0.01M | Scene, ViewLayer | Updating Objects
Fra:1 Mem:16.54M (Peak 43.83M) | Time:00:00.50 | Mem:0.01M, Peak:0.01M | Scene, ViewLayer | Updating Objects | Copying Transformations to device
Fra:1 Mem:16.54M (Peak 43.83M) | Time:00:00.50 | Mem:0.01M, Peak:0.01M | Scene, ViewLayer | Updating Particle Systems
Fra:1 Mem:16.54M (Peak 43.83M) | Time:00:00.50 | Mem:0.01M, Peak:0.01M | Scene, ViewLayer | Updating Particle Systems | Copying Particles to device
Fra:1 Mem:16.54M (Peak 43.83M) | Time:00:00.50 | Mem:0.01M, Peak:0.01M | Scene, ViewLayer | Updating Meshes
Fra:1 Mem:17.66M (Peak 43.83M) | Time:00:00.52 | Mem:0.01M, Peak:0.01M | Scene, ViewLayer | Updating Objects | Applying Static Transformations
Fra:1 Mem:17.66M (Peak 43.83M) | Time:00:00.52 | Mem:0.01M, Peak:0.01M | Scene, ViewLayer | Updating Mesh | Computing attributes
Fra:1 Mem:19.14M (Peak 43.83M) | Time:00:00.52 | Mem:0.01M, Peak:0.01M | Scene, ViewLayer | Updating Mesh | Copying Attributes to device
Fra:1 Mem:19.14M (Peak 43.83M) | Time:00:00.52 | Mem:1.49M, Peak:1.49M | Scene, ViewLayer | Updating Geometry BVH light 5/4 | Building BVH
Fra:1 Mem:19.14M (Peak 43.83M) | Time:00:00.52 | Mem:1.49M, Peak:1.49M | Scene, ViewLayer | Updating Geometry BVH Continuous pressure fuselage.007 4/4 | Building BVH
Fra:1 Mem:19.14M (Peak 43.83M) | Time:00:00.52 | Mem:1.49M, Peak:1.49M | Scene, ViewLayer | Updating Geometry BVH Continuous pressure fuselage.007 4/4 | Building OptiX acceleration structure
Fra:1 Mem:19.14M (Peak 43.83M) | Time:00:00.52 | Mem:1.97M, Peak:3.44M | Scene, ViewLayer | Updating Scene BVH | Building
Fra:1 Mem:19.14M (Peak 43.83M) | Time:00:00.52 | Mem:1.97M, Peak:3.44M | Scene, ViewLayer | Updating Scene BVH | Building OptiX acceleration structure
Fra:1 Mem:19.14M (Peak 43.83M) | Time:00:00.53 | Mem:1.98M, Peak:3.44M | Scene, ViewLayer | Updating Scene BVH | Copying BVH to device
Fra:1 Mem:19.14M (Peak 43.83M) | Time:00:00.53 | Mem:1.98M, Peak:3.44M | Scene, ViewLayer | Updating Mesh | Computing normals
Fra:1 Mem:19.72M (Peak 43.83M) | Time:00:00.53 | Mem:1.98M, Peak:3.44M | Scene, ViewLayer | Updating Mesh | Copying Mesh to device
Fra:1 Mem:19.72M (Peak 43.83M) | Time:00:00.53 | Mem:2.56M, Peak:3.44M | Scene, ViewLayer | Updating Objects Flags
Fra:1 Mem:19.72M (Peak 43.83M) | Time:00:00.53 | Mem:2.56M, Peak:3.44M | Scene, ViewLayer | Updating Primitive Offsets
Fra:1 Mem:19.72M (Peak 43.83M) | Time:00:00.53 | Mem:2.56M, Peak:3.44M | Scene, ViewLayer | Updating Images
Fra:1 Mem:19.72M (Peak 43.83M) | Time:00:00.53 | Mem:2.56M, Peak:3.44M | Scene, ViewLayer | Updating Images | Loading panel-normal.png
Fra:1 Mem:23.72M (Peak 43.83M) | Time:00:00.53 | Mem:2.56M, Peak:3.44M | Scene, ViewLayer | Updating Images | Loading paint-orm.png
Fra:1 Mem:35.74M (Peak 43.83M) | Time:00:00.55 | Mem:18.56M, Peak:18.56M | Scene, ViewLayer | Updating Camera Volume
Fra:1 Mem:35.74M (Peak 43.83M) | Time:00:00.55 | Mem:18.56M, Peak:18.56M | Scene, ViewLayer | Updating Lookup Tables
Fra:1 Mem:35.74M (Peak 43.83M) | Time:00:00.55 | Mem:18.64M, Peak:18.64M | Scene, ViewLayer | Updating Lights
Fra:1 Mem:35.74M (Peak 43.83M) | Time:00:00.55 | Mem:18.64M, Peak:18.64M | Scene, ViewLayer | Updating Lights | Computing tree
Fra:1 Mem:36.00M (Peak 43.83M) | Time:00:00.56 | Mem:18.91M, Peak:18.91M | Scene, ViewLayer | Updating Integrator
Fra:1 Mem:36.00M (Peak 43.83M) | Time:00:00.56 | Mem:18.91M, Peak:18.91M | Scene, ViewLayer | Updating Film
Fra:1 Mem:36.01M (Peak 43.83M) | Time:00:00.56 | Mem:18.83M, Peak:18.91M | Scene, ViewLayer | Updating Lookup Tables
Fra:1 Mem:36.01M (Peak 43.83M) | Time:00:00.56 | Mem:18.91M, Peak:18.91M | Scene, ViewLayer | Updating Baking
Fra:1 Mem:36.01M (Peak 43.83M) | Time:00:00.56 | Mem:18.91M, Peak:18.91M | Scene, ViewLayer | Updating Device | Writing constant memory
Fra:1 Mem:36.01M (Peak 43.83M) | Time:00:00.56 | Mem:18.91M, Peak:18.91M | Scene, ViewLayer | Loading denoising kernels (may take a few minutes the first time)
Fra:1 Mem:40.01M (Peak 43.83M) | Time:00:00.59 | Mem:370.91M, Peak:370.91M | Scene, ViewLayer | Sample 0/24
Fra:1 Mem:59.01M (Peak 59.01M) | Time:00:00.61 | Remaining:00:00.43 | Mem:389.93M, Peak:389.93M | Scene, ViewLayer | Sample 1/24
Fra:1 Mem:67.02M (Peak 79.02M) | Time:00:02.40 | Mem:389.93M, Peak:389.93M | Scene, ViewLayer | Sample 24/24
Fra:1 Mem:67.02M (Peak 79.02M) | Time:00:02.40 | Mem:389.93M, Peak:389.93M | Scene, ViewLayer | Finished
Saved: 'D:\vibe-coding-e\nova-swarm-forum-129-improvements-20260822\docs\fleet-art-v2\ships\11\export\player.png'
Time: 00:02.93 (Saving: 00:00.09)


FLEET_V2_COMPLETE 11 Circuit Tap
Read blend: "D:\vibe-coding-e\nova-swarm-forum-129-improvements-20260822\docs\fleet-art-v2\ships\12\source.blend"
Fra:1 Mem:14.33M (Peak 14.33M) | Time:00:00.33 | Mem:0.00M, Peak:0.00M | Scene, ViewLayer | Synchronizing object | Broad neutral key
Fra:1 Mem:14.33M (Peak 14.33M) | Time:00:00.33 | Mem:0.00M, Peak:0.00M | Scene, ViewLayer | Synchronizing object | Neutral fill
Fra:1 Mem:14.65M (Peak 14.65M) | Time:00:00.41 | Mem:0.00M, Peak:0.00M | Scene, ViewLayer | Synchronizing object | Continuous pressure fuselage
Fra:1 Mem:15.50M (Peak 15.50M) | Time:00:00.46 | Mem:0.00M, Peak:0.00M | Scene, ViewLayer | Synchronizing object | Cockpit integrated coaming
Fra:1 Mem:16.03M (Peak 16.03M) | Time:00:00.52 | Mem:0.00M, Peak:0.00M | Scene, ViewLayer | Synchronizing object | Canopy lower frame
Fra:1 Mem:16.03M (Peak 16.03M) | Time:00:00.52 | Mem:0.00M, Peak:0.00M | Scene, ViewLayer | Synchronizing object | Pressure canopy glazing
Fra:1 Mem:16.27M (Peak 16.27M) | Time:00:00.52 | Mem:0.00M, Peak:0.00M | Scene, ViewLayer | Synchronizing object | Canopy lower frame.001
Fra:1 Mem:16.32M (Peak 16.32M) | Time:00:00.52 | Mem:0.00M, Peak:0.00M | Scene, ViewLayer | Synchronizing object | Canopy pressure bow
Fra:1 Mem:16.32M (Peak 16.32M) | Time:00:00.52 | Mem:0.00M, Peak:0.00M | Scene, ViewLayer | Synchronizing object | Integrated propulsion nacelle
Fra:1 Mem:16.37M (Peak 16.37M) | Time:00:00.52 | Mem:0.00M, Peak:0.00M | Scene, ViewLayer | Synchronizing object | Nozzle petal seam
Fra:1 Mem:16.38M (Peak 16.38M) | Time:00:00.52 | Mem:0.00M, Peak:0.00M | Scene, ViewLayer | Synchronizing object | Contoured expansion nozzle
Fra:1 Mem:16.41M (Peak 16.41M) | Time:00:00.52 | Mem:0.00M, Peak:0.00M | Scene, ViewLayer | Synchronizing object | Nozzle petal seam.001
Fra:1 Mem:16.47M (Peak 16.47M) | Time:00:00.52 | Mem:0.00M, Peak:0.00M | Scene, ViewLayer | Synchronizing object | Nozzle petal seam.002
Fra:1 Mem:16.46M (Peak 16.47M) | Time:00:00.52 | Mem:0.00M, Peak:0.00M | Scene, ViewLayer | Synchronizing object | Nozzle petal seam.003
Fra:1 Mem:16.46M (Peak 16.47M) | Time:00:00.52 | Mem:0.00M, Peak:0.00M | Scene, ViewLayer | Synchronizing object | Nozzle petal seam.004
Fra:1 Mem:16.46M (Peak 16.47M) | Time:00:00.52 | Mem:0.00M, Peak:0.00M | Scene, ViewLayer | Synchronizing object | Nozzle petal seam.005
Fra:1 Mem:16.46M (Peak 16.47M) | Time:00:00.52 | Mem:0.00M, Peak:0.00M | Scene, ViewLayer | Synchronizing object | Nozzle petal seam.006
Fra:1 Mem:16.47M (Peak 16.47M) | Time:00:00.53 | Mem:0.00M, Peak:0.00M | Scene, ViewLayer | Synchronizing object | Nozzle petal seam.007
Fra:1 Mem:16.47M (Peak 16.47M) | Time:00:00.53 | Mem:0.00M, Peak:0.00M | Scene, ViewLayer | Synchronizing object | Nozzle petal seam.008
Fra:1 Mem:16.47M (Peak 16.47M) | Time:00:00.53 | Mem:0.00M, Peak:0.00M | Scene, ViewLayer | Synchronizing object | Nozzle petal seam.009
Fra:1 Mem:16.47M (Peak 16.47M) | Time:00:00.53 | Mem:0.00M, Peak:0.00M | Scene, ViewLayer | Synchronizing object | Nozzle petal seam.010
Fra:1 Mem:16.47M (Peak 16.47M) | Time:00:00.53 | Mem:0.00M, Peak:0.00M | Scene, ViewLayer | Synchronizing object | Nozzle petal seam.011
Fra:1 Mem:16.48M (Peak 16.48M) | Time:00:00.53 | Mem:0.00M, Peak:0.00M | Scene, ViewLayer | Synchronizing object | Deep ion throat
Fra:1 Mem:16.57M (Peak 16.57M) | Time:00:00.53 | Mem:0.00M, Peak:0.00M | Scene, ViewLayer | Synchronizing object | Deep intake duct
Fra:1 Mem:16.54M (Peak 16.57M) | Time:00:00.53 | Mem:0.00M, Peak:0.00M | Scene, ViewLayer | Synchronizing object | Integrated lifting hull.001
Fra:1 Mem:16.59M (Peak 16.59M) | Time:00:00.53 | Mem:0.00M, Peak:0.00M | Scene, ViewLayer | Synchronizing object | Integrated propulsion nacelle.001
Fra:1 Mem:16.58M (Peak 16.59M) | Time:00:00.53 | Mem:0.00M, Peak:0.00M | Scene, ViewLayer | Synchronizing object | Contoured expansion nozzle.001
Fra:1 Mem:16.61M (Peak 16.61M) | Time:00:00.53 | Mem:0.00M, Peak:0.00M | Scene, ViewLayer | Synchronizing object | Nozzle petal seam.012
Fra:1 Mem:16.61M (Peak 16.61M) | Time:00:00.53 | Mem:0.00M, Peak:0.00M | Scene, ViewLayer | Synchronizing object | Nozzle petal seam.013
Fra:1 Mem:16.65M (Peak 16.65M) | Time:00:00.53 | Mem:0.00M, Peak:0.00M | Scene, ViewLayer | Synchronizing object | Nozzle petal seam.014
Fra:1 Mem:16.64M (Peak 16.65M) | Time:00:00.53 | Mem:0.00M, Peak:0.00M | Scene, ViewLayer | Synchronizing object | Nozzle petal seam.015
Fra:1 Mem:16.65M (Peak 16.65M) | Time:00:00.53 | Mem:0.00M, Peak:0.00M | Scene, ViewLayer | Synchronizing object | Nozzle petal seam.016
Fra:1 Mem:16.64M (Peak 16.65M) | Time:00:00.53 | Mem:0.00M, Peak:0.00M | Scene, ViewLayer | Synchronizing object | Nozzle petal seam.017
Fra:1 Mem:16.64M (Peak 16.65M) | Time:00:00.53 | Mem:0.00M, Peak:0.00M | Scene, ViewLayer | Synchronizing object | Nozzle petal seam.018
Fra:1 Mem:16.64M (Peak 16.65M) | Time:00:00.53 | Mem:0.00M, Peak:0.00M | Scene, ViewLayer | Synchronizing object | Nozzle petal seam.019
Fra:1 Mem:16.65M (Peak 16.65M) | Time:00:00.53 | Mem:0.00M, Peak:0.00M | Scene, ViewLayer | Synchronizing object | Nozzle petal seam.020
Fra:1 Mem:16.65M (Peak 16.65M) | Time:00:00.53 | Mem:0.00M, Peak:0.00M | Scene, ViewLayer | Synchronizing object | Nozzle petal seam.021
Fra:1 Mem:16.65M (Peak 16.65M) | Time:00:00.53 | Mem:0.00M, Peak:0.00M | Scene, ViewLayer | Synchronizing object | Nozzle petal seam.022
Fra:1 Mem:16.65M (Peak 16.65M) | Time:00:00.53 | Mem:0.00M, Peak:0.00M | Scene, ViewLayer | Synchronizing object | Nozzle petal seam.023
Fra:1 Mem:16.65M (Peak 16.65M) | Time:00:00.53 | Mem:0.00M, Peak:0.00M | Scene, ViewLayer | Synchronizing object | Deep ion throat.001
Fra:1 Mem:16.65M (Peak 16.65M) | Time:00:00.53 | Mem:0.00M, Peak:0.00M | Scene, ViewLayer | Synchronizing object | Deep intake duct.001
Fra:1 Mem:16.72M (Peak 16.72M) | Time:00:00.53 | Mem:0.00M, Peak:0.00M | Scene, ViewLayer | Initializing
Fra:1 Mem:13.53M (Peak 16.72M) | Time:00:00.53 | Mem:0.00M, Peak:0.00M | Scene, ViewLayer | Waiting for render to start
Fra:1 Mem:13.53M (Peak 16.72M) | Time:00:00.53 | Mem:0.00M, Peak:0.00M | Scene, ViewLayer | Updating Scene
Fra:1 Mem:13.53M (Peak 16.72M) | Time:00:00.53 | Mem:0.00M, Peak:0.00M | Scene, ViewLayer | Updating Shaders
Fra:1 Mem:13.53M (Peak 16.72M) | Time:00:00.53 | Mem:0.00M, Peak:0.00M | Scene, ViewLayer | Loading render kernels (may take a few minutes the first time)
Fra:1 Mem:13.62M (Peak 40.91M) | Time:00:01.11 | Mem:0.01M, Peak:0.01M | Scene, ViewLayer | Updating Procedurals
Fra:1 Mem:13.62M (Peak 40.91M) | Time:00:01.11 | Mem:0.01M, Peak:0.01M | Scene, ViewLayer | Updating Background
Fra:1 Mem:13.62M (Peak 40.91M) | Time:00:01.11 | Mem:0.01M, Peak:0.01M | Scene, ViewLayer | Updating Camera
Fra:1 Mem:13.62M (Peak 40.91M) | Time:00:01.11 | Mem:0.01M, Peak:0.01M | Scene, ViewLayer | Updating Meshes Flags
Fra:1 Mem:13.62M (Peak 40.91M) | Time:00:01.11 | Mem:0.01M, Peak:0.01M | Scene, ViewLayer | Updating Objects
Fra:1 Mem:13.62M (Peak 40.91M) | Time:00:01.11 | Mem:0.01M, Peak:0.01M | Scene, ViewLayer | Updating Objects | Copying Transformations to device
Fra:1 Mem:13.63M (Peak 40.91M) | Time:00:01.12 | Mem:0.02M, Peak:0.02M | Scene, ViewLayer | Updating Particle Systems
Fra:1 Mem:13.63M (Peak 40.91M) | Time:00:01.12 | Mem:0.02M, Peak:0.02M | Scene, ViewLayer | Updating Particle Systems | Copying Particles to device
Fra:1 Mem:13.63M (Peak 40.91M) | Time:00:01.12 | Mem:0.02M, Peak:0.02M | Scene, ViewLayer | Updating Meshes
Fra:1 Mem:14.07M (Peak 40.91M) | Time:00:01.15 | Mem:0.02M, Peak:0.02M | Scene, ViewLayer | Updating Objects | Applying Static Transformations
Fra:1 Mem:14.07M (Peak 40.91M) | Time:00:01.15 | Mem:0.02M, Peak:0.02M | Scene, ViewLayer | Updating Mesh | Computing attributes
Fra:1 Mem:14.74M (Peak 40.91M) | Time:00:01.15 | Mem:0.02M, Peak:0.02M | Scene, ViewLayer | Updating Mesh | Copying Attributes to device
Fra:1 Mem:14.73M (Peak 40.91M) | Time:00:01.16 | Mem:0.68M, Peak:0.68M | Scene, ViewLayer | Updating Geometry BVH light 44/43 | Building BVH
Fra:1 Mem:14.73M (Peak 40.91M) | Time:00:01.16 | Mem:0.68M, Peak:0.68M | Scene, ViewLayer | Updating Geometry BVH Integrated propulsion nacelle.016 11/43 | Building OptiX acceleration structure
Fra:1 Mem:14.73M (Peak 40.91M) | Time:00:01.16 | Mem:0.68M, Peak:0.68M | Scene, ViewLayer | Updating Geometry BVH Deep intake duct.017 43/43 | Building BVH
Fra:1 Mem:14.73M (Peak 40.91M) | Time:00:01.16 | Mem:0.68M, Peak:0.68M | Scene, ViewLayer | Updating Geometry BVH Contoured expansion nozzle.034 12/43 | Building OptiX acceleration structure
Fra:1 Mem:14.73M (Peak 40.91M) | Time:00:01.16 | Mem:0.68M, Peak:0.68M | Scene, ViewLayer | Updating Geometry BVH Nozzle petal seam.408 13/43 | Building OptiX acceleration structure
Fra:1 Mem:14.82M (Peak 40.91M) | Time:00:01.16 | Mem:0.73M, Peak:0.73M | Scene, ViewLayer | Updating Geometry BVH Nozzle petal seam.409 14/43 | Building BVH
Fra:1 Mem:14.82M (Peak 40.91M) | Time:00:01.16 | Mem:0.73M, Peak:0.73M | Scene, ViewLayer | Updating Geometry BVH Nozzle petal seam.409 14/43 | Building OptiX acceleration structure
Fra:1 Mem:14.97M (Peak 40.91M) | Time:00:01.16 | Mem:1.02M, Peak:1.41M | Scene, ViewLayer | Updating Geometry BVH Nozzle petal seam.410 15/43 | Building BVH
Fra:1 Mem:14.97M (Peak 40.91M) | Time:00:01.16 | Mem:1.04M, Peak:1.41M | Scene, ViewLayer | Updating Geometry BVH Nozzle petal seam.410 15/43 | Building OptiX acceleration structure
Fra:1 Mem:14.97M (Peak 40.91M) | Time:00:01.16 | Mem:1.02M, Peak:1.41M | Scene, ViewLayer | Updating Geometry BVH Deep ion throat.035 42/43 | Building BVH
Fra:1 Mem:14.97M (Peak 40.91M) | Time:00:01.16 | Mem:1.03M, Peak:1.41M | Scene, ViewLayer | Updating Geometry BVH Deep ion throat.035 42/43 | Building OptiX acceleration structure
Fra:1 Mem:14.99M (Peak 40.91M) | Time:00:01.16 | Mem:1.04M, Peak:1.41M | Scene, ViewLayer | Updating Geometry BVH Nozzle petal seam.411 16/43 | Building BVH
Fra:1 Mem:14.99M (Peak 40.91M) | Time:00:01.16 | Mem:1.07M, Peak:1.41M | Scene, ViewLayer | Updating Geometry BVH Nozzle petal seam.411 16/43 | Building OptiX acceleration structure
Fra:1 Mem:14.98M (Peak 40.91M) | Time:00:01.16 | Mem:1.04M, Peak:1.41M | Scene, ViewLayer | Updating Geometry BVH Nozzle petal seam.412 17/43 | Building BVH
Fra:1 Mem:14.98M (Peak 40.91M) | Time:00:01.16 | Mem:1.04M, Peak:1.41M | Scene, ViewLayer | Updating Geometry BVH Nozzle petal seam.412 17/43 | Building OptiX acceleration structure
Fra:1 Mem:14.98M (Peak 40.91M) | Time:00:01.16 | Mem:1.04M, Peak:1.41M | Scene, ViewLayer | Updating Geometry BVH Nozzle petal seam.413 18/43 | Building BVH
Fra:1 Mem:14.98M (Peak 40.91M) | Time:00:01.16 | Mem:1.04M, Peak:1.41M | Scene, ViewLayer | Updating Geometry BVH Nozzle petal seam.413 18/43 | Building OptiX acceleration structure
Fra:1 Mem:14.85M (Peak 40.91M) | Time:00:01.17 | Mem:1.08M, Peak:1.56M | Scene, ViewLayer | Updating Geometry BVH Nozzle petal seam.414 19/43 | Building BVH
Fra:1 Mem:14.85M (Peak 40.91M) | Time:00:01.17 | Mem:1.49M, Peak:1.56M | Scene, ViewLayer | Updating Geometry BVH Nozzle petal seam.414 19/43 | Building OptiX acceleration structure
Fra:1 Mem:14.77M (Peak 40.91M) | Time:00:01.17 | Mem:1.10M, Peak:1.56M | Scene, ViewLayer | Updating Geometry BVH Nozzle petal seam.415 20/43 | Building BVH
Fra:1 Mem:14.77M (Peak 40.91M) | Time:00:01.17 | Mem:1.11M, Peak:1.56M | Scene, ViewLayer | Updating Geometry BVH Nozzle petal seam.415 20/43 | Building OptiX acceleration structure
Fra:1 Mem:14.77M (Peak 40.91M) | Time:00:01.17 | Mem:1.10M, Peak:1.56M | Scene, ViewLayer | Updating Geometry BVH Nozzle petal seam.416 21/43 | Building BVH
Fra:1 Mem:14.77M (Peak 40.91M) | Time:00:01.17 | Mem:1.10M, Peak:1.56M | Scene, ViewLayer | Updating Geometry BVH Nozzle petal seam.416 21/43 | Building OptiX acceleration structure
Fra:1 Mem:14.77M (Peak 40.91M) | Time:00:01.17 | Mem:1.10M, Peak:1.56M | Scene, ViewLayer | Updating Geometry BVH Nozzle petal seam.417 22/43 | Building BVH
Fra:1 Mem:14.77M (Peak 40.91M) | Time:00:01.17 | Mem:1.14M, Peak:1.56M | Scene, ViewLayer | Updating Geometry BVH Nozzle petal seam.417 22/43 | Building OptiX acceleration structure
Fra:1 Mem:14.76M (Peak 40.91M) | Time:00:01.17 | Mem:1.11M, Peak:1.56M | Scene, ViewLayer | Updating Geometry BVH Nozzle petal seam.418 23/43 | Building BVH
Fra:1 Mem:14.76M (Peak 40.91M) | Time:00:01.17 | Mem:1.11M, Peak:1.56M | Scene, ViewLayer | Updating Geometry BVH Nozzle petal seam.418 23/43 | Building OptiX acceleration structure
Fra:1 Mem:14.76M (Peak 40.91M) | Time:00:01.17 | Mem:1.11M, Peak:1.56M | Scene, ViewLayer | Updating Geometry BVH Nozzle petal seam.419 24/43 | Building BVH
Fra:1 Mem:14.76M (Peak 40.91M) | Time:00:01.17 | Mem:1.11M, Peak:1.56M | Scene, ViewLayer | Updating Geometry BVH Nozzle petal seam.419 24/43 | Building OptiX acceleration structure
Fra:1 Mem:14.76M (Peak 40.91M) | Time:00:01.17 | Mem:1.11M, Peak:1.56M | Scene, ViewLayer | Updating Geometry BVH Deep ion throat.034 25/43 | Building BVH
Fra:1 Mem:14.76M (Peak 40.91M) | Time:00:01.17 | Mem:1.11M, Peak:1.56M | Scene, ViewLayer | Updating Geometry BVH Deep ion throat.034 25/43 | Building OptiX acceleration structure
Fra:1 Mem:14.78M (Peak 40.91M) | Time:00:01.17 | Mem:1.13M, Peak:1.56M | Scene, ViewLayer | Updating Geometry BVH Deep intake duct.016 26/43 | Building BVH
Fra:1 Mem:14.78M (Peak 40.91M) | Time:00:01.17 | Mem:1.13M, Peak:1.56M | Scene, ViewLayer | Updating Geometry BVH Deep intake duct.016 26/43 | Building OptiX acceleration structure
Fra:1 Mem:14.76M (Peak 40.91M) | Time:00:01.17 | Mem:1.13M, Peak:1.56M | Scene, ViewLayer | Updating Geometry BVH Nozzle petal seam.431 41/43 | Building BVH
Fra:1 Mem:14.76M (Peak 40.91M) | Time:00:01.17 | Mem:1.13M, Peak:1.56M | Scene, ViewLayer | Updating Geometry BVH Nozzle petal seam.431 41/43 | Building OptiX acceleration structure
Fra:1 Mem:14.76M (Peak 40.91M) | Time:00:01.17 | Mem:1.13M, Peak:1.56M | Scene, ViewLayer | Updating Geometry BVH Integrated lifting hull.017 27/43 | Building BVH
Fra:1 Mem:14.76M (Peak 40.91M) | Time:00:01.17 | Mem:1.13M, Peak:1.56M | Scene, ViewLayer | Updating Geometry BVH Integrated lifting hull.017 27/43 | Building OptiX acceleration structure
Fra:1 Mem:14.77M (Peak 40.91M) | Time:00:01.18 | Mem:1.14M, Peak:1.56M | Scene, ViewLayer | Updating Geometry BVH Integrated propulsion nacelle.017 28/43 | Building BVH
Fra:1 Mem:14.77M (Peak 40.91M) | Time:00:01.18 | Mem:1.14M, Peak:1.56M | Scene, ViewLayer | Updating Geometry BVH Integrated propulsion nacelle.017 28/43 | Building OptiX acceleration structure
Fra:1 Mem:14.77M (Peak 40.91M) | Time:00:01.18 | Mem:1.14M, Peak:1.56M | Scene, ViewLayer | Updating Geometry BVH Contoured expansion nozzle.035 29/43 | Building BVH
Fra:1 Mem:14.77M (Peak 40.91M) | Time:00:01.18 | Mem:1.15M, Peak:1.56M | Scene, ViewLayer | Updating Geometry BVH Contoured expansion nozzle.035 29/43 | Building OptiX acceleration structure
Fra:1 Mem:14.78M (Peak 40.91M) | Time:00:01.18 | Mem:1.15M, Peak:1.56M | Scene, ViewLayer | Updating Geometry BVH Nozzle petal seam.420 30/43 | Building BVH
Fra:1 Mem:14.78M (Peak 40.91M) | Time:00:01.18 | Mem:1.15M, Peak:1.56M | Scene, ViewLayer | Updating Geometry BVH Nozzle petal seam.420 30/43 | Building OptiX acceleration structure
Fra:1 Mem:14.78M (Peak 40.91M) | Time:00:01.18 | Mem:1.16M, Peak:1.56M | Scene, ViewLayer | Updating Geometry BVH Nozzle petal seam.421 31/43 | Building BVH
Fra:1 Mem:14.78M (Peak 40.91M) | Time:00:01.18 | Mem:1.16M, Peak:1.56M | Scene, ViewLayer | Updating Geometry BVH Nozzle petal seam.421 31/43 | Building OptiX acceleration structure
Fra:1 Mem:14.78M (Peak 40.91M) | Time:00:01.18 | Mem:1.16M, Peak:1.56M | Scene, ViewLayer | Updating Geometry BVH Nozzle petal seam.422 32/43 | Building BVH
Fra:1 Mem:14.78M (Peak 40.91M) | Time:00:01.18 | Mem:1.16M, Peak:1.56M | Scene, ViewLayer | Updating Geometry BVH Nozzle petal seam.422 32/43 | Building OptiX acceleration structure
Fra:1 Mem:14.78M (Peak 40.91M) | Time:00:01.18 | Mem:1.16M, Peak:1.56M | Scene, ViewLayer | Updating Geometry BVH Nozzle petal seam.423 33/43 | Building BVH
Fra:1 Mem:14.78M (Peak 40.91M) | Time:00:01.18 | Mem:1.16M, Peak:1.56M | Scene, ViewLayer | Updating Geometry BVH Nozzle petal seam.423 33/43 | Building OptiX acceleration structure
Fra:1 Mem:14.78M (Peak 40.91M) | Time:00:01.18 | Mem:1.16M, Peak:1.56M | Scene, ViewLayer | Updating Geometry BVH Nozzle petal seam.424 34/43 | Building BVH
Fra:1 Mem:14.78M (Peak 40.91M) | Time:00:01.18 | Mem:1.17M, Peak:1.56M | Scene, ViewLayer | Updating Geometry BVH Nozzle petal seam.424 34/43 | Building OptiX acceleration structure
Fra:1 Mem:14.78M (Peak 40.91M) | Time:00:01.18 | Mem:1.16M, Peak:1.56M | Scene, ViewLayer | Updating Geometry BVH Nozzle petal seam.425 35/43 | Building BVH
Fra:1 Mem:14.78M (Peak 40.91M) | Time:00:01.18 | Mem:1.22M, Peak:1.56M | Scene, ViewLayer | Updating Geometry BVH Nozzle petal seam.425 35/43 | Building OptiX acceleration structure
Fra:1 Mem:14.76M (Peak 40.91M) | Time:00:01.18 | Mem:1.15M, Peak:1.56M | Scene, ViewLayer | Updating Geometry BVH Nozzle petal seam.426 36/43 | Building BVH
Fra:1 Mem:14.76M (Peak 40.91M) | Time:00:01.18 | Mem:1.17M, Peak:1.56M | Scene, ViewLayer | Updating Geometry BVH Nozzle petal seam.426 36/43 | Building OptiX acceleration structure
Fra:1 Mem:14.76M (Peak 40.91M) | Time:00:01.18 | Mem:1.16M, Peak:1.56M | Scene, ViewLayer | Updating Geometry BVH Nozzle petal seam.427 37/43 | Building BVH
Fra:1 Mem:14.76M (Peak 40.91M) | Time:00:01.18 | Mem:1.16M, Peak:1.56M | Scene, ViewLayer | Updating Geometry BVH Nozzle petal seam.427 37/43 | Building OptiX acceleration structure
Fra:1 Mem:14.76M (Peak 40.91M) | Time:00:01.18 | Mem:1.16M, Peak:1.56M | Scene, ViewLayer | Updating Geometry BVH Nozzle petal seam.430 40/43 | Building BVH
Fra:1 Mem:14.76M (Peak 40.91M) | Time:00:01.18 | Mem:1.19M, Peak:1.56M | Scene, ViewLayer | Updating Geometry BVH Nozzle petal seam.430 40/43 | Building OptiX acceleration structure
Fra:1 Mem:14.75M (Peak 40.91M) | Time:00:01.18 | Mem:1.16M, Peak:1.56M | Scene, ViewLayer | Updating Geometry BVH Nozzle petal seam.428 38/43 | Building BVH
Fra:1 Mem:14.75M (Peak 40.91M) | Time:00:01.18 | Mem:1.19M, Peak:1.56M | Scene, ViewLayer | Updating Geometry BVH Nozzle petal seam.428 38/43 | Building OptiX acceleration structure
Fra:1 Mem:14.74M (Peak 40.91M) | Time:00:01.19 | Mem:1.16M, Peak:1.56M | Scene, ViewLayer | Updating Geometry BVH Nozzle petal seam.429 39/43 | Building BVH
Fra:1 Mem:14.74M (Peak 40.91M) | Time:00:01.19 | Mem:1.17M, Peak:1.56M | Scene, ViewLayer | Updating Geometry BVH Nozzle petal seam.429 39/43 | Building OptiX acceleration structure
Fra:1 Mem:14.73M (Peak 40.91M) | Time:00:01.20 | Mem:1.17M, Peak:1.56M | Scene, ViewLayer | Updating Scene BVH | Building
Fra:1 Mem:14.73M (Peak 40.91M) | Time:00:01.20 | Mem:1.17M, Peak:1.56M | Scene, ViewLayer | Updating Scene BVH | Building OptiX acceleration structure
Fra:1 Mem:14.73M (Peak 40.91M) | Time:00:01.20 | Mem:1.18M, Peak:1.56M | Scene, ViewLayer | Updating Scene BVH | Copying BVH to device
Fra:1 Mem:14.73M (Peak 40.91M) | Time:00:01.20 | Mem:1.18M, Peak:1.56M | Scene, ViewLayer | Updating Mesh | Computing normals
Fra:1 Mem:15.29M (Peak 40.91M) | Time:00:01.20 | Mem:1.18M, Peak:1.56M | Scene, ViewLayer | Updating Mesh | Copying Mesh to device
Fra:1 Mem:15.29M (Peak 40.91M) | Time:00:01.20 | Mem:1.73M, Peak:1.73M | Scene, ViewLayer | Updating Objects Flags
Fra:1 Mem:15.29M (Peak 40.91M) | Time:00:01.20 | Mem:1.73M, Peak:1.73M | Scene, ViewLayer | Updating Primitive Offsets
Fra:1 Mem:15.29M (Peak 40.91M) | Time:00:01.20 | Mem:1.73M, Peak:1.73M | Scene, ViewLayer | Updating Images
Fra:1 Mem:15.29M (Peak 40.91M) | Time:00:01.20 | Mem:1.73M, Peak:1.73M | Scene, ViewLayer | Updating Images | Loading panel-normal.png
Fra:1 Mem:15.29M (Peak 40.91M) | Time:00:01.20 | Mem:1.73M, Peak:1.73M | Scene, ViewLayer | Updating Images | Loading white-basecolor.png
Fra:1 Mem:15.29M (Peak 40.91M) | Time:00:01.20 | Mem:1.73M, Peak:1.73M | Scene, ViewLayer | Updating Images | Loading paint-orm.png
Fra:1 Mem:31.30M (Peak 40.91M) | Time:00:01.39 | Mem:17.73M, Peak:17.73M | Scene, ViewLayer | Updating Camera Volume
Fra:1 Mem:31.30M (Peak 40.91M) | Time:00:01.39 | Mem:17.73M, Peak:17.73M | Scene, ViewLayer | Updating Lookup Tables
Fra:1 Mem:31.30M (Peak 40.91M) | Time:00:01.40 | Mem:17.81M, Peak:17.81M | Scene, ViewLayer | Updating Lights
Fra:1 Mem:31.30M (Peak 40.91M) | Time:00:01.40 | Mem:17.81M, Peak:17.81M | Scene, ViewLayer | Updating Lights | Computing tree
Fra:1 Mem:31.49M (Peak 40.91M) | Time:00:01.40 | Mem:18.00M, Peak:18.00M | Scene, ViewLayer | Updating Integrator
Fra:1 Mem:31.49M (Peak 40.91M) | Time:00:01.40 | Mem:18.00M, Peak:18.00M | Scene, ViewLayer | Updating Film
Fra:1 Mem:31.49M (Peak 40.91M) | Time:00:01.40 | Mem:17.92M, Peak:18.00M | Scene, ViewLayer | Updating Lookup Tables
Fra:1 Mem:31.49M (Peak 40.91M) | Time:00:01.40 | Mem:18.01M, Peak:18.01M | Scene, ViewLayer | Updating Baking
Fra:1 Mem:31.49M (Peak 40.91M) | Time:00:01.41 | Mem:18.01M, Peak:18.01M | Scene, ViewLayer | Updating Device | Writing constant memory
Fra:1 Mem:31.50M (Peak 40.91M) | Time:00:01.41 | Mem:18.01M, Peak:18.01M | Scene, ViewLayer | Loading denoising kernels (may take a few minutes the first time)
Fra:1 Mem:35.50M (Peak 40.91M) | Time:00:01.43 | Mem:370.01M, Peak:370.01M | Scene, ViewLayer | Sample 0/24
Fra:1 Mem:82.47M (Peak 82.47M) | Time:00:01.46 | Remaining:00:00.62 | Mem:416.99M, Peak:416.99M | Scene, ViewLayer | Sample 1/24
Fra:1 Mem:102.25M (Peak 131.92M) | Time:00:07.29 | Mem:416.99M, Peak:416.99M | Scene, ViewLayer | Sample 24/24
Fra:1 Mem:102.25M (Peak 131.92M) | Time:00:07.29 | Mem:416.99M, Peak:416.99M | Scene, ViewLayer | Finished
Saved: 'D:\vibe-coding-e\nova-swarm-forum-129-improvements-20260822\docs\fleet-art-v2\ships\12\surfaced.png'
Time: 00:08.26 (Saving: 00:00.39)

Info: Saved as "source.blend"
17:13:44 | INFO: Starting glTF 2.0 export
17:13:44 | INFO: Extracting primitive: Continuous pressure fuselage.008
17:13:44 | WARNING: More than one shader node tex image used for a texture. The resulting glTF sampler will behave like the first shader node tex image.
17:13:44 | WARNING: More than one shader node tex image used for a texture. The resulting glTF sampler will behave like the first shader node tex image.
17:13:44 | INFO: Primitives created: 6
17:13:44 | INFO: Finished glTF 2.0 export in 0.3281271457672119 s
Fra:1 Mem:15.06M (Peak 30.56M) | Time:00:00.26 | Mem:0.00M, Peak:0.00M | Scene, ViewLayer | Synchronizing object | Broad neutral key
Fra:1 Mem:15.06M (Peak 30.56M) | Time:00:00.26 | Mem:0.00M, Peak:0.00M | Scene, ViewLayer | Synchronizing object | VioletFeintV2
Fra:1 Mem:16.61M (Peak 30.56M) | Time:00:00.26 | Mem:0.00M, Peak:0.00M | Scene, ViewLayer | Initializing
Fra:1 Mem:16.13M (Peak 30.56M) | Time:00:00.26 | Mem:0.00M, Peak:0.00M | Scene, ViewLayer | Waiting for render to start
Fra:1 Mem:16.13M (Peak 30.56M) | Time:00:00.26 | Mem:0.00M, Peak:0.00M | Scene, ViewLayer | Updating Scene
Fra:1 Mem:16.13M (Peak 30.56M) | Time:00:00.26 | Mem:0.00M, Peak:0.00M | Scene, ViewLayer | Updating Shaders
Fra:1 Mem:16.13M (Peak 30.56M) | Time:00:00.26 | Mem:0.00M, Peak:0.00M | Scene, ViewLayer | Loading render kernels (may take a few minutes the first time)
Fra:1 Mem:16.22M (Peak 43.51M) | Time:00:00.43 | Mem:0.01M, Peak:0.01M | Scene, ViewLayer | Updating Procedurals
Fra:1 Mem:16.22M (Peak 43.51M) | Time:00:00.43 | Mem:0.01M, Peak:0.01M | Scene, ViewLayer | Updating Background
Fra:1 Mem:16.22M (Peak 43.51M) | Time:00:00.43 | Mem:0.01M, Peak:0.01M | Scene, ViewLayer | Updating Camera
Fra:1 Mem:16.22M (Peak 43.51M) | Time:00:00.43 | Mem:0.01M, Peak:0.01M | Scene, ViewLayer | Updating Meshes Flags
Fra:1 Mem:16.22M (Peak 43.51M) | Time:00:00.43 | Mem:0.01M, Peak:0.01M | Scene, ViewLayer | Updating Objects
Fra:1 Mem:16.22M (Peak 43.51M) | Time:00:00.43 | Mem:0.01M, Peak:0.01M | Scene, ViewLayer | Updating Objects | Copying Transformations to device
Fra:1 Mem:16.22M (Peak 43.51M) | Time:00:00.43 | Mem:0.01M, Peak:0.01M | Scene, ViewLayer | Updating Particle Systems
Fra:1 Mem:16.22M (Peak 43.51M) | Time:00:00.43 | Mem:0.01M, Peak:0.01M | Scene, ViewLayer | Updating Particle Systems | Copying Particles to device
Fra:1 Mem:16.22M (Peak 43.51M) | Time:00:00.43 | Mem:0.01M, Peak:0.01M | Scene, ViewLayer | Updating Meshes
Fra:1 Mem:17.28M (Peak 43.51M) | Time:00:00.44 | Mem:0.01M, Peak:0.01M | Scene, ViewLayer | Updating Objects | Applying Static Transformations
Fra:1 Mem:17.28M (Peak 43.51M) | Time:00:00.44 | Mem:0.01M, Peak:0.01M | Scene, ViewLayer | Updating Mesh | Computing attributes
Fra:1 Mem:18.69M (Peak 43.51M) | Time:00:00.45 | Mem:0.01M, Peak:0.01M | Scene, ViewLayer | Updating Mesh | Copying Attributes to device
Fra:1 Mem:18.69M (Peak 43.51M) | Time:00:00.45 | Mem:1.42M, Peak:1.42M | Scene, ViewLayer | Updating Geometry BVH light 5/4 | Building BVH
Fra:1 Mem:18.69M (Peak 43.51M) | Time:00:00.45 | Mem:1.42M, Peak:1.42M | Scene, ViewLayer | Updating Geometry BVH Neutral fill 3/4 | Building OptiX acceleration structure
Fra:1 Mem:18.69M (Peak 43.51M) | Time:00:00.45 | Mem:1.42M, Peak:1.42M | Scene, ViewLayer | Updating Geometry BVH Continuous pressure fuselage.008 4/4 | Building OptiX acceleration structure
Fra:1 Mem:18.69M (Peak 43.51M) | Time:00:00.45 | Mem:1.88M, Peak:3.27M | Scene, ViewLayer | Updating Scene BVH | Building
Fra:1 Mem:18.69M (Peak 43.51M) | Time:00:00.45 | Mem:1.88M, Peak:3.27M | Scene, ViewLayer | Updating Scene BVH | Building OptiX acceleration structure
Fra:1 Mem:18.69M (Peak 43.51M) | Time:00:00.45 | Mem:1.88M, Peak:3.27M | Scene, ViewLayer | Updating Scene BVH | Copying BVH to device
Fra:1 Mem:18.69M (Peak 43.51M) | Time:00:00.45 | Mem:1.88M, Peak:3.27M | Scene, ViewLayer | Updating Mesh | Computing normals
Fra:1 Mem:19.24M (Peak 43.51M) | Time:00:00.45 | Mem:1.88M, Peak:3.27M | Scene, ViewLayer | Updating Mesh | Copying Mesh to device
Fra:1 Mem:19.24M (Peak 43.51M) | Time:00:00.45 | Mem:2.43M, Peak:3.27M | Scene, ViewLayer | Updating Objects Flags
Fra:1 Mem:19.24M (Peak 43.51M) | Time:00:00.45 | Mem:2.43M, Peak:3.27M | Scene, ViewLayer | Updating Primitive Offsets
Fra:1 Mem:19.24M (Peak 43.51M) | Time:00:00.45 | Mem:2.43M, Peak:3.27M | Scene, ViewLayer | Updating Images
Fra:1 Mem:19.24M (Peak 43.51M) | Time:00:00.45 | Mem:2.43M, Peak:3.27M | Scene, ViewLayer | Updating Images | Loading panel-normal.png
Fra:1 Mem:23.24M (Peak 43.51M) | Time:00:00.45 | Mem:2.43M, Peak:3.27M | Scene, ViewLayer | Updating Images | Loading white-basecolor.png
Fra:1 Mem:27.24M (Peak 43.51M) | Time:00:00.45 | Mem:2.43M, Peak:3.27M | Scene, ViewLayer | Updating Images | Loading paint-orm.png
Fra:1 Mem:35.25M (Peak 43.51M) | Time:00:00.48 | Mem:18.43M, Peak:18.43M | Scene, ViewLayer | Updating Camera Volume
Fra:1 Mem:35.25M (Peak 43.51M) | Time:00:00.48 | Mem:18.43M, Peak:18.43M | Scene, ViewLayer | Updating Lookup Tables
Fra:1 Mem:35.25M (Peak 43.51M) | Time:00:00.48 | Mem:18.51M, Peak:18.51M | Scene, ViewLayer | Updating Lights
Fra:1 Mem:35.25M (Peak 43.51M) | Time:00:00.48 | Mem:18.51M, Peak:18.51M | Scene, ViewLayer | Updating Lights | Computing tree
Fra:1 Mem:35.51M (Peak 43.51M) | Time:00:00.49 | Mem:18.77M, Peak:18.77M | Scene, ViewLayer | Updating Integrator
Fra:1 Mem:35.51M (Peak 43.51M) | Time:00:00.49 | Mem:18.77M, Peak:18.77M | Scene, ViewLayer | Updating Film
Fra:1 Mem:35.51M (Peak 43.51M) | Time:00:00.49 | Mem:18.69M, Peak:18.77M | Scene, ViewLayer | Updating Lookup Tables
Fra:1 Mem:35.51M (Peak 43.51M) | Time:00:00.49 | Mem:18.77M, Peak:18.77M | Scene, ViewLayer | Updating Baking
Fra:1 Mem:35.51M (Peak 43.51M) | Time:00:00.49 | Mem:18.77M, Peak:18.77M | Scene, ViewLayer | Updating Device | Writing constant memory
Fra:1 Mem:35.52M (Peak 43.51M) | Time:00:00.49 | Mem:18.77M, Peak:18.77M | Scene, ViewLayer | Loading denoising kernels (may take a few minutes the first time)
Fra:1 Mem:39.52M (Peak 43.51M) | Time:00:00.51 | Mem:370.77M, Peak:370.77M | Scene, ViewLayer | Sample 0/24
Fra:1 Mem:115.52M (Peak 115.52M) | Time:00:00.61 | Remaining:00:02.16 | Mem:446.79M, Peak:446.79M | Scene, ViewLayer | Sample 1/24
Fra:1 Mem:147.53M (Peak 195.53M) | Time:00:09.71 | Mem:446.79M, Peak:446.79M | Scene, ViewLayer | Sample 24/24
Fra:1 Mem:147.53M (Peak 195.53M) | Time:00:09.71 | Mem:446.79M, Peak:446.79M | Scene, ViewLayer | Finished
Saved: 'D:\vibe-coding-e\nova-swarm-forum-129-improvements-20260822\docs\fleet-art-v2\ships\12\export\showroom.png'
Time: 00:10.11 (Saving: 00:00.22)

Fra:1 Mem:15.34M (Peak 15.34M) | Time:00:00.23 | Mem:0.00M, Peak:0.00M | Scene, ViewLayer | Synchronizing object | Broad neutral key
Fra:1 Mem:15.34M (Peak 15.34M) | Time:00:00.23 | Mem:0.00M, Peak:0.00M | Scene, ViewLayer | Synchronizing object | VioletFeintV2
Fra:1 Mem:16.61M (Peak 17.55M) | Time:00:00.24 | Mem:0.00M, Peak:0.00M | Scene, ViewLayer | Initializing
Fra:1 Mem:16.13M (Peak 17.55M) | Time:00:00.24 | Mem:0.00M, Peak:0.00M | Scene, ViewLayer | Waiting for render to start
Fra:1 Mem:16.13M (Peak 17.55M) | Time:00:00.24 | Mem:0.00M, Peak:0.00M | Scene, ViewLayer | Updating Scene
Fra:1 Mem:16.13M (Peak 17.55M) | Time:00:00.24 | Mem:0.00M, Peak:0.00M | Scene, ViewLayer | Updating Shaders
Fra:1 Mem:16.13M (Peak 17.55M) | Time:00:00.24 | Mem:0.00M, Peak:0.00M | Scene, ViewLayer | Loading render kernels (may take a few minutes the first time)
Fra:1 Mem:16.22M (Peak 43.51M) | Time:00:00.39 | Mem:0.01M, Peak:0.01M | Scene, ViewLayer | Updating Procedurals
Fra:1 Mem:16.22M (Peak 43.51M) | Time:00:00.39 | Mem:0.01M, Peak:0.01M | Scene, ViewLayer | Updating Background
Fra:1 Mem:16.22M (Peak 43.51M) | Time:00:00.39 | Mem:0.01M, Peak:0.01M | Scene, ViewLayer | Updating Camera
Fra:1 Mem:16.22M (Peak 43.51M) | Time:00:00.39 | Mem:0.01M, Peak:0.01M | Scene, ViewLayer | Updating Meshes Flags
Fra:1 Mem:16.22M (Peak 43.51M) | Time:00:00.39 | Mem:0.01M, Peak:0.01M | Scene, ViewLayer | Updating Objects
Fra:1 Mem:16.22M (Peak 43.51M) | Time:00:00.39 | Mem:0.01M, Peak:0.01M | Scene, ViewLayer | Updating Objects | Copying Transformations to device
Fra:1 Mem:16.22M (Peak 43.51M) | Time:00:00.39 | Mem:0.01M, Peak:0.01M | Scene, ViewLayer | Updating Particle Systems
Fra:1 Mem:16.22M (Peak 43.51M) | Time:00:00.39 | Mem:0.01M, Peak:0.01M | Scene, ViewLayer | Updating Particle Systems | Copying Particles to device
Fra:1 Mem:16.22M (Peak 43.51M) | Time:00:00.40 | Mem:0.01M, Peak:0.01M | Scene, ViewLayer | Updating Meshes
Fra:1 Mem:17.28M (Peak 43.51M) | Time:00:00.41 | Mem:0.01M, Peak:0.01M | Scene, ViewLayer | Updating Objects | Applying Static Transformations
Fra:1 Mem:17.28M (Peak 43.51M) | Time:00:00.41 | Mem:0.01M, Peak:0.01M | Scene, ViewLayer | Updating Mesh | Computing attributes
Fra:1 Mem:18.69M (Peak 43.51M) | Time:00:00.41 | Mem:0.01M, Peak:0.01M | Scene, ViewLayer | Updating Mesh | Copying Attributes to device
Fra:1 Mem:18.69M (Peak 43.51M) | Time:00:00.42 | Mem:1.42M, Peak:1.42M | Scene, ViewLayer | Updating Geometry BVH light 5/4 | Building BVH
Fra:1 Mem:18.69M (Peak 43.51M) | Time:00:00.42 | Mem:1.42M, Peak:1.42M | Scene, ViewLayer | Updating Geometry BVH Continuous pressure fuselage.008 4/4 | Building BVH
Fra:1 Mem:18.69M (Peak 43.51M) | Time:00:00.42 | Mem:1.42M, Peak:1.42M | Scene, ViewLayer | Updating Geometry BVH Continuous pressure fuselage.008 4/4 | Building OptiX acceleration structure
Fra:1 Mem:18.69M (Peak 43.51M) | Time:00:00.42 | Mem:1.88M, Peak:3.27M | Scene, ViewLayer | Updating Scene BVH | Building
Fra:1 Mem:18.69M (Peak 43.51M) | Time:00:00.42 | Mem:1.88M, Peak:3.27M | Scene, ViewLayer | Updating Scene BVH | Building OptiX acceleration structure
Fra:1 Mem:18.69M (Peak 43.51M) | Time:00:00.42 | Mem:1.88M, Peak:3.27M | Scene, ViewLayer | Updating Scene BVH | Copying BVH to device
Fra:1 Mem:18.69M (Peak 43.51M) | Time:00:00.42 | Mem:1.88M, Peak:3.27M | Scene, ViewLayer | Updating Mesh | Computing normals
Fra:1 Mem:19.24M (Peak 43.51M) | Time:00:00.42 | Mem:1.88M, Peak:3.27M | Scene, ViewLayer | Updating Mesh | Copying Mesh to device
Fra:1 Mem:19.24M (Peak 43.51M) | Time:00:00.42 | Mem:2.43M, Peak:3.27M | Scene, ViewLayer | Updating Objects Flags
Fra:1 Mem:19.24M (Peak 43.51M) | Time:00:00.42 | Mem:2.43M, Peak:3.27M | Scene, ViewLayer | Updating Primitive Offsets
Fra:1 Mem:19.24M (Peak 43.51M) | Time:00:00.42 | Mem:2.43M, Peak:3.27M | Scene, ViewLayer | Updating Images
Fra:1 Mem:19.24M (Peak 43.51M) | Time:00:00.42 | Mem:2.43M, Peak:3.27M | Scene, ViewLayer | Updating Images | Loading panel-normal.png
Fra:1 Mem:23.24M (Peak 43.51M) | Time:00:00.42 | Mem:2.43M, Peak:3.27M | Scene, ViewLayer | Updating Images | Loading cobalt-basecolor.png
Fra:1 Mem:27.24M (Peak 43.51M) | Time:00:00.42 | Mem:2.43M, Peak:3.27M | Scene, ViewLayer | Updating Images | Loading paint-orm.png
Fra:1 Mem:35.25M (Peak 43.51M) | Time:00:00.44 | Mem:18.43M, Peak:18.43M | Scene, ViewLayer | Updating Camera Volume
Fra:1 Mem:35.25M (Peak 43.51M) | Time:00:00.44 | Mem:18.43M, Peak:18.43M | Scene, ViewLayer | Updating Lookup Tables
Fra:1 Mem:35.25M (Peak 43.51M) | Time:00:00.44 | Mem:18.51M, Peak:18.51M | Scene, ViewLayer | Updating Lights
Fra:1 Mem:35.25M (Peak 43.51M) | Time:00:00.44 | Mem:18.51M, Peak:18.51M | Scene, ViewLayer | Updating Lights | Computing tree
Fra:1 Mem:35.51M (Peak 43.51M) | Time:00:00.45 | Mem:18.77M, Peak:18.77M | Scene, ViewLayer | Updating Integrator
Fra:1 Mem:35.51M (Peak 43.51M) | Time:00:00.45 | Mem:18.77M, Peak:18.77M | Scene, ViewLayer | Updating Film
Fra:1 Mem:35.51M (Peak 43.51M) | Time:00:00.45 | Mem:18.69M, Peak:18.77M | Scene, ViewLayer | Updating Lookup Tables
Fra:1 Mem:35.51M (Peak 43.51M) | Time:00:00.45 | Mem:18.77M, Peak:18.77M | Scene, ViewLayer | Updating Baking
Fra:1 Mem:35.51M (Peak 43.51M) | Time:00:00.45 | Mem:18.77M, Peak:18.77M | Scene, ViewLayer | Updating Device | Writing constant memory
Fra:1 Mem:35.52M (Peak 43.51M) | Time:00:00.45 | Mem:18.77M, Peak:18.77M | Scene, ViewLayer | Loading denoising kernels (may take a few minutes the first time)
Fra:1 Mem:39.52M (Peak 43.51M) | Time:00:00.48 | Mem:370.77M, Peak:370.77M | Scene, ViewLayer | Sample 0/24
Fra:1 Mem:58.52M (Peak 58.52M) | Time:00:00.55 | Remaining:00:01.62 | Mem:389.79M, Peak:389.79M | Scene, ViewLayer | Sample 1/24
Fra:1 Mem:66.53M (Peak 78.53M) | Time:00:02.85 | Mem:389.79M, Peak:389.79M | Scene, ViewLayer | Sample 24/24
Fra:1 Mem:66.53M (Peak 78.53M) | Time:00:02.85 | Mem:389.79M, Peak:389.79M | Scene, ViewLayer | Finished
Saved: 'D:\vibe-coding-e\nova-swarm-forum-129-improvements-20260822\docs\fleet-art-v2\ships\12\export\player.png'
Time: 00:03.04 (Saving: 00:00.06)


FLEET_V2_COMPLETE 12 Violet Feint
Read blend: "D:\vibe-coding-e\nova-swarm-forum-129-improvements-20260822\docs\fleet-art-v2\ships\13\source.blend"
Fra:1 Mem:14.62M (Peak 14.62M) | Time:00:00.26 | Mem:0.00M, Peak:0.00M | Scene, ViewLayer | Synchronizing object | Broad neutral key
Fra:1 Mem:14.63M (Peak 14.63M) | Time:00:00.26 | Mem:0.00M, Peak:0.00M | Scene, ViewLayer | Synchronizing object | Neutral fill
Fra:1 Mem:14.94M (Peak 14.94M) | Time:00:00.32 | Mem:0.00M, Peak:0.00M | Scene, ViewLayer | Synchronizing object | Continuous pressure fuselage
Fra:1 Mem:15.80M (Peak 15.80M) | Time:00:00.37 | Mem:0.00M, Peak:0.00M | Scene, ViewLayer | Synchronizing object | Cockpit integrated coaming
Fra:1 Mem:16.32M (Peak 16.32M) | Time:00:00.42 | Mem:0.00M, Peak:0.00M | Scene, ViewLayer | Synchronizing object | Pressure canopy glazing
Fra:1 Mem:16.37M (Peak 16.37M) | Time:00:00.42 | Mem:0.00M, Peak:0.00M | Scene, ViewLayer | Synchronizing object | Canopy lower frame
Fra:1 Mem:16.57M (Peak 16.57M) | Time:00:00.42 | Mem:0.00M, Peak:0.00M | Scene, ViewLayer | Synchronizing object | Canopy lower frame.001
Fra:1 Mem:16.61M (Peak 16.61M) | Time:00:00.42 | Mem:0.00M, Peak:0.00M | Scene, ViewLayer | Synchronizing object | Canopy pressure bow
Fra:1 Mem:16.66M (Peak 16.66M) | Time:00:00.42 | Mem:0.00M, Peak:0.00M | Scene, ViewLayer | Synchronizing object | Integrated lifting hull
Fra:1 Mem:16.66M (Peak 16.66M) | Time:00:00.42 | Mem:0.00M, Peak:0.00M | Scene, ViewLayer | Synchronizing object | Integrated propulsion nacelle
Fra:1 Mem:16.68M (Peak 16.68M) | Time:00:00.42 | Mem:0.00M, Peak:0.00M | Scene, ViewLayer | Synchronizing object | Contoured expansion nozzle
Fra:1 Mem:16.76M (Peak 16.76M) | Time:00:00.42 | Mem:0.00M, Peak:0.00M | Scene, ViewLayer | Synchronizing object | Nozzle petal seam
Fra:1 Mem:16.76M (Peak 16.76M) | Time:00:00.42 | Mem:0.00M, Peak:0.00M | Scene, ViewLayer | Synchronizing object | Nozzle petal seam.001
Fra:1 Mem:16.76M (Peak 16.76M) | Time:00:00.43 | Mem:0.00M, Peak:0.00M | Scene, ViewLayer | Synchronizing object | Nozzle petal seam.002
Fra:1 Mem:16.76M (Peak 16.76M) | Time:00:00.43 | Mem:0.00M, Peak:0.00M | Scene, ViewLayer | Synchronizing object | Nozzle petal seam.003
Fra:1 Mem:16.76M (Peak 16.76M) | Time:00:00.43 | Mem:0.00M, Peak:0.00M | Scene, ViewLayer | Synchronizing object | Nozzle petal seam.004
Fra:1 Mem:16.77M (Peak 16.77M) | Time:00:00.43 | Mem:0.00M, Peak:0.00M | Scene, ViewLayer | Synchronizing object | Nozzle petal seam.005
Fra:1 Mem:16.77M (Peak 16.77M) | Time:00:00.43 | Mem:0.00M, Peak:0.00M | Scene, ViewLayer | Synchronizing object | Nozzle petal seam.006
Fra:1 Mem:16.77M (Peak 16.77M) | Time:00:00.43 | Mem:0.00M, Peak:0.00M | Scene, ViewLayer | Synchronizing object | Nozzle petal seam.007
Fra:1 Mem:16.77M (Peak 16.77M) | Time:00:00.43 | Mem:0.00M, Peak:0.00M | Scene, ViewLayer | Synchronizing object | Nozzle petal seam.008
Fra:1 Mem:16.77M (Peak 16.77M) | Time:00:00.43 | Mem:0.00M, Peak:0.00M | Scene, ViewLayer | Synchronizing object | Nozzle petal seam.009
Fra:1 Mem:16.78M (Peak 16.78M) | Time:00:00.43 | Mem:0.00M, Peak:0.00M | Scene, ViewLayer | Synchronizing object | Nozzle petal seam.010
Fra:1 Mem:16.78M (Peak 16.78M) | Time:00:00.43 | Mem:0.00M, Peak:0.00M | Scene, ViewLayer | Synchronizing object | Nozzle petal seam.011
Fra:1 Mem:16.78M (Peak 16.78M) | Time:00:00.43 | Mem:0.00M, Peak:0.00M | Scene, ViewLayer | Synchronizing object | Deep ion throat
Fra:1 Mem:16.87M (Peak 16.87M) | Time:00:00.43 | Mem:0.00M, Peak:0.00M | Scene, ViewLayer | Synchronizing object | Deep intake duct
Fra:1 Mem:16.94M (Peak 16.94M) | Time:00:00.44 | Mem:0.00M, Peak:0.00M | Scene, ViewLayer | Synchronizing object | Blended structural fairing
Fra:1 Mem:16.94M (Peak 16.94M) | Time:00:00.44 | Mem:0.00M, Peak:0.00M | Scene, ViewLayer | Synchronizing object | Recessed induction aperture
Fra:1 Mem:17.05M (Peak 17.05M) | Time:00:00.44 | Mem:0.00M, Peak:0.00M | Scene, ViewLayer | Synchronizing object | Integrated lifting hull.001
Fra:1 Mem:17.05M (Peak 17.05M) | Time:00:00.44 | Mem:0.00M, Peak:0.00M | Scene, ViewLayer | Synchronizing object | Integrated propulsion nacelle.001
Fra:1 Mem:17.11M (Peak 17.11M) | Time:00:00.44 | Mem:0.00M, Peak:0.00M | Scene, ViewLayer | Synchronizing object | Nozzle petal seam.012
Fra:1 Mem:17.17M (Peak 17.17M) | Time:00:00.44 | Mem:0.00M, Peak:0.00M | Scene, ViewLayer | Synchronizing object | Contoured expansion nozzle.001
Fra:1 Mem:17.21M (Peak 17.21M) | Time:00:00.44 | Mem:0.00M, Peak:0.00M | Scene, ViewLayer | Synchronizing object | Nozzle petal seam.013
Fra:1 Mem:17.27M (Peak 17.27M) | Time:00:00.44 | Mem:0.00M, Peak:0.00M | Scene, ViewLayer | Synchronizing object | Nozzle petal seam.014
Fra:1 Mem:17.21M (Peak 17.27M) | Time:00:00.44 | Mem:0.00M, Peak:0.00M | Scene, ViewLayer | Synchronizing object | Nozzle petal seam.015
Fra:1 Mem:17.21M (Peak 17.27M) | Time:00:00.44 | Mem:0.00M, Peak:0.00M | Scene, ViewLayer | Synchronizing object | Nozzle petal seam.016
Fra:1 Mem:17.21M (Peak 17.27M) | Time:00:00.44 | Mem:0.00M, Peak:0.00M | Scene, ViewLayer | Synchronizing object | Nozzle petal seam.017
Fra:1 Mem:17.22M (Peak 17.27M) | Time:00:00.44 | Mem:0.00M, Peak:0.00M | Scene, ViewLayer | Synchronizing object | Nozzle petal seam.018
Fra:1 Mem:17.22M (Peak 17.27M) | Time:00:00.44 | Mem:0.00M, Peak:0.00M | Scene, ViewLayer | Synchronizing object | Nozzle petal seam.019
Fra:1 Mem:17.22M (Peak 17.27M) | Time:00:00.44 | Mem:0.00M, Peak:0.00M | Scene, ViewLayer | Synchronizing object | Nozzle petal seam.020
Fra:1 Mem:17.22M (Peak 17.27M) | Time:00:00.44 | Mem:0.00M, Peak:0.00M | Scene, ViewLayer | Synchronizing object | Nozzle petal seam.021
Fra:1 Mem:17.22M (Peak 17.27M) | Time:00:00.44 | Mem:0.00M, Peak:0.00M | Scene, ViewLayer | Synchronizing object | Nozzle petal seam.022
Fra:1 Mem:17.23M (Peak 17.27M) | Time:00:00.44 | Mem:0.00M, Peak:0.00M | Scene, ViewLayer | Synchronizing object | Nozzle petal seam.023
Fra:1 Mem:17.23M (Peak 17.27M) | Time:00:00.44 | Mem:0.00M, Peak:0.00M | Scene, ViewLayer | Synchronizing object | Deep intake duct.001
Fra:1 Mem:17.23M (Peak 17.27M) | Time:00:00.44 | Mem:0.00M, Peak:0.00M | Scene, ViewLayer | Synchronizing object | Deep ion throat.001
Fra:1 Mem:17.39M (Peak 17.39M) | Time:00:00.46 | Mem:0.00M, Peak:0.00M | Scene, ViewLayer | Synchronizing object | Blended structural fairing.001
Fra:1 Mem:17.39M (Peak 17.39M) | Time:00:00.46 | Mem:0.00M, Peak:0.00M | Scene, ViewLayer | Synchronizing object | Recessed induction aperture.001
Fra:1 Mem:17.56M (Peak 17.56M) | Time:00:00.46 | Mem:0.00M, Peak:0.00M | Scene, ViewLayer | Initializing
Fra:1 Mem:13.93M (Peak 17.56M) | Time:00:00.46 | Mem:0.00M, Peak:0.00M | Scene, ViewLayer | Waiting for render to start
Fra:1 Mem:13.93M (Peak 17.56M) | Time:00:00.46 | Mem:0.00M, Peak:0.00M | Scene, ViewLayer | Updating Scene
Fra:1 Mem:13.93M (Peak 17.56M) | Time:00:00.46 | Mem:0.00M, Peak:0.00M | Scene, ViewLayer | Updating Shaders
Fra:1 Mem:13.93M (Peak 17.56M) | Time:00:00.46 | Mem:0.00M, Peak:0.00M | Scene, ViewLayer | Loading render kernels (may take a few minutes the first time)
Fra:1 Mem:14.01M (Peak 41.30M) | Time:00:01.56 | Mem:0.01M, Peak:0.01M | Scene, ViewLayer | Updating Procedurals
Fra:1 Mem:14.01M (Peak 41.30M) | Time:00:01.56 | Mem:0.01M, Peak:0.01M | Scene, ViewLayer | Updating Background
Fra:1 Mem:14.01M (Peak 41.30M) | Time:00:01.56 | Mem:0.01M, Peak:0.01M | Scene, ViewLayer | Updating Camera
Fra:1 Mem:14.01M (Peak 41.30M) | Time:00:01.56 | Mem:0.01M, Peak:0.01M | Scene, ViewLayer | Updating Meshes Flags
Fra:1 Mem:14.01M (Peak 41.30M) | Time:00:01.56 | Mem:0.01M, Peak:0.01M | Scene, ViewLayer | Updating Objects
Fra:1 Mem:14.01M (Peak 41.30M) | Time:00:01.56 | Mem:0.01M, Peak:0.01M | Scene, ViewLayer | Updating Objects | Copying Transformations to device
Fra:1 Mem:14.03M (Peak 41.30M) | Time:00:01.56 | Mem:0.02M, Peak:0.02M | Scene, ViewLayer | Updating Particle Systems
Fra:1 Mem:14.03M (Peak 41.30M) | Time:00:01.56 | Mem:0.02M, Peak:0.02M | Scene, ViewLayer | Updating Particle Systems | Copying Particles to device
Fra:1 Mem:14.03M (Peak 41.30M) | Time:00:01.56 | Mem:0.02M, Peak:0.02M | Scene, ViewLayer | Updating Meshes
Fra:1 Mem:14.67M (Peak 41.30M) | Time:00:01.57 | Mem:0.02M, Peak:0.02M | Scene, ViewLayer | Updating Objects | Applying Static Transformations
Fra:1 Mem:14.67M (Peak 41.30M) | Time:00:01.57 | Mem:0.02M, Peak:0.02M | Scene, ViewLayer | Updating Mesh | Computing attributes
Fra:1 Mem:15.61M (Peak 41.30M) | Time:00:01.57 | Mem:0.03M, Peak:0.03M | Scene, ViewLayer | Updating Mesh | Copying Attributes to device
Fra:1 Mem:15.60M (Peak 41.30M) | Time:00:01.57 | Mem:0.95M, Peak:0.95M | Scene, ViewLayer | Updating Geometry BVH light 48/47 | Building BVH
Fra:1 Mem:15.60M (Peak 41.30M) | Time:00:01.57 | Mem:0.95M, Peak:0.95M | Scene, ViewLayer | Updating Geometry BVH Contoured expansion nozzle.038 12/47 | Building OptiX acceleration structure
Fra:1 Mem:15.60M (Peak 41.30M) | Time:00:01.57 | Mem:0.95M, Peak:0.95M | Scene, ViewLayer | Updating Geometry BVH Recessed induction aperture.003 47/47 | Building BVH
Fra:1 Mem:15.60M (Peak 41.30M) | Time:00:01.57 | Mem:0.95M, Peak:0.95M | Scene, ViewLayer | Updating Geometry BVH Recessed induction aperture.003 47/47 | Building OptiX acceleration structure
Fra:1 Mem:15.81M (Peak 41.30M) | Time:00:01.57 | Mem:0.95M, Peak:0.95M | Scene, ViewLayer | Updating Geometry BVH Nozzle petal seam.456 13/47 | Building BVH
Fra:1 Mem:15.81M (Peak 41.30M) | Time:00:01.57 | Mem:0.96M, Peak:0.96M | Scene, ViewLayer | Updating Geometry BVH Nozzle petal seam.456 13/47 | Building OptiX acceleration structure
Fra:1 Mem:15.83M (Peak 41.30M) | Time:00:01.57 | Mem:1.08M, Peak:1.08M | Scene, ViewLayer | Updating Geometry BVH Nozzle petal seam.457 14/47 | Building BVH
Fra:1 Mem:15.84M (Peak 41.30M) | Time:00:01.57 | Mem:1.08M, Peak:1.08M | Scene, ViewLayer | Updating Geometry BVH Nozzle petal seam.457 14/47 | Building OptiX acceleration structure
Fra:1 Mem:15.92M (Peak 41.30M) | Time:00:01.57 | Mem:1.27M, Peak:1.28M | Scene, ViewLayer | Updating Geometry BVH Mesh 46/47 | Building BVH
Fra:1 Mem:15.92M (Peak 41.30M) | Time:00:01.57 | Mem:1.27M, Peak:1.28M | Scene, ViewLayer | Updating Geometry BVH Mesh 46/47 | Building OptiX acceleration structure
Fra:1 Mem:15.95M (Peak 41.30M) | Time:00:01.58 | Mem:1.31M, Peak:1.32M | Scene, ViewLayer | Updating Geometry BVH Nozzle petal seam.458 15/47 | Building BVH
Fra:1 Mem:15.95M (Peak 41.30M) | Time:00:01.58 | Mem:1.31M, Peak:1.32M | Scene, ViewLayer | Updating Geometry BVH Nozzle petal seam.458 15/47 | Building OptiX acceleration structure
Fra:1 Mem:15.83M (Peak 41.30M) | Time:00:01.58 | Mem:1.34M, Peak:1.82M | Scene, ViewLayer | Updating Geometry BVH Nozzle petal seam.459 16/47 | Building BVH
Fra:1 Mem:15.83M (Peak 41.30M) | Time:00:01.58 | Mem:1.34M, Peak:1.82M | Scene, ViewLayer | Updating Geometry BVH Nozzle petal seam.459 16/47 | Building OptiX acceleration structure
Fra:1 Mem:15.75M (Peak 41.30M) | Time:00:01.58 | Mem:1.36M, Peak:1.82M | Scene, ViewLayer | Updating Geometry BVH Nozzle petal seam.460 17/47 | Building BVH
Fra:1 Mem:15.75M (Peak 41.30M) | Time:00:01.58 | Mem:1.37M, Peak:1.82M | Scene, ViewLayer | Updating Geometry BVH Nozzle petal seam.460 17/47 | Building OptiX acceleration structure
Fra:1 Mem:15.74M (Peak 41.30M) | Time:00:01.58 | Mem:1.36M, Peak:1.82M | Scene, ViewLayer | Updating Geometry BVH Nozzle petal seam.461 18/47 | Building BVH
Fra:1 Mem:15.74M (Peak 41.30M) | Time:00:01.58 | Mem:1.36M, Peak:1.82M | Scene, ViewLayer | Updating Geometry BVH Nozzle petal seam.461 18/47 | Building OptiX acceleration structure
Fra:1 Mem:15.74M (Peak 41.30M) | Time:00:01.58 | Mem:1.36M, Peak:1.82M | Scene, ViewLayer | Updating Geometry BVH Nozzle petal seam.462 19/47 | Building BVH
Fra:1 Mem:15.74M (Peak 41.30M) | Time:00:01.58 | Mem:1.38M, Peak:1.82M | Scene, ViewLayer | Updating Geometry BVH Nozzle petal seam.462 19/47 | Building OptiX acceleration structure
Fra:1 Mem:15.73M (Peak 41.30M) | Time:00:01.58 | Mem:1.36M, Peak:1.82M | Scene, ViewLayer | Updating Geometry BVH Nozzle petal seam.463 20/47 | Building BVH
Fra:1 Mem:15.73M (Peak 41.30M) | Time:00:01.58 | Mem:1.40M, Peak:1.82M | Scene, ViewLayer | Updating Geometry BVH Nozzle petal seam.463 20/47 | Building OptiX acceleration structure
Fra:1 Mem:15.72M (Peak 41.30M) | Time:00:01.58 | Mem:1.36M, Peak:1.82M | Scene, ViewLayer | Updating Geometry BVH Nozzle petal seam.464 21/47 | Building BVH
Fra:1 Mem:15.72M (Peak 41.30M) | Time:00:01.58 | Mem:1.39M, Peak:1.82M | Scene, ViewLayer | Updating Geometry BVH Nozzle petal seam.464 21/47 | Building OptiX acceleration structure
Fra:1 Mem:15.72M (Peak 41.30M) | Time:00:01.58 | Mem:1.36M, Peak:1.82M | Scene, ViewLayer | Updating Geometry BVH Nozzle petal seam.465 22/47 | Building BVH
Fra:1 Mem:15.72M (Peak 41.30M) | Time:00:01.58 | Mem:1.37M, Peak:1.82M | Scene, ViewLayer | Updating Geometry BVH Nozzle petal seam.465 22/47 | Building OptiX acceleration structure
Fra:1 Mem:15.72M (Peak 41.30M) | Time:00:01.58 | Mem:1.37M, Peak:1.82M | Scene, ViewLayer | Updating Geometry BVH Nozzle petal seam.466 23/47 | Building BVH
Fra:1 Mem:15.72M (Peak 41.30M) | Time:00:01.58 | Mem:1.37M, Peak:1.82M | Scene, ViewLayer | Updating Geometry BVH Nozzle petal seam.466 23/47 | Building OptiX acceleration structure
Fra:1 Mem:15.72M (Peak 41.30M) | Time:00:01.58 | Mem:1.37M, Peak:1.82M | Scene, ViewLayer | Updating Geometry BVH Nozzle petal seam.467 24/47 | Building BVH
Fra:1 Mem:15.72M (Peak 41.30M) | Time:00:01.58 | Mem:1.55M, Peak:1.82M | Scene, ViewLayer | Updating Geometry BVH Nozzle petal seam.467 24/47 | Building OptiX acceleration structure
Fra:1 Mem:15.64M (Peak 41.30M) | Time:00:01.59 | Mem:1.39M, Peak:1.82M | Scene, ViewLayer | Updating Geometry BVH Deep ion throat.038 25/47 | Building BVH
Fra:1 Mem:15.64M (Peak 41.30M) | Time:00:01.59 | Mem:1.46M, Peak:1.82M | Scene, ViewLayer | Updating Geometry BVH Deep ion throat.038 25/47 | Building OptiX acceleration structure
Fra:1 Mem:15.63M (Peak 41.30M) | Time:00:01.59 | Mem:1.42M, Peak:1.82M | Scene, ViewLayer | Updating Geometry BVH Deep intake duct.019 45/47 | Building BVH
Fra:1 Mem:15.63M (Peak 41.30M) | Time:00:01.59 | Mem:1.42M, Peak:1.82M | Scene, ViewLayer | Updating Geometry BVH Deep intake duct.019 45/47 | Building OptiX acceleration structure
Fra:1 Mem:15.63M (Peak 41.30M) | Time:00:01.59 | Mem:1.42M, Peak:1.82M | Scene, ViewLayer | Updating Geometry BVH Deep intake duct.018 26/47 | Building BVH
Fra:1 Mem:15.63M (Peak 41.30M) | Time:00:01.59 | Mem:1.43M, Peak:1.82M | Scene, ViewLayer | Updating Geometry BVH Deep intake duct.018 26/47 | Building OptiX acceleration structure
Fra:1 Mem:15.63M (Peak 41.30M) | Time:00:01.59 | Mem:1.42M, Peak:1.82M | Scene, ViewLayer | Updating Geometry BVH Mesh 27/47 | Building BVH
Fra:1 Mem:15.63M (Peak 41.30M) | Time:00:01.59 | Mem:1.42M, Peak:1.82M | Scene, ViewLayer | Updating Geometry BVH Mesh 27/47 | Building OptiX acceleration structure
Fra:1 Mem:15.66M (Peak 41.30M) | Time:00:01.59 | Mem:1.46M, Peak:1.82M | Scene, ViewLayer | Updating Geometry BVH Recessed induction aperture.002 28/47 | Building BVH
Fra:1 Mem:15.66M (Peak 41.30M) | Time:00:01.59 | Mem:1.46M, Peak:1.82M | Scene, ViewLayer | Updating Geometry BVH Recessed induction aperture.002 28/47 | Building OptiX acceleration structure
Fra:1 Mem:15.66M (Peak 41.30M) | Time:00:01.59 | Mem:1.46M, Peak:1.82M | Scene, ViewLayer | Updating Geometry BVH Integrated lifting hull.019 29/47 | Building BVH
Fra:1 Mem:15.66M (Peak 41.30M) | Time:00:01.59 | Mem:1.46M, Peak:1.82M | Scene, ViewLayer | Updating Geometry BVH Integrated lifting hull.019 29/47 | Building OptiX acceleration structure
Fra:1 Mem:15.67M (Peak 41.30M) | Time:00:01.59 | Mem:1.47M, Peak:1.82M | Scene, ViewLayer | Updating Geometry BVH Integrated propulsion nacelle.019 30/47 | Building BVH
Fra:1 Mem:15.67M (Peak 41.30M) | Time:00:01.59 | Mem:1.48M, Peak:1.82M | Scene, ViewLayer | Updating Geometry BVH Integrated propulsion nacelle.019 30/47 | Building OptiX acceleration structure
Fra:1 Mem:15.68M (Peak 41.30M) | Time:00:01.59 | Mem:1.48M, Peak:1.82M | Scene, ViewLayer | Updating Geometry BVH Contoured expansion nozzle.039 31/47 | Building BVH
Fra:1 Mem:15.68M (Peak 41.30M) | Time:00:01.59 | Mem:1.48M, Peak:1.82M | Scene, ViewLayer | Updating Geometry BVH Contoured expansion nozzle.039 31/47 | Building OptiX acceleration structure
Fra:1 Mem:15.69M (Peak 41.30M) | Time:00:01.59 | Mem:1.49M, Peak:1.82M | Scene, ViewLayer | Updating Geometry BVH Nozzle petal seam.468 32/47 | Building BVH
Fra:1 Mem:15.69M (Peak 41.30M) | Time:00:01.59 | Mem:1.49M, Peak:1.82M | Scene, ViewLayer | Updating Geometry BVH Nozzle petal seam.468 32/47 | Building OptiX acceleration structure
Fra:1 Mem:15.69M (Peak 41.30M) | Time:00:01.59 | Mem:1.49M, Peak:1.82M | Scene, ViewLayer | Updating Geometry BVH Nozzle petal seam.469 33/47 | Building BVH
Fra:1 Mem:15.69M (Peak 41.30M) | Time:00:01.59 | Mem:1.49M, Peak:1.82M | Scene, ViewLayer | Updating Geometry BVH Nozzle petal seam.469 33/47 | Building OptiX acceleration structure
Fra:1 Mem:15.69M (Peak 41.30M) | Time:00:01.59 | Mem:1.49M, Peak:1.82M | Scene, ViewLayer | Updating Geometry BVH Nozzle petal seam.470 34/47 | Building BVH
Fra:1 Mem:15.69M (Peak 41.30M) | Time:00:01.59 | Mem:1.49M, Peak:1.82M | Scene, ViewLayer | Updating Geometry BVH Nozzle petal seam.470 34/47 | Building OptiX acceleration structure
Fra:1 Mem:15.69M (Peak 41.30M) | Time:00:01.59 | Mem:1.49M, Peak:1.82M | Scene, ViewLayer | Updating Geometry BVH Nozzle petal seam.471 35/47 | Building BVH
Fra:1 Mem:15.69M (Peak 41.30M) | Time:00:01.59 | Mem:1.49M, Peak:1.82M | Scene, ViewLayer | Updating Geometry BVH Nozzle petal seam.471 35/47 | Building OptiX acceleration structure
Fra:1 Mem:15.67M (Peak 41.30M) | Time:00:01.59 | Mem:1.48M, Peak:1.82M | Scene, ViewLayer | Updating Geometry BVH Nozzle petal seam.472 36/47 | Building BVH
Fra:1 Mem:15.67M (Peak 41.30M) | Time:00:01.59 | Mem:1.50M, Peak:1.82M | Scene, ViewLayer | Updating Geometry BVH Nozzle petal seam.472 36/47 | Building OptiX acceleration structure
Fra:1 Mem:15.67M (Peak 41.30M) | Time:00:01.60 | Mem:1.49M, Peak:1.82M | Scene, ViewLayer | Updating Geometry BVH Deep ion throat.039 44/47 | Building BVH
Fra:1 Mem:15.67M (Peak 41.30M) | Time:00:01.60 | Mem:1.50M, Peak:1.82M | Scene, ViewLayer | Updating Geometry BVH Deep ion throat.039 44/47 | Building OptiX acceleration structure
Fra:1 Mem:15.68M (Peak 41.30M) | Time:00:01.60 | Mem:1.51M, Peak:1.82M | Scene, ViewLayer | Updating Geometry BVH Nozzle petal seam.473 37/47 | Building BVH
Fra:1 Mem:15.68M (Peak 41.30M) | Time:00:01.60 | Mem:1.68M, Peak:1.82M | Scene, ViewLayer | Updating Geometry BVH Nozzle petal seam.473 37/47 | Building OptiX acceleration structure
Fra:1 Mem:15.65M (Peak 41.30M) | Time:00:01.60 | Mem:1.52M, Peak:1.82M | Scene, ViewLayer | Updating Geometry BVH Nozzle petal seam.474 38/47 | Building BVH
Fra:1 Mem:15.65M (Peak 41.30M) | Time:00:01.60 | Mem:1.52M, Peak:1.82M | Scene, ViewLayer | Updating Geometry BVH Nozzle petal seam.474 38/47 | Building OptiX acceleration structure
Fra:1 Mem:15.65M (Peak 41.30M) | Time:00:01.60 | Mem:1.52M, Peak:1.82M | Scene, ViewLayer | Updating Geometry BVH Nozzle petal seam.475 39/47 | Building BVH
Fra:1 Mem:15.65M (Peak 41.30M) | Time:00:01.60 | Mem:1.52M, Peak:1.82M | Scene, ViewLayer | Updating Geometry BVH Nozzle petal seam.475 39/47 | Building OptiX acceleration structure
Fra:1 Mem:15.64M (Peak 41.30M) | Time:00:01.60 | Mem:1.52M, Peak:1.82M | Scene, ViewLayer | Updating Geometry BVH Nozzle petal seam.476 40/47 | Building BVH
Fra:1 Mem:15.64M (Peak 41.30M) | Time:00:01.60 | Mem:1.52M, Peak:1.82M | Scene, ViewLayer | Updating Geometry BVH Nozzle petal seam.476 40/47 | Building OptiX acceleration structure
Fra:1 Mem:15.63M (Peak 41.30M) | Time:00:01.60 | Mem:1.52M, Peak:1.82M | Scene, ViewLayer | Updating Geometry BVH Nozzle petal seam.477 41/47 | Building BVH
Fra:1 Mem:15.63M (Peak 41.30M) | Time:00:01.60 | Mem:1.55M, Peak:1.82M | Scene, ViewLayer | Updating Geometry BVH Nozzle petal seam.477 41/47 | Building OptiX acceleration structure
Fra:1 Mem:15.63M (Peak 41.30M) | Time:00:01.60 | Mem:1.52M, Peak:1.82M | Scene, ViewLayer | Updating Geometry BVH Nozzle petal seam.478 42/47 | Building BVH
Fra:1 Mem:15.63M (Peak 41.30M) | Time:00:01.60 | Mem:1.52M, Peak:1.82M | Scene, ViewLayer | Updating Geometry BVH Nozzle petal seam.478 42/47 | Building OptiX acceleration structure
Fra:1 Mem:15.63M (Peak 41.30M) | Time:00:01.60 | Mem:1.52M, Peak:1.82M | Scene, ViewLayer | Updating Geometry BVH Nozzle petal seam.479 43/47 | Building BVH
Fra:1 Mem:15.63M (Peak 41.30M) | Time:00:01.60 | Mem:1.52M, Peak:1.82M | Scene, ViewLayer | Updating Geometry BVH Nozzle petal seam.479 43/47 | Building OptiX acceleration structure
Fra:1 Mem:15.60M (Peak 41.30M) | Time:00:01.61 | Mem:1.52M, Peak:1.82M | Scene, ViewLayer | Updating Scene BVH | Building
Fra:1 Mem:15.60M (Peak 41.30M) | Time:00:01.61 | Mem:1.52M, Peak:1.82M | Scene, ViewLayer | Updating Scene BVH | Building OptiX acceleration structure
Fra:1 Mem:15.60M (Peak 41.30M) | Time:00:01.61 | Mem:1.53M, Peak:1.82M | Scene, ViewLayer | Updating Scene BVH | Copying BVH to device
Fra:1 Mem:15.60M (Peak 41.30M) | Time:00:01.61 | Mem:1.53M, Peak:1.82M | Scene, ViewLayer | Updating Mesh | Computing normals
Fra:1 Mem:16.26M (Peak 41.30M) | Time:00:01.61 | Mem:1.53M, Peak:1.82M | Scene, ViewLayer | Updating Mesh | Copying Mesh to device
Fra:1 Mem:16.26M (Peak 41.30M) | Time:00:01.61 | Mem:2.19M, Peak:2.19M | Scene, ViewLayer | Updating Objects Flags
Fra:1 Mem:16.26M (Peak 41.30M) | Time:00:01.61 | Mem:2.19M, Peak:2.19M | Scene, ViewLayer | Updating Primitive Offsets
Fra:1 Mem:16.26M (Peak 41.30M) | Time:00:01.61 | Mem:2.19M, Peak:2.19M | Scene, ViewLayer | Updating Images
Fra:1 Mem:16.26M (Peak 41.30M) | Time:00:01.61 | Mem:2.19M, Peak:2.19M | Scene, ViewLayer | Updating Images | Loading panel-normal.png
Fra:1 Mem:16.26M (Peak 41.30M) | Time:00:01.61 | Mem:2.19M, Peak:2.19M | Scene, ViewLayer | Updating Images | Loading paint-orm.png
Fra:1 Mem:32.27M (Peak 41.30M) | Time:00:01.82 | Mem:18.19M, Peak:18.19M | Scene, ViewLayer | Updating Camera Volume
Fra:1 Mem:32.27M (Peak 41.30M) | Time:00:01.82 | Mem:18.19M, Peak:18.19M | Scene, ViewLayer | Updating Lookup Tables
Fra:1 Mem:32.27M (Peak 41.30M) | Time:00:01.82 | Mem:18.27M, Peak:18.27M | Scene, ViewLayer | Updating Lights
Fra:1 Mem:32.27M (Peak 41.30M) | Time:00:01.82 | Mem:18.27M, Peak:18.27M | Scene, ViewLayer | Updating Lights | Computing tree
Fra:1 Mem:32.47M (Peak 41.30M) | Time:00:01.83 | Mem:18.47M, Peak:18.47M | Scene, ViewLayer | Updating Integrator
Fra:1 Mem:32.47M (Peak 41.30M) | Time:00:01.83 | Mem:18.47M, Peak:18.47M | Scene, ViewLayer | Updating Film
Fra:1 Mem:32.47M (Peak 41.30M) | Time:00:01.84 | Mem:18.38M, Peak:18.47M | Scene, ViewLayer | Updating Lookup Tables
Fra:1 Mem:32.47M (Peak 41.30M) | Time:00:01.84 | Mem:18.47M, Peak:18.47M | Scene, ViewLayer | Updating Baking
Fra:1 Mem:32.47M (Peak 41.30M) | Time:00:01.84 | Mem:18.47M, Peak:18.47M | Scene, ViewLayer | Updating Device | Writing constant memory
Fra:1 Mem:32.47M (Peak 41.30M) | Time:00:01.84 | Mem:18.47M, Peak:18.47M | Scene, ViewLayer | Loading denoising kernels (may take a few minutes the first time)
Fra:1 Mem:36.48M (Peak 41.30M) | Time:00:01.86 | Mem:370.47M, Peak:370.47M | Scene, ViewLayer | Sample 0/24
Fra:1 Mem:83.44M (Peak 83.44M) | Time:00:01.95 | Remaining:00:02.07 | Mem:417.45M, Peak:417.45M | Scene, ViewLayer | Sample 1/24
Fra:1 Mem:103.23M (Peak 132.89M) | Time:00:07.62 | Mem:417.46M, Peak:417.46M | Scene, ViewLayer | Sample 24/24
Fra:1 Mem:103.23M (Peak 132.89M) | Time:00:07.62 | Mem:417.46M, Peak:417.46M | Scene, ViewLayer | Finished
Saved: 'D:\vibe-coding-e\nova-swarm-forum-129-improvements-20260822\docs\fleet-art-v2\ships\13\surfaced.png'
Time: 00:08.34 (Saving: 00:00.59)

Info: Saved as "source.blend"
17:14:07 | INFO: Starting glTF 2.0 export
17:14:07 | INFO: Extracting primitive: Continuous pressure fuselage.009
17:14:07 | WARNING: More than one shader node tex image used for a texture. The resulting glTF sampler will behave like the first shader node tex image.
17:14:07 | WARNING: More than one shader node tex image used for a texture. The resulting glTF sampler will behave like the first shader node tex image.
17:14:07 | INFO: Primitives created: 6
17:14:07 | INFO: Finished glTF 2.0 export in 0.27977585792541504 s
Fra:1 Mem:15.29M (Peak 30.79M) | Time:00:00.27 | Mem:0.00M, Peak:0.00M | Scene, ViewLayer | Synchronizing object | Broad neutral key
Fra:1 Mem:15.29M (Peak 30.79M) | Time:00:00.27 | Mem:0.00M, Peak:0.00M | Scene, ViewLayer | Synchronizing object | AuricCoreV2
Fra:1 Mem:16.93M (Peak 30.79M) | Time:00:00.28 | Mem:0.00M, Peak:0.00M | Scene, ViewLayer | Initializing
Fra:1 Mem:16.46M (Peak 30.79M) | Time:00:00.28 | Mem:0.00M, Peak:0.00M | Scene, ViewLayer | Waiting for render to start
Fra:1 Mem:16.46M (Peak 30.79M) | Time:00:00.28 | Mem:0.00M, Peak:0.00M | Scene, ViewLayer | Updating Scene
Fra:1 Mem:16.46M (Peak 30.79M) | Time:00:00.28 | Mem:0.00M, Peak:0.00M | Scene, ViewLayer | Updating Shaders
Fra:1 Mem:16.46M (Peak 30.79M) | Time:00:00.28 | Mem:0.00M, Peak:0.00M | Scene, ViewLayer | Loading render kernels (may take a few minutes the first time)
Fra:1 Mem:16.54M (Peak 43.83M) | Time:00:00.47 | Mem:0.01M, Peak:0.01M | Scene, ViewLayer | Updating Procedurals
Fra:1 Mem:16.54M (Peak 43.83M) | Time:00:00.47 | Mem:0.01M, Peak:0.01M | Scene, ViewLayer | Updating Background
Fra:1 Mem:16.54M (Peak 43.83M) | Time:00:00.47 | Mem:0.01M, Peak:0.01M | Scene, ViewLayer | Updating Camera
Fra:1 Mem:16.54M (Peak 43.83M) | Time:00:00.47 | Mem:0.01M, Peak:0.01M | Scene, ViewLayer | Updating Meshes Flags
Fra:1 Mem:16.54M (Peak 43.83M) | Time:00:00.47 | Mem:0.01M, Peak:0.01M | Scene, ViewLayer | Updating Objects
Fra:1 Mem:16.54M (Peak 43.83M) | Time:00:00.47 | Mem:0.01M, Peak:0.01M | Scene, ViewLayer | Updating Objects | Copying Transformations to device
Fra:1 Mem:16.54M (Peak 43.83M) | Time:00:00.47 | Mem:0.01M, Peak:0.01M | Scene, ViewLayer | Updating Particle Systems
Fra:1 Mem:16.54M (Peak 43.83M) | Time:00:00.47 | Mem:0.01M, Peak:0.01M | Scene, ViewLayer | Updating Particle Systems | Copying Particles to device
Fra:1 Mem:16.54M (Peak 43.83M) | Time:00:00.47 | Mem:0.01M, Peak:0.01M | Scene, ViewLayer | Updating Meshes
Fra:1 Mem:17.66M (Peak 43.83M) | Time:00:00.49 | Mem:0.01M, Peak:0.01M | Scene, ViewLayer | Updating Objects | Applying Static Transformations
Fra:1 Mem:17.66M (Peak 43.83M) | Time:00:00.49 | Mem:0.01M, Peak:0.01M | Scene, ViewLayer | Updating Mesh | Computing attributes
Fra:1 Mem:19.15M (Peak 43.83M) | Time:00:00.49 | Mem:0.01M, Peak:0.01M | Scene, ViewLayer | Updating Mesh | Copying Attributes to device
Fra:1 Mem:19.14M (Peak 43.83M) | Time:00:00.49 | Mem:1.50M, Peak:1.50M | Scene, ViewLayer | Updating Geometry BVH light 5/4 | Building BVH
Fra:1 Mem:19.15M (Peak 43.83M) | Time:00:00.49 | Mem:1.50M, Peak:1.50M | Scene, ViewLayer | Updating Geometry BVH Continuous pressure fuselage.009 4/4 | Building BVH
Fra:1 Mem:19.15M (Peak 43.83M) | Time:00:00.49 | Mem:1.50M, Peak:1.50M | Scene, ViewLayer | Updating Geometry BVH Continuous pressure fuselage.009 4/4 | Building OptiX acceleration structure
Fra:1 Mem:19.14M (Peak 43.83M) | Time:00:00.50 | Mem:1.98M, Peak:3.45M | Scene, ViewLayer | Updating Scene BVH | Building
Fra:1 Mem:19.15M (Peak 43.83M) | Time:00:00.50 | Mem:1.98M, Peak:3.45M | Scene, ViewLayer | Updating Scene BVH | Building OptiX acceleration structure
Fra:1 Mem:19.15M (Peak 43.83M) | Time:00:00.50 | Mem:1.98M, Peak:3.45M | Scene, ViewLayer | Updating Scene BVH | Copying BVH to device
Fra:1 Mem:19.15M (Peak 43.83M) | Time:00:00.50 | Mem:1.98M, Peak:3.45M | Scene, ViewLayer | Updating Mesh | Computing normals
Fra:1 Mem:19.73M (Peak 43.83M) | Time:00:00.50 | Mem:1.98M, Peak:3.45M | Scene, ViewLayer | Updating Mesh | Copying Mesh to device
Fra:1 Mem:19.73M (Peak 43.83M) | Time:00:00.50 | Mem:2.57M, Peak:3.45M | Scene, ViewLayer | Updating Objects Flags
Fra:1 Mem:19.73M (Peak 43.83M) | Time:00:00.50 | Mem:2.57M, Peak:3.45M | Scene, ViewLayer | Updating Primitive Offsets
Fra:1 Mem:19.73M (Peak 43.83M) | Time:00:00.50 | Mem:2.57M, Peak:3.45M | Scene, ViewLayer | Updating Images
Fra:1 Mem:19.73M (Peak 43.83M) | Time:00:00.50 | Mem:2.57M, Peak:3.45M | Scene, ViewLayer | Updating Images | Loading panel-normal.png
Fra:1 Mem:23.73M (Peak 43.83M) | Time:00:00.50 | Mem:2.57M, Peak:3.45M | Scene, ViewLayer | Updating Images | Loading white-basecolor.png
Fra:1 Mem:27.73M (Peak 43.83M) | Time:00:00.50 | Mem:2.57M, Peak:3.45M | Scene, ViewLayer | Updating Images | Loading paint-orm.png
Fra:1 Mem:35.74M (Peak 43.83M) | Time:00:00.53 | Mem:18.57M, Peak:18.57M | Scene, ViewLayer | Updating Camera Volume
Fra:1 Mem:35.74M (Peak 43.83M) | Time:00:00.53 | Mem:18.57M, Peak:18.57M | Scene, ViewLayer | Updating Lookup Tables
Fra:1 Mem:35.74M (Peak 43.83M) | Time:00:00.53 | Mem:18.65M, Peak:18.65M | Scene, ViewLayer | Updating Lights
Fra:1 Mem:35.74M (Peak 43.83M) | Time:00:00.53 | Mem:18.65M, Peak:18.65M | Scene, ViewLayer | Updating Lights | Computing tree
Fra:1 Mem:36.01M (Peak 43.83M) | Time:00:00.53 | Mem:18.92M, Peak:18.92M | Scene, ViewLayer | Updating Integrator
Fra:1 Mem:36.01M (Peak 43.83M) | Time:00:00.53 | Mem:18.92M, Peak:18.92M | Scene, ViewLayer | Updating Film
Fra:1 Mem:36.01M (Peak 43.83M) | Time:00:00.53 | Mem:18.83M, Peak:18.92M | Scene, ViewLayer | Updating Lookup Tables
Fra:1 Mem:36.01M (Peak 43.83M) | Time:00:00.53 | Mem:18.92M, Peak:18.92M | Scene, ViewLayer | Updating Baking
Fra:1 Mem:36.01M (Peak 43.83M) | Time:00:00.53 | Mem:18.92M, Peak:18.92M | Scene, ViewLayer | Updating Device | Writing constant memory
Fra:1 Mem:36.02M (Peak 43.83M) | Time:00:00.53 | Mem:18.92M, Peak:18.92M | Scene, ViewLayer | Loading denoising kernels (may take a few minutes the first time)
Fra:1 Mem:40.02M (Peak 43.83M) | Time:00:00.57 | Mem:370.92M, Peak:370.92M | Scene, ViewLayer | Sample 0/24
Fra:1 Mem:116.02M (Peak 116.02M) | Time:00:00.67 | Remaining:00:02.25 | Mem:446.93M, Peak:446.93M | Scene, ViewLayer | Sample 1/24
Fra:1 Mem:148.03M (Peak 196.03M) | Time:00:09.96 | Mem:446.94M, Peak:446.94M | Scene, ViewLayer | Sample 24/24
Fra:1 Mem:148.03M (Peak 196.03M) | Time:00:09.96 | Mem:446.94M, Peak:446.94M | Scene, ViewLayer | Finished
Saved: 'D:\vibe-coding-e\nova-swarm-forum-129-improvements-20260822\docs\fleet-art-v2\ships\13\export\showroom.png'
Time: 00:11.12 (Saving: 00:00.95)

Fra:1 Mem:15.59M (Peak 15.59M) | Time:00:00.23 | Mem:0.00M, Peak:0.00M | Scene, ViewLayer | Synchronizing object | Broad neutral key
Fra:1 Mem:15.59M (Peak 15.59M) | Time:00:00.23 | Mem:0.00M, Peak:0.00M | Scene, ViewLayer | Synchronizing object | AuricCoreV2
Fra:1 Mem:16.93M (Peak 17.72M) | Time:00:00.24 | Mem:0.00M, Peak:0.00M | Scene, ViewLayer | Initializing
Fra:1 Mem:16.46M (Peak 17.72M) | Time:00:00.24 | Mem:0.00M, Peak:0.00M | Scene, ViewLayer | Waiting for render to start
Fra:1 Mem:16.46M (Peak 17.72M) | Time:00:00.24 | Mem:0.00M, Peak:0.00M | Scene, ViewLayer | Updating Scene
Fra:1 Mem:16.46M (Peak 17.72M) | Time:00:00.24 | Mem:0.00M, Peak:0.00M | Scene, ViewLayer | Updating Shaders
Fra:1 Mem:16.46M (Peak 17.72M) | Time:00:00.24 | Mem:0.00M, Peak:0.00M | Scene, ViewLayer | Loading render kernels (may take a few minutes the first time)
Fra:1 Mem:16.54M (Peak 43.83M) | Time:00:00.44 | Mem:0.01M, Peak:0.01M | Scene, ViewLayer | Updating Procedurals
Fra:1 Mem:16.54M (Peak 43.83M) | Time:00:00.44 | Mem:0.01M, Peak:0.01M | Scene, ViewLayer | Updating Background
Fra:1 Mem:16.54M (Peak 43.83M) | Time:00:00.44 | Mem:0.01M, Peak:0.01M | Scene, ViewLayer | Updating Camera
Fra:1 Mem:16.54M (Peak 43.83M) | Time:00:00.44 | Mem:0.01M, Peak:0.01M | Scene, ViewLayer | Updating Meshes Flags
Fra:1 Mem:16.54M (Peak 43.83M) | Time:00:00.44 | Mem:0.01M, Peak:0.01M | Scene, ViewLayer | Updating Objects
Fra:1 Mem:16.54M (Peak 43.83M) | Time:00:00.44 | Mem:0.01M, Peak:0.01M | Scene, ViewLayer | Updating Objects | Copying Transformations to device
Fra:1 Mem:16.54M (Peak 43.83M) | Time:00:00.44 | Mem:0.01M, Peak:0.01M | Scene, ViewLayer | Updating Particle Systems
Fra:1 Mem:16.54M (Peak 43.83M) | Time:00:00.44 | Mem:0.01M, Peak:0.01M | Scene, ViewLayer | Updating Particle Systems | Copying Particles to device
Fra:1 Mem:16.54M (Peak 43.83M) | Time:00:00.44 | Mem:0.01M, Peak:0.01M | Scene, ViewLayer | Updating Meshes
Fra:1 Mem:17.66M (Peak 43.83M) | Time:00:00.46 | Mem:0.01M, Peak:0.01M | Scene, ViewLayer | Updating Objects | Applying Static Transformations
Fra:1 Mem:17.66M (Peak 43.83M) | Time:00:00.46 | Mem:0.01M, Peak:0.01M | Scene, ViewLayer | Updating Mesh | Computing attributes
Fra:1 Mem:19.15M (Peak 43.83M) | Time:00:00.47 | Mem:0.01M, Peak:0.01M | Scene, ViewLayer | Updating Mesh | Copying Attributes to device
Fra:1 Mem:19.14M (Peak 43.83M) | Time:00:00.47 | Mem:1.50M, Peak:1.50M | Scene, ViewLayer | Updating Geometry BVH light 5/4 | Building BVH
Fra:1 Mem:19.15M (Peak 43.83M) | Time:00:00.47 | Mem:1.50M, Peak:1.50M | Scene, ViewLayer | Updating Geometry BVH Continuous pressure fuselage.009 4/4 | Building OptiX acceleration structure
Fra:1 Mem:19.14M (Peak 43.83M) | Time:00:00.47 | Mem:1.98M, Peak:3.45M | Scene, ViewLayer | Updating Scene BVH | Building
Fra:1 Mem:19.15M (Peak 43.83M) | Time:00:00.47 | Mem:1.98M, Peak:3.45M | Scene, ViewLayer | Updating Scene BVH | Building OptiX acceleration structure
Fra:1 Mem:19.15M (Peak 43.83M) | Time:00:00.47 | Mem:1.98M, Peak:3.45M | Scene, ViewLayer | Updating Scene BVH | Copying BVH to device
Fra:1 Mem:19.15M (Peak 43.83M) | Time:00:00.47 | Mem:1.98M, Peak:3.45M | Scene, ViewLayer | Updating Mesh | Computing normals
Fra:1 Mem:19.73M (Peak 43.83M) | Time:00:00.47 | Mem:1.98M, Peak:3.45M | Scene, ViewLayer | Updating Mesh | Copying Mesh to device
Fra:1 Mem:19.73M (Peak 43.83M) | Time:00:00.47 | Mem:2.57M, Peak:3.45M | Scene, ViewLayer | Updating Objects Flags
Fra:1 Mem:19.73M (Peak 43.83M) | Time:00:00.47 | Mem:2.57M, Peak:3.45M | Scene, ViewLayer | Updating Primitive Offsets
Fra:1 Mem:19.73M (Peak 43.83M) | Time:00:00.47 | Mem:2.57M, Peak:3.45M | Scene, ViewLayer | Updating Images
Fra:1 Mem:19.73M (Peak 43.83M) | Time:00:00.47 | Mem:2.57M, Peak:3.45M | Scene, ViewLayer | Updating Images | Loading panel-normal.png
Fra:1 Mem:23.73M (Peak 43.83M) | Time:00:00.48 | Mem:2.57M, Peak:3.45M | Scene, ViewLayer | Updating Images | Loading paint-orm.png
Fra:1 Mem:35.74M (Peak 43.83M) | Time:00:00.51 | Mem:18.57M, Peak:18.57M | Scene, ViewLayer | Updating Camera Volume
Fra:1 Mem:35.74M (Peak 43.83M) | Time:00:00.51 | Mem:18.57M, Peak:18.57M | Scene, ViewLayer | Updating Lookup Tables
Fra:1 Mem:35.74M (Peak 43.83M) | Time:00:00.51 | Mem:18.65M, Peak:18.65M | Scene, ViewLayer | Updating Lights
Fra:1 Mem:35.74M (Peak 43.83M) | Time:00:00.51 | Mem:18.65M, Peak:18.65M | Scene, ViewLayer | Updating Lights | Computing tree
Fra:1 Mem:36.01M (Peak 43.83M) | Time:00:00.52 | Mem:18.92M, Peak:18.92M | Scene, ViewLayer | Updating Integrator
Fra:1 Mem:36.01M (Peak 43.83M) | Time:00:00.52 | Mem:18.92M, Peak:18.92M | Scene, ViewLayer | Updating Film
Fra:1 Mem:36.01M (Peak 43.83M) | Time:00:00.52 | Mem:18.83M, Peak:18.92M | Scene, ViewLayer | Updating Lookup Tables
Fra:1 Mem:36.01M (Peak 43.83M) | Time:00:00.52 | Mem:18.92M, Peak:18.92M | Scene, ViewLayer | Updating Baking
Fra:1 Mem:36.01M (Peak 43.83M) | Time:00:00.52 | Mem:18.92M, Peak:18.92M | Scene, ViewLayer | Updating Device | Writing constant memory
Fra:1 Mem:36.02M (Peak 43.83M) | Time:00:00.52 | Mem:18.92M, Peak:18.92M | Scene, ViewLayer | Loading denoising kernels (may take a few minutes the first time)
Fra:1 Mem:40.02M (Peak 43.83M) | Time:00:00.56 | Mem:370.92M, Peak:370.92M | Scene, ViewLayer | Sample 0/24
Fra:1 Mem:59.02M (Peak 59.02M) | Time:00:00.61 | Remaining:00:01.15 | Mem:389.93M, Peak:389.93M | Scene, ViewLayer | Sample 1/24
Fra:1 Mem:67.03M (Peak 79.03M) | Time:00:03.28 | Mem:389.94M, Peak:389.94M | Scene, ViewLayer | Sample 24/24
Fra:1 Mem:67.03M (Peak 79.03M) | Time:00:03.28 | Mem:389.94M, Peak:389.94M | Scene, ViewLayer | Finished
Saved: 'D:\vibe-coding-e\nova-swarm-forum-129-improvements-20260822\docs\fleet-art-v2\ships\13\export\player.png'
Time: 00:03.55 (Saving: 00:00.08)


FLEET_V2_COMPLETE 13 Auric Core
Read blend: "D:\vibe-coding-e\nova-swarm-forum-129-improvements-20260822\docs\fleet-art-v2\ships\14\source.blend"
Fra:1 Mem:14.48M (Peak 14.48M) | Time:00:00.22 | Mem:0.00M, Peak:0.00M | Scene, ViewLayer | Synchronizing object | Broad neutral key
Fra:1 Mem:14.48M (Peak 14.48M) | Time:00:00.22 | Mem:0.00M, Peak:0.00M | Scene, ViewLayer | Synchronizing object | Neutral fill
Fra:1 Mem:14.80M (Peak 14.80M) | Time:00:00.28 | Mem:0.00M, Peak:0.00M | Scene, ViewLayer | Synchronizing object | Continuous pressure fuselage
Fra:1 Mem:15.65M (Peak 15.65M) | Time:00:00.32 | Mem:0.00M, Peak:0.00M | Scene, ViewLayer | Synchronizing object | Cockpit integrated coaming
Fra:1 Mem:16.18M (Peak 16.18M) | Time:00:00.37 | Mem:0.00M, Peak:0.00M | Scene, ViewLayer | Synchronizing object | Pressure canopy glazing
Fra:1 Mem:16.18M (Peak 16.18M) | Time:00:00.37 | Mem:0.00M, Peak:0.00M | Scene, ViewLayer | Synchronizing object | Canopy lower frame
Fra:1 Mem:16.42M (Peak 16.42M) | Time:00:00.37 | Mem:0.00M, Peak:0.00M | Scene, ViewLayer | Synchronizing object | Canopy lower frame.001
Fra:1 Mem:16.46M (Peak 16.46M) | Time:00:00.37 | Mem:0.00M, Peak:0.00M | Scene, ViewLayer | Synchronizing object | Canopy pressure bow
Fra:1 Mem:16.52M (Peak 16.52M) | Time:00:00.37 | Mem:0.00M, Peak:0.00M | Scene, ViewLayer | Synchronizing object | Integrated lifting hull
Fra:1 Mem:16.52M (Peak 16.52M) | Time:00:00.37 | Mem:0.00M, Peak:0.00M | Scene, ViewLayer | Synchronizing object | Nozzle petal seam
Fra:1 Mem:16.56M (Peak 16.56M) | Time:00:00.37 | Mem:0.00M, Peak:0.00M | Scene, ViewLayer | Synchronizing object | Nozzle petal seam.001
Fra:1 Mem:16.62M (Peak 16.62M) | Time:00:00.37 | Mem:0.00M, Peak:0.00M | Scene, ViewLayer | Synchronizing object | Nozzle petal seam.002
Fra:1 Mem:16.62M (Peak 16.62M) | Time:00:00.37 | Mem:0.00M, Peak:0.00M | Scene, ViewLayer | Synchronizing object | Nozzle petal seam.003
Fra:1 Mem:16.62M (Peak 16.62M) | Time:00:00.37 | Mem:0.00M, Peak:0.00M | Scene, ViewLayer | Synchronizing object | Nozzle petal seam.004
Fra:1 Mem:16.63M (Peak 16.63M) | Time:00:00.37 | Mem:0.00M, Peak:0.00M | Scene, ViewLayer | Synchronizing object | Nozzle petal seam.005
Fra:1 Mem:16.64M (Peak 16.64M) | Time:00:00.37 | Mem:0.00M, Peak:0.00M | Scene, ViewLayer | Synchronizing object | Nozzle petal seam.006
Fra:1 Mem:16.62M (Peak 16.64M) | Time:00:00.37 | Mem:0.00M, Peak:0.00M | Scene, ViewLayer | Synchronizing object | Nozzle petal seam.007
Fra:1 Mem:16.62M (Peak 16.64M) | Time:00:00.37 | Mem:0.00M, Peak:0.00M | Scene, ViewLayer | Synchronizing object | Nozzle petal seam.008
Fra:1 Mem:16.62M (Peak 16.64M) | Time:00:00.37 | Mem:0.00M, Peak:0.00M | Scene, ViewLayer | Synchronizing object | Nozzle petal seam.009
Fra:1 Mem:16.63M (Peak 16.64M) | Time:00:00.37 | Mem:0.00M, Peak:0.00M | Scene, ViewLayer | Synchronizing object | Nozzle petal seam.010
Fra:1 Mem:16.63M (Peak 16.64M) | Time:00:00.37 | Mem:0.00M, Peak:0.00M | Scene, ViewLayer | Synchronizing object | Nozzle petal seam.011
Fra:1 Mem:16.63M (Peak 16.64M) | Time:00:00.37 | Mem:0.00M, Peak:0.00M | Scene, ViewLayer | Synchronizing object | Deep ion throat
Fra:1 Mem:16.63M (Peak 16.64M) | Time:00:00.37 | Mem:0.00M, Peak:0.00M | Scene, ViewLayer | Synchronizing object | Deep intake duct
Fra:1 Mem:16.79M (Peak 16.79M) | Time:00:00.38 | Mem:0.00M, Peak:0.00M | Scene, ViewLayer | Synchronizing object | Blended structural fairing
Fra:1 Mem:16.79M (Peak 16.79M) | Time:00:00.38 | Mem:0.00M, Peak:0.00M | Scene, ViewLayer | Synchronizing object | Integrated propulsion nacelle.001
Fra:1 Mem:16.81M (Peak 16.81M) | Time:00:00.38 | Mem:0.00M, Peak:0.00M | Scene, ViewLayer | Synchronizing object | Contoured expansion nozzle.001
Fra:1 Mem:17.00M (Peak 17.00M) | Time:00:00.38 | Mem:0.00M, Peak:0.00M | Scene, ViewLayer | Synchronizing object | Nozzle petal seam.012
Fra:1 Mem:17.01M (Peak 17.01M) | Time:00:00.38 | Mem:0.00M, Peak:0.00M | Scene, ViewLayer | Synchronizing object | Nozzle petal seam.013
Fra:1 Mem:17.01M (Peak 17.01M) | Time:00:00.38 | Mem:0.00M, Peak:0.00M | Scene, ViewLayer | Synchronizing object | Nozzle petal seam.014
Fra:1 Mem:17.01M (Peak 17.01M) | Time:00:00.38 | Mem:0.00M, Peak:0.00M | Scene, ViewLayer | Synchronizing object | Nozzle petal seam.015
Fra:1 Mem:17.01M (Peak 17.01M) | Time:00:00.38 | Mem:0.00M, Peak:0.00M | Scene, ViewLayer | Synchronizing object | Nozzle petal seam.016
Fra:1 Mem:17.01M (Peak 17.01M) | Time:00:00.38 | Mem:0.00M, Peak:0.00M | Scene, ViewLayer | Synchronizing object | Nozzle petal seam.017
Fra:1 Mem:17.02M (Peak 17.02M) | Time:00:00.38 | Mem:0.00M, Peak:0.00M | Scene, ViewLayer | Synchronizing object | Nozzle petal seam.018
Fra:1 Mem:17.02M (Peak 17.02M) | Time:00:00.38 | Mem:0.00M, Peak:0.00M | Scene, ViewLayer | Synchronizing object | Nozzle petal seam.019
Fra:1 Mem:17.02M (Peak 17.02M) | Time:00:00.38 | Mem:0.00M, Peak:0.00M | Scene, ViewLayer | Synchronizing object | Nozzle petal seam.020
Fra:1 Mem:17.02M (Peak 17.02M) | Time:00:00.38 | Mem:0.00M, Peak:0.00M | Scene, ViewLayer | Synchronizing object | Nozzle petal seam.021
Fra:1 Mem:17.02M (Peak 17.02M) | Time:00:00.38 | Mem:0.00M, Peak:0.00M | Scene, ViewLayer | Synchronizing object | Nozzle petal seam.022
Fra:1 Mem:17.03M (Peak 17.03M) | Time:00:00.38 | Mem:0.00M, Peak:0.00M | Scene, ViewLayer | Synchronizing object | Nozzle petal seam.023
Fra:1 Mem:17.03M (Peak 17.03M) | Time:00:00.38 | Mem:0.00M, Peak:0.00M | Scene, ViewLayer | Synchronizing object | Deep ion throat.001
Fra:1 Mem:17.11M (Peak 17.11M) | Time:00:00.39 | Mem:0.00M, Peak:0.00M | Scene, ViewLayer | Synchronizing object | Deep intake duct.001
Fra:1 Mem:17.18M (Peak 17.18M) | Time:00:00.40 | Mem:0.00M, Peak:0.00M | Scene, ViewLayer | Synchronizing object | Blended structural fairing.001
Fra:1 Mem:17.31M (Peak 17.31M) | Time:00:00.40 | Mem:0.00M, Peak:0.00M | Scene, ViewLayer | Initializing
Fra:1 Mem:13.76M (Peak 17.31M) | Time:00:00.40 | Mem:0.00M, Peak:0.00M | Scene, ViewLayer | Waiting for render to start
Fra:1 Mem:13.76M (Peak 17.31M) | Time:00:00.40 | Mem:0.00M, Peak:0.00M | Scene, ViewLayer | Updating Scene
Fra:1 Mem:13.76M (Peak 17.31M) | Time:00:00.40 | Mem:0.00M, Peak:0.00M | Scene, ViewLayer | Updating Shaders
Fra:1 Mem:13.76M (Peak 17.31M) | Time:00:00.40 | Mem:0.00M, Peak:0.00M | Scene, ViewLayer | Loading render kernels (may take a few minutes the first time)
Fra:1 Mem:13.84M (Peak 41.13M) | Time:00:01.27 | Mem:0.01M, Peak:0.01M | Scene, ViewLayer | Updating Procedurals
Fra:1 Mem:13.84M (Peak 41.13M) | Time:00:01.27 | Mem:0.01M, Peak:0.01M | Scene, ViewLayer | Updating Background
Fra:1 Mem:13.84M (Peak 41.13M) | Time:00:01.27 | Mem:0.01M, Peak:0.01M | Scene, ViewLayer | Updating Camera
Fra:1 Mem:13.84M (Peak 41.13M) | Time:00:01.27 | Mem:0.01M, Peak:0.01M | Scene, ViewLayer | Updating Meshes Flags
Fra:1 Mem:13.84M (Peak 41.13M) | Time:00:01.27 | Mem:0.01M, Peak:0.01M | Scene, ViewLayer | Updating Objects
Fra:1 Mem:13.84M (Peak 41.13M) | Time:00:01.27 | Mem:0.01M, Peak:0.01M | Scene, ViewLayer | Updating Objects | Copying Transformations to device
Fra:1 Mem:13.85M (Peak 41.13M) | Time:00:01.27 | Mem:0.02M, Peak:0.02M | Scene, ViewLayer | Updating Particle Systems
Fra:1 Mem:13.85M (Peak 41.13M) | Time:00:01.27 | Mem:0.02M, Peak:0.02M | Scene, ViewLayer | Updating Particle Systems | Copying Particles to device
Fra:1 Mem:13.85M (Peak 41.13M) | Time:00:01.27 | Mem:0.02M, Peak:0.02M | Scene, ViewLayer | Updating Meshes
Fra:1 Mem:14.29M (Peak 41.13M) | Time:00:01.28 | Mem:0.02M, Peak:0.02M | Scene, ViewLayer | Updating Objects | Applying Static Transformations
Fra:1 Mem:14.29M (Peak 41.13M) | Time:00:01.28 | Mem:0.02M, Peak:0.02M | Scene, ViewLayer | Updating Mesh | Computing attributes
Fra:1 Mem:14.98M (Peak 41.13M) | Time:00:01.28 | Mem:0.02M, Peak:0.02M | Scene, ViewLayer | Updating Mesh | Copying Attributes to device
Fra:1 Mem:14.97M (Peak 41.13M) | Time:00:01.28 | Mem:0.70M, Peak:0.70M | Scene, ViewLayer | Updating Geometry BVH Broad neutral key 2/45 | Building BVH
Fra:1 Mem:14.97M (Peak 41.13M) | Time:00:01.28 | Mem:0.70M, Peak:0.70M | Scene, ViewLayer | Updating Geometry BVH Contoured expansion nozzle.042 12/45 | Building OptiX acceleration structure
Fra:1 Mem:14.97M (Peak 41.13M) | Time:00:01.28 | Mem:0.70M, Peak:0.70M | Scene, ViewLayer | Updating Geometry BVH Nozzle petal seam.504 13/45 | Building BVH
Fra:1 Mem:14.97M (Peak 41.13M) | Time:00:01.28 | Mem:0.70M, Peak:0.70M | Scene, ViewLayer | Updating Geometry BVH Nozzle petal seam.504 13/45 | Building OptiX acceleration structure
Fra:1 Mem:14.97M (Peak 41.13M) | Time:00:01.28 | Mem:0.70M, Peak:0.70M | Scene, ViewLayer | Updating Geometry BVH Nozzle petal seam.505 14/45 | Building OptiX acceleration structure
Fra:1 Mem:15.15M (Peak 41.13M) | Time:00:01.28 | Mem:0.71M, Peak:0.71M | Scene, ViewLayer | Updating Geometry BVH Mesh 45/45 | Building BVH
Fra:1 Mem:15.20M (Peak 41.13M) | Time:00:01.28 | Mem:0.71M, Peak:0.71M | Scene, ViewLayer | Updating Geometry BVH Mesh 45/45 | Building OptiX acceleration structure
Fra:1 Mem:15.32M (Peak 41.13M) | Time:00:01.28 | Mem:1.05M, Peak:1.06M | Scene, ViewLayer | Updating Geometry BVH Nozzle petal seam.506 15/45 | Building BVH
Fra:1 Mem:15.32M (Peak 41.13M) | Time:00:01.28 | Mem:1.07M, Peak:1.07M | Scene, ViewLayer | Updating Geometry BVH Nozzle petal seam.506 15/45 | Building OptiX acceleration structure
Fra:1 Mem:15.31M (Peak 41.13M) | Time:00:01.28 | Mem:1.05M, Peak:1.08M | Scene, ViewLayer | Updating Geometry BVH Nozzle petal seam.507 16/45 | Building BVH
Fra:1 Mem:15.31M (Peak 41.13M) | Time:00:01.28 | Mem:1.23M, Peak:1.23M | Scene, ViewLayer | Updating Geometry BVH Nozzle petal seam.507 16/45 | Building OptiX acceleration structure
Fra:1 Mem:15.23M (Peak 41.13M) | Time:00:01.28 | Mem:1.07M, Peak:1.47M | Scene, ViewLayer | Updating Geometry BVH Nozzle petal seam.508 17/45 | Building BVH
Fra:1 Mem:15.23M (Peak 41.13M) | Time:00:01.28 | Mem:1.07M, Peak:1.47M | Scene, ViewLayer | Updating Geometry BVH Nozzle petal seam.508 17/45 | Building OptiX acceleration structure
Fra:1 Mem:15.20M (Peak 41.13M) | Time:00:01.29 | Mem:1.08M, Peak:1.47M | Scene, ViewLayer | Updating Geometry BVH Deep intake duct.021 44/45 | Building BVH
Fra:1 Mem:15.20M (Peak 41.13M) | Time:00:01.29 | Mem:1.09M, Peak:1.47M | Scene, ViewLayer | Updating Geometry BVH Deep intake duct.021 44/45 | Building OptiX acceleration structure
Fra:1 Mem:15.20M (Peak 41.13M) | Time:00:01.29 | Mem:1.08M, Peak:1.47M | Scene, ViewLayer | Updating Geometry BVH Nozzle petal seam.509 18/45 | Building BVH
Fra:1 Mem:15.20M (Peak 41.13M) | Time:00:01.29 | Mem:1.08M, Peak:1.47M | Scene, ViewLayer | Updating Geometry BVH Nozzle petal seam.509 18/45 | Building OptiX acceleration structure
Fra:1 Mem:15.08M (Peak 41.13M) | Time:00:01.29 | Mem:1.12M, Peak:1.60M | Scene, ViewLayer | Updating Geometry BVH Nozzle petal seam.510 19/45 | Building BVH
Fra:1 Mem:15.08M (Peak 41.13M) | Time:00:01.29 | Mem:1.12M, Peak:1.60M | Scene, ViewLayer | Updating Geometry BVH Nozzle petal seam.510 19/45 | Building OptiX acceleration structure
Fra:1 Mem:15.07M (Peak 41.13M) | Time:00:01.29 | Mem:1.12M, Peak:1.60M | Scene, ViewLayer | Updating Geometry BVH Nozzle petal seam.511 20/45 | Building BVH
Fra:1 Mem:15.07M (Peak 41.13M) | Time:00:01.29 | Mem:1.12M, Peak:1.60M | Scene, ViewLayer | Updating Geometry BVH Nozzle petal seam.511 20/45 | Building OptiX acceleration structure
Fra:1 Mem:15.07M (Peak 41.13M) | Time:00:01.29 | Mem:1.12M, Peak:1.60M | Scene, ViewLayer | Updating Geometry BVH Nozzle petal seam.512 21/45 | Building BVH
Fra:1 Mem:15.07M (Peak 41.13M) | Time:00:01.29 | Mem:1.13M, Peak:1.60M | Scene, ViewLayer | Updating Geometry BVH Nozzle petal seam.512 21/45 | Building OptiX acceleration structure
Fra:1 Mem:15.07M (Peak 41.13M) | Time:00:01.29 | Mem:1.12M, Peak:1.60M | Scene, ViewLayer | Updating Geometry BVH Nozzle petal seam.513 22/45 | Building BVH
Fra:1 Mem:15.07M (Peak 41.13M) | Time:00:01.29 | Mem:1.13M, Peak:1.60M | Scene, ViewLayer | Updating Geometry BVH Nozzle petal seam.513 22/45 | Building OptiX acceleration structure
Fra:1 Mem:15.07M (Peak 41.13M) | Time:00:01.29 | Mem:1.13M, Peak:1.60M | Scene, ViewLayer | Updating Geometry BVH Nozzle petal seam.514 23/45 | Building BVH
Fra:1 Mem:15.07M (Peak 41.13M) | Time:00:01.29 | Mem:1.13M, Peak:1.60M | Scene, ViewLayer | Updating Geometry BVH Nozzle petal seam.514 23/45 | Building OptiX acceleration structure
Fra:1 Mem:14.99M (Peak 41.13M) | Time:00:01.29 | Mem:1.15M, Peak:1.60M | Scene, ViewLayer | Updating Geometry BVH Nozzle petal seam.515 24/45 | Building BVH
Fra:1 Mem:14.99M (Peak 41.13M) | Time:00:01.29 | Mem:1.18M, Peak:1.60M | Scene, ViewLayer | Updating Geometry BVH Nozzle petal seam.515 24/45 | Building OptiX acceleration structure
Fra:1 Mem:14.98M (Peak 41.13M) | Time:00:01.29 | Mem:1.15M, Peak:1.60M | Scene, ViewLayer | Updating Geometry BVH Deep ion throat.042 25/45 | Building BVH
Fra:1 Mem:14.98M (Peak 41.13M) | Time:00:01.29 | Mem:1.15M, Peak:1.60M | Scene, ViewLayer | Updating Geometry BVH Deep ion throat.042 25/45 | Building OptiX acceleration structure
Fra:1 Mem:15.00M (Peak 41.13M) | Time:00:01.29 | Mem:1.17M, Peak:1.60M | Scene, ViewLayer | Updating Geometry BVH Deep intake duct.020 26/45 | Building BVH
Fra:1 Mem:15.00M (Peak 41.13M) | Time:00:01.29 | Mem:1.18M, Peak:1.60M | Scene, ViewLayer | Updating Geometry BVH Deep intake duct.020 26/45 | Building OptiX acceleration structure
Fra:1 Mem:15.00M (Peak 41.13M) | Time:00:01.29 | Mem:1.17M, Peak:1.60M | Scene, ViewLayer | Updating Geometry BVH Mesh 27/45 | Building BVH
Fra:1 Mem:15.00M (Peak 41.13M) | Time:00:01.29 | Mem:1.18M, Peak:1.60M | Scene, ViewLayer | Updating Geometry BVH Mesh 27/45 | Building OptiX acceleration structure
Fra:1 Mem:15.04M (Peak 41.13M) | Time:00:01.29 | Mem:1.21M, Peak:1.60M | Scene, ViewLayer | Updating Geometry BVH Integrated lifting hull.021 28/45 | Building BVH
Fra:1 Mem:15.04M (Peak 41.13M) | Time:00:01.29 | Mem:1.21M, Peak:1.60M | Scene, ViewLayer | Updating Geometry BVH Integrated lifting hull.021 28/45 | Building OptiX acceleration structure
Fra:1 Mem:15.04M (Peak 41.13M) | Time:00:01.29 | Mem:1.22M, Peak:1.60M | Scene, ViewLayer | Updating Geometry BVH Deep ion throat.043 43/45 | Building BVH
Fra:1 Mem:15.04M (Peak 41.13M) | Time:00:01.29 | Mem:1.23M, Peak:1.60M | Scene, ViewLayer | Updating Geometry BVH Deep ion throat.043 43/45 | Building OptiX acceleration structure
Fra:1 Mem:15.06M (Peak 41.13M) | Time:00:01.30 | Mem:1.24M, Peak:1.60M | Scene, ViewLayer | Updating Geometry BVH Integrated propulsion nacelle.021 29/45 | Building BVH
Fra:1 Mem:15.06M (Peak 41.13M) | Time:00:01.30 | Mem:1.25M, Peak:1.60M | Scene, ViewLayer | Updating Geometry BVH Integrated propulsion nacelle.021 29/45 | Building OptiX acceleration structure
Fra:1 Mem:15.07M (Peak 41.13M) | Time:00:01.30 | Mem:1.25M, Peak:1.60M | Scene, ViewLayer | Updating Geometry BVH Contoured expansion nozzle.043 30/45 | Building BVH
Fra:1 Mem:15.07M (Peak 41.13M) | Time:00:01.30 | Mem:1.25M, Peak:1.60M | Scene, ViewLayer | Updating Geometry BVH Contoured expansion nozzle.043 30/45 | Building OptiX acceleration structure
Fra:1 Mem:15.08M (Peak 41.13M) | Time:00:01.30 | Mem:1.25M, Peak:1.60M | Scene, ViewLayer | Updating Geometry BVH Nozzle petal seam.516 31/45 | Building BVH
Fra:1 Mem:15.08M (Peak 41.13M) | Time:00:01.30 | Mem:1.25M, Peak:1.60M | Scene, ViewLayer | Updating Geometry BVH Nozzle petal seam.516 31/45 | Building OptiX acceleration structure
Fra:1 Mem:15.08M (Peak 41.13M) | Time:00:01.30 | Mem:1.26M, Peak:1.60M | Scene, ViewLayer | Updating Geometry BVH Nozzle petal seam.517 32/45 | Building BVH
Fra:1 Mem:15.08M (Peak 41.13M) | Time:00:01.30 | Mem:1.26M, Peak:1.60M | Scene, ViewLayer | Updating Geometry BVH Nozzle petal seam.517 32/45 | Building OptiX acceleration structure
Fra:1 Mem:15.08M (Peak 41.13M) | Time:00:01.30 | Mem:1.26M, Peak:1.60M | Scene, ViewLayer | Updating Geometry BVH Nozzle petal seam.518 33/45 | Building BVH
Fra:1 Mem:15.08M (Peak 41.13M) | Time:00:01.30 | Mem:1.26M, Peak:1.60M | Scene, ViewLayer | Updating Geometry BVH Nozzle petal seam.518 33/45 | Building OptiX acceleration structure
Fra:1 Mem:15.08M (Peak 41.13M) | Time:00:01.30 | Mem:1.26M, Peak:1.60M | Scene, ViewLayer | Updating Geometry BVH Nozzle petal seam.519 34/45 | Building BVH
Fra:1 Mem:15.08M (Peak 41.13M) | Time:00:01.30 | Mem:1.26M, Peak:1.60M | Scene, ViewLayer | Updating Geometry BVH Nozzle petal seam.519 34/45 | Building OptiX acceleration structure
Fra:1 Mem:15.08M (Peak 41.13M) | Time:00:01.30 | Mem:1.26M, Peak:1.60M | Scene, ViewLayer | Updating Geometry BVH Nozzle petal seam.520 35/45 | Building BVH
Fra:1 Mem:15.08M (Peak 41.13M) | Time:00:01.30 | Mem:1.28M, Peak:1.60M | Scene, ViewLayer | Updating Geometry BVH Nozzle petal seam.520 35/45 | Building OptiX acceleration structure
Fra:1 Mem:15.06M (Peak 41.13M) | Time:00:01.30 | Mem:1.25M, Peak:1.60M | Scene, ViewLayer | Updating Geometry BVH Nozzle petal seam.521 36/45 | Building BVH
Fra:1 Mem:15.06M (Peak 41.13M) | Time:00:01.30 | Mem:1.25M, Peak:1.60M | Scene, ViewLayer | Updating Geometry BVH Nozzle petal seam.521 36/45 | Building OptiX acceleration structure
Fra:1 Mem:15.06M (Peak 41.13M) | Time:00:01.30 | Mem:1.25M, Peak:1.60M | Scene, ViewLayer | Updating Geometry BVH Nozzle petal seam.522 37/45 | Building BVH
Fra:1 Mem:15.06M (Peak 41.13M) | Time:00:01.30 | Mem:1.43M, Peak:1.60M | Scene, ViewLayer | Updating Geometry BVH Nozzle petal seam.522 37/45 | Building OptiX acceleration structure
Fra:1 Mem:15.02M (Peak 41.13M) | Time:00:01.30 | Mem:1.26M, Peak:1.60M | Scene, ViewLayer | Updating Geometry BVH Nozzle petal seam.523 38/45 | Building BVH
Fra:1 Mem:15.02M (Peak 41.13M) | Time:00:01.30 | Mem:1.29M, Peak:1.60M | Scene, ViewLayer | Updating Geometry BVH Nozzle petal seam.523 38/45 | Building OptiX acceleration structure
Fra:1 Mem:15.01M (Peak 41.13M) | Time:00:01.30 | Mem:1.26M, Peak:1.60M | Scene, ViewLayer | Updating Geometry BVH Nozzle petal seam.524 39/45 | Building BVH
Fra:1 Mem:15.01M (Peak 41.13M) | Time:00:01.30 | Mem:1.26M, Peak:1.60M | Scene, ViewLayer | Updating Geometry BVH Nozzle petal seam.524 39/45 | Building OptiX acceleration structure
Fra:1 Mem:14.99M (Peak 41.13M) | Time:00:01.31 | Mem:1.26M, Peak:1.60M | Scene, ViewLayer | Updating Geometry BVH Nozzle petal seam.527 42/45 | Building BVH
Fra:1 Mem:14.99M (Peak 41.13M) | Time:00:01.31 | Mem:1.29M, Peak:1.60M | Scene, ViewLayer | Updating Geometry BVH Nozzle petal seam.527 42/45 | Building OptiX acceleration structure
Fra:1 Mem:14.99M (Peak 41.13M) | Time:00:01.31 | Mem:1.26M, Peak:1.60M | Scene, ViewLayer | Updating Geometry BVH Nozzle petal seam.525 40/45 | Building BVH
Fra:1 Mem:14.99M (Peak 41.13M) | Time:00:01.31 | Mem:1.29M, Peak:1.60M | Scene, ViewLayer | Updating Geometry BVH Nozzle petal seam.525 40/45 | Building OptiX acceleration structure
Fra:1 Mem:14.98M (Peak 41.13M) | Time:00:01.31 | Mem:1.26M, Peak:1.60M | Scene, ViewLayer | Updating Geometry BVH Nozzle petal seam.526 41/45 | Building BVH
Fra:1 Mem:14.98M (Peak 41.13M) | Time:00:01.31 | Mem:1.26M, Peak:1.60M | Scene, ViewLayer | Updating Geometry BVH Nozzle petal seam.526 41/45 | Building OptiX acceleration structure
Fra:1 Mem:14.98M (Peak 41.13M) | Time:00:01.32 | Mem:1.27M, Peak:1.60M | Scene, ViewLayer | Updating Scene BVH | Building
Fra:1 Mem:14.98M (Peak 41.13M) | Time:00:01.32 | Mem:1.27M, Peak:1.60M | Scene, ViewLayer | Updating Scene BVH | Building OptiX acceleration structure
Fra:1 Mem:14.98M (Peak 41.13M) | Time:00:01.32 | Mem:1.28M, Peak:1.60M | Scene, ViewLayer | Updating Scene BVH | Copying BVH to device
Fra:1 Mem:14.98M (Peak 41.13M) | Time:00:01.32 | Mem:1.28M, Peak:1.60M | Scene, ViewLayer | Updating Mesh | Computing normals
Fra:1 Mem:15.62M (Peak 41.13M) | Time:00:01.32 | Mem:1.28M, Peak:1.60M | Scene, ViewLayer | Updating Mesh | Copying Mesh to device
Fra:1 Mem:15.62M (Peak 41.13M) | Time:00:01.32 | Mem:1.92M, Peak:1.92M | Scene, ViewLayer | Updating Objects Flags
Fra:1 Mem:15.62M (Peak 41.13M) | Time:00:01.32 | Mem:1.93M, Peak:1.93M | Scene, ViewLayer | Updating Primitive Offsets
Fra:1 Mem:15.62M (Peak 41.13M) | Time:00:01.32 | Mem:1.93M, Peak:1.93M | Scene, ViewLayer | Updating Images
Fra:1 Mem:15.62M (Peak 41.13M) | Time:00:01.32 | Mem:1.93M, Peak:1.93M | Scene, ViewLayer | Updating Images | Loading panel-normal.png
Fra:1 Mem:15.62M (Peak 41.13M) | Time:00:01.32 | Mem:1.93M, Peak:1.93M | Scene, ViewLayer | Updating Images | Loading paint-orm.png
Fra:1 Mem:31.64M (Peak 41.13M) | Time:00:01.60 | Mem:17.93M, Peak:17.93M | Scene, ViewLayer | Updating Camera Volume
Fra:1 Mem:31.64M (Peak 41.13M) | Time:00:01.60 | Mem:17.93M, Peak:17.93M | Scene, ViewLayer | Updating Lookup Tables
Fra:1 Mem:31.64M (Peak 41.13M) | Time:00:01.60 | Mem:18.01M, Peak:18.01M | Scene, ViewLayer | Updating Lights
Fra:1 Mem:31.64M (Peak 41.13M) | Time:00:01.60 | Mem:18.01M, Peak:18.01M | Scene, ViewLayer | Updating Lights | Computing tree
Fra:1 Mem:31.83M (Peak 41.13M) | Time:00:01.60 | Mem:18.20M, Peak:18.20M | Scene, ViewLayer | Updating Integrator
Fra:1 Mem:31.83M (Peak 41.13M) | Time:00:01.60 | Mem:18.20M, Peak:18.20M | Scene, ViewLayer | Updating Film
Fra:1 Mem:31.83M (Peak 41.13M) | Time:00:01.60 | Mem:18.12M, Peak:18.20M | Scene, ViewLayer | Updating Lookup Tables
Fra:1 Mem:31.83M (Peak 41.13M) | Time:00:01.60 | Mem:18.20M, Peak:18.20M | Scene, ViewLayer | Updating Baking
Fra:1 Mem:31.83M (Peak 41.13M) | Time:00:01.60 | Mem:18.20M, Peak:18.20M | Scene, ViewLayer | Updating Device | Writing constant memory
Fra:1 Mem:31.83M (Peak 41.13M) | Time:00:01.60 | Mem:18.20M, Peak:18.20M | Scene, ViewLayer | Loading denoising kernels (may take a few minutes the first time)
Fra:1 Mem:35.84M (Peak 41.13M) | Time:00:01.63 | Mem:370.20M, Peak:370.20M | Scene, ViewLayer | Sample 0/24
Fra:1 Mem:82.80M (Peak 82.80M) | Time:00:01.64 | Remaining:00:00.39 | Mem:417.18M, Peak:417.18M | Scene, ViewLayer | Sample 1/24
Fra:1 Mem:102.59M (Peak 132.25M) | Time:00:06.67 | Mem:417.19M, Peak:417.19M | Scene, ViewLayer | Sample 24/24
Fra:1 Mem:102.59M (Peak 132.25M) | Time:00:06.67 | Mem:417.19M, Peak:417.19M | Scene, ViewLayer | Finished
Saved: 'D:\vibe-coding-e\nova-swarm-forum-129-improvements-20260822\docs\fleet-art-v2\ships\14\surfaced.png'
Time: 00:07.33 (Saving: 00:00.51)

Info: Saved as "source.blend"
17:14:30 | INFO: Starting glTF 2.0 export
17:14:30 | INFO: Extracting primitive: Continuous pressure fuselage.010
17:14:30 | WARNING: More than one shader node tex image used for a texture. The resulting glTF sampler will behave like the first shader node tex image.
17:14:30 | WARNING: More than one shader node tex image used for a texture. The resulting glTF sampler will behave like the first shader node tex image.
17:14:30 | INFO: Primitives created: 6
17:14:30 | INFO: Finished glTF 2.0 export in 0.2634623050689697 s
Fra:1 Mem:15.25M (Peak 30.75M) | Time:00:00.20 | Mem:0.00M, Peak:0.00M | Scene, ViewLayer | Synchronizing object | Broad neutral key
Fra:1 Mem:15.25M (Peak 30.75M) | Time:00:00.20 | Mem:0.00M, Peak:0.00M | Scene, ViewLayer | Synchronizing object | Neutral fill
Fra:1 Mem:15.25M (Peak 30.75M) | Time:00:00.20 | Mem:0.00M, Peak:0.00M | Scene, ViewLayer | Synchronizing object | PlasmaSkateV2
Fra:1 Mem:16.86M (Peak 30.75M) | Time:00:00.21 | Mem:0.00M, Peak:0.00M | Scene, ViewLayer | Initializing
Fra:1 Mem:16.39M (Peak 30.75M) | Time:00:00.21 | Mem:0.00M, Peak:0.00M | Scene, ViewLayer | Waiting for render to start
Fra:1 Mem:16.39M (Peak 30.75M) | Time:00:00.21 | Mem:0.00M, Peak:0.00M | Scene, ViewLayer | Updating Scene
Fra:1 Mem:16.39M (Peak 30.75M) | Time:00:00.21 | Mem:0.00M, Peak:0.00M | Scene, ViewLayer | Updating Shaders
Fra:1 Mem:16.39M (Peak 30.75M) | Time:00:00.21 | Mem:0.00M, Peak:0.00M | Scene, ViewLayer | Loading render kernels (may take a few minutes the first time)
Fra:1 Mem:16.48M (Peak 43.76M) | Time:00:00.36 | Mem:0.01M, Peak:0.01M | Scene, ViewLayer | Updating Procedurals
Fra:1 Mem:16.48M (Peak 43.76M) | Time:00:00.36 | Mem:0.01M, Peak:0.01M | Scene, ViewLayer | Updating Background
Fra:1 Mem:16.48M (Peak 43.76M) | Time:00:00.36 | Mem:0.01M, Peak:0.01M | Scene, ViewLayer | Updating Camera
Fra:1 Mem:16.48M (Peak 43.76M) | Time:00:00.36 | Mem:0.01M, Peak:0.01M | Scene, ViewLayer | Updating Meshes Flags
Fra:1 Mem:16.48M (Peak 43.76M) | Time:00:00.36 | Mem:0.01M, Peak:0.01M | Scene, ViewLayer | Updating Objects
Fra:1 Mem:16.48M (Peak 43.76M) | Time:00:00.36 | Mem:0.01M, Peak:0.01M | Scene, ViewLayer | Updating Objects | Copying Transformations to device
Fra:1 Mem:16.48M (Peak 43.76M) | Time:00:00.36 | Mem:0.01M, Peak:0.01M | Scene, ViewLayer | Updating Particle Systems
Fra:1 Mem:16.48M (Peak 43.76M) | Time:00:00.36 | Mem:0.01M, Peak:0.01M | Scene, ViewLayer | Updating Particle Systems | Copying Particles to device
Fra:1 Mem:16.48M (Peak 43.76M) | Time:00:00.36 | Mem:0.01M, Peak:0.01M | Scene, ViewLayer | Updating Meshes
Fra:1 Mem:17.58M (Peak 43.76M) | Time:00:00.37 | Mem:0.01M, Peak:0.01M | Scene, ViewLayer | Updating Objects | Applying Static Transformations
Fra:1 Mem:17.58M (Peak 43.76M) | Time:00:00.37 | Mem:0.01M, Peak:0.01M | Scene, ViewLayer | Updating Mesh | Computing attributes
Fra:1 Mem:19.06M (Peak 43.76M) | Time:00:00.37 | Mem:0.01M, Peak:0.01M | Scene, ViewLayer | Updating Mesh | Copying Attributes to device
Fra:1 Mem:19.06M (Peak 43.76M) | Time:00:00.37 | Mem:1.48M, Peak:1.48M | Scene, ViewLayer | Updating Geometry BVH light 5/4 | Building BVH
Fra:1 Mem:19.06M (Peak 43.76M) | Time:00:00.37 | Mem:1.48M, Peak:1.48M | Scene, ViewLayer | Updating Geometry BVH Neutral fill 3/4 | Building BVH
Fra:1 Mem:19.06M (Peak 43.76M) | Time:00:00.38 | Mem:1.48M, Peak:1.48M | Scene, ViewLayer | Updating Geometry BVH Neutral fill 3/4 | Building OptiX acceleration structure
Fra:1 Mem:19.06M (Peak 43.76M) | Time:00:00.38 | Mem:1.48M, Peak:1.48M | Scene, ViewLayer | Updating Geometry BVH Continuous pressure fuselage.010 4/4 | Building BVH
Fra:1 Mem:19.06M (Peak 43.76M) | Time:00:00.38 | Mem:1.48M, Peak:1.48M | Scene, ViewLayer | Updating Geometry BVH Continuous pressure fuselage.010 4/4 | Building OptiX acceleration structure
Fra:1 Mem:19.06M (Peak 43.76M) | Time:00:00.38 | Mem:1.96M, Peak:3.42M | Scene, ViewLayer | Updating Scene BVH | Building
Fra:1 Mem:19.06M (Peak 43.76M) | Time:00:00.38 | Mem:1.96M, Peak:3.42M | Scene, ViewLayer | Updating Scene BVH | Building OptiX acceleration structure
Fra:1 Mem:19.06M (Peak 43.76M) | Time:00:00.38 | Mem:1.96M, Peak:3.42M | Scene, ViewLayer | Updating Scene BVH | Copying BVH to device
Fra:1 Mem:19.06M (Peak 43.76M) | Time:00:00.38 | Mem:1.96M, Peak:3.42M | Scene, ViewLayer | Updating Mesh | Computing normals
Fra:1 Mem:19.63M (Peak 43.76M) | Time:00:00.38 | Mem:1.96M, Peak:3.42M | Scene, ViewLayer | Updating Mesh | Copying Mesh to device
Fra:1 Mem:19.63M (Peak 43.76M) | Time:00:00.38 | Mem:2.54M, Peak:3.42M | Scene, ViewLayer | Updating Objects Flags
Fra:1 Mem:19.63M (Peak 43.76M) | Time:00:00.38 | Mem:2.54M, Peak:3.42M | Scene, ViewLayer | Updating Primitive Offsets
Fra:1 Mem:19.63M (Peak 43.76M) | Time:00:00.38 | Mem:2.54M, Peak:3.42M | Scene, ViewLayer | Updating Images
Fra:1 Mem:19.63M (Peak 43.76M) | Time:00:00.38 | Mem:2.54M, Peak:3.42M | Scene, ViewLayer | Updating Images | Loading panel-normal.png
Fra:1 Mem:23.63M (Peak 43.76M) | Time:00:00.38 | Mem:2.54M, Peak:3.42M | Scene, ViewLayer | Updating Images | Loading white-basecolor.png
Fra:1 Mem:27.63M (Peak 43.76M) | Time:00:00.38 | Mem:2.54M, Peak:3.42M | Scene, ViewLayer | Updating Images | Loading cobalt-basecolor.png
Fra:1 Mem:35.65M (Peak 43.76M) | Time:00:00.40 | Mem:18.54M, Peak:18.54M | Scene, ViewLayer | Updating Camera Volume
Fra:1 Mem:35.65M (Peak 43.76M) | Time:00:00.40 | Mem:18.54M, Peak:18.54M | Scene, ViewLayer | Updating Lookup Tables
Fra:1 Mem:35.65M (Peak 43.76M) | Time:00:00.40 | Mem:18.62M, Peak:18.62M | Scene, ViewLayer | Updating Lights
Fra:1 Mem:35.65M (Peak 43.76M) | Time:00:00.40 | Mem:18.62M, Peak:18.62M | Scene, ViewLayer | Updating Lights | Computing tree
Fra:1 Mem:35.90M (Peak 43.76M) | Time:00:00.41 | Mem:18.88M, Peak:18.88M | Scene, ViewLayer | Updating Integrator
Fra:1 Mem:35.90M (Peak 43.76M) | Time:00:00.41 | Mem:18.88M, Peak:18.88M | Scene, ViewLayer | Updating Film
Fra:1 Mem:35.91M (Peak 43.76M) | Time:00:00.41 | Mem:18.80M, Peak:18.88M | Scene, ViewLayer | Updating Lookup Tables
Fra:1 Mem:35.91M (Peak 43.76M) | Time:00:00.41 | Mem:18.89M, Peak:18.89M | Scene, ViewLayer | Updating Baking
Fra:1 Mem:35.91M (Peak 43.76M) | Time:00:00.41 | Mem:18.89M, Peak:18.89M | Scene, ViewLayer | Updating Device | Writing constant memory
Fra:1 Mem:35.91M (Peak 43.76M) | Time:00:00.42 | Mem:18.89M, Peak:18.89M | Scene, ViewLayer | Loading denoising kernels (may take a few minutes the first time)
Fra:1 Mem:39.91M (Peak 43.76M) | Time:00:00.48 | Mem:370.89M, Peak:370.89M | Scene, ViewLayer | Sample 0/24
Fra:1 Mem:115.92M (Peak 115.92M) | Time:00:00.52 | Remaining:00:01.09 | Mem:446.90M, Peak:446.90M | Scene, ViewLayer | Sample 1/24
Fra:1 Mem:147.92M (Peak 195.92M) | Time:00:09.16 | Mem:446.90M, Peak:446.90M | Scene, ViewLayer | Sample 24/24
Fra:1 Mem:147.92M (Peak 195.92M) | Time:00:09.16 | Mem:446.90M, Peak:446.90M | Scene, ViewLayer | Finished
Saved: 'D:\vibe-coding-e\nova-swarm-forum-129-improvements-20260822\docs\fleet-art-v2\ships\14\export\showroom.png'
Time: 00:10.19 (Saving: 00:00.90)

Fra:1 Mem:15.54M (Peak 15.54M) | Time:00:00.21 | Mem:0.00M, Peak:0.00M | Scene, ViewLayer | Synchronizing object | Broad neutral key
Fra:1 Mem:15.54M (Peak 15.54M) | Time:00:00.21 | Mem:0.00M, Peak:0.00M | Scene, ViewLayer | Synchronizing object | PlasmaSkateV2
Fra:1 Mem:16.86M (Peak 17.65M) | Time:00:00.21 | Mem:0.00M, Peak:0.00M | Scene, ViewLayer | Initializing
Fra:1 Mem:16.39M (Peak 17.65M) | Time:00:00.21 | Mem:0.00M, Peak:0.00M | Scene, ViewLayer | Waiting for render to start
Fra:1 Mem:16.39M (Peak 17.65M) | Time:00:00.21 | Mem:0.00M, Peak:0.00M | Scene, ViewLayer | Updating Scene
Fra:1 Mem:16.39M (Peak 17.65M) | Time:00:00.21 | Mem:0.00M, Peak:0.00M | Scene, ViewLayer | Updating Shaders
Fra:1 Mem:16.39M (Peak 17.65M) | Time:00:00.21 | Mem:0.00M, Peak:0.00M | Scene, ViewLayer | Loading render kernels (may take a few minutes the first time)
Fra:1 Mem:16.48M (Peak 43.76M) | Time:00:00.35 | Mem:0.01M, Peak:0.01M | Scene, ViewLayer | Updating Procedurals
Fra:1 Mem:16.48M (Peak 43.76M) | Time:00:00.35 | Mem:0.01M, Peak:0.01M | Scene, ViewLayer | Updating Background
Fra:1 Mem:16.48M (Peak 43.76M) | Time:00:00.35 | Mem:0.01M, Peak:0.01M | Scene, ViewLayer | Updating Camera
Fra:1 Mem:16.48M (Peak 43.76M) | Time:00:00.35 | Mem:0.01M, Peak:0.01M | Scene, ViewLayer | Updating Meshes Flags
Fra:1 Mem:16.48M (Peak 43.76M) | Time:00:00.35 | Mem:0.01M, Peak:0.01M | Scene, ViewLayer | Updating Objects
Fra:1 Mem:16.48M (Peak 43.76M) | Time:00:00.35 | Mem:0.01M, Peak:0.01M | Scene, ViewLayer | Updating Objects | Copying Transformations to device
Fra:1 Mem:16.48M (Peak 43.76M) | Time:00:00.35 | Mem:0.01M, Peak:0.01M | Scene, ViewLayer | Updating Particle Systems
Fra:1 Mem:16.48M (Peak 43.76M) | Time:00:00.35 | Mem:0.01M, Peak:0.01M | Scene, ViewLayer | Updating Particle Systems | Copying Particles to device
Fra:1 Mem:16.48M (Peak 43.76M) | Time:00:00.35 | Mem:0.01M, Peak:0.01M | Scene, ViewLayer | Updating Meshes
Fra:1 Mem:17.58M (Peak 43.76M) | Time:00:00.36 | Mem:0.01M, Peak:0.01M | Scene, ViewLayer | Updating Objects | Applying Static Transformations
Fra:1 Mem:17.58M (Peak 43.76M) | Time:00:00.36 | Mem:0.01M, Peak:0.01M | Scene, ViewLayer | Updating Mesh | Computing attributes
Fra:1 Mem:19.06M (Peak 43.76M) | Time:00:00.37 | Mem:0.01M, Peak:0.01M | Scene, ViewLayer | Updating Mesh | Copying Attributes to device
Fra:1 Mem:19.06M (Peak 43.76M) | Time:00:00.37 | Mem:1.48M, Peak:1.48M | Scene, ViewLayer | Updating Geometry BVH light 5/4 | Building BVH
Fra:1 Mem:19.06M (Peak 43.76M) | Time:00:00.37 | Mem:1.48M, Peak:1.48M | Scene, ViewLayer | Updating Geometry BVH Neutral fill 3/4 | Building BVH
Fra:1 Mem:19.06M (Peak 43.76M) | Time:00:00.37 | Mem:1.48M, Peak:1.48M | Scene, ViewLayer | Updating Geometry BVH Continuous pressure fuselage.010 4/4 | Building OptiX acceleration structure
Fra:1 Mem:19.06M (Peak 43.76M) | Time:00:00.37 | Mem:1.96M, Peak:3.42M | Scene, ViewLayer | Updating Scene BVH | Building
Fra:1 Mem:19.06M (Peak 43.76M) | Time:00:00.37 | Mem:1.96M, Peak:3.42M | Scene, ViewLayer | Updating Scene BVH | Building OptiX acceleration structure
Fra:1 Mem:19.06M (Peak 43.76M) | Time:00:00.37 | Mem:1.96M, Peak:3.42M | Scene, ViewLayer | Updating Scene BVH | Copying BVH to device
Fra:1 Mem:19.06M (Peak 43.76M) | Time:00:00.37 | Mem:1.96M, Peak:3.42M | Scene, ViewLayer | Updating Mesh | Computing normals
Fra:1 Mem:19.63M (Peak 43.76M) | Time:00:00.37 | Mem:1.96M, Peak:3.42M | Scene, ViewLayer | Updating Mesh | Copying Mesh to device
Fra:1 Mem:19.63M (Peak 43.76M) | Time:00:00.38 | Mem:2.54M, Peak:3.42M | Scene, ViewLayer | Updating Objects Flags
Fra:1 Mem:19.63M (Peak 43.76M) | Time:00:00.38 | Mem:2.54M, Peak:3.42M | Scene, ViewLayer | Updating Primitive Offsets
Fra:1 Mem:19.63M (Peak 43.76M) | Time:00:00.38 | Mem:2.54M, Peak:3.42M | Scene, ViewLayer | Updating Images
Fra:1 Mem:19.63M (Peak 43.76M) | Time:00:00.38 | Mem:2.54M, Peak:3.42M | Scene, ViewLayer | Updating Images | Loading panel-normal.png
Fra:1 Mem:23.63M (Peak 43.76M) | Time:00:00.38 | Mem:2.54M, Peak:3.42M | Scene, ViewLayer | Updating Images | Loading paint-orm.png
Fra:1 Mem:27.63M (Peak 43.76M) | Time:00:00.38 | Mem:2.54M, Peak:3.42M | Scene, ViewLayer | Updating Images | Loading white-basecolor.png
Fra:1 Mem:35.65M (Peak 43.76M) | Time:00:00.40 | Mem:18.54M, Peak:18.54M | Scene, ViewLayer | Updating Camera Volume
Fra:1 Mem:35.65M (Peak 43.76M) | Time:00:00.40 | Mem:18.54M, Peak:18.54M | Scene, ViewLayer | Updating Lookup Tables
Fra:1 Mem:35.65M (Peak 43.76M) | Time:00:00.40 | Mem:18.62M, Peak:18.62M | Scene, ViewLayer | Updating Lights
Fra:1 Mem:35.65M (Peak 43.76M) | Time:00:00.40 | Mem:18.62M, Peak:18.62M | Scene, ViewLayer | Updating Lights | Computing tree
Fra:1 Mem:35.90M (Peak 43.76M) | Time:00:00.42 | Mem:18.88M, Peak:18.88M | Scene, ViewLayer | Updating Integrator
Fra:1 Mem:35.90M (Peak 43.76M) | Time:00:00.42 | Mem:18.88M, Peak:18.88M | Scene, ViewLayer | Updating Film
Fra:1 Mem:35.91M (Peak 43.76M) | Time:00:00.42 | Mem:18.80M, Peak:18.88M | Scene, ViewLayer | Updating Lookup Tables
Fra:1 Mem:35.91M (Peak 43.76M) | Time:00:00.42 | Mem:18.89M, Peak:18.89M | Scene, ViewLayer | Updating Baking
Fra:1 Mem:35.91M (Peak 43.76M) | Time:00:00.42 | Mem:18.89M, Peak:18.89M | Scene, ViewLayer | Updating Device | Writing constant memory
Fra:1 Mem:35.91M (Peak 43.76M) | Time:00:00.42 | Mem:18.89M, Peak:18.89M | Scene, ViewLayer | Loading denoising kernels (may take a few minutes the first time)
Fra:1 Mem:39.91M (Peak 43.76M) | Time:00:00.45 | Mem:370.89M, Peak:370.89M | Scene, ViewLayer | Sample 0/24
Fra:1 Mem:58.92M (Peak 58.92M) | Time:00:00.53 | Remaining:00:02.01 | Mem:389.90M, Peak:389.90M | Scene, ViewLayer | Sample 1/24
Fra:1 Mem:66.92M (Peak 78.92M) | Time:00:02.80 | Mem:389.90M, Peak:389.90M | Scene, ViewLayer | Sample 24/24
Fra:1 Mem:66.92M (Peak 78.92M) | Time:00:02.80 | Mem:389.90M, Peak:389.90M | Scene, ViewLayer | Finished
Saved: 'D:\vibe-coding-e\nova-swarm-forum-129-improvements-20260822\docs\fleet-art-v2\ships\14\export\player.png'
Time: 00:03.06 (Saving: 00:00.12)


FLEET_V2_COMPLETE 14 Plasma Skate
Read blend: "D:\vibe-coding-e\nova-swarm-forum-129-improvements-20260822\docs\fleet-art-v2\ships\15\source.blend"
Fra:1 Mem:14.48M (Peak 14.48M) | Time:00:00.25 | Mem:0.00M, Peak:0.00M | Scene, ViewLayer | Synchronizing object | Broad neutral key
Fra:1 Mem:14.48M (Peak 14.48M) | Time:00:00.25 | Mem:0.00M, Peak:0.00M | Scene, ViewLayer | Synchronizing object | Neutral fill
Fra:1 Mem:14.80M (Peak 14.80M) | Time:00:00.31 | Mem:0.00M, Peak:0.00M | Scene, ViewLayer | Synchronizing object | Continuous pressure fuselage
Fra:1 Mem:15.65M (Peak 15.65M) | Time:00:00.35 | Mem:0.00M, Peak:0.00M | Scene, ViewLayer | Synchronizing object | Cockpit integrated coaming
Fra:1 Mem:16.18M (Peak 16.18M) | Time:00:00.40 | Mem:0.00M, Peak:0.00M | Scene, ViewLayer | Synchronizing object | Pressure canopy glazing
Fra:1 Mem:16.23M (Peak 16.23M) | Time:00:00.40 | Mem:0.00M, Peak:0.00M | Scene, ViewLayer | Synchronizing object | Canopy lower frame
Fra:1 Mem:16.46M (Peak 16.46M) | Time:00:00.40 | Mem:0.00M, Peak:0.00M | Scene, ViewLayer | Synchronizing object | Canopy lower frame.001
Fra:1 Mem:16.49M (Peak 16.49M) | Time:00:00.40 | Mem:0.00M, Peak:0.00M | Scene, ViewLayer | Synchronizing object | Canopy pressure bow
Fra:1 Mem:16.51M (Peak 16.51M) | Time:00:00.40 | Mem:0.00M, Peak:0.00M | Scene, ViewLayer | Synchronizing object | Integrated lifting hull
Fra:1 Mem:16.52M (Peak 16.52M) | Time:00:00.40 | Mem:0.00M, Peak:0.00M | Scene, ViewLayer | Synchronizing object | Integrated propulsion nacelle
Fra:1 Mem:16.55M (Peak 16.55M) | Time:00:00.40 | Mem:0.00M, Peak:0.00M | Scene, ViewLayer | Synchronizing object | Nozzle petal seam
Fra:1 Mem:16.61M (Peak 16.61M) | Time:00:00.40 | Mem:0.00M, Peak:0.00M | Scene, ViewLayer | Synchronizing object | Nozzle petal seam.001
Fra:1 Mem:16.61M (Peak 16.61M) | Time:00:00.40 | Mem:0.00M, Peak:0.00M | Scene, ViewLayer | Synchronizing object | Nozzle petal seam.002
Fra:1 Mem:16.61M (Peak 16.61M) | Time:00:00.40 | Mem:0.00M, Peak:0.00M | Scene, ViewLayer | Synchronizing object | Nozzle petal seam.003
Fra:1 Mem:16.61M (Peak 16.61M) | Time:00:00.40 | Mem:0.00M, Peak:0.00M | Scene, ViewLayer | Synchronizing object | Nozzle petal seam.004
Fra:1 Mem:16.61M (Peak 16.61M) | Time:00:00.40 | Mem:0.00M, Peak:0.00M | Scene, ViewLayer | Synchronizing object | Nozzle petal seam.005
Fra:1 Mem:16.61M (Peak 16.61M) | Time:00:00.40 | Mem:0.00M, Peak:0.00M | Scene, ViewLayer | Synchronizing object | Nozzle petal seam.006
Fra:1 Mem:16.61M (Peak 16.61M) | Time:00:00.40 | Mem:0.00M, Peak:0.00M | Scene, ViewLayer | Synchronizing object | Nozzle petal seam.007
Fra:1 Mem:16.62M (Peak 16.62M) | Time:00:00.40 | Mem:0.00M, Peak:0.00M | Scene, ViewLayer | Synchronizing object | Nozzle petal seam.008
Fra:1 Mem:16.62M (Peak 16.62M) | Time:00:00.40 | Mem:0.00M, Peak:0.00M | Scene, ViewLayer | Synchronizing object | Nozzle petal seam.009
Fra:1 Mem:16.62M (Peak 16.62M) | Time:00:00.40 | Mem:0.00M, Peak:0.00M | Scene, ViewLayer | Synchronizing object | Nozzle petal seam.010
Fra:1 Mem:16.62M (Peak 16.62M) | Time:00:00.40 | Mem:0.00M, Peak:0.00M | Scene, ViewLayer | Synchronizing object | Nozzle petal seam.011
Fra:1 Mem:16.62M (Peak 16.62M) | Time:00:00.40 | Mem:0.00M, Peak:0.00M | Scene, ViewLayer | Synchronizing object | Deep ion throat
Fra:1 Mem:16.64M (Peak 16.64M) | Time:00:00.40 | Mem:0.00M, Peak:0.00M | Scene, ViewLayer | Synchronizing object | Deep intake duct
Fra:1 Mem:16.78M (Peak 16.78M) | Time:00:00.41 | Mem:0.00M, Peak:0.00M | Scene, ViewLayer | Synchronizing object | Blended structural fairing
Fra:1 Mem:16.78M (Peak 16.78M) | Time:00:00.41 | Mem:0.00M, Peak:0.00M | Scene, ViewLayer | Synchronizing object | Integrated lifting hull.001
Fra:1 Mem:16.88M (Peak 16.88M) | Time:00:00.41 | Mem:0.00M, Peak:0.00M | Scene, ViewLayer | Synchronizing object | Integrated propulsion nacelle.001
Fra:1 Mem:16.93M (Peak 16.93M) | Time:00:00.41 | Mem:0.00M, Peak:0.00M | Scene, ViewLayer | Synchronizing object | Nozzle petal seam.012
Fra:1 Mem:17.01M (Peak 17.01M) | Time:00:00.41 | Mem:0.00M, Peak:0.00M | Scene, ViewLayer | Synchronizing object | Nozzle petal seam.013
Fra:1 Mem:17.05M (Peak 17.05M) | Time:00:00.41 | Mem:0.00M, Peak:0.00M | Scene, ViewLayer | Synchronizing object | Nozzle petal seam.014
Fra:1 Mem:17.06M (Peak 17.06M) | Time:00:00.41 | Mem:0.00M, Peak:0.00M | Scene, ViewLayer | Synchronizing object | Nozzle petal seam.015
Fra:1 Mem:17.05M (Peak 17.06M) | Time:00:00.41 | Mem:0.00M, Peak:0.00M | Scene, ViewLayer | Synchronizing object | Nozzle petal seam.016
Fra:1 Mem:17.05M (Peak 17.06M) | Time:00:00.41 | Mem:0.00M, Peak:0.00M | Scene, ViewLayer | Synchronizing object | Nozzle petal seam.017
Fra:1 Mem:17.05M (Peak 17.06M) | Time:00:00.41 | Mem:0.00M, Peak:0.00M | Scene, ViewLayer | Synchronizing object | Nozzle petal seam.018
Fra:1 Mem:17.05M (Peak 17.06M) | Time:00:00.41 | Mem:0.00M, Peak:0.00M | Scene, ViewLayer | Synchronizing object | Nozzle petal seam.019
Fra:1 Mem:17.05M (Peak 17.06M) | Time:00:00.41 | Mem:0.00M, Peak:0.00M | Scene, ViewLayer | Synchronizing object | Nozzle petal seam.020
Fra:1 Mem:17.06M (Peak 17.06M) | Time:00:00.41 | Mem:0.00M, Peak:0.00M | Scene, ViewLayer | Synchronizing object | Nozzle petal seam.021
Fra:1 Mem:17.06M (Peak 17.06M) | Time:00:00.41 | Mem:0.00M, Peak:0.00M | Scene, ViewLayer | Synchronizing object | Nozzle petal seam.022
Fra:1 Mem:17.06M (Peak 17.06M) | Time:00:00.41 | Mem:0.00M, Peak:0.00M | Scene, ViewLayer | Synchronizing object | Nozzle petal seam.023
Fra:1 Mem:17.06M (Peak 17.06M) | Time:00:00.41 | Mem:0.00M, Peak:0.00M | Scene, ViewLayer | Synchronizing object | Deep ion throat.001
Fra:1 Mem:17.06M (Peak 17.06M) | Time:00:00.41 | Mem:0.00M, Peak:0.00M | Scene, ViewLayer | Synchronizing object | Deep intake duct.001
Fra:1 Mem:17.22M (Peak 17.22M) | Time:00:00.42 | Mem:0.00M, Peak:0.00M | Scene, ViewLayer | Synchronizing object | Blended structural fairing.001
Fra:1 Mem:17.39M (Peak 17.39M) | Time:00:00.42 | Mem:0.00M, Peak:0.00M | Scene, ViewLayer | Initializing
Fra:1 Mem:13.83M (Peak 17.39M) | Time:00:00.43 | Mem:0.00M, Peak:0.00M | Scene, ViewLayer | Waiting for render to start
Fra:1 Mem:13.83M (Peak 17.39M) | Time:00:00.43 | Mem:0.00M, Peak:0.00M | Scene, ViewLayer | Updating Scene
Fra:1 Mem:13.83M (Peak 17.39M) | Time:00:00.43 | Mem:0.00M, Peak:0.00M | Scene, ViewLayer | Updating Shaders
Fra:1 Mem:13.83M (Peak 17.39M) | Time:00:00.43 | Mem:0.00M, Peak:0.00M | Scene, ViewLayer | Loading render kernels (may take a few minutes the first time)
Fra:1 Mem:13.92M (Peak 41.21M) | Time:00:01.39 | Mem:0.01M, Peak:0.01M | Scene, ViewLayer | Updating Procedurals
Fra:1 Mem:13.92M (Peak 41.21M) | Time:00:01.39 | Mem:0.01M, Peak:0.01M | Scene, ViewLayer | Updating Background
Fra:1 Mem:13.92M (Peak 41.21M) | Time:00:01.39 | Mem:0.01M, Peak:0.01M | Scene, ViewLayer | Updating Camera
Fra:1 Mem:13.92M (Peak 41.21M) | Time:00:01.39 | Mem:0.01M, Peak:0.01M | Scene, ViewLayer | Updating Meshes Flags
Fra:1 Mem:13.92M (Peak 41.21M) | Time:00:01.39 | Mem:0.01M, Peak:0.01M | Scene, ViewLayer | Updating Objects
Fra:1 Mem:13.92M (Peak 41.21M) | Time:00:01.39 | Mem:0.01M, Peak:0.01M | Scene, ViewLayer | Updating Objects | Copying Transformations to device
Fra:1 Mem:13.93M (Peak 41.21M) | Time:00:01.40 | Mem:0.02M, Peak:0.02M | Scene, ViewLayer | Updating Particle Systems
Fra:1 Mem:13.93M (Peak 41.21M) | Time:00:01.40 | Mem:0.02M, Peak:0.02M | Scene, ViewLayer | Updating Particle Systems | Copying Particles to device
Fra:1 Mem:13.93M (Peak 41.21M) | Time:00:01.40 | Mem:0.02M, Peak:0.02M | Scene, ViewLayer | Updating Meshes
Fra:1 Mem:14.56M (Peak 41.21M) | Time:00:01.41 | Mem:0.02M, Peak:0.02M | Scene, ViewLayer | Updating Objects | Applying Static Transformations
Fra:1 Mem:14.56M (Peak 41.21M) | Time:00:01.41 | Mem:0.02M, Peak:0.02M | Scene, ViewLayer | Updating Mesh | Computing attributes
Fra:1 Mem:15.49M (Peak 41.21M) | Time:00:01.41 | Mem:0.02M, Peak:0.02M | Scene, ViewLayer | Updating Mesh | Copying Attributes to device
Fra:1 Mem:15.48M (Peak 41.21M) | Time:00:01.41 | Mem:0.94M, Peak:0.94M | Scene, ViewLayer | Updating Geometry BVH light 46/45 | Building BVH
Fra:1 Mem:15.48M (Peak 41.21M) | Time:00:01.41 | Mem:0.94M, Peak:0.94M | Scene, ViewLayer | Updating Geometry BVH Integrated propulsion nacelle.022 11/45 | Building OptiX acceleration structure
Fra:1 Mem:15.48M (Peak 41.21M) | Time:00:01.41 | Mem:0.94M, Peak:0.94M | Scene, ViewLayer | Updating Geometry BVH Mesh 45/45 | Building BVH
Fra:1 Mem:15.48M (Peak 41.21M) | Time:00:01.41 | Mem:0.94M, Peak:0.94M | Scene, ViewLayer | Updating Geometry BVH Mesh 45/45 | Building OptiX acceleration structure
Fra:1 Mem:15.62M (Peak 41.21M) | Time:00:01.41 | Mem:0.99M, Peak:0.99M | Scene, ViewLayer | Updating Geometry BVH Nozzle petal seam.552 13/45 | Building BVH
Fra:1 Mem:15.62M (Peak 41.21M) | Time:00:01.41 | Mem:0.99M, Peak:0.99M | Scene, ViewLayer | Updating Geometry BVH Nozzle petal seam.552 13/45 | Building OptiX acceleration structure
Fra:1 Mem:15.82M (Peak 41.21M) | Time:00:01.41 | Mem:0.99M, Peak:0.99M | Scene, ViewLayer | Updating Geometry BVH Nozzle petal seam.553 14/45 | Building BVH
Fra:1 Mem:15.82M (Peak 41.21M) | Time:00:01.41 | Mem:0.99M, Peak:0.99M | Scene, ViewLayer | Updating Geometry BVH Nozzle petal seam.553 14/45 | Building OptiX acceleration structure
Fra:1 Mem:15.75M (Peak 41.21M) | Time:00:01.42 | Mem:1.31M, Peak:1.70M | Scene, ViewLayer | Updating Geometry BVH Nozzle petal seam.554 15/45 | Building BVH
Fra:1 Mem:15.75M (Peak 41.21M) | Time:00:01.42 | Mem:1.32M, Peak:1.70M | Scene, ViewLayer | Updating Geometry BVH Nozzle petal seam.554 15/45 | Building OptiX acceleration structure
Fra:1 Mem:15.75M (Peak 41.21M) | Time:00:01.42 | Mem:1.31M, Peak:1.70M | Scene, ViewLayer | Updating Geometry BVH Nozzle petal seam.555 16/45 | Building BVH
Fra:1 Mem:15.75M (Peak 41.21M) | Time:00:01.42 | Mem:1.31M, Peak:1.70M | Scene, ViewLayer | Updating Geometry BVH Nozzle petal seam.555 16/45 | Building OptiX acceleration structure
Fra:1 Mem:15.74M (Peak 41.21M) | Time:00:01.43 | Mem:1.31M, Peak:1.70M | Scene, ViewLayer | Updating Geometry BVH Nozzle petal seam.556 17/45 | Building BVH
Fra:1 Mem:15.74M (Peak 41.21M) | Time:00:01.43 | Mem:1.72M, Peak:1.72M | Scene, ViewLayer | Updating Geometry BVH Nozzle petal seam.556 17/45 | Building OptiX acceleration structure
Fra:1 Mem:15.66M (Peak 41.21M) | Time:00:01.43 | Mem:1.33M, Peak:1.72M | Scene, ViewLayer | Updating Geometry BVH Nozzle petal seam.557 18/45 | Building BVH
Fra:1 Mem:15.66M (Peak 41.21M) | Time:00:01.43 | Mem:1.33M, Peak:1.72M | Scene, ViewLayer | Updating Geometry BVH Nozzle petal seam.557 18/45 | Building OptiX acceleration structure
Fra:1 Mem:15.66M (Peak 41.21M) | Time:00:01.43 | Mem:1.33M, Peak:1.72M | Scene, ViewLayer | Updating Geometry BVH Nozzle petal seam.558 19/45 | Building BVH
Fra:1 Mem:15.66M (Peak 41.21M) | Time:00:01.43 | Mem:1.34M, Peak:1.72M | Scene, ViewLayer | Updating Geometry BVH Nozzle petal seam.558 19/45 | Building OptiX acceleration structure
Fra:1 Mem:15.66M (Peak 41.21M) | Time:00:01.43 | Mem:1.33M, Peak:1.72M | Scene, ViewLayer | Updating Geometry BVH Nozzle petal seam.559 20/45 | Building BVH
Fra:1 Mem:15.66M (Peak 41.21M) | Time:00:01.43 | Mem:1.34M, Peak:1.72M | Scene, ViewLayer | Updating Geometry BVH Nozzle petal seam.559 20/45 | Building OptiX acceleration structure
Fra:1 Mem:15.66M (Peak 41.21M) | Time:00:01.44 | Mem:1.33M, Peak:1.72M | Scene, ViewLayer | Updating Geometry BVH Nozzle petal seam.560 21/45 | Building BVH
Fra:1 Mem:15.66M (Peak 41.21M) | Time:00:01.44 | Mem:1.33M, Peak:1.72M | Scene, ViewLayer | Updating Geometry BVH Nozzle petal seam.560 21/45 | Building OptiX acceleration structure
Fra:1 Mem:15.63M (Peak 41.21M) | Time:00:01.44 | Mem:1.34M, Peak:1.72M | Scene, ViewLayer | Updating Geometry BVH Deep intake duct.023 44/45 | Building BVH
Fra:1 Mem:15.63M (Peak 41.21M) | Time:00:01.44 | Mem:1.40M, Peak:1.72M | Scene, ViewLayer | Updating Geometry BVH Deep intake duct.023 44/45 | Building OptiX acceleration structure
Fra:1 Mem:15.50M (Peak 41.21M) | Time:00:01.44 | Mem:1.39M, Peak:1.86M | Scene, ViewLayer | Updating Geometry BVH Nozzle petal seam.561 22/45 | Building BVH
Fra:1 Mem:15.50M (Peak 41.21M) | Time:00:01.44 | Mem:1.41M, Peak:1.86M | Scene, ViewLayer | Updating Geometry BVH Nozzle petal seam.561 22/45 | Building OptiX acceleration structure
Fra:1 Mem:15.50M (Peak 41.21M) | Time:00:01.45 | Mem:1.38M, Peak:1.86M | Scene, ViewLayer | Updating Geometry BVH Nozzle petal seam.562 23/45 | Building BVH
Fra:1 Mem:15.50M (Peak 41.21M) | Time:00:01.45 | Mem:1.42M, Peak:1.86M | Scene, ViewLayer | Updating Geometry BVH Nozzle petal seam.562 23/45 | Building OptiX acceleration structure
Fra:1 Mem:15.49M (Peak 41.21M) | Time:00:01.45 | Mem:1.38M, Peak:1.86M | Scene, ViewLayer | Updating Geometry BVH Nozzle petal seam.563 24/45 | Building BVH
Fra:1 Mem:15.49M (Peak 41.21M) | Time:00:01.45 | Mem:1.39M, Peak:1.86M | Scene, ViewLayer | Updating Geometry BVH Nozzle petal seam.563 24/45 | Building OptiX acceleration structure
Fra:1 Mem:15.49M (Peak 41.21M) | Time:00:01.45 | Mem:1.38M, Peak:1.86M | Scene, ViewLayer | Updating Geometry BVH Deep ion throat.046 25/45 | Building BVH
Fra:1 Mem:15.49M (Peak 41.21M) | Time:00:01.45 | Mem:1.39M, Peak:1.86M | Scene, ViewLayer | Updating Geometry BVH Deep ion throat.046 25/45 | Building OptiX acceleration structure
Fra:1 Mem:15.51M (Peak 41.21M) | Time:00:01.45 | Mem:1.40M, Peak:1.86M | Scene, ViewLayer | Updating Geometry BVH Deep intake duct.022 26/45 | Building BVH
Fra:1 Mem:15.51M (Peak 41.21M) | Time:00:01.45 | Mem:1.40M, Peak:1.86M | Scene, ViewLayer | Updating Geometry BVH Deep intake duct.022 26/45 | Building OptiX acceleration structure
Fra:1 Mem:15.51M (Peak 41.21M) | Time:00:01.45 | Mem:1.41M, Peak:1.86M | Scene, ViewLayer | Updating Geometry BVH Mesh 27/45 | Building BVH
Fra:1 Mem:15.51M (Peak 41.21M) | Time:00:01.45 | Mem:1.41M, Peak:1.86M | Scene, ViewLayer | Updating Geometry BVH Mesh 27/45 | Building OptiX acceleration structure
Fra:1 Mem:15.55M (Peak 41.21M) | Time:00:01.46 | Mem:1.44M, Peak:1.86M | Scene, ViewLayer | Updating Geometry BVH Integrated lifting hull.023 28/45 | Building BVH
Fra:1 Mem:15.55M (Peak 41.21M) | Time:00:01.46 | Mem:1.44M, Peak:1.86M | Scene, ViewLayer | Updating Geometry BVH Integrated lifting hull.023 28/45 | Building OptiX acceleration structure
Fra:1 Mem:15.56M (Peak 41.21M) | Time:00:01.46 | Mem:1.46M, Peak:1.86M | Scene, ViewLayer | Updating Geometry BVH Integrated propulsion nacelle.023 29/45 | Building BVH
Fra:1 Mem:15.56M (Peak 41.21M) | Time:00:01.46 | Mem:1.46M, Peak:1.86M | Scene, ViewLayer | Updating Geometry BVH Integrated propulsion nacelle.023 29/45 | Building OptiX acceleration structure
Fra:1 Mem:15.56M (Peak 41.21M) | Time:00:01.46 | Mem:1.46M, Peak:1.86M | Scene, ViewLayer | Updating Geometry BVH Contoured expansion nozzle.047 30/45 | Building BVH
Fra:1 Mem:15.56M (Peak 41.21M) | Time:00:01.46 | Mem:1.46M, Peak:1.86M | Scene, ViewLayer | Updating Geometry BVH Contoured expansion nozzle.047 30/45 | Building OptiX acceleration structure
Fra:1 Mem:15.57M (Peak 41.21M) | Time:00:01.46 | Mem:1.47M, Peak:1.86M | Scene, ViewLayer | Updating Geometry BVH Nozzle petal seam.564 31/45 | Building BVH
Fra:1 Mem:15.57M (Peak 41.21M) | Time:00:01.46 | Mem:1.47M, Peak:1.86M | Scene, ViewLayer | Updating Geometry BVH Nozzle petal seam.564 31/45 | Building OptiX acceleration structure
Fra:1 Mem:15.57M (Peak 41.21M) | Time:00:01.46 | Mem:1.47M, Peak:1.86M | Scene, ViewLayer | Updating Geometry BVH Nozzle petal seam.565 32/45 | Building BVH
Fra:1 Mem:15.57M (Peak 41.21M) | Time:00:01.46 | Mem:1.49M, Peak:1.86M | Scene, ViewLayer | Updating Geometry BVH Nozzle petal seam.565 32/45 | Building OptiX acceleration structure
Fra:1 Mem:15.57M (Peak 41.21M) | Time:00:01.46 | Mem:1.47M, Peak:1.86M | Scene, ViewLayer | Updating Geometry BVH Deep ion throat.047 43/45 | Building BVH
Fra:1 Mem:15.57M (Peak 41.21M) | Time:00:01.46 | Mem:1.47M, Peak:1.86M | Scene, ViewLayer | Updating Geometry BVH Deep ion throat.047 43/45 | Building OptiX acceleration structure
Fra:1 Mem:15.59M (Peak 41.21M) | Time:00:01.46 | Mem:1.49M, Peak:1.86M | Scene, ViewLayer | Updating Geometry BVH Nozzle petal seam.566 33/45 | Building BVH
Fra:1 Mem:15.59M (Peak 41.21M) | Time:00:01.46 | Mem:1.50M, Peak:1.86M | Scene, ViewLayer | Updating Geometry BVH Nozzle petal seam.566 33/45 | Building OptiX acceleration structure
Fra:1 Mem:15.59M (Peak 41.21M) | Time:00:01.46 | Mem:1.49M, Peak:1.86M | Scene, ViewLayer | Updating Geometry BVH Nozzle petal seam.567 34/45 | Building BVH
Fra:1 Mem:15.59M (Peak 41.21M) | Time:00:01.46 | Mem:1.50M, Peak:1.86M | Scene, ViewLayer | Updating Geometry BVH Nozzle petal seam.567 34/45 | Building OptiX acceleration structure
Fra:1 Mem:15.59M (Peak 41.21M) | Time:00:01.46 | Mem:1.49M, Peak:1.86M | Scene, ViewLayer | Updating Geometry BVH Nozzle petal seam.568 35/45 | Building BVH
Fra:1 Mem:15.59M (Peak 41.21M) | Time:00:01.46 | Mem:1.49M, Peak:1.86M | Scene, ViewLayer | Updating Geometry BVH Nozzle petal seam.568 35/45 | Building OptiX acceleration structure
Fra:1 Mem:15.57M (Peak 41.21M) | Time:00:01.47 | Mem:1.49M, Peak:1.86M | Scene, ViewLayer | Updating Geometry BVH Nozzle petal seam.569 36/45 | Building BVH
Fra:1 Mem:15.57M (Peak 41.21M) | Time:00:01.47 | Mem:1.51M, Peak:1.86M | Scene, ViewLayer | Updating Geometry BVH Nozzle petal seam.569 36/45 | Building OptiX acceleration structure
Fra:1 Mem:15.56M (Peak 41.21M) | Time:00:01.47 | Mem:1.49M, Peak:1.86M | Scene, ViewLayer | Updating Geometry BVH Nozzle petal seam.570 37/45 | Building BVH
Fra:1 Mem:15.56M (Peak 41.21M) | Time:00:01.47 | Mem:1.66M, Peak:1.86M | Scene, ViewLayer | Updating Geometry BVH Nozzle petal seam.570 37/45 | Building OptiX acceleration structure
Fra:1 Mem:15.53M (Peak 41.21M) | Time:00:01.47 | Mem:1.50M, Peak:1.86M | Scene, ViewLayer | Updating Geometry BVH Nozzle petal seam.571 38/45 | Building BVH
Fra:1 Mem:15.53M (Peak 41.21M) | Time:00:01.47 | Mem:1.50M, Peak:1.86M | Scene, ViewLayer | Updating Geometry BVH Nozzle petal seam.571 38/45 | Building OptiX acceleration structure
Fra:1 Mem:15.52M (Peak 41.21M) | Time:00:01.47 | Mem:1.50M, Peak:1.86M | Scene, ViewLayer | Updating Geometry BVH Nozzle petal seam.572 39/45 | Building BVH
Fra:1 Mem:15.52M (Peak 41.21M) | Time:00:01.47 | Mem:1.53M, Peak:1.86M | Scene, ViewLayer | Updating Geometry BVH Nozzle petal seam.572 39/45 | Building OptiX acceleration structure
Fra:1 Mem:15.52M (Peak 41.21M) | Time:00:01.47 | Mem:1.50M, Peak:1.86M | Scene, ViewLayer | Updating Geometry BVH Nozzle petal seam.573 40/45 | Building BVH
Fra:1 Mem:15.52M (Peak 41.21M) | Time:00:01.47 | Mem:1.50M, Peak:1.86M | Scene, ViewLayer | Updating Geometry BVH Nozzle petal seam.573 40/45 | Building OptiX acceleration structure
Fra:1 Mem:15.52M (Peak 41.21M) | Time:00:01.47 | Mem:1.51M, Peak:1.86M | Scene, ViewLayer | Updating Geometry BVH Nozzle petal seam.574 41/45 | Building BVH
Fra:1 Mem:15.52M (Peak 41.21M) | Time:00:01.47 | Mem:1.51M, Peak:1.86M | Scene, ViewLayer | Updating Geometry BVH Nozzle petal seam.574 41/45 | Building OptiX acceleration structure
Fra:1 Mem:15.52M (Peak 41.21M) | Time:00:01.47 | Mem:1.50M, Peak:1.86M | Scene, ViewLayer | Updating Geometry BVH Nozzle petal seam.575 42/45 | Building BVH
Fra:1 Mem:15.52M (Peak 41.21M) | Time:00:01.47 | Mem:1.50M, Peak:1.86M | Scene, ViewLayer | Updating Geometry BVH Nozzle petal seam.575 42/45 | Building OptiX acceleration structure
Fra:1 Mem:15.48M (Peak 41.21M) | Time:00:01.48 | Mem:1.51M, Peak:1.86M | Scene, ViewLayer | Updating Scene BVH | Building
Fra:1 Mem:15.49M (Peak 41.21M) | Time:00:01.48 | Mem:1.51M, Peak:1.86M | Scene, ViewLayer | Updating Scene BVH | Building OptiX acceleration structure
Fra:1 Mem:15.49M (Peak 41.21M) | Time:00:01.48 | Mem:1.51M, Peak:1.86M | Scene, ViewLayer | Updating Scene BVH | Copying BVH to device
Fra:1 Mem:15.49M (Peak 41.21M) | Time:00:01.48 | Mem:1.51M, Peak:1.86M | Scene, ViewLayer | Updating Mesh | Computing normals
Fra:1 Mem:16.13M (Peak 41.21M) | Time:00:01.48 | Mem:1.51M, Peak:1.86M | Scene, ViewLayer | Updating Mesh | Copying Mesh to device
Fra:1 Mem:16.13M (Peak 41.21M) | Time:00:01.48 | Mem:2.16M, Peak:2.16M | Scene, ViewLayer | Updating Objects Flags
Fra:1 Mem:16.13M (Peak 41.21M) | Time:00:01.48 | Mem:2.16M, Peak:2.16M | Scene, ViewLayer | Updating Primitive Offsets
Fra:1 Mem:16.13M (Peak 41.21M) | Time:00:01.48 | Mem:2.16M, Peak:2.16M | Scene, ViewLayer | Updating Images
Fra:1 Mem:16.13M (Peak 41.21M) | Time:00:01.48 | Mem:2.16M, Peak:2.16M | Scene, ViewLayer | Updating Images | Loading panel-normal.png
Fra:1 Mem:16.13M (Peak 41.21M) | Time:00:01.48 | Mem:2.16M, Peak:2.16M | Scene, ViewLayer | Updating Images | Loading cobalt-basecolor.png
Fra:1 Mem:16.13M (Peak 41.21M) | Time:00:01.48 | Mem:2.16M, Peak:2.16M | Scene, ViewLayer | Updating Images | Loading paint-orm.png
Fra:1 Mem:32.14M (Peak 41.21M) | Time:00:02.10 | Mem:18.16M, Peak:18.16M | Scene, ViewLayer | Updating Camera Volume
Fra:1 Mem:32.14M (Peak 41.21M) | Time:00:02.10 | Mem:18.16M, Peak:18.16M | Scene, ViewLayer | Updating Lookup Tables
Fra:1 Mem:32.14M (Peak 41.21M) | Time:00:02.10 | Mem:18.24M, Peak:18.24M | Scene, ViewLayer | Updating Lights
Fra:1 Mem:32.14M (Peak 41.21M) | Time:00:02.11 | Mem:18.24M, Peak:18.24M | Scene, ViewLayer | Updating Lights | Computing tree
Fra:1 Mem:32.33M (Peak 41.21M) | Time:00:02.12 | Mem:18.43M, Peak:18.43M | Scene, ViewLayer | Updating Integrator
Fra:1 Mem:32.33M (Peak 41.21M) | Time:00:02.12 | Mem:18.43M, Peak:18.43M | Scene, ViewLayer | Updating Film
Fra:1 Mem:32.34M (Peak 41.21M) | Time:00:02.12 | Mem:18.35M, Peak:18.43M | Scene, ViewLayer | Updating Lookup Tables
Fra:1 Mem:32.34M (Peak 41.21M) | Time:00:02.12 | Mem:18.44M, Peak:18.44M | Scene, ViewLayer | Updating Baking
Fra:1 Mem:32.34M (Peak 41.21M) | Time:00:02.12 | Mem:18.44M, Peak:18.44M | Scene, ViewLayer | Updating Device | Writing constant memory
Fra:1 Mem:32.34M (Peak 41.21M) | Time:00:02.13 | Mem:18.44M, Peak:18.44M | Scene, ViewLayer | Loading denoising kernels (may take a few minutes the first time)
Fra:1 Mem:36.34M (Peak 41.21M) | Time:00:02.14 | Mem:370.44M, Peak:370.44M | Scene, ViewLayer | Sample 0/24
Fra:1 Mem:83.31M (Peak 83.31M) | Time:00:02.21 | Remaining:00:01.50 | Mem:417.42M, Peak:417.42M | Scene, ViewLayer | Sample 1/24
Fra:1 Mem:103.10M (Peak 132.76M) | Time:00:08.00 | Mem:417.42M, Peak:417.42M | Scene, ViewLayer | Sample 24/24
Fra:1 Mem:103.10M (Peak 132.76M) | Time:00:08.00 | Mem:417.42M, Peak:417.42M | Scene, ViewLayer | Finished
Saved: 'D:\vibe-coding-e\nova-swarm-forum-129-improvements-20260822\docs\fleet-art-v2\ships\15\surfaced.png'
Time: 00:08.47 (Saving: 00:00.22)

Info: Saved as "source.blend"
17:14:52 | INFO: Starting glTF 2.0 export
17:14:53 | INFO: Extracting primitive: Continuous pressure fuselage.011
17:14:53 | WARNING: More than one shader node tex image used for a texture. The resulting glTF sampler will behave like the first shader node tex image.
17:14:53 | WARNING: More than one shader node tex image used for a texture. The resulting glTF sampler will behave like the first shader node tex image.
17:14:53 | INFO: Primitives created: 6
17:14:53 | INFO: Finished glTF 2.0 export in 0.2252178192138672 s
Fra:1 Mem:15.24M (Peak 30.74M) | Time:00:00.18 | Mem:0.00M, Peak:0.00M | Scene, ViewLayer | Synchronizing object | Broad neutral key
Fra:1 Mem:15.24M (Peak 30.74M) | Time:00:00.18 | Mem:0.00M, Peak:0.00M | Scene, ViewLayer | Synchronizing object | RubySpikeV2
Fra:1 Mem:16.86M (Peak 30.74M) | Time:00:00.18 | Mem:0.00M, Peak:0.00M | Scene, ViewLayer | Initializing
Fra:1 Mem:16.39M (Peak 30.74M) | Time:00:00.18 | Mem:0.00M, Peak:0.00M | Scene, ViewLayer | Waiting for render to start
Fra:1 Mem:16.39M (Peak 30.74M) | Time:00:00.18 | Mem:0.00M, Peak:0.00M | Scene, ViewLayer | Updating Scene
Fra:1 Mem:16.39M (Peak 30.74M) | Time:00:00.18 | Mem:0.00M, Peak:0.00M | Scene, ViewLayer | Updating Shaders
Fra:1 Mem:16.39M (Peak 30.74M) | Time:00:00.18 | Mem:0.00M, Peak:0.00M | Scene, ViewLayer | Loading render kernels (may take a few minutes the first time)
Fra:1 Mem:16.47M (Peak 43.76M) | Time:00:00.31 | Mem:0.01M, Peak:0.01M | Scene, ViewLayer | Updating Procedurals
Fra:1 Mem:16.47M (Peak 43.76M) | Time:00:00.31 | Mem:0.01M, Peak:0.01M | Scene, ViewLayer | Updating Background
Fra:1 Mem:16.47M (Peak 43.76M) | Time:00:00.31 | Mem:0.01M, Peak:0.01M | Scene, ViewLayer | Updating Camera
Fra:1 Mem:16.47M (Peak 43.76M) | Time:00:00.31 | Mem:0.01M, Peak:0.01M | Scene, ViewLayer | Updating Meshes Flags
Fra:1 Mem:16.47M (Peak 43.76M) | Time:00:00.31 | Mem:0.01M, Peak:0.01M | Scene, ViewLayer | Updating Objects
Fra:1 Mem:16.47M (Peak 43.76M) | Time:00:00.31 | Mem:0.01M, Peak:0.01M | Scene, ViewLayer | Updating Objects | Copying Transformations to device
Fra:1 Mem:16.47M (Peak 43.76M) | Time:00:00.32 | Mem:0.01M, Peak:0.01M | Scene, ViewLayer | Updating Particle Systems
Fra:1 Mem:16.47M (Peak 43.76M) | Time:00:00.32 | Mem:0.01M, Peak:0.01M | Scene, ViewLayer | Updating Particle Systems | Copying Particles to device
Fra:1 Mem:16.47M (Peak 43.76M) | Time:00:00.32 | Mem:0.01M, Peak:0.01M | Scene, ViewLayer | Updating Meshes
Fra:1 Mem:17.58M (Peak 43.76M) | Time:00:00.33 | Mem:0.01M, Peak:0.01M | Scene, ViewLayer | Updating Objects | Applying Static Transformations
Fra:1 Mem:17.58M (Peak 43.76M) | Time:00:00.33 | Mem:0.01M, Peak:0.01M | Scene, ViewLayer | Updating Mesh | Computing attributes
Fra:1 Mem:19.05M (Peak 43.76M) | Time:00:00.33 | Mem:0.01M, Peak:0.01M | Scene, ViewLayer | Updating Mesh | Copying Attributes to device
Fra:1 Mem:19.05M (Peak 43.76M) | Time:00:00.33 | Mem:1.48M, Peak:1.48M | Scene, ViewLayer | Updating Geometry BVH light 5/4 | Building BVH
Fra:1 Mem:19.05M (Peak 43.76M) | Time:00:00.33 | Mem:1.48M, Peak:1.48M | Scene, ViewLayer | Updating Geometry BVH Broad neutral key 2/4 | Building BVH
Fra:1 Mem:19.05M (Peak 43.76M) | Time:00:00.33 | Mem:1.48M, Peak:1.48M | Scene, ViewLayer | Updating Geometry BVH Neutral fill 3/4 | Building OptiX acceleration structure
Fra:1 Mem:19.05M (Peak 43.76M) | Time:00:00.33 | Mem:1.48M, Peak:1.48M | Scene, ViewLayer | Updating Geometry BVH Continuous pressure fuselage.011 4/4 | Building BVH
Fra:1 Mem:19.05M (Peak 43.76M) | Time:00:00.33 | Mem:1.48M, Peak:1.48M | Scene, ViewLayer | Updating Geometry BVH Continuous pressure fuselage.011 4/4 | Building OptiX acceleration structure
Fra:1 Mem:19.05M (Peak 43.76M) | Time:00:00.33 | Mem:1.96M, Peak:3.41M | Scene, ViewLayer | Updating Scene BVH | Building
Fra:1 Mem:19.05M (Peak 43.76M) | Time:00:00.33 | Mem:1.96M, Peak:3.41M | Scene, ViewLayer | Updating Scene BVH | Building OptiX acceleration structure
Fra:1 Mem:19.05M (Peak 43.76M) | Time:00:00.33 | Mem:1.96M, Peak:3.41M | Scene, ViewLayer | Updating Scene BVH | Copying BVH to device
Fra:1 Mem:19.05M (Peak 43.76M) | Time:00:00.33 | Mem:1.96M, Peak:3.41M | Scene, ViewLayer | Updating Mesh | Computing normals
Fra:1 Mem:19.63M (Peak 43.76M) | Time:00:00.33 | Mem:1.96M, Peak:3.41M | Scene, ViewLayer | Updating Mesh | Copying Mesh to device
Fra:1 Mem:19.63M (Peak 43.76M) | Time:00:00.33 | Mem:2.54M, Peak:3.41M | Scene, ViewLayer | Updating Objects Flags
Fra:1 Mem:19.63M (Peak 43.76M) | Time:00:00.33 | Mem:2.54M, Peak:3.41M | Scene, ViewLayer | Updating Primitive Offsets
Fra:1 Mem:19.63M (Peak 43.76M) | Time:00:00.33 | Mem:2.54M, Peak:3.41M | Scene, ViewLayer | Updating Images
Fra:1 Mem:19.63M (Peak 43.76M) | Time:00:00.33 | Mem:2.54M, Peak:3.41M | Scene, ViewLayer | Updating Images | Loading cobalt-basecolor.png
Fra:1 Mem:23.63M (Peak 43.76M) | Time:00:00.33 | Mem:2.54M, Peak:3.41M | Scene, ViewLayer | Updating Images | Loading white-basecolor.png
Fra:1 Mem:35.64M (Peak 43.76M) | Time:00:00.36 | Mem:18.54M, Peak:18.54M | Scene, ViewLayer | Updating Camera Volume
Fra:1 Mem:35.64M (Peak 43.76M) | Time:00:00.36 | Mem:18.54M, Peak:18.54M | Scene, ViewLayer | Updating Lookup Tables
Fra:1 Mem:35.64M (Peak 43.76M) | Time:00:00.36 | Mem:18.62M, Peak:18.62M | Scene, ViewLayer | Updating Lights
Fra:1 Mem:35.64M (Peak 43.76M) | Time:00:00.36 | Mem:18.62M, Peak:18.62M | Scene, ViewLayer | Updating Lights | Computing tree
Fra:1 Mem:35.90M (Peak 43.76M) | Time:00:00.36 | Mem:18.88M, Peak:18.88M | Scene, ViewLayer | Updating Integrator
Fra:1 Mem:35.90M (Peak 43.76M) | Time:00:00.36 | Mem:18.88M, Peak:18.88M | Scene, ViewLayer | Updating Film
Fra:1 Mem:35.90M (Peak 43.76M) | Time:00:00.36 | Mem:18.80M, Peak:18.88M | Scene, ViewLayer | Updating Lookup Tables
Fra:1 Mem:35.90M (Peak 43.76M) | Time:00:00.36 | Mem:18.88M, Peak:18.88M | Scene, ViewLayer | Updating Baking
Fra:1 Mem:35.90M (Peak 43.76M) | Time:00:00.36 | Mem:18.88M, Peak:18.88M | Scene, ViewLayer | Updating Device | Writing constant memory
Fra:1 Mem:35.91M (Peak 43.76M) | Time:00:00.36 | Mem:18.88M, Peak:18.88M | Scene, ViewLayer | Loading denoising kernels (may take a few minutes the first time)
Fra:1 Mem:39.91M (Peak 43.76M) | Time:00:00.39 | Mem:370.88M, Peak:370.88M | Scene, ViewLayer | Sample 0/24
Fra:1 Mem:115.91M (Peak 115.91M) | Time:00:00.42 | Remaining:00:00.56 | Mem:446.89M, Peak:446.89M | Scene, ViewLayer | Sample 1/24
Fra:1 Mem:147.92M (Peak 195.92M) | Time:00:07.99 | Mem:446.90M, Peak:446.90M | Scene, ViewLayer | Sample 24/24
Fra:1 Mem:147.92M (Peak 195.92M) | Time:00:07.99 | Mem:446.90M, Peak:446.90M | Scene, ViewLayer | Finished
Saved: 'D:\vibe-coding-e\nova-swarm-forum-129-improvements-20260822\docs\fleet-art-v2\ships\15\export\showroom.png'
Time: 00:09.13 (Saving: 00:00.47)

Fra:1 Mem:15.54M (Peak 15.54M) | Time:00:00.21 | Mem:0.00M, Peak:0.00M | Scene, ViewLayer | Synchronizing object | Broad neutral key
Fra:1 Mem:15.54M (Peak 15.54M) | Time:00:00.21 | Mem:0.00M, Peak:0.00M | Scene, ViewLayer | Synchronizing object | RubySpikeV2
Fra:1 Mem:16.86M (Peak 17.64M) | Time:00:00.22 | Mem:0.00M, Peak:0.00M | Scene, ViewLayer | Initializing
Fra:1 Mem:16.39M (Peak 17.64M) | Time:00:00.22 | Mem:0.00M, Peak:0.00M | Scene, ViewLayer | Waiting for render to start
Fra:1 Mem:16.39M (Peak 17.64M) | Time:00:00.22 | Mem:0.00M, Peak:0.00M | Scene, ViewLayer | Updating Scene
Fra:1 Mem:16.39M (Peak 17.64M) | Time:00:00.22 | Mem:0.00M, Peak:0.00M | Scene, ViewLayer | Updating Shaders
Fra:1 Mem:16.39M (Peak 17.64M) | Time:00:00.22 | Mem:0.00M, Peak:0.00M | Scene, ViewLayer | Loading render kernels (may take a few minutes the first time)
Fra:1 Mem:16.47M (Peak 43.76M) | Time:00:00.36 | Mem:0.01M, Peak:0.01M | Scene, ViewLayer | Updating Procedurals
Fra:1 Mem:16.47M (Peak 43.76M) | Time:00:00.36 | Mem:0.01M, Peak:0.01M | Scene, ViewLayer | Updating Background
Fra:1 Mem:16.47M (Peak 43.76M) | Time:00:00.36 | Mem:0.01M, Peak:0.01M | Scene, ViewLayer | Updating Camera
Fra:1 Mem:16.47M (Peak 43.76M) | Time:00:00.36 | Mem:0.01M, Peak:0.01M | Scene, ViewLayer | Updating Meshes Flags
Fra:1 Mem:16.47M (Peak 43.76M) | Time:00:00.36 | Mem:0.01M, Peak:0.01M | Scene, ViewLayer | Updating Objects
Fra:1 Mem:16.47M (Peak 43.76M) | Time:00:00.36 | Mem:0.01M, Peak:0.01M | Scene, ViewLayer | Updating Objects | Copying Transformations to device
Fra:1 Mem:16.47M (Peak 43.76M) | Time:00:00.36 | Mem:0.01M, Peak:0.01M | Scene, ViewLayer | Updating Particle Systems
Fra:1 Mem:16.47M (Peak 43.76M) | Time:00:00.36 | Mem:0.01M, Peak:0.01M | Scene, ViewLayer | Updating Particle Systems | Copying Particles to device
Fra:1 Mem:16.47M (Peak 43.76M) | Time:00:00.36 | Mem:0.01M, Peak:0.01M | Scene, ViewLayer | Updating Meshes
Fra:1 Mem:17.58M (Peak 43.76M) | Time:00:00.38 | Mem:0.01M, Peak:0.01M | Scene, ViewLayer | Updating Objects | Applying Static Transformations
Fra:1 Mem:17.58M (Peak 43.76M) | Time:00:00.38 | Mem:0.01M, Peak:0.01M | Scene, ViewLayer | Updating Mesh | Computing attributes
Fra:1 Mem:19.05M (Peak 43.76M) | Time:00:00.38 | Mem:0.01M, Peak:0.01M | Scene, ViewLayer | Updating Mesh | Copying Attributes to device
Fra:1 Mem:19.05M (Peak 43.76M) | Time:00:00.38 | Mem:1.48M, Peak:1.48M | Scene, ViewLayer | Updating Geometry BVH light 5/4 | Building BVH
Fra:1 Mem:19.05M (Peak 43.76M) | Time:00:00.38 | Mem:1.48M, Peak:1.48M | Scene, ViewLayer | Updating Geometry BVH Broad neutral key 2/4 | Building OptiX acceleration structure
Fra:1 Mem:19.05M (Peak 43.76M) | Time:00:00.38 | Mem:1.48M, Peak:1.48M | Scene, ViewLayer | Updating Geometry BVH Continuous pressure fuselage.011 4/4 | Building BVH
Fra:1 Mem:19.05M (Peak 43.76M) | Time:00:00.38 | Mem:1.48M, Peak:1.48M | Scene, ViewLayer | Updating Geometry BVH Continuous pressure fuselage.011 4/4 | Building OptiX acceleration structure
Fra:1 Mem:19.05M (Peak 43.76M) | Time:00:00.38 | Mem:1.96M, Peak:3.41M | Scene, ViewLayer | Updating Scene BVH | Building
Fra:1 Mem:19.05M (Peak 43.76M) | Time:00:00.38 | Mem:1.96M, Peak:3.41M | Scene, ViewLayer | Updating Scene BVH | Building OptiX acceleration structure
Fra:1 Mem:19.05M (Peak 43.76M) | Time:00:00.38 | Mem:1.96M, Peak:3.41M | Scene, ViewLayer | Updating Scene BVH | Copying BVH to device
Fra:1 Mem:19.05M (Peak 43.76M) | Time:00:00.38 | Mem:1.96M, Peak:3.41M | Scene, ViewLayer | Updating Mesh | Computing normals
Fra:1 Mem:19.63M (Peak 43.76M) | Time:00:00.38 | Mem:1.96M, Peak:3.41M | Scene, ViewLayer | Updating Mesh | Copying Mesh to device
Fra:1 Mem:19.63M (Peak 43.76M) | Time:00:00.38 | Mem:2.54M, Peak:3.41M | Scene, ViewLayer | Updating Objects Flags
Fra:1 Mem:19.63M (Peak 43.76M) | Time:00:00.38 | Mem:2.54M, Peak:3.41M | Scene, ViewLayer | Updating Primitive Offsets
Fra:1 Mem:19.63M (Peak 43.76M) | Time:00:00.38 | Mem:2.54M, Peak:3.41M | Scene, ViewLayer | Updating Images
Fra:1 Mem:19.63M (Peak 43.76M) | Time:00:00.38 | Mem:2.54M, Peak:3.41M | Scene, ViewLayer | Updating Images | Loading panel-normal.png
Fra:1 Mem:23.63M (Peak 43.76M) | Time:00:00.38 | Mem:2.54M, Peak:3.41M | Scene, ViewLayer | Updating Images | Loading white-basecolor.png
Fra:1 Mem:27.63M (Peak 43.76M) | Time:00:00.38 | Mem:2.54M, Peak:3.41M | Scene, ViewLayer | Updating Images | Loading paint-orm.png
Fra:1 Mem:35.64M (Peak 43.76M) | Time:00:00.41 | Mem:18.54M, Peak:18.54M | Scene, ViewLayer | Updating Camera Volume
Fra:1 Mem:35.64M (Peak 43.76M) | Time:00:00.41 | Mem:18.54M, Peak:18.54M | Scene, ViewLayer | Updating Lookup Tables
Fra:1 Mem:35.64M (Peak 43.76M) | Time:00:00.41 | Mem:18.62M, Peak:18.62M | Scene, ViewLayer | Updating Lights
Fra:1 Mem:35.64M (Peak 43.76M) | Time:00:00.41 | Mem:18.62M, Peak:18.62M | Scene, ViewLayer | Updating Lights | Computing tree
Fra:1 Mem:35.90M (Peak 43.76M) | Time:00:00.42 | Mem:18.88M, Peak:18.88M | Scene, ViewLayer | Updating Integrator
Fra:1 Mem:35.90M (Peak 43.76M) | Time:00:00.42 | Mem:18.88M, Peak:18.88M | Scene, ViewLayer | Updating Film
Fra:1 Mem:35.90M (Peak 43.76M) | Time:00:00.42 | Mem:18.80M, Peak:18.88M | Scene, ViewLayer | Updating Lookup Tables
Fra:1 Mem:35.90M (Peak 43.76M) | Time:00:00.42 | Mem:18.88M, Peak:18.88M | Scene, ViewLayer | Updating Baking
Fra:1 Mem:35.90M (Peak 43.76M) | Time:00:00.42 | Mem:18.88M, Peak:18.88M | Scene, ViewLayer | Updating Device | Writing constant memory
Fra:1 Mem:35.91M (Peak 43.76M) | Time:00:00.42 | Mem:18.88M, Peak:18.88M | Scene, ViewLayer | Loading denoising kernels (may take a few minutes the first time)
Fra:1 Mem:39.91M (Peak 43.76M) | Time:00:00.46 | Mem:370.88M, Peak:370.88M | Scene, ViewLayer | Sample 0/24
Fra:1 Mem:58.91M (Peak 58.91M) | Time:00:00.48 | Remaining:00:00.44 | Mem:389.89M, Peak:389.89M | Scene, ViewLayer | Sample 1/24
Fra:1 Mem:66.92M (Peak 78.92M) | Time:00:02.10 | Mem:389.90M, Peak:389.90M | Scene, ViewLayer | Sample 24/24
Fra:1 Mem:66.92M (Peak 78.92M) | Time:00:02.10 | Mem:389.90M, Peak:389.90M | Scene, ViewLayer | Finished
Saved: 'D:\vibe-coding-e\nova-swarm-forum-129-improvements-20260822\docs\fleet-art-v2\ships\15\export\player.png'
Time: 00:02.71 (Saving: 00:00.09)


FLEET_V2_COMPLETE 15 Ruby Spike

Blender quit
